{"SQR": {"losses": {"1027_ESL": [0.01530612244897959, 0.01964285714285714, 0.014795923341836726, 0.014433032358247416, 0.013788659793814429]}, "coverage": {"1027_ESL": [0.06938775510204076, 0.038775510204081653, 0.07959183673469383, 0.07938144329896901, 0.07938144329896901]}, "complexity": {"1027_ESL": []}, "time_all": {"1027_ESL": []}, "time_fit": {"1027_ESL": []}, "sizes": {"1027_ESL": []}, "ood_losses": {"1027_ESL": [NaN, NaN, NaN, NaN, NaN]}, "ood_coverage": {"1027_ESL": [NaN, NaN, NaN, NaN, NaN]}, "tau": 0.9}, "LightGBM": {"losses": {"1027_ESL": [0.014503867970865536, 0.019377723377031905, 0.019222005162511022, 0.016973448685495537, 0.014793382939738498]}, "coverage": {"1027_ESL": [0.02857142857142858, 0.0020408163265306367, 0.01224489795918371, 0.027835051546391765, 0.04845360824742262]}, "time_all": {"1027_ESL": [0.05637335777282715, 0.0376434326171875, 0.037641286849975586, 0.04226040840148926, 0.04207873344421387]}, "time_fit": {"1027_ESL": [0.008822917938232422, 0.006998538970947266, 0.0066640377044677734, 0.008431434631347656, 0.008152961730957031]}, "sizes": {"1027_ESL": []}, "ood_losses": {"1027_ESL": [NaN, NaN, NaN, NaN, NaN]}, "ood_coverage": {"1027_ESL": [NaN, NaN, NaN, NaN, NaN]}, "tau": 0.9}, "DecisionTree": {"losses": {"1027_ESL": [0.014145408163265307, 0.016645408163265304, 0.01534438775510204, 0.012615979381443298, 0.011636597938144332]}, "coverage": {"1027_ESL": [0.0020408163265306367, 0.01836734693877551, 0.0020408163265306367, 0.03814432989690719, 0.027835051546391765]}, "complexity": {"1027_ESL": [129, 125, 127, 121, 133]}, "time_all": {"1027_ESL": [0.04115581512451172, 0.029620885848999023, 0.029819488525390625, 0.03637337684631348, 0.04237031936645508]}, "time_fit": {"1027_ESL": [0.005875825881958008, 0.0046539306640625, 0.0047228336334228516, 0.004648923873901367, 0.004959821701049805]}, "sizes": {"1027_ESL": []}, "ood_losses": {"1027_ESL": [NaN, NaN, NaN, NaN, NaN]}, "ood_coverage": {"1027_ESL": [NaN, NaN, NaN, NaN, NaN]}, "tau": 0.9}, "LinearQuantile": {"losses": {"1027_ESL": [0.00985334284590277, 0.016490978930002224, 0.010650505104897548, 0.014545762188386992, 0.012603524661576276]}, "coverage": {"1027_ESL": [0.0836734693877551, 0.0836734693877551, 0.10408163265306125, 0.05463917525773199, 0.10618556701030935]}, "complexity": {"1027_ESL": [34, 34, 34, 34, 34]}, "time_all": {"1027_ESL": [0.9017417430877686, 1.3266611099243164, 1.0338332653045654, 0.31437110900878906, 0.6602468490600586]}, "time_fit": {"1027_ESL": [0.05012035369873047, 0.12302494049072266, 0.10696196556091309, 0.02610015869140625, 0.06114053726196289]}, "sizes": {"1027_ESL": []}, "ood_losses": {"1027_ESL": [NaN, NaN, NaN, NaN, NaN]}, "ood_coverage": {"1027_ESL": [NaN, NaN, NaN, NaN, NaN]}, "tau": 0.9}}