{"SQR": {"losses": {"1030_ERA": [0.037352674820624994, 0.04028372929674999, 0.03704394435468749, 0.036011168339, 0.03836066389349999]}, "coverage": {"1030_ERA": [0.030000000000000027, 0.03500000000000003, 0.020000000000000018, 0.020000000000000018, 0.06000000000000005]}, "complexity": {"1030_ERA": []}, "time_all": {"1030_ERA": []}, "time_fit": {"1030_ERA": []}, "sizes": {"1030_ERA": []}, "ood_losses": {"1030_ERA": [0.03483234296052631, 0.04758172951100001, 0.02103765115441176, 0.033151196947368414, 0.03801341841071428]}, "ood_coverage": {"1030_ERA": [0.05789473684210533, 0.09999999999999998, 0.09999999999999998, 0.047368421052631504, 0.18571428571428572]}, "tau": 0.9}, "LightGBM": {"losses": {"1030_ERA": [0.03655890885721275, 0.03588259786450827, 0.037205845290653905, 0.03627584412644617, 0.03699871983823103]}, "coverage": {"1030_ERA": [0.03500000000000003, 0.030000000000000027, 0.010000000000000009, 0.030000000000000027, 0.030000000000000027]}, "time_all": {"1030_ERA": [0.06350040435791016, 0.07079291343688965, 0.0639646053314209, 0.06290793418884277, 0.0651557445526123]}, "time_fit": {"1030_ERA": [0.014776468276977539, 0.019266128540039062, 0.015611886978149414, 0.016739368438720703, 0.017229557037353516]}, "sizes": {"1030_ERA": []}, "ood_losses": {"1030_ERA": [0.036934343349913114, 0.036595908891277486, 0.03453437628255505, 0.030587531989912924, 0.027725570066693402]}, "ood_coverage": {"1030_ERA": [0.0052631578947368585, 0.020000000000000018, 0.07647058823529418, 0.05789473684210533, 0.04285714285714293]}, "tau": 0.9}, "DecisionTree": {"losses": {"1030_ERA": [0.035793749999999964, 0.037899999999999996, 0.035324999999999995, 0.03631875, 0.03699999999999999]}, "coverage": {"1030_ERA": [0.030000000000000027, 0.0050000000000000044, 0.04499999999999993, 0.05499999999999994, 0.015000000000000013]}, "complexity": {"1030_ERA": [33, 47, 31, 21, 19]}, "time_all": {"1030_ERA": [0.036696672439575195, 0.03280520439147949, 0.04085254669189453, 0.0340886116027832, 0.03878617286682129]}, "time_fit": {"1030_ERA": [0.0018973350524902344, 0.002213716506958008, 0.0017507076263427734, 0.001996755599975586, 0.001377105712890625]}, "sizes": {"1030_ERA": []}, "ood_losses": {"1030_ERA": [0.042499999999999816, 0.0665, 0.04044117647058824, 0.02434210526315789, 0.026785714285714277]}, "ood_coverage": {"1030_ERA": [0.37368421052631584, 0.18000000000000005, 0.07647058823529418, 0.09999999999999998, 0.02857142857142858]}, "tau": 0.9}, "LinearQuantile": {"losses": {"1030_ERA": [0.036497354632614075, 0.041315463595211356, 0.03609138809532803, 0.039011304929189736, 0.0433299615930946]}, "coverage": {"1030_ERA": [0.020000000000000018, 0.07000000000000006, 0.010000000000000009, 0.020000000000000018, 0.08000000000000007]}, "complexity": {"1030_ERA": [4, 4, 4, 4, 4]}, "time_all": {"1030_ERA": [0.09469771385192871, 0.0626068115234375, 0.18182921409606934, 0.07477712631225586, 0.07664847373962402]}, "time_fit": {"1030_ERA": [0.007397651672363281, 0.006725788116455078, 0.015338420867919922, 0.005939483642578125, 0.006114006042480469]}, "sizes": {"1030_ERA": []}, "ood_losses": {"1030_ERA": [0.03691030613512856, 0.04643998974032316, 0.025154036296555164, 0.030594533457314017, 0.029292241385039167]}, "ood_coverage": {"1030_ERA": [0.05789473684210533, 0.14, 0.04117647058823526, 0.047368421052631504, 0.04285714285714293]}, "tau": 0.9}}