{"SQR": {"losses": {"562_cpu_small": [0.006399777541365512, 0.006529703856032531, 0.006486377653494342, 0.006450708052812628, 0.006569546153712347]}, "coverage": {"562_cpu_small": [0.012141549725442347, 0.007382550335570448, 0.007448107448107422, 0.012087912087912045, 0.01025641025641022]}, "complexity": {"562_cpu_small": [4, 4, 4, 4, 4]}, "time_all": {"562_cpu_small": [562.9945833683014, 486.666868686676, 474.0776672363281, 536.9564485549927, 513.8108832836151]}, "time_fit": {"562_cpu_small": [562.9945833683014, 486.666868686676, 474.0776672363281, 536.9564485549927, 513.8108832836151]}, "sizes": {"562_cpu_small": []}, "tau": 0.9}, "LightGBM": {"losses": {"562_cpu_small": [0.008710242803357566, 0.00916250504074613, 0.009165276715070976, 0.009599249798530395, 0.010202332670121318]}, "coverage": {"562_cpu_small": [0.006162294081757169, 0.011531421598535707, 0.0031746031746031633, 0.018803418803418737, 0.03284493284493284]}, "time_all": {"562_cpu_small": [0.9532864093780518, 0.9240243434906006, 0.9149372577667236, 0.9647037982940674, 0.9567492008209229]}, "time_fit": {"562_cpu_small": [0.14101266860961914, 0.13408207893371582, 0.14051294326782227, 0.1453404426574707, 0.14476823806762695]}, "sizes": {"562_cpu_small": []}, "tau": 0.9}, "DecisionTree": {"losses": {"562_cpu_small": [0.005075711353929779, 0.0047612796667098065, 0.004859461526128192, 0.004578384578384578, 0.004772511439178105]}, "coverage": {"562_cpu_small": [0.007382550335570448, 0.001159243441122615, 0.007814407814407787, 0.01819291819291813, 0.02124542124542117]}, "complexity": {"562_cpu_small": [209, 313, 215, 225, 277]}, "time_all": {"562_cpu_small": [1.2618169784545898, 0.911351203918457, 0.9402060508728027, 1.2425308227539062, 1.271397352218628]}, "time_fit": {"562_cpu_small": [0.055554866790771484, 0.05915665626525879, 0.05249905586242676, 0.05552506446838379, 0.06023216247558594]}, "sizes": {"562_cpu_small": []}, "tau": 0.9}, "LinearQuantile": {"losses": {"562_cpu_small": [0.033895035216421954, 0.03230507291279727, 0.03167368482457748, 0.032113803835288425, 0.031219120916313008]}, "coverage": {"562_cpu_small": [0.02934716290420991, 0.03239780353874311, 0.039804639804639774, 0.04285714285714293, 0.025763125763125783]}, "complexity": {"562_cpu_small": [12, 12, 12, 12, 12]}, "time_all": {"562_cpu_small": [12.493775606155396, 22.017404317855835, 22.667205810546875, 23.665077447891235, 3.472116231918335]}, "time_fit": {"562_cpu_small": [0.7015695571899414, 2.9178881645202637, 0.7600047588348389, 1.486253261566162, 0.27575039863586426]}, "sizes": {"562_cpu_small": []}, "tau": 0.9}}