{"SQR": {"losses": {"556_analcatdata_apnea2": [0.005141643114543404, 0.007495049894547772, 0.004855510377428355, 0.003397786148224977, 0.005774202128263174]}, "coverage": {"556_analcatdata_apnea2": [0.23684210526315796, 0.17368421052631577, 0.047368421052631504, 0.1947368421052632, 0.1105263157894737]}, "complexity": {"556_analcatdata_apnea2": [10, 6, 9, 8, 11]}, "time_all": {"556_analcatdata_apnea2": [115.46634411811829, 91.6797227859497, 88.04551100730896, 96.20278525352478, 101.02669405937195]}, "time_fit": {"556_analcatdata_apnea2": [115.46634411811829, 91.6797227859497, 88.04551100730896, 96.20278525352478, 101.02669405937195]}, "sizes": {"556_analcatdata_apnea2": []}, "tau": 0.9}, "LightGBM": {"losses": {"556_analcatdata_apnea2": [0.020223560242471954, 0.01730960172407954, 0.016211415665274554, 0.019582281869646966, 0.014365603484901573]}, "coverage": {"556_analcatdata_apnea2": [0.02631578947368418, 0.0052631578947368585, 0.0368421052631579, 0.047368421052631504, 0.05789473684210522]}, "time_all": {"556_analcatdata_apnea2": [0.19791555404663086, 0.17546367645263672, 0.15107512474060059, 0.16004371643066406, 0.17254853248596191]}, "time_fit": {"556_analcatdata_apnea2": [0.03234529495239258, 0.029285669326782227, 0.0285494327545166, 0.03493237495422363, 0.04157209396362305]}, "sizes": {"556_analcatdata_apnea2": []}, "tau": 0.9}, "DecisionTree": {"losses": {"556_analcatdata_apnea2": [0.0038643323872268875, 0.00545389475484889, 0.0038595875996281603, 0.003517908872167589, 0.005309583885728947]}, "coverage": {"556_analcatdata_apnea2": [0.09999999999999998, 0.08947368421052637, 0.0368421052631579, 0.0368421052631579, 0.0368421052631579]}, "complexity": {"556_analcatdata_apnea2": [135, 55, 57, 135, 57]}, "time_all": {"556_analcatdata_apnea2": [0.06742739677429199, 0.0594637393951416, 0.060637474060058594, 0.06527113914489746, 0.05985569953918457]}, "time_fit": {"556_analcatdata_apnea2": [0.011634588241577148, 0.005831718444824219, 0.005990028381347656, 0.011431694030761719, 0.00603485107421875]}, "sizes": {"556_analcatdata_apnea2": []}, "tau": 0.9}, "LinearQuantile": {"losses": {"556_analcatdata_apnea2": [0.01868721895477238, 0.01693470496456458, 0.01730888610945663, 0.018994366098456762, 0.01796755627862777]}, "coverage": {"556_analcatdata_apnea2": [0.0368421052631579, 0.08947368421052637, 0.047368421052631504, 0.02631578947368418, 0.015789473684210575]}, "complexity": {"556_analcatdata_apnea2": [11, 11, 11, 11, 11]}, "time_all": {"556_analcatdata_apnea2": [5.181141138076782, 0.1437854766845703, 0.5771963596343994, 1.0868561267852783, 0.32282066345214844]}, "time_fit": {"556_analcatdata_apnea2": [0.5917994976043701, 0.013703346252441406, 0.04839730262756348, 0.07157468795776367, 0.028955698013305664]}, "sizes": {"556_analcatdata_apnea2": []}, "tau": 0.9}}