{"SQR": {"losses": {"1028_SWD": [0.08916666666666667, 0.08583333333333333, 0.08083333333333333, 0.08583333333333333, 0.07416666666666667]}, "coverage": {"1028_SWD": [0.19999999999999996, 0.19999999999999996, 0.18999999999999995, 0.18500000000000005, 0.26]}, "complexity": {"1028_SWD": [3, 3, 3, 3, 3]}, "time_all": {"1028_SWD": [92.63171362876892, 84.12250685691833, 81.22181248664856, 80.57053256034851, 84.32152342796326]}, "time_fit": {"1028_SWD": [92.63171362876892, 84.12250685691833, 81.22181248664856, 80.57053256034851, 84.32152342796326]}, "sizes": {"1028_SWD": []}, "tau": 0.5}, "LightGBM": {"losses": {"1028_SWD": [0.0891723741314865, 0.08285813216138443, 0.07978942401472165, 0.08409761146908755, 0.07025652980357519]}, "coverage": {"1028_SWD": [0.08499999999999996, 0.04500000000000004, 0.050000000000000044, 0.025000000000000022, 0.13]}, "time_all": {"1028_SWD": [0.3756232261657715, 0.33702683448791504, 0.35811734199523926, 0.3552737236022949, 0.3524012565612793]}, "time_fit": {"1028_SWD": [0.0701897144317627, 0.06610846519470215, 0.06592917442321777, 0.06568479537963867, 0.06409096717834473]}, "sizes": {"1028_SWD": []}, "tau": 0.5}, "DecisionTree": {"losses": {"1028_SWD": [0.07333333333333333, 0.0775, 0.07291666666666667, 0.07791666666666668, 0.06083333333333333]}, "coverage": {"1028_SWD": [0.275, 0.28, 0.245, 0.245, 0.32499999999999996]}, "complexity": {"1028_SWD": [129, 203, 31, 121, 23]}, "time_all": {"1028_SWD": [0.1068120002746582, 0.10809564590454102, 0.09676218032836914, 0.10405731201171875, 0.09709525108337402]}, "time_fit": {"1028_SWD": [0.01270437240600586, 0.017949581146240234, 0.00519251823425293, 0.012117862701416016, 0.004518985748291016]}, "sizes": {"1028_SWD": []}, "tau": 0.5}, "LinearQuantile": {"losses": {"1028_SWD": [0.08790533878972671, 0.08169540479003685, 0.08276710752835538, 0.08630464831774588, 0.06848160475763894]}, "coverage": {"1028_SWD": [0.010000000000000009, 0.015000000000000013, 0.010000000000000009, 0.03999999999999998, 0.06000000000000005]}, "complexity": {"1028_SWD": [31, 31, 31, 31, 31]}, "time_all": {"1028_SWD": [1.6801974773406982, 2.12316632270813, 1.4369423389434814, 1.595583438873291, 1.6010546684265137]}, "time_fit": {"1028_SWD": [0.11447596549987793, 0.14287376403808594, 0.09367251396179199, 0.11223864555358887, 0.10808968544006348]}, "sizes": {"1028_SWD": []}, "tau": 0.5}}