{"SQR": {"losses": {"605_fri_c2_250_25": [0.012117179266340563, 0.020041386823471334, 0.0275138494450444, 0.015890315169356743, 0.01628497032790448]}, "coverage": {"605_fri_c2_250_25": [0.0, 0.16000000000000003, 0.12, 0.05999999999999994, 0.040000000000000036]}, "complexity": {"605_fri_c2_250_25": [10, 17, 5, 9, 13]}, "time_all": {"605_fri_c2_250_25": [96.33923006057739, 76.35485005378723, 72.61820077896118, 72.56845664978027, 74.91120171546936]}, "time_fit": {"605_fri_c2_250_25": [96.33923006057739, 76.35485005378723, 72.61820077896118, 72.56845664978027, 74.91120171546936]}, "sizes": {"605_fri_c2_250_25": []}, "tau": 0.9}, "LightGBM": {"losses": {"605_fri_c2_250_25": [0.025886255758530676, 0.03047129255338336, 0.03158524301872526, 0.022594628857713565, 0.028915813421993043]}, "coverage": {"605_fri_c2_250_25": [0.0, 0.020000000000000018, 0.08000000000000007, 0.020000000000000018, 0.040000000000000036]}, "time_all": {"605_fri_c2_250_25": [0.1712946891784668, 0.13664507865905762, 0.13165283203125, 0.12241053581237793, 0.12360048294067383]}, "time_fit": {"605_fri_c2_250_25": [0.02301168441772461, 0.03075885772705078, 0.029291868209838867, 0.021675586700439453, 0.02252054214477539]}, "sizes": {"605_fri_c2_250_25": []}, "tau": 0.9}, "DecisionTree": {"losses": {"605_fri_c2_250_25": [0.020954352598760075, 0.02381263896915577, 0.026536877753624132, 0.022383750289283015, 0.027105511256181956]}, "coverage": {"605_fri_c2_250_25": [0.0, 0.020000000000000018, 0.06000000000000005, 0.0, 0.06000000000000005]}, "complexity": {"605_fri_c2_250_25": [9, 7, 15, 5, 17]}, "time_all": {"605_fri_c2_250_25": [0.06704401969909668, 0.06313610076904297, 0.06535887718200684, 0.06248831748962402, 0.06554698944091797]}, "time_fit": {"605_fri_c2_250_25": [0.003924369812011719, 0.0034513473510742188, 0.004741191864013672, 0.0029611587524414062, 0.005012989044189453]}, "sizes": {"605_fri_c2_250_25": []}, "tau": 0.9}, "LinearQuantile": {"losses": {"605_fri_c2_250_25": [0.09223070981964306, 0.07377247551347951, 0.11038479470904945, 0.09408408857114918, 0.0886866617329567]}, "coverage": {"605_fri_c2_250_25": [0.44, 0.36, 0.48000000000000004, 0.46, 0.4]}, "complexity": {"605_fri_c2_250_25": [25, 25, 25, 25, 25]}, "time_all": {"605_fri_c2_250_25": [0.5320491790771484, 2.030904531478882, 1.9774503707885742, 1.2047853469848633, 0.8992564678192139]}, "time_fit": {"605_fri_c2_250_25": [0.04687166213989258, 0.13126420974731445, 0.1312401294708252, 0.0797114372253418, 0.06547880172729492]}, "sizes": {"605_fri_c2_250_25": []}, "tau": 0.9}}