{"SQR": {"losses": {"690_visualizing_galaxy": [0.014026030436323606, 0.01226604942260067, 0.009866192503752605, 0.007472629147319353, 0.011241687345149699]}, "coverage": {"690_visualizing_galaxy": [0.038461538461538436, 0.09999999999999998, 0.007692307692307665, 0.04062500000000002, 0.05312499999999998]}, "complexity": {"690_visualizing_galaxy": [4, 8, 7, 8, 5]}, "time_all": {"690_visualizing_galaxy": [101.81299114227295, 79.05999374389648, 81.41814661026001, 80.5848958492279, 79.59544372558594]}, "time_fit": {"690_visualizing_galaxy": [101.81299114227295, 79.05999374389648, 81.41814661026001, 80.5848958492279, 79.59544372558594]}, "sizes": {"690_visualizing_galaxy": []}, "tau": 0.9}, "LightGBM": {"losses": {"690_visualizing_galaxy": [0.019904864298771124, 0.01976715095625097, 0.019076978139829132, 0.017896923936239005, 0.018861676418304836]}, "coverage": {"690_visualizing_galaxy": [0.007692307692307665, 0.038461538461538436, 0.007692307692307665, 0.009375000000000022, 0.06874999999999998]}, "time_all": {"690_visualizing_galaxy": [0.1530144214630127, 0.1356947422027588, 0.13608646392822266, 0.13168811798095703, 0.13589096069335938]}, "time_fit": {"690_visualizing_galaxy": [0.023709535598754883, 0.031978607177734375, 0.030650854110717773, 0.02871847152709961, 0.02911520004272461]}, "sizes": {"690_visualizing_galaxy": []}, "tau": 0.9}, "DecisionTree": {"losses": {"690_visualizing_galaxy": [0.008767969735182861, 0.013576712904581763, 0.011983186212694414, 0.008199709699453552, 0.00695525956284153]}, "coverage": {"690_visualizing_galaxy": [0.038461538461538436, 0.08461538461538465, 0.023076923076923106, 0.15000000000000002, 0.05625000000000002]}, "complexity": {"690_visualizing_galaxy": [43, 45, 11, 103, 97]}, "time_all": {"690_visualizing_galaxy": [0.053861379623413086, 0.05389571189880371, 0.05032777786254883, 0.057456016540527344, 0.05555534362792969]}, "time_fit": {"690_visualizing_galaxy": [0.005238771438598633, 0.005192995071411133, 0.0025768280029296875, 0.009258031845092773, 0.008832693099975586]}, "sizes": {"690_visualizing_galaxy": []}, "tau": 0.9}, "LinearQuantile": {"losses": {"690_visualizing_galaxy": [0.013602818243293381, 0.013804617876439804, 0.012487842982715032, 0.01037225561394264, 0.011010563490538494]}, "coverage": {"690_visualizing_galaxy": [0.007692307692307665, 0.0692307692307692, 0.038461538461538436, 0.04062500000000002, 0.03749999999999998]}, "complexity": {"690_visualizing_galaxy": [10, 10, 10, 10, 10]}, "time_all": {"690_visualizing_galaxy": [0.9863817691802979, 0.38988447189331055, 0.8025004863739014, 0.2473008632659912, 0.5132489204406738]}, "time_fit": {"690_visualizing_galaxy": [0.08826613426208496, 0.03352642059326172, 0.058219194412231445, 0.021691560745239258, 0.04622364044189453]}, "sizes": {"690_visualizing_galaxy": []}, "tau": 0.9}}