{"SQR": {"losses": {"657_fri_c2_250_10": [0.022408701867173777, 0.01215218345495336, 0.009100106792216326, 0.011177546433062782, 0.012400278327461333]}, "coverage": {"657_fri_c2_250_10": [0.14, 0.08000000000000007, 0.0, 0.040000000000000036, 0.020000000000000018]}, "complexity": {"657_fri_c2_250_10": [12, 12, 15, 13, 13]}, "time_all": {"657_fri_c2_250_10": [84.74338889122009, 78.99267244338989, 76.35485649108887, 76.12866115570068, 74.89294028282166]}, "time_fit": {"657_fri_c2_250_10": [84.74338889122009, 78.99267244338989, 76.35485649108887, 76.12866115570068, 74.89294028282166]}, "sizes": {"657_fri_c2_250_10": []}, "tau": 0.9}, "LightGBM": {"losses": {"657_fri_c2_250_10": [0.025570742201666347, 0.024838306817715382, 0.028907122773928637, 0.028926660845908198, 0.023529468147998195]}, "coverage": {"657_fri_c2_250_10": [0.08000000000000007, 0.040000000000000036, 0.06000000000000005, 0.0, 0.020000000000000018]}, "time_all": {"657_fri_c2_250_10": [0.17502927780151367, 0.12725186347961426, 0.1298971176147461, 0.12766480445861816, 0.15114378929138184]}, "time_fit": {"657_fri_c2_250_10": [0.031193256378173828, 0.029785871505737305, 0.03142976760864258, 0.030956506729125977, 0.03609609603881836]}, "sizes": {"657_fri_c2_250_10": []}, "tau": 0.9}, "DecisionTree": {"losses": {"657_fri_c2_250_10": [0.018835203281114137, 0.025345679155948632, 0.031110824836280766, 0.02439431814232025, 0.017426632885831083]}, "coverage": {"657_fri_c2_250_10": [0.020000000000000018, 0.09999999999999998, 0.09999999999999998, 0.08000000000000007, 0.12]}, "complexity": {"657_fri_c2_250_10": [17, 15, 13, 81, 35]}, "time_all": {"657_fri_c2_250_10": [0.05400896072387695, 0.05185699462890625, 0.04966115951538086, 0.056371212005615234, 0.053267478942871094]}, "time_fit": {"657_fri_c2_250_10": [0.0037889480590820312, 0.0035097599029541016, 0.0032618045806884766, 0.008865118026733398, 0.0052835941314697266]}, "sizes": {"657_fri_c2_250_10": []}, "tau": 0.9}, "LinearQuantile": {"losses": {"657_fri_c2_250_10": [0.08694505314216276, 0.08485696015681198, 0.0852298773036173, 0.08551464151025129, 0.08574325040854412]}, "coverage": {"657_fri_c2_250_10": [0.54, 0.36, 0.46, 0.46, 0.48000000000000004]}, "complexity": {"657_fri_c2_250_10": [10, 10, 10, 10, 10]}, "time_all": {"657_fri_c2_250_10": [0.647258996963501, 0.16781115531921387, 0.3354809284210205, 0.23953628540039062, 0.37390995025634766]}, "time_fit": {"657_fri_c2_250_10": [0.05734062194824219, 0.014725685119628906, 0.02908921241760254, 0.02099895477294922, 0.03141975402832031]}, "sizes": {"657_fri_c2_250_10": []}, "tau": 0.9}}