{"SQR": {"losses": {"633_fri_c0_500_25": [0.014933340892748654, 0.013502549781528057, 0.011189183781706958, 0.01266007067367786, 0.014637644103044349]}, "coverage": {"633_fri_c0_500_25": [0.13, 0.040000000000000036, 0.13, 0.08000000000000007, 0.050000000000000044]}, "complexity": {"633_fri_c0_500_25": [8, 8, 8, 8, 8]}, "time_all": {"633_fri_c0_500_25": [102.80956053733826, 86.6193995475769, 87.68979048728943, 90.3272180557251, 89.63778471946716]}, "time_fit": {"633_fri_c0_500_25": [102.80956053733826, 86.6193995475769, 87.68979048728943, 90.3272180557251, 89.63778471946716]}, "sizes": {"633_fri_c0_500_25": []}, "tau": 0.9}, "LightGBM": {"losses": {"633_fri_c0_500_25": [0.020757689508668922, 0.0218177820517369, 0.018794972309737396, 0.022223121705430636, 0.02528663100583866]}, "coverage": {"633_fri_c0_500_25": [0.0, 0.030000000000000027, 0.020000000000000018, 0.050000000000000044, 0.030000000000000027]}, "time_all": {"633_fri_c0_500_25": [0.24602532386779785, 0.2189350128173828, 0.1991283893585205, 0.22351408004760742, 0.21933579444885254]}, "time_fit": {"633_fri_c0_500_25": [0.04672431945800781, 0.04556560516357422, 0.04764986038208008, 0.047310829162597656, 0.04649066925048828]}, "sizes": {"633_fri_c0_500_25": []}, "tau": 0.9}, "DecisionTree": {"losses": {"633_fri_c0_500_25": [0.018256907695134418, 0.021313212152869212, 0.019553907569148907, 0.021100981142154827, 0.021096580287667234]}, "coverage": {"633_fri_c0_500_25": [0.06000000000000005, 0.030000000000000027, 0.020000000000000018, 0.10999999999999999, 0.08999999999999997]}, "complexity": {"633_fri_c0_500_25": [31, 15, 15, 31, 31]}, "time_all": {"633_fri_c0_500_25": [0.12683439254760742, 0.12397432327270508, 0.12623858451843262, 0.12385797500610352, 0.1290433406829834]}, "time_fit": {"633_fri_c0_500_25": [0.01017141342163086, 0.00729060173034668, 0.007872819900512695, 0.010086297988891602, 0.010370969772338867]}, "sizes": {"633_fri_c0_500_25": []}, "tau": 0.9}, "LinearQuantile": {"losses": {"633_fri_c0_500_25": [0.040647479252546935, 0.04824733542893932, 0.037966002575868775, 0.047869480048225777, 0.048875299162949415]}, "coverage": {"633_fri_c0_500_25": [0.44, 0.5900000000000001, 0.42000000000000004, 0.44, 0.48000000000000004]}, "complexity": {"633_fri_c0_500_25": [25, 25, 25, 25, 25]}, "time_all": {"633_fri_c0_500_25": [2.075199604034424, 0.5666491985321045, 3.1742916107177734, 0.5818421840667725, 0.619196891784668]}, "time_fit": {"633_fri_c0_500_25": [0.12130236625671387, 0.050688982009887695, 0.2512238025665283, 0.05242729187011719, 0.05511212348937988]}, "sizes": {"633_fri_c0_500_25": []}, "tau": 0.9}}