{"SQR": {"losses": {"1089_USCrime": [0.013549209739921176, 0.0328584075296181, 0.07194024774275153, 0.035508124829622796, 0.07513743892222223]}, "coverage": {"1089_USCrime": [0.09999999999999998, 0.20000000000000007, 0.2333333333333334, 0.011111111111111183, 0.2333333333333334]}, "complexity": {"1089_USCrime": [15, 10, 10, 8, 6]}, "time_all": {"1089_USCrime": [79.2546021938324, 65.49879288673401, 63.988757371902466, 65.31256675720215, 66.85126686096191]}, "time_fit": {"1089_USCrime": [79.2546021938324, 65.49879288673401, 63.988757371902466, 65.31256675720215, 66.85126686096191]}, "sizes": {"1089_USCrime": []}, "tau": 0.9}, "LightGBM": {"losses": {"1089_USCrime": [0.04319999999999999, 0.04086666463216146, 0.046718518292462374, 0.054992600052445016, 0.043829627143012154]}, "coverage": {"1089_USCrime": [0.0, 0.09999999999999998, 0.011111111111111183, 0.12222222222222223, 0.12222222222222223]}, "time_all": {"1089_USCrime": [0.07243180274963379, 0.036563873291015625, 0.03625893592834473, 0.032344818115234375, 0.03172159194946289]}, "time_fit": {"1089_USCrime": [0.0039327144622802734, 0.004621982574462891, 0.004563808441162109, 0.003901243209838867, 0.003797769546508789]}, "sizes": {"1089_USCrime": []}, "tau": 0.9}, "DecisionTree": {"losses": {"1089_USCrime": [0.012859999999999998, 0.025053333333333327, 0.024488888888888886, 0.03047407407407407, 0.02065185185185185]}, "coverage": {"1089_USCrime": [0.09999999999999998, 0.09999999999999998, 0.2333333333333334, 0.12222222222222223, 0.12222222222222223]}, "complexity": {"1089_USCrime": [5, 5, 5, 5, 15]}, "time_all": {"1089_USCrime": [0.028716325759887695, 0.029103517532348633, 0.02924180030822754, 0.02776312828063965, 0.027307510375976562]}, "time_fit": {"1089_USCrime": [0.0019381046295166016, 0.0019202232360839844, 0.0019145011901855469, 0.0019037723541259766, 0.002547025680541992]}, "sizes": {"1089_USCrime": []}, "tau": 0.9}, "LinearQuantile": {"losses": {"1089_USCrime": [0.07222041525636232, 0.08585168140606533, 0.02462621330333153, 0.01893169198339781, 0.08550066933283651]}, "coverage": {"1089_USCrime": [0.30000000000000004, 0.4, 0.011111111111111183, 0.09999999999999998, 0.34444444444444444]}, "complexity": {"1089_USCrime": [14, 14, 14, 14, 14]}, "time_all": {"1089_USCrime": [0.653872013092041, 1.8820850849151611, 0.9051816463470459, 0.15569257736206055, 0.18556642532348633]}, "time_fit": {"1089_USCrime": [0.057970285415649414, 0.14531874656677246, 0.06427907943725586, 0.013532876968383789, 0.015619277954101562]}, "sizes": {"1089_USCrime": []}, "tau": 0.9}}