{"SQR": {"losses": {"631_fri_c1_500_5": [0.039807229581549045, 0.034326572832709026, 0.01187181998035868, 0.012946074486079531, 0.017106876319913714]}, "coverage": {"631_fri_c1_500_5": [0.0, 0.09000000000000002, 0.040000000000000036, 0.030000000000000027, 0.010000000000000009]}, "complexity": {"631_fri_c1_500_5": [9, 11, 15, 16, 14]}, "time_all": {"631_fri_c1_500_5": [103.051687002182, 88.04307675361633, 91.6266987323761, 90.25385594367981, 86.86396479606628]}, "time_fit": {"631_fri_c1_500_5": [103.051687002182, 88.04307675361633, 91.6266987323761, 90.25385594367981, 86.86396479606628]}, "sizes": {"631_fri_c1_500_5": []}, "tau": 0.5}, "LightGBM": {"losses": {"631_fri_c1_500_5": [0.034227077988741174, 0.039376911171859576, 0.03729159234586111, 0.03666210563316615, 0.0377288697228824]}, "coverage": {"631_fri_c1_500_5": [0.010000000000000009, 0.020000000000000018, 0.010000000000000009, 0.040000000000000036, 0.030000000000000027]}, "time_all": {"631_fri_c1_500_5": [0.26979947090148926, 0.2518608570098877, 0.21944141387939453, 0.22397685050964355, 0.22615289688110352]}, "time_fit": {"631_fri_c1_500_5": [0.05154061317443848, 0.05127239227294922, 0.05046987533569336, 0.052498579025268555, 0.04913043975830078]}, "sizes": {"631_fri_c1_500_5": []}, "tau": 0.5}, "DecisionTree": {"losses": {"631_fri_c1_500_5": [0.039845562150733975, 0.04351330090490372, 0.03772656321577901, 0.03602455393542588, 0.04166785887232694]}, "coverage": {"631_fri_c1_500_5": [0.040000000000000036, 0.010000000000000009, 0.09999999999999998, 0.010000000000000009, 0.10999999999999999]}, "complexity": {"631_fri_c1_500_5": [161, 69, 169, 69, 157]}, "time_all": {"631_fri_c1_500_5": [0.08429741859436035, 0.07482647895812988, 0.0826566219329834, 0.07449769973754883, 0.08289480209350586]}, "time_fit": {"631_fri_c1_500_5": [0.01505732536315918, 0.007984161376953125, 0.015301227569580078, 0.008034706115722656, 0.014517784118652344]}, "sizes": {"631_fri_c1_500_5": []}, "tau": 0.5}, "LinearQuantile": {"losses": {"631_fri_c1_500_5": [0.07869489235177622, 0.06918115649879472, 0.0759283148200873, 0.07042970990409868, 0.07250150739815862]}, "coverage": {"631_fri_c1_500_5": [0.0, 0.020000000000000018, 0.010000000000000009, 0.050000000000000044, 0.020000000000000018]}, "complexity": {"631_fri_c1_500_5": [5, 5, 5, 5, 5]}, "time_all": {"631_fri_c1_500_5": [0.243896484375, 3.8357646465301514, 0.13996648788452148, 0.6785457134246826, 0.3464367389678955]}, "time_fit": {"631_fri_c1_500_5": [0.0208895206451416, 0.12705373764038086, 0.012408971786499023, 0.05371356010437012, 0.03094625473022461]}, "sizes": {"631_fri_c1_500_5": []}, "tau": 0.5}}