{"SQR": {"losses": {"603_fri_c0_250_50": [0.0106791257382145, 0.012512460157023243, 0.00866615263501547, 0.011911885973148274, 0.012098377173940153]}, "coverage": {"603_fri_c0_250_50": [0.08000000000000007, 0.0, 0.06000000000000005, 0.08000000000000007, 0.05999999999999994]}, "complexity": {"603_fri_c0_250_50": [8, 12, 13, 9, 10]}, "time_all": {"603_fri_c0_250_50": [93.21817469596863, 77.26132822036743, 78.20379328727722, 79.28196096420288, 74.4806387424469]}, "time_fit": {"603_fri_c0_250_50": [93.21817469596863, 77.26132822036743, 78.20379328727722, 79.28196096420288, 74.4806387424469]}, "sizes": {"603_fri_c0_250_50": []}, "tau": 0.9}, "LightGBM": {"losses": {"603_fri_c0_250_50": [0.02123737121632131, 0.02778322005256228, 0.0234265286452028, 0.02452398551035449, 0.026002430025868238]}, "coverage": {"603_fri_c0_250_50": [0.039999999999999925, 0.08000000000000007, 0.040000000000000036, 0.06000000000000005, 0.0]}, "time_all": {"603_fri_c0_250_50": [0.19439244270324707, 0.13636136054992676, 0.14850950241088867, 0.14423489570617676, 0.15792536735534668]}, "time_fit": {"603_fri_c0_250_50": [0.03659200668334961, 0.025930404663085938, 0.0346684455871582, 0.03304314613342285, 0.029839754104614258]}, "sizes": {"603_fri_c0_250_50": []}, "tau": 0.9}, "DecisionTree": {"losses": {"603_fri_c0_250_50": [0.0217778312224005, 0.0262273081823163, 0.022809598849513547, 0.022503197270323533, 0.029647389623554284]}, "coverage": {"603_fri_c0_250_50": [0.020000000000000018, 0.020000000000000018, 0.020000000000000018, 0.020000000000000018, 0.09999999999999998]}, "complexity": {"603_fri_c0_250_50": [5, 5, 9, 9, 35]}, "time_all": {"603_fri_c0_250_50": [0.08683443069458008, 0.08533525466918945, 0.0867924690246582, 0.08651161193847656, 0.09453654289245605]}, "time_fit": {"603_fri_c0_250_50": [0.004336833953857422, 0.004252433776855469, 0.005548715591430664, 0.005517244338989258, 0.010385990142822266]}, "sizes": {"603_fri_c0_250_50": []}, "tau": 0.9}, "LinearQuantile": {"losses": {"603_fri_c0_250_50": [0.050597401289103776, 0.06146015232119362, 0.056053230626981705, 0.04544215096391465, 0.05260243100532019]}, "coverage": {"603_fri_c0_250_50": [0.5, 0.52, 0.5, 0.38, 0.42000000000000004]}, "complexity": {"603_fri_c0_250_50": [50, 50, 50, 50, 50]}, "time_all": {"603_fri_c0_250_50": [2.15714168548584, 3.5695061683654785, 6.9707419872283936, 11.07546877861023, 32.6692898273468]}, "time_fit": {"603_fri_c0_250_50": [0.13789701461791992, 0.2543294429779053, 0.5059139728546143, 0.9461665153503418, 1.1955039501190186]}, "sizes": {"603_fri_c0_250_50": []}, "tau": 0.9}}