{"SQR": {"losses": {"522_pm10": [0.06462250126241759, 0.06585328699727334, 0.07184547645362649, 0.07725593024664423, 0.06223006214229996]}, "coverage": {"522_pm10": [0.030000000000000027, 0.030000000000000027, 0.020000000000000018, 0.020000000000000018, 0.03999999999999998]}, "complexity": {"522_pm10": [6, 5, 5, 9, 5]}, "time_all": {"522_pm10": [92.61453032493591, 70.42864179611206, 87.53041434288025, 83.45798373222351, 79.08306169509888]}, "time_fit": {"522_pm10": [92.61453032493591, 70.42864179611206, 87.53041434288025, 83.45798373222351, 79.08306169509888]}, "sizes": {"522_pm10": []}, "tau": 0.5}, "LightGBM": {"losses": {"522_pm10": [0.06238048508131647, 0.05378899257097396, 0.05730908316217878, 0.06920206537080102, 0.05964063375918464]}, "coverage": {"522_pm10": [0.03999999999999998, 0.08999999999999997, 0.04999999999999999, 0.03999999999999998, 0.010000000000000009]}, "time_all": {"522_pm10": [0.25377440452575684, 0.22658157348632812, 0.2141118049621582, 0.21761250495910645, 0.24489951133728027]}, "time_fit": {"522_pm10": [0.0468144416809082, 0.04718613624572754, 0.04728055000305176, 0.045163631439208984, 0.04932236671447754]}, "sizes": {"522_pm10": []}, "tau": 0.5}, "DecisionTree": {"losses": {"522_pm10": [0.065227848455679, 0.05833405775168703, 0.06291861072617559, 0.07349090238797346, 0.06125439683603179]}, "coverage": {"522_pm10": [0.04999999999999999, 0.050000000000000044, 0.04999999999999999, 0.03999999999999998, 0.030000000000000027]}, "complexity": {"522_pm10": [15, 19, 31, 13, 163]}, "time_all": {"522_pm10": [0.07541847229003906, 0.07357192039489746, 0.07408785820007324, 0.07108283042907715, 0.08498167991638184]}, "time_fit": {"522_pm10": [0.003728628158569336, 0.0040607452392578125, 0.005182981491088867, 0.0034220218658447266, 0.015018224716186523]}, "sizes": {"522_pm10": []}, "tau": 0.5}, "LinearQuantile": {"losses": {"522_pm10": [0.07290245865903218, 0.06819192349425272, 0.06550681500570378, 0.07986219334808535, 0.06757302983726945]}, "coverage": {"522_pm10": [0.03999999999999998, 0.12, 0.030000000000000027, 0.020000000000000018, 0.08000000000000002]}, "complexity": {"522_pm10": [7, 7, 7, 7, 7]}, "time_all": {"522_pm10": [0.26293277740478516, 0.14182305335998535, 0.1231071949005127, 0.16138052940368652, 0.10944581031799316]}, "time_fit": {"522_pm10": [0.022638320922851562, 0.012058258056640625, 0.010618925094604492, 0.014048099517822266, 0.009375333786010742]}, "sizes": {"522_pm10": []}, "tau": 0.5}}