{"SQR": {"losses": {"573_cpu_act": [0.006000373009604033, 0.006264316736820433, 0.006140069947439076, 0.00465132999883506, 0.006019152277227603]}, "coverage": {"573_cpu_act": [0.0017693715680292543, 0.007382550335570448, 0.011721611721611791, 0.001098901098901095, 0.014529914529914478]}, "complexity": {"573_cpu_act": [4, 4, 4, 8, 4]}, "time_all": {"573_cpu_act": [520.4544084072113, 476.7496528625488, 516.5760173797607, 363.9720540046692, 543.0436685085297]}, "time_fit": {"573_cpu_act": [520.4544084072113, 476.7496528625488, 516.5760173797607, 363.9720540046692, 543.0436685085297]}, "sizes": {"573_cpu_act": []}, "tau": 0.9}, "LightGBM": {"losses": {"573_cpu_act": [0.008440937323918065, 0.008846938892245795, 0.008920026681571228, 0.009268418138332053, 0.009964037927474509]}, "coverage": {"573_cpu_act": [0.00726052471018912, 0.028004881025015194, 0.002564102564102555, 0.03284493284493284, 0.037728937728937706]}, "time_all": {"573_cpu_act": [1.0271484851837158, 0.951509952545166, 0.9604732990264893, 0.9780335426330566, 0.955535888671875]}, "time_fit": {"573_cpu_act": [0.14760756492614746, 0.14191102981567383, 0.14341425895690918, 0.13402009010314941, 0.15299510955810547]}, "sizes": {"573_cpu_act": []}, "tau": 0.9}, "DecisionTree": {"losses": {"573_cpu_act": [0.00457318764213212, 0.0045238843591497635, 0.004514189514189513, 0.004300760967427633, 0.0041277241277241266]}, "coverage": {"573_cpu_act": [0.011043319097010396, 6.101281269066394e-05, 0.009645909645909612, 0.007814407814407787, 0.024297924297924323]}, "complexity": {"573_cpu_act": [321, 231, 205, 227, 267]}, "time_all": {"573_cpu_act": [1.569605827331543, 1.2046089172363281, 1.520259141921997, 1.4168193340301514, 1.3021838665008545]}, "time_fit": {"573_cpu_act": [0.08493614196777344, 0.07707571983337402, 0.07501578330993652, 0.07798528671264648, 0.0814826488494873]}, "sizes": {"573_cpu_act": []}, "tau": 0.9}, "LinearQuantile": {"losses": {"573_cpu_act": [0.03274272234235256, 0.03135529733905536, 0.03071546143823342, 0.030796032503379332, 0.03028261126830779]}, "coverage": {"573_cpu_act": [0.028737034777303272, 0.03544844417327642, 0.03675213675213673, 0.04163614163614171, 0.028205128205128216]}, "complexity": {"573_cpu_act": [21, 21, 21, 21, 21]}, "time_all": {"573_cpu_act": [43.63410234451294, 64.03183007240295, 56.98919653892517, 47.77962398529053, 43.332836627960205]}, "time_fit": {"573_cpu_act": [2.1915950775146484, 5.511021614074707, 6.423395395278931, 1.821038007736206, 1.7461133003234863]}, "sizes": {"573_cpu_act": []}, "tau": 0.9}}