{"SQR": {"losses": {"637_fri_c1_500_50": [0.032554707582466924, 0.012447383475267852, 0.021001571576594758, 0.027192765455178108, 0.012183223525283123]}, "coverage": {"637_fri_c1_500_50": [0.010000000000000009, 0.06000000000000005, 0.08000000000000002, 0.010000000000000009, 0.030000000000000027]}, "complexity": {"637_fri_c1_500_50": [10, 15, 11, 13, 14]}, "time_all": {"637_fri_c1_500_50": [98.53439378738403, 86.92624878883362, 87.34448742866516, 90.22862911224365, 91.49573683738708]}, "time_fit": {"637_fri_c1_500_50": [98.53439378738403, 86.92624878883362, 87.34448742866516, 90.22862911224365, 91.49573683738708]}, "sizes": {"637_fri_c1_500_50": []}, "tau": 0.5}, "LightGBM": {"losses": {"637_fri_c1_500_50": [0.04106833329173463, 0.036898465165390915, 0.03977574384991981, 0.038950734674302954, 0.03520678974705686]}, "coverage": {"637_fri_c1_500_50": [0.030000000000000027, 0.030000000000000027, 0.06999999999999995, 0.08000000000000002, 0.030000000000000027]}, "time_all": {"637_fri_c1_500_50": [0.3458259105682373, 0.28981542587280273, 0.316286563873291, 0.30493593215942383, 0.28473377227783203]}, "time_fit": {"637_fri_c1_500_50": [0.07011270523071289, 0.0646672248840332, 0.06563305854797363, 0.06390833854675293, 0.0664815902709961]}, "sizes": {"637_fri_c1_500_50": []}, "tau": 0.5}, "DecisionTree": {"losses": {"637_fri_c1_500_50": [0.04211155072482027, 0.03935999581507593, 0.03706297105446639, 0.04429869109217489, 0.042773810982462905]}, "coverage": {"637_fri_c1_500_50": [0.04999999999999999, 0.010000000000000009, 0.06999999999999995, 0.010000000000000009, 0.03999999999999998]}, "complexity": {"637_fri_c1_500_50": [159, 71, 31, 69, 69]}, "time_all": {"637_fri_c1_500_50": [0.21523427963256836, 0.20900583267211914, 0.19516825675964355, 0.20172595977783203, 0.19698572158813477]}, "time_fit": {"637_fri_c1_500_50": [0.03248405456542969, 0.023591995239257812, 0.01611614227294922, 0.021916866302490234, 0.021706819534301758]}, "sizes": {"637_fri_c1_500_50": []}, "tau": 0.5}, "LinearQuantile": {"losses": {"637_fri_c1_500_50": [0.073377468204079, 0.0775481215300903, 0.07949532944073157, 0.08097352062989505, 0.07365604464165128]}, "coverage": {"637_fri_c1_500_50": [0.040000000000000036, 0.030000000000000027, 0.04999999999999999, 0.08000000000000002, 0.010000000000000009]}, "complexity": {"637_fri_c1_500_50": [50, 50, 50, 50, 50]}, "time_all": {"637_fri_c1_500_50": [9.260549306869507, 6.501049995422363, 2.932246208190918, 6.483308792114258, 5.07485818862915]}, "time_fit": {"637_fri_c1_500_50": [0.7801694869995117, 0.5518026351928711, 0.21578645706176758, 0.43488430976867676, 0.4290928840637207]}, "sizes": {"637_fri_c1_500_50": []}, "tau": 0.5}}