{"SQR": {"losses": {"634_fri_c2_100_10": [0.019517157897246364, 0.03296662232424509, 0.04203379419865739, 0.04876334044285309, 0.02410378517480473]}, "coverage": {"634_fri_c2_100_10": [0.09999999999999998, 0.0, 0.09999999999999998, 0.25, 0.050000000000000044]}, "complexity": {"634_fri_c2_100_10": [10, 13, 8, 14, 9]}, "time_all": {"634_fri_c2_100_10": [85.07869458198547, 68.81847429275513, 68.32151103019714, 69.0517065525055, 67.84350371360779]}, "time_fit": {"634_fri_c2_100_10": [85.07869458198547, 68.81847429275513, 68.32151103019714, 69.0517065525055, 67.84350371360779]}, "sizes": {"634_fri_c2_100_10": []}, "tau": 0.9}, "LightGBM": {"losses": {"634_fri_c2_100_10": [0.033136378584050524, 0.036135632601386566, 0.0375244508365416, 0.033923896237244684, 0.03233153849110373]}, "coverage": {"634_fri_c2_100_10": [0.0, 0.050000000000000044, 0.050000000000000044, 0.0, 0.0]}, "time_all": {"634_fri_c2_100_10": [0.12518548965454102, 0.08841896057128906, 0.0892341136932373, 0.06776952743530273, 0.09622001647949219]}, "time_fit": {"634_fri_c2_100_10": [0.01728510856628418, 0.018223047256469727, 0.01396632194519043, 0.006638765335083008, 0.020928144454956055]}, "sizes": {"634_fri_c2_100_10": []}, "tau": 0.9}, "DecisionTree": {"losses": {"634_fri_c2_100_10": [0.030127079976555886, 0.024280921534315908, 0.037968895982542286, 0.020170957879416297, 0.0219242505770213]}, "coverage": {"634_fri_c2_100_10": [0.050000000000000044, 0.20000000000000007, 0.04999999999999993, 0.0, 0.050000000000000044]}, "complexity": {"634_fri_c2_100_10": [3, 31, 1, 13, 29]}, "time_all": {"634_fri_c2_100_10": [0.033734798431396484, 0.035323143005371094, 0.03334236145019531, 0.03313922882080078, 0.0353999137878418]}, "time_fit": {"634_fri_c2_100_10": [0.0017681121826171875, 0.004143238067626953, 0.0015423297882080078, 0.00270843505859375, 0.0038726329803466797]}, "sizes": {"634_fri_c2_100_10": []}, "tau": 0.9}, "LinearQuantile": {"losses": {"634_fri_c2_100_10": [0.10544980200155708, 0.039466291796582086, 0.1169667856641149, 0.10035666029442213, 0.06371957866456505]}, "coverage": {"634_fri_c2_100_10": [0.45, 0.25, 0.55, 0.6000000000000001, 0.4]}, "complexity": {"634_fri_c2_100_10": [10, 10, 10, 10, 10]}, "time_all": {"634_fri_c2_100_10": [0.24485349655151367, 0.4432506561279297, 0.8598854541778564, 0.3546867370605469, 0.2211017608642578]}, "time_fit": {"634_fri_c2_100_10": [0.02114081382751465, 0.039517879486083984, 0.060776710510253906, 0.03173685073852539, 0.018607139587402344]}, "sizes": {"634_fri_c2_100_10": []}, "tau": 0.9}}