{"SQR": {"losses": {"634_fri_c2_100_10": [0.061980347989230584, 0.06284659909205441, 0.05389365767615754, 0.07860914651209931, 0.030263181120641938]}, "coverage": {"634_fri_c2_100_10": [0.25, 0.15000000000000002, 0.04999999999999999, 0.050000000000000044, 0.09999999999999998]}, "complexity": {"634_fri_c2_100_10": [11, 15, 15, 10, 11]}, "time_all": {"634_fri_c2_100_10": [80.08064413070679, 67.08324956893921, 65.30798172950745, 67.50287461280823, 65.69460439682007]}, "time_fit": {"634_fri_c2_100_10": [80.08064413070679, 67.08324956893921, 65.30798172950745, 67.50287461280823, 65.69460439682007]}, "sizes": {"634_fri_c2_100_10": []}, "tau": 0.5}, "LightGBM": {"losses": {"634_fri_c2_100_10": [0.07159299969676439, 0.06099709801649817, 0.08185205494546417, 0.06151498098541625, 0.06558338108927624]}, "coverage": {"634_fri_c2_100_10": [0.04999999999999999, 0.19999999999999996, 0.050000000000000044, 0.15000000000000002, 0.0]}, "time_all": {"634_fri_c2_100_10": [0.1257772445678711, 0.09777545928955078, 0.09740114212036133, 0.09067392349243164, 0.09565305709838867]}, "time_fit": {"634_fri_c2_100_10": [0.017800331115722656, 0.020517587661743164, 0.02048349380493164, 0.020252466201782227, 0.020416975021362305]}, "sizes": {"634_fri_c2_100_10": []}, "tau": 0.5}, "DecisionTree": {"losses": {"634_fri_c2_100_10": [0.07788605889947738, 0.04883431943061704, 0.08504996476714485, 0.05911753063650647, 0.04191746442059528]}, "coverage": {"634_fri_c2_100_10": [0.04999999999999999, 0.0, 0.09999999999999998, 0.2, 0.09999999999999998]}, "complexity": {"634_fri_c2_100_10": [13, 31, 3, 13, 29]}, "time_all": {"634_fri_c2_100_10": [0.035475730895996094, 0.0369565486907959, 0.033574581146240234, 0.03421425819396973, 0.034677743911743164]}, "time_fit": {"634_fri_c2_100_10": [0.002895832061767578, 0.004239559173583984, 0.0017857551574707031, 0.0026612281799316406, 0.003820657730102539]}, "sizes": {"634_fri_c2_100_10": []}, "tau": 0.5}, "LinearQuantile": {"losses": {"634_fri_c2_100_10": [0.10319716225921129, 0.05082016989103733, 0.07787782631991283, 0.0779371865865464, 0.06910568699831036]}, "coverage": {"634_fri_c2_100_10": [0.04999999999999999, 0.15000000000000002, 0.050000000000000044, 0.2, 0.0]}, "complexity": {"634_fri_c2_100_10": [10, 10, 10, 10, 10]}, "time_all": {"634_fri_c2_100_10": [3.5324292182922363, 0.1354050636291504, 0.9250733852386475, 1.477778673171997, 0.07700943946838379]}, "time_fit": {"634_fri_c2_100_10": [0.1367177963256836, 0.01184535026550293, 0.06235074996948242, 0.11390852928161621, 0.006597995758056641]}, "sizes": {"634_fri_c2_100_10": []}, "tau": 0.5}}