{"SQR": {"losses": {"656_fri_c1_100_5": [0.02518159502967484, 0.02389855466594848, 0.018473256874395046, 0.014063259705342543, 0.019354737379768856]}, "coverage": {"656_fri_c1_100_5": [0.15000000000000002, 0.15000000000000002, 0.09999999999999998, 0.0, 0.04999999999999993]}, "complexity": {"656_fri_c1_100_5": [11, 10, 13, 12, 8]}, "time_all": {"656_fri_c1_100_5": [79.60588455200195, 66.22190713882446, 65.834721326828, 65.52410078048706, 64.83153867721558]}, "time_fit": {"656_fri_c1_100_5": [79.60588455200195, 66.22190713882446, 65.834721326828, 65.52410078048706, 64.83153867721558]}, "sizes": {"656_fri_c1_100_5": []}, "tau": 0.9}, "LightGBM": {"losses": {"656_fri_c1_100_5": [0.02125864920301588, 0.025901411732136823, 0.02564347150975543, 0.0392834555848172, 0.030911393918202978]}, "coverage": {"656_fri_c1_100_5": [0.09999999999999998, 0.0, 0.0, 0.09999999999999998, 0.0]}, "time_all": {"656_fri_c1_100_5": [0.12856602668762207, 0.09175658226013184, 0.07461762428283691, 0.07968449592590332, 0.07727456092834473]}, "time_fit": {"656_fri_c1_100_5": [0.017386198043823242, 0.018773555755615234, 0.01710796356201172, 0.017558574676513672, 0.01596808433532715]}, "sizes": {"656_fri_c1_100_5": []}, "tau": 0.9}, "DecisionTree": {"losses": {"656_fri_c1_100_5": [0.02523679450802843, 0.020371578450294033, 0.027361517836750008, 0.022332429283803003, 0.0251592092877194]}, "coverage": {"656_fri_c1_100_5": [0.09999999999999998, 0.09999999999999998, 0.04999999999999993, 0.09999999999999998, 0.050000000000000044]}, "complexity": {"656_fri_c1_100_5": [3, 13, 3, 15, 31]}, "time_all": {"656_fri_c1_100_5": [0.03197455406188965, 0.032953500747680664, 0.031542301177978516, 0.03179049491882324, 0.03307628631591797]}, "time_fit": {"656_fri_c1_100_5": [0.0017719268798828125, 0.0024781227111816406, 0.0017428398132324219, 0.0026092529296875, 0.0037772655487060547]}, "sizes": {"656_fri_c1_100_5": []}, "tau": 0.9}, "LinearQuantile": {"losses": {"656_fri_c1_100_5": [0.06535122926663393, 0.07530829874526333, 0.14462003870196274, 0.09002049102489942, 0.0796176080763328]}, "coverage": {"656_fri_c1_100_5": [0.35, 0.4, 0.75, 0.45, 0.4]}, "complexity": {"656_fri_c1_100_5": [5, 5, 5, 5, 5]}, "time_all": {"656_fri_c1_100_5": [0.07852673530578613, 0.14092230796813965, 0.781982421875, 0.22996091842651367, 0.49091672897338867]}, "time_fit": {"656_fri_c1_100_5": [0.006172657012939453, 0.011825084686279297, 0.05992007255554199, 0.0193631649017334, 0.03866243362426758]}, "sizes": {"656_fri_c1_100_5": []}, "tau": 0.9}}