{"SQR": {"losses": {"564_fried": [0.011880703337614701, 0.009522794542674304, 0.008210212022436767, 0.006275755740418701, 0.00831035930066953]}, "coverage": {"564_fried": [0.00804513122393924, 0.011577140053961266, 0.03527103262202602, 0.02890960382681229, 0.008426346130258833]}, "complexity": {"564_fried": [8, 10, 12, 14, 17]}, "time_all": {"564_fried": [541.6546614170074, 474.02131152153015, 572.9544429779053, 471.39786863327026, 458.30302000045776]}, "time_fit": {"564_fried": [541.6546614170074, 474.02131152153015, 572.9544429779053, 471.39786863327026, 458.30302000045776]}, "sizes": {"564_fried": []}, "tau": 0.9}, "LightGBM": {"losses": {"564_fried": [0.013281444072944553, 0.013381188423950802, 0.013575579267909452, 0.013341923531814279, 0.01320828745610851]}, "coverage": {"564_fried": [0.0335295560461123, 0.026416482707873445, 0.026171204316899677, 0.026039494664540586, 0.022359867533423228]}, "time_all": {"564_fried": [1.8478212356567383, 1.7654473781585693, 1.7360966205596924, 1.7678921222686768, 1.751676082611084]}, "time_fit": {"564_fried": [0.3111255168914795, 0.2845022678375244, 0.28241991996765137, 0.27773475646972656, 0.27973341941833496]}, "sizes": {"564_fried": []}, "tau": 0.9}, "DecisionTree": {"losses": {"564_fried": [0.010263377629102777, 0.01010180689168719, 0.010370116529786443, 0.010276500944615873, 0.010282719042362927]}, "coverage": {"564_fried": [0.06605347068923229, 0.060902624478783474, 0.06887417218543046, 0.07564086839200301, 0.053195142892186964]}, "complexity": {"564_fried": [2517, 2503, 2499, 2529, 1615]}, "time_all": {"564_fried": [5.10997462272644, 5.1242969036102295, 5.032146453857422, 5.112395524978638, 4.969560146331787]}, "time_fit": {"564_fried": [0.4148671627044678, 0.417208194732666, 0.4141538143157959, 0.4173409938812256, 0.35616636276245117]}, "sizes": {"564_fried": []}, "tau": 0.9}, "LinearQuantile": {"losses": {"564_fried": [0.013476195767229011, 0.01333191567560444, 0.013624634018473582, 0.013499431910860017, 0.013664967673824543]}, "coverage": {"564_fried": [0.0021339220014716664, 0.0027716458180034875, 0.008290409614912897, 0.010879430884337071, 0.009652888507297952]}, "complexity": {"564_fried": [10, 10, 10, 10, 10]}, "time_all": {"564_fried": [4.0615620613098145, 4.79810905456543, 10.58237361907959, 3.4321961402893066, 17.220224380493164]}, "time_fit": {"564_fried": [0.34945034980773926, 0.36580991744995117, 0.8624310493469238, 0.2902834415435791, 1.5068182945251465]}, "sizes": {"564_fried": []}, "tau": 0.9}}