{"SQR": {"losses": {"201_pol": [0.03516643641638965, 0.04388563367828347, 0.03865975176231505, 0.03952861535139494, 0.03985953548589903]}, "coverage": {"201_pol": [0.031000000000000028, 0.022666666666666613, 0.02200000000000002, 0.023333333333333317, 0.017000000000000015]}, "complexity": {"201_pol": [17, 4, 12, 10, 11]}, "time_all": {"201_pol": [519.9151458740234, 594.7653868198395, 547.0576891899109, 572.7331881523132, 534.7568888664246]}, "time_fit": {"201_pol": [519.9151458740234, 594.7653868198395, 547.0576891899109, 572.7331881523132, 534.7568888664246]}, "sizes": {"201_pol": []}, "tau": 0.9}, "LightGBM": {"losses": {"201_pol": [0.07214333333333332, 0.07180666666666666, 0.07016666666666665, 0.07014333333333332, 0.07101333333333332]}, "coverage": {"201_pol": [0.09999999999999998, 0.09999999999999998, 0.09999999999999998, 0.09999999999999998, 0.09999999999999998]}, "time_all": {"201_pol": [0.2591686248779297, 0.21306204795837402, 0.22500395774841309, 0.2267909049987793, 0.23705744743347168]}, "time_fit": {"201_pol": [0.05099916458129883, 0.04951834678649902, 0.05103111267089844, 0.0517582893371582, 0.05568647384643555]}, "sizes": {"201_pol": []}, "tau": 0.9}, "DecisionTree": {"losses": {"201_pol": [0.006234999999999998, 0.005655666666666666, 0.007678666666666666, 0.006717333333333333, 0.005843666666666666]}, "coverage": {"201_pol": [0.07166666666666666, 0.07699999999999996, 0.06366666666666665, 0.06766666666666665, 0.07266666666666666]}, "complexity": {"201_pol": [627, 639, 615, 617, 601]}, "time_all": {"201_pol": [1.4157612323760986, 1.3659183979034424, 1.1857235431671143, 1.3428807258605957, 1.3685650825500488]}, "time_fit": {"201_pol": [0.13622760772705078, 0.11920642852783203, 0.09125089645385742, 0.11435842514038086, 0.12962651252746582]}, "sizes": {"201_pol": []}, "tau": 0.9}, "LinearQuantile": {"losses": {"201_pol": [0.04704892834457758, 0.048296551557363274, 0.04762774835674143, 0.04818267188632773, 0.04833311483421945]}, "coverage": {"201_pol": [0.010666666666666602, 0.0, 0.003666666666666707, 0.004666666666666708, 0.00666666666666671]}, "complexity": {"201_pol": [48, 48, 48, 48, 48]}, "time_all": {"201_pol": [64.64021825790405, 32.599592208862305, 82.03802847862244, 73.62463665008545, 37.850242614746094]}, "time_fit": {"201_pol": [6.154425621032715, 2.964508533477783, 7.403299570083618, 6.680694341659546, 3.5045344829559326]}, "sizes": {"201_pol": []}, "tau": 0.9}}