{"SQR": {"losses": {"589_fri_c2_1000_25": [0.008704900144524321, 0.008563792695951727, 0.008602285854877396, 0.011018447594892717, 0.013308345742609867]}, "coverage": {"589_fri_c2_1000_25": [0.0, 0.030000000000000027, 0.030000000000000027, 0.015000000000000013, 0.0]}, "complexity": {"589_fri_c2_1000_25": [15, 13, 14, 11, 12]}, "time_all": {"589_fri_c2_1000_25": [131.42953658103943, 125.05982565879822, 122.40503644943237, 107.11523079872131, 101.74459600448608]}, "time_fit": {"589_fri_c2_1000_25": [131.42953658103943, 125.05982565879822, 122.40503644943237, 107.11523079872131, 101.74459600448608]}, "sizes": {"589_fri_c2_1000_25": []}, "tau": 0.9}, "LightGBM": {"losses": {"589_fri_c2_1000_25": [0.021614302472091968, 0.018590446528773834, 0.020357689672010532, 0.018997362740387703, 0.020590863576742176]}, "coverage": {"589_fri_c2_1000_25": [0.030000000000000027, 0.015000000000000013, 0.030000000000000027, 0.030000000000000027, 0.010000000000000009]}, "time_all": {"589_fri_c2_1000_25": [0.382094144821167, 0.36494922637939453, 0.3493382930755615, 0.349898099899292, 0.327831506729126]}, "time_fit": {"589_fri_c2_1000_25": [0.06913471221923828, 0.06975650787353516, 0.06354284286499023, 0.06760883331298828, 0.06456804275512695]}, "sizes": {"589_fri_c2_1000_25": []}, "tau": 0.9}, "DecisionTree": {"losses": {"589_fri_c2_1000_25": [0.01891524078723031, 0.015926903523899257, 0.015871924149779674, 0.016604760823258083, 0.01964419155045191]}, "coverage": {"589_fri_c2_1000_25": [0.08999999999999997, 0.025000000000000022, 0.04500000000000004, 0.07000000000000006, 0.08500000000000008]}, "complexity": {"589_fri_c2_1000_25": [63, 61, 65, 61, 59]}, "time_all": {"589_fri_c2_1000_25": [0.28578901290893555, 0.2847616672515869, 0.28824901580810547, 0.27990102767944336, 0.29871201515197754]}, "time_fit": {"589_fri_c2_1000_25": [0.02356243133544922, 0.023148059844970703, 0.025013208389282227, 0.02326655387878418, 0.024293184280395508]}, "sizes": {"589_fri_c2_1000_25": []}, "tau": 0.9}, "LinearQuantile": {"losses": {"589_fri_c2_1000_25": [0.0722276185669744, 0.07128083008541533, 0.07485029675040213, 0.07106640508844184, 0.07838347530774674]}, "coverage": {"589_fri_c2_1000_25": [0.435, 0.455, 0.42500000000000004, 0.405, 0.41500000000000004]}, "complexity": {"589_fri_c2_1000_25": [25, 25, 25, 25, 25]}, "time_all": {"589_fri_c2_1000_25": [1.2020699977874756, 0.7190029621124268, 0.9111135005950928, 0.6037662029266357, 2.662283420562744]}, "time_fit": {"589_fri_c2_1000_25": [0.08871793746948242, 0.0527191162109375, 0.0738685131072998, 0.046769142150878906, 0.2176346778869629]}, "sizes": {"589_fri_c2_1000_25": []}, "tau": 0.9}}