{"SQR": {"losses": {"227_cpu_small": [0.006404559936755568, 0.005606496255438596, 0.0064864398337429905, 0.006452508205510041, 0.006570402191045234]}, "coverage": {"227_cpu_small": [0.013361805979255625, 0.009823062843197117, 0.007448107448107422, 0.012698412698412653, 0.010866910866910828]}, "complexity": {"227_cpu_small": [4, 6, 4, 4, 4]}, "time_all": {"227_cpu_small": [483.2731385231018, 475.0151357650757, 496.69019174575806, 545.4195628166199, 401.0388045310974]}, "time_fit": {"227_cpu_small": [483.2731385231018, 475.0151357650757, 496.69019174575806, 545.4195628166199, 401.0388045310974]}, "sizes": {"227_cpu_small": []}, "tau": 0.9}, "LightGBM": {"losses": {"227_cpu_small": [0.008710242803357566, 0.00916250504074613, 0.009165276715070976, 0.009599249798530395, 0.010202332670121318]}, "coverage": {"227_cpu_small": [0.006162294081757169, 0.011531421598535707, 0.0031746031746031633, 0.018803418803418737, 0.03284493284493284]}, "time_all": {"227_cpu_small": [0.9626328945159912, 0.9524104595184326, 0.9054529666900635, 0.9461212158203125, 0.9581050872802734]}, "time_fit": {"227_cpu_small": [0.13939261436462402, 0.14027810096740723, 0.14395666122436523, 0.142913818359375, 0.1489543914794922]}, "sizes": {"227_cpu_small": []}, "tau": 0.9}, "DecisionTree": {"losses": {"227_cpu_small": [0.005075711353929779, 0.0047612796667098065, 0.004859461526128192, 0.004578384578384578, 0.004772511439178105]}, "coverage": {"227_cpu_small": [0.007382550335570448, 0.001159243441122615, 0.007814407814407787, 0.01819291819291813, 0.02124542124542117]}, "complexity": {"227_cpu_small": [209, 313, 215, 225, 277]}, "time_all": {"227_cpu_small": [1.292243242263794, 1.1961336135864258, 0.9769577980041504, 0.9846739768981934, 1.2628378868103027]}, "time_fit": {"227_cpu_small": [0.05660676956176758, 0.05904698371887207, 0.052265167236328125, 0.05333447456359863, 0.05911564826965332]}, "sizes": {"227_cpu_small": []}, "tau": 0.9}, "LinearQuantile": {"losses": {"227_cpu_small": [0.033895035216421954, 0.03230507291279727, 0.03167368482457748, 0.032113803835288425, 0.031219120916313008]}, "coverage": {"227_cpu_small": [0.02934716290420991, 0.03239780353874311, 0.039804639804639774, 0.04285714285714293, 0.025763125763125783]}, "complexity": {"227_cpu_small": [12, 12, 12, 12, 12]}, "time_all": {"227_cpu_small": [13.151866436004639, 22.688382863998413, 22.45953345298767, 21.275768995285034, 3.171485185623169]}, "time_fit": {"227_cpu_small": [0.7447080612182617, 2.8750927448272705, 0.7572548389434814, 1.482619047164917, 0.22817516326904297]}, "sizes": {"227_cpu_small": []}, "tau": 0.9}}