{"SQR": {"losses": {"690_visualizing_galaxy": [0.023670263342089024, 0.02557895829157962, 0.023380124532865653, 0.01837487428325406, 0.020585398315356912]}, "coverage": {"690_visualizing_galaxy": [0.05384615384615382, 0.038461538461538436, 0.023076923076923106, 0.078125, 0.15625]}, "complexity": {"690_visualizing_galaxy": [6, 8, 8, 6, 11]}, "time_all": {"690_visualizing_galaxy": [92.67330765724182, 78.40378308296204, 80.85875964164734, 80.83454513549805, 77.34673547744751]}, "time_fit": {"690_visualizing_galaxy": [92.67330765724182, 78.40378308296204, 80.85875964164734, 80.83454513549805, 77.34673547744751]}, "sizes": {"690_visualizing_galaxy": []}, "tau": 0.5}, "LightGBM": {"losses": {"690_visualizing_galaxy": [0.02176916526400804, 0.026550852201317345, 0.026634846994921618, 0.024680093557003863, 0.023294771134537772]}, "coverage": {"690_visualizing_galaxy": [0.02307692307692305, 0.007692307692307665, 0.007692307692307665, 0.03125, 0.171875]}, "time_all": {"690_visualizing_galaxy": [0.19961118698120117, 0.15185880661010742, 0.17829680442810059, 0.15444636344909668, 0.15459346771240234]}, "time_fit": {"690_visualizing_galaxy": [0.03790783882141113, 0.035034894943237305, 0.03905606269836426, 0.037763357162475586, 0.037706851959228516]}, "sizes": {"690_visualizing_galaxy": []}, "tau": 0.5}, "DecisionTree": {"losses": {"690_visualizing_galaxy": [0.01682429592265658, 0.020491803278688523, 0.02039722572509458, 0.01565701844262295, 0.015731728142076504]}, "coverage": {"690_visualizing_galaxy": [0.05384615384615382, 0.0692307692307692, 0.02307692307692305, 0.09375, 0.125]}, "complexity": {"690_visualizing_galaxy": [43, 109, 105, 103, 97]}, "time_all": {"690_visualizing_galaxy": [0.05385780334472656, 0.05768322944641113, 0.05665135383605957, 0.05662131309509277, 0.05615091323852539]}, "time_fit": {"690_visualizing_galaxy": [0.005269527435302734, 0.00977945327758789, 0.00952291488647461, 0.009313821792602539, 0.00894474983215332]}, "sizes": {"690_visualizing_galaxy": []}, "tau": 0.5}, "LinearQuantile": {"losses": {"690_visualizing_galaxy": [0.03480918829185363, 0.03931616856337631, 0.03569131620413479, 0.03348447901260526, 0.03137410058214492]}, "coverage": {"690_visualizing_galaxy": [0.023076923076923106, 0.007692307692307665, 0.05384615384615382, 0.015625, 0.03125]}, "complexity": {"690_visualizing_galaxy": [10, 10, 10, 10, 10]}, "time_all": {"690_visualizing_galaxy": [0.24331331253051758, 0.4645712375640869, 0.31818604469299316, 0.594973087310791, 0.4521608352661133]}, "time_fit": {"690_visualizing_galaxy": [0.02091526985168457, 0.041532039642333984, 0.026712894439697266, 0.0468592643737793, 0.038576364517211914]}, "sizes": {"690_visualizing_galaxy": []}, "tau": 0.5}}