{"SQR": {"losses": {"197_cpu_act": [0.005999895273869861, 0.005458506262812613, 0.006139923036019604, 0.0057561763387551255, 0.005726965836457295]}, "coverage": {"197_cpu_act": [6.101281269066394e-05, 0.00555216595485053, 0.011721611721611791, 0.007814407814407787, 0.012087912087912045]}, "complexity": {"197_cpu_act": [4, 6, 4, 5, 8]}, "time_all": {"197_cpu_act": [549.2588617801666, 386.97224736213684, 526.3978905677795, 388.7757532596588, 422.2912657260895]}, "time_fit": {"197_cpu_act": [549.2588617801666, 386.97224736213684, 526.3978905677795, 388.7757532596588, 422.2912657260895]}, "sizes": {"197_cpu_act": []}, "tau": 0.9}, "LightGBM": {"losses": {"197_cpu_act": [0.008440937323918065, 0.008846938892245795, 0.008920026681571228, 0.009268418138332053, 0.009964037927474509]}, "coverage": {"197_cpu_act": [0.00726052471018912, 0.028004881025015194, 0.002564102564102555, 0.03284493284493284, 0.037728937728937706]}, "time_all": {"197_cpu_act": [1.018585443496704, 0.9939768314361572, 0.9801795482635498, 0.9889214038848877, 1.013932466506958]}, "time_fit": {"197_cpu_act": [0.14935564994812012, 0.14810848236083984, 0.14696002006530762, 0.14150214195251465, 0.15350794792175293]}, "sizes": {"197_cpu_act": []}, "tau": 0.9}, "DecisionTree": {"losses": {"197_cpu_act": [0.00457318764213212, 0.0045238843591497635, 0.004514189514189513, 0.004300760967427633, 0.0041277241277241266]}, "coverage": {"197_cpu_act": [0.011043319097010396, 6.101281269066394e-05, 0.009645909645909612, 0.007814407814407787, 0.024297924297924323]}, "complexity": {"197_cpu_act": [321, 231, 205, 227, 267]}, "time_all": {"197_cpu_act": [1.5898823738098145, 1.48130464553833, 1.160022258758545, 1.3082895278930664, 1.5162794589996338]}, "time_fit": {"197_cpu_act": [0.08543777465820312, 0.0774545669555664, 0.07532405853271484, 0.07821440696716309, 0.08265542984008789]}, "sizes": {"197_cpu_act": []}, "tau": 0.9}, "LinearQuantile": {"losses": {"197_cpu_act": [0.03274272234235256, 0.03135529733905536, 0.03071546143823342, 0.030796032503379332, 0.03028261126830779]}, "coverage": {"197_cpu_act": [0.028737034777303272, 0.03544844417327642, 0.03675213675213673, 0.04163614163614171, 0.028205128205128216]}, "complexity": {"197_cpu_act": [21, 21, 21, 21, 21]}, "time_all": {"197_cpu_act": [42.95262050628662, 44.43598818778992, 52.45100975036621, 52.43587303161621, 54.58805990219116]}, "time_fit": {"197_cpu_act": [2.1412339210510254, 3.281095504760742, 5.057877063751221, 1.744232177734375, 1.7807559967041016]}, "sizes": {"197_cpu_act": []}, "tau": 0.9}}