{"SQR": {"losses": {"648_fri_c1_250_50": [0.009037897406763579, 0.010848768871121737, 0.0076865881729850484, 0.010095304902047051, 0.017854839993467295]}, "coverage": {"648_fri_c1_250_50": [0.040000000000000036, 0.0, 0.039999999999999925, 0.0, 0.06000000000000005]}, "complexity": {"648_fri_c1_250_50": [13, 11, 13, 13, 10]}, "time_all": {"648_fri_c1_250_50": [92.56482696533203, 71.05376744270325, 78.3487229347229, 80.85159945487976, 76.50657343864441]}, "time_fit": {"648_fri_c1_250_50": [92.56482696533203, 71.05376744270325, 78.3487229347229, 80.85159945487976, 76.50657343864441]}, "sizes": {"648_fri_c1_250_50": []}, "tau": 0.9}, "LightGBM": {"losses": {"648_fri_c1_250_50": [0.024163166900677747, 0.028643134202958113, 0.02793421964716888, 0.029805029501390704, 0.02540213752540703]}, "coverage": {"648_fri_c1_250_50": [0.020000000000000018, 0.09999999999999998, 0.05999999999999994, 0.08000000000000007, 0.039999999999999925]}, "time_all": {"648_fri_c1_250_50": [0.18120551109313965, 0.15778875350952148, 0.13993597030639648, 0.1601850986480713, 0.14044404029846191]}, "time_fit": {"648_fri_c1_250_50": [0.0249783992767334, 0.030017852783203125, 0.03220844268798828, 0.030171632766723633, 0.032385826110839844]}, "sizes": {"648_fri_c1_250_50": []}, "tau": 0.9}, "DecisionTree": {"losses": {"648_fri_c1_250_50": [0.0240724761674535, 0.02167541749049118, 0.026455317901271324, 0.022568367620293326, 0.019860479619439524]}, "coverage": {"648_fri_c1_250_50": [0.0, 0.20000000000000007, 0.039999999999999925, 0.040000000000000036, 0.020000000000000018]}, "complexity": {"648_fri_c1_250_50": [5, 35, 5, 7, 15]}, "time_all": {"648_fri_c1_250_50": [0.08629107475280762, 0.09034085273742676, 0.08377361297607422, 0.08517980575561523, 0.08637452125549316]}, "time_fit": {"648_fri_c1_250_50": [0.004050731658935547, 0.010066032409667969, 0.004122257232666016, 0.004880666732788086, 0.0068798065185546875]}, "sizes": {"648_fri_c1_250_50": []}, "tau": 0.9}, "LinearQuantile": {"losses": {"648_fri_c1_250_50": [0.10216472986167734, 0.1184774603517716, 0.11120038922499395, 0.11911783301681014, 0.08833609904565083]}, "coverage": {"648_fri_c1_250_50": [0.56, 0.46, 0.48000000000000004, 0.56, 0.44]}, "complexity": {"648_fri_c1_250_50": [50, 50, 50, 50, 50]}, "time_all": {"648_fri_c1_250_50": [6.163777589797974, 14.917873859405518, 7.318812847137451, 6.335366249084473, 5.419851779937744]}, "time_fit": {"648_fri_c1_250_50": [0.50429368019104, 1.2988336086273193, 0.484694242477417, 0.5476679801940918, 0.419846773147583]}, "sizes": {"648_fri_c1_250_50": []}, "tau": 0.9}}