{"SQR": {"losses": {"556_analcatdata_apnea2": [0.028781607191467662, 0.010983220840776464, 0.006575622645498441, 0.005226699294738371, 0.00850206388777973]}, "coverage": {"556_analcatdata_apnea2": [0.02631578947368418, 0.0052631578947368585, 0.07894736842105265, 0.14210526315789473, 0.0368421052631579]}, "complexity": {"556_analcatdata_apnea2": [10, 5, 13, 5, 5]}, "time_all": {"556_analcatdata_apnea2": [107.08710217475891, 84.86969017982483, 89.4289231300354, 91.48765897750854, 91.84010815620422]}, "time_fit": {"556_analcatdata_apnea2": [107.08710217475891, 84.86969017982483, 89.4289231300354, 91.48765897750854, 91.84010815620422]}, "sizes": {"556_analcatdata_apnea2": []}, "tau": 0.5}, "LightGBM": {"losses": {"556_analcatdata_apnea2": [0.02267315527524573, 0.0172497692522457, 0.012246149869574736, 0.015797743143416514, 0.0078050584917487955]}, "coverage": {"556_analcatdata_apnea2": [0.07894736842105265, 0.015789473684210575, 0.1842105263157895, 0.16315789473684206, 0.07894736842105265]}, "time_all": {"556_analcatdata_apnea2": [0.23421812057495117, 0.1970071792602539, 0.22788190841674805, 0.23170852661132812, 0.21310734748840332]}, "time_fit": {"556_analcatdata_apnea2": [0.04795193672180176, 0.052298784255981445, 0.055816650390625, 0.055371761322021484, 0.05177807807922363]}, "sizes": {"556_analcatdata_apnea2": []}, "tau": 0.5}, "DecisionTree": {"losses": {"556_analcatdata_apnea2": [0.005700160035293297, 0.006970313565635853, 0.004371034287167691, 0.00476673336679594, 0.007570614729099188]}, "coverage": {"556_analcatdata_apnea2": [0.17368421052631577, 0.07894736842105265, 0.20526315789473681, 0.24736842105263157, 0.09999999999999998]}, "complexity": {"556_analcatdata_apnea2": [135, 55, 57, 135, 127]}, "time_all": {"556_analcatdata_apnea2": [0.06806802749633789, 0.05899381637573242, 0.05976986885070801, 0.06430435180664062, 0.0637507438659668]}, "time_fit": {"556_analcatdata_apnea2": [0.011957406997680664, 0.005824089050292969, 0.005978584289550781, 0.011536121368408203, 0.010903358459472656]}, "sizes": {"556_analcatdata_apnea2": []}, "tau": 0.5}, "LinearQuantile": {"losses": {"556_analcatdata_apnea2": [0.02602837929973892, 0.02053890459018061, 0.014118894294021692, 0.018613222172373867, 0.01017123920112995]}, "coverage": {"556_analcatdata_apnea2": [0.0368421052631579, 0.07894736842105265, 0.06842105263157894, 0.02631578947368418, 0.1105263157894737]}, "complexity": {"556_analcatdata_apnea2": [11, 11, 11, 11, 11]}, "time_all": {"556_analcatdata_apnea2": [0.15666484832763672, 0.16958904266357422, 0.15686964988708496, 0.12268567085266113, 0.1832430362701416]}, "time_fit": {"556_analcatdata_apnea2": [0.013129234313964844, 0.014536380767822266, 0.01365041732788086, 0.010548591613769531, 0.01605224609375]}, "sizes": {"556_analcatdata_apnea2": []}, "tau": 0.5}}