{"SQR": {"losses": {"1028_SWD": [0.03783333333333332, 0.031833333333333325, 0.028833333333333325, 0.033499999999999995, 0.034499999999999996]}, "coverage": {"1028_SWD": [0.07499999999999996, 0.09499999999999997, 0.09999999999999998, 0.08499999999999996, 0.09499999999999997]}, "complexity": {"1028_SWD": [3, 3, 3, 3, 3]}, "time_all": {"1028_SWD": [91.49588346481323, 85.17463636398315, 84.6074755191803, 86.45973587036133, 85.36573648452759]}, "time_fit": {"1028_SWD": [91.49588346481323, 85.17463636398315, 84.6074755191803, 86.45973587036133, 85.36573648452759]}, "sizes": {"1028_SWD": []}, "tau": 0.9}, "LightGBM": {"losses": {"1028_SWD": [0.03849999999999999, 0.040666666666666657, 0.039666666666666656, 0.039666666666666656, 0.041333333333333326]}, "coverage": {"1028_SWD": [0.09999999999999998, 0.09999999999999998, 0.09999999999999998, 0.09999999999999998, 0.09999999999999998]}, "time_all": {"1028_SWD": [0.10337114334106445, 0.05369448661804199, 0.0675666332244873, 0.06738400459289551, 0.05755949020385742]}, "time_fit": {"1028_SWD": [0.00909280776977539, 0.009061336517333984, 0.012268304824829102, 0.012206315994262695, 0.010514497756958008]}, "sizes": {"1028_SWD": []}, "tau": 0.9}, "DecisionTree": {"losses": {"1028_SWD": [0.03285, 0.03333333333333333, 0.027666666666666662, 0.030933333333333327, 0.028333333333333325]}, "coverage": {"1028_SWD": [0.039999999999999925, 0.04999999999999993, 0.08499999999999996, 0.06999999999999995, 0.08499999999999996]}, "complexity": {"1028_SWD": [129, 119, 31, 25, 23]}, "time_all": {"1028_SWD": [0.10655879974365234, 0.10241270065307617, 0.09835529327392578, 0.096771240234375, 0.09650349617004395]}, "time_fit": {"1028_SWD": [0.012825965881347656, 0.012039661407470703, 0.005196332931518555, 0.004670381546020508, 0.004532575607299805]}, "sizes": {"1028_SWD": []}, "tau": 0.9}, "LinearQuantile": {"losses": {"1028_SWD": [0.033781457635514586, 0.03513226033944309, 0.031567838673704135, 0.03247679228637388, 0.03180382457313125]}, "coverage": {"1028_SWD": [0.040000000000000036, 0.040000000000000036, 0.04500000000000004, 0.07500000000000007, 0.0]}, "complexity": {"1028_SWD": [31, 31, 31, 31, 31]}, "time_all": {"1028_SWD": [1.5241625308990479, 2.0566704273223877, 0.9558682441711426, 3.958037853240967, 2.2537295818328857]}, "time_fit": {"1028_SWD": [0.12752366065979004, 0.15292644500732422, 0.07754111289978027, 0.32114338874816895, 0.1675865650177002]}, "sizes": {"1028_SWD": []}, "tau": 0.9}}