{"SQR": {"losses": {"595_fri_c0_1000_10": [0.008249565268222276, 0.008770953952980661, 0.00980321971874784, 0.011992567172073318, 0.008715151313259676]}, "coverage": {"595_fri_c0_1000_10": [0.015000000000000013, 0.025000000000000022, 0.040000000000000036, 0.0050000000000000044, 0.0]}, "complexity": {"595_fri_c0_1000_10": [13, 13, 14, 8, 12]}, "time_all": {"595_fri_c0_1000_10": [100.50403761863708, 92.43972945213318, 91.1595618724823, 89.0664370059967, 90.16047263145447]}, "time_fit": {"595_fri_c0_1000_10": [100.50403761863708, 92.43972945213318, 91.1595618724823, 89.0664370059967, 90.16047263145447]}, "sizes": {"595_fri_c0_1000_10": []}, "tau": 0.9}, "LightGBM": {"losses": {"595_fri_c0_1000_10": [0.020647058860619003, 0.018549317983777795, 0.01874047219608664, 0.021017651641246943, 0.019776790338120062]}, "coverage": {"595_fri_c0_1000_10": [0.03500000000000003, 0.020000000000000018, 0.015000000000000013, 0.020000000000000018, 0.04499999999999993]}, "time_all": {"595_fri_c0_1000_10": [0.34546494483947754, 0.32041358947753906, 0.3203706741333008, 0.29537105560302734, 0.32814741134643555]}, "time_fit": {"595_fri_c0_1000_10": [0.06709599494934082, 0.06454634666442871, 0.06389951705932617, 0.0662684440612793, 0.06535744667053223]}, "sizes": {"595_fri_c0_1000_10": []}, "tau": 0.9}, "DecisionTree": {"losses": {"595_fri_c0_1000_10": [0.017714796096449915, 0.019428568430198113, 0.019107885347278065, 0.01970594397131753, 0.019754866377856322]}, "coverage": {"595_fri_c0_1000_10": [0.050000000000000044, 0.05500000000000005, 0.03500000000000003, 0.030000000000000027, 0.10499999999999998]}, "complexity": {"595_fri_c0_1000_10": [37, 25, 35, 37, 59]}, "time_all": {"595_fri_c0_1000_10": [0.16845273971557617, 0.16155791282653809, 0.16274428367614746, 0.16449713706970215, 0.16872453689575195]}, "time_fit": {"595_fri_c0_1000_10": [0.010532140731811523, 0.008721590042114258, 0.009982824325561523, 0.010376453399658203, 0.013283729553222656]}, "sizes": {"595_fri_c0_1000_10": []}, "tau": 0.9}, "LinearQuantile": {"losses": {"595_fri_c0_1000_10": [0.04085383516150034, 0.04015862451300286, 0.03633364079288809, 0.03358548351998773, 0.039648557105471466]}, "coverage": {"595_fri_c0_1000_10": [0.495, 0.42500000000000004, 0.36, 0.3350000000000001, 0.42000000000000004]}, "complexity": {"595_fri_c0_1000_10": [10, 10, 10, 10, 10]}, "time_all": {"595_fri_c0_1000_10": [0.8124735355377197, 0.1481788158416748, 0.5796058177947998, 0.23697662353515625, 0.2302999496459961]}, "time_fit": {"595_fri_c0_1000_10": [0.0720221996307373, 0.012990474700927734, 0.052188873291015625, 0.02047562599182129, 0.020281314849853516]}, "sizes": {"595_fri_c0_1000_10": []}, "tau": 0.9}}