{"SQR": {"losses": {"197_cpu_act": [0.012642418300350261, 0.01704390355974669, 0.01669437257442037, 0.01712250803209767, 0.01677809613998445]}, "coverage": {"197_cpu_act": [0.005186089078706546, 0.0241000610128127, 0.007936507936507964, 0.042124542124542086, 0.0146520146520146]}, "complexity": {"197_cpu_act": [8, 4, 4, 4, 4]}, "time_all": {"197_cpu_act": [547.647439956665, 480.3797821998596, 510.4117922782898, 498.28834795951843, 526.243983745575]}, "time_fit": {"197_cpu_act": [547.647439956665, 480.3797821998596, 510.4117922782898, 498.28834795951843, 526.243983745575]}, "sizes": {"197_cpu_act": []}, "tau": 0.5}, "LightGBM": {"losses": {"197_cpu_act": [0.016469092501012153, 0.01580506034961037, 0.015464723801084332, 0.01794763409565272, 0.0188799132114455]}, "coverage": {"197_cpu_act": [0.031421598535692485, 0.010067114093959717, 0.013431013431013439, 0.014041514041514047, 0.014041514041513992]}, "time_all": {"197_cpu_act": [1.1952452659606934, 1.1222848892211914, 1.0864272117614746, 1.1104137897491455, 1.0887296199798584]}, "time_fit": {"197_cpu_act": [0.14996814727783203, 0.1461796760559082, 0.14834165573120117, 0.14586806297302246, 0.14631867408752441]}, "sizes": {"197_cpu_act": []}, "tau": 0.5}, "DecisionTree": {"losses": {"197_cpu_act": [0.01077893024201749, 0.01085750734927062, 0.010808635808635808, 0.010756219089552424, 0.010657552324218991]}, "coverage": {"197_cpu_act": [0.08938377059182423, 0.1070774862721171, 0.08119658119658124, 0.11477411477411481, 0.13492063492063489]}, "complexity": {"197_cpu_act": [1093, 491, 503, 497, 317]}, "time_all": {"197_cpu_act": [1.5347645282745361, 1.4547796249389648, 1.2026407718658447, 1.3700084686279297, 1.218019962310791]}, "time_fit": {"197_cpu_act": [0.13226652145385742, 0.09752082824707031, 0.09891009330749512, 0.10006475448608398, 0.08503603935241699]}, "sizes": {"197_cpu_act": []}, "tau": 0.5}, "LinearQuantile": {"losses": {"197_cpu_act": [0.06004549886734055, 0.061108571920847336, 0.06160461407765331, 0.060648411270343296, 0.060892101751051635]}, "coverage": {"197_cpu_act": [0.057046979865771785, 0.04545454545454547, 0.06043956043956045, 0.057387057387057405, 0.0641025641025641]}, "complexity": {"197_cpu_act": [21, 21, 21, 21, 21]}, "time_all": {"197_cpu_act": [46.56481957435608, 48.04824733734131, 47.37145495414734, 48.825918436050415, 56.73981332778931]}, "time_fit": {"197_cpu_act": [5.410842657089233, 3.600270986557007, 1.650197982788086, 2.304401159286499, 8.988178968429565]}, "sizes": {"197_cpu_act": []}, "tau": 0.5}}