{"SQR": {"losses": {"627_fri_c2_500_10": [0.02750179991872177, 0.018625885379869287, 0.031024143662261944, 0.016223133523034245, 0.024225595482309882]}, "coverage": {"627_fri_c2_500_10": [0.06, 0.09000000000000002, 0.10999999999999999, 0.08999999999999997, 0.020000000000000018]}, "complexity": {"627_fri_c2_500_10": [13, 17, 12, 15, 13]}, "time_all": {"627_fri_c2_500_10": [107.31950044631958, 85.98256182670593, 85.29397320747375, 80.05990839004517, 96.94001626968384]}, "time_fit": {"627_fri_c2_500_10": [107.31950044631958, 85.98256182670593, 85.29397320747375, 80.05990839004517, 96.94001626968384]}, "sizes": {"627_fri_c2_500_10": []}, "tau": 0.5}, "LightGBM": {"losses": {"627_fri_c2_500_10": [0.035800527679641626, 0.027902605573001595, 0.03601839293055584, 0.03384149081309479, 0.03868376936669027]}, "coverage": {"627_fri_c2_500_10": [0.12, 0.030000000000000027, 0.03999999999999998, 0.13, 0.0]}, "time_all": {"627_fri_c2_500_10": [0.2767751216888428, 0.26542234420776367, 0.2584068775177002, 0.2623162269592285, 0.25948095321655273]}, "time_fit": {"627_fri_c2_500_10": [0.05474686622619629, 0.055162906646728516, 0.05389213562011719, 0.05677461624145508, 0.055086374282836914]}, "sizes": {"627_fri_c2_500_10": []}, "tau": 0.5}, "DecisionTree": {"losses": {"627_fri_c2_500_10": [0.03641981925545622, 0.037567804913862024, 0.03791246785100529, 0.037956012553642365, 0.0399853156404302]}, "coverage": {"627_fri_c2_500_10": [0.07, 0.03999999999999998, 0.0, 0.14, 0.020000000000000018]}, "complexity": {"627_fri_c2_500_10": [161, 71, 159, 71, 163]}, "time_all": {"627_fri_c2_500_10": [0.10042834281921387, 0.0908198356628418, 0.09821343421936035, 0.09015083312988281, 0.0986175537109375]}, "time_fit": {"627_fri_c2_500_10": [0.01736903190612793, 0.010019302368164062, 0.016725540161132812, 0.010009527206420898, 0.017052412033081055]}, "sizes": {"627_fri_c2_500_10": []}, "tau": 0.5}, "LinearQuantile": {"losses": {"627_fri_c2_500_10": [0.0732769965418293, 0.06336127996582917, 0.07284476016553856, 0.07356919623834685, 0.07761489928986477]}, "coverage": {"627_fri_c2_500_10": [0.030000000000000027, 0.010000000000000009, 0.020000000000000018, 0.010000000000000009, 0.07]}, "complexity": {"627_fri_c2_500_10": [10, 10, 10, 10, 10]}, "time_all": {"627_fri_c2_500_10": [0.17634153366088867, 0.23035001754760742, 0.24009442329406738, 0.14925432205200195, 0.5967745780944824]}, "time_fit": {"627_fri_c2_500_10": [0.014888286590576172, 0.02030348777770996, 0.02122640609741211, 0.013005971908569336, 0.05345964431762695]}, "sizes": {"627_fri_c2_500_10": []}, "tau": 0.5}}