{"SQR": {"losses": {"503_wind": [0.01889163744615611, 0.018382561591395855, 0.01837076691950457, 0.01944702158833214, 0.0189209612646247]}, "coverage": {"503_wind": [0.004942965779467734, 0.004942965779467734, 0.007984790874524639, 0.003422053231939226, 0.0019786910197869823]}, "complexity": {"503_wind": [2, 2, 2, 2, 2]}, "time_all": {"503_wind": [340.3873801231384, 404.19123220443726, 369.73329067230225, 382.0296084880829, 363.6185381412506]}, "time_fit": {"503_wind": [340.3873801231384, 404.19123220443726, 369.73329067230225, 382.0296084880829, 363.6185381412506]}, "sizes": {"503_wind": []}, "tau": 0.9}, "LightGBM": {"losses": {"503_wind": [0.01574702647201056, 0.015533077423269518, 0.01581350717416323, 0.016157617401009693, 0.01584371685544411]}, "coverage": {"503_wind": [0.01558935361216729, 0.017870722433460107, 0.011026615969581766, 0.018631178707224305, 0.018569254185692552]}, "time_all": {"503_wind": [0.8935103416442871, 0.8639168739318848, 0.8561699390411377, 0.8600189685821533, 0.8918216228485107]}, "time_fit": {"503_wind": [0.1260373592376709, 0.11711764335632324, 0.12147879600524902, 0.11999964714050293, 0.1202397346496582]}, "sizes": {"503_wind": []}, "tau": 0.9}, "DecisionTree": {"losses": {"503_wind": [0.01546163387971215, 0.01663879219853655, 0.01655104799798837, 0.01670880761275119, 0.016280145262808764]}, "coverage": {"503_wind": [0.025475285171102646, 0.040684410646387836, 0.04448669201520916, 0.042965779467680654, 0.027853881278538828]}, "complexity": {"503_wind": [185, 253, 185, 219, 181]}, "time_all": {"503_wind": [1.096055507659912, 0.8533308506011963, 0.8314943313598633, 0.8522534370422363, 1.099632740020752]}, "time_fit": {"503_wind": [0.05159163475036621, 0.04429459571838379, 0.0382535457611084, 0.04201865196228027, 0.052721261978149414]}, "sizes": {"503_wind": []}, "tau": 0.9}, "LinearQuantile": {"losses": {"503_wind": [0.014388399090132436, 0.014364533232151722, 0.015212865492558618, 0.014809387691366908, 0.014789693968774711]}, "coverage": {"503_wind": [0.01558935361216729, 0.0041825095057034245, 0.008745247148288948, 0.013307984790874583, 0.0012176560121766045]}, "complexity": {"503_wind": [14, 14, 14, 14, 14]}, "time_all": {"503_wind": [0.9583375453948975, 10.527005434036255, 1.9239773750305176, 4.405818700790405, 2.722712278366089]}, "time_fit": {"503_wind": [0.08182597160339355, 0.7866277694702148, 0.15151667594909668, 0.30119776725769043, 0.22574901580810547]}, "sizes": {"503_wind": []}, "tau": 0.9}}