{"SQR": {"losses": {"591_fri_c1_100_10": [0.04958756550258145, 0.01085095668098459, 0.02876495841547002, 0.04213764757736443, 0.042798290542027065]}, "coverage": {"591_fri_c1_100_10": [0.15000000000000002, 0.09999999999999998, 0.25, 0.19999999999999996, 0.09999999999999998]}, "complexity": {"591_fri_c1_100_10": [13, 13, 13, 12, 8]}, "time_all": {"591_fri_c1_100_10": [81.91002464294434, 68.42759251594543, 65.24035954475403, 64.04164838790894, 66.50281000137329]}, "time_fit": {"591_fri_c1_100_10": [81.91002464294434, 68.42759251594543, 65.24035954475403, 64.04164838790894, 66.50281000137329]}, "sizes": {"591_fri_c1_100_10": []}, "tau": 0.5}, "LightGBM": {"losses": {"591_fri_c1_100_10": [0.0445687367657391, 0.0842733827879462, 0.08508783890870554, 0.07060200175370271, 0.07218945629307207]}, "coverage": {"591_fri_c1_100_10": [0.19999999999999996, 0.04999999999999999, 0.0, 0.04999999999999999, 0.050000000000000044]}, "time_all": {"591_fri_c1_100_10": [0.12496471405029297, 0.09697961807250977, 0.0902853012084961, 0.08761882781982422, 0.07390046119689941]}, "time_fit": {"591_fri_c1_100_10": [0.01662278175354004, 0.020122051239013672, 0.020415544509887695, 0.0183563232421875, 0.016422510147094727]}, "sizes": {"591_fri_c1_100_10": []}, "tau": 0.5}, "DecisionTree": {"losses": {"591_fri_c1_100_10": [0.05730012857849877, 0.053088803328925176, 0.07463392390041318, 0.056841984838525296, 0.06968359112630107]}, "coverage": {"591_fri_c1_100_10": [0.15000000000000002, 0.15000000000000002, 0.0, 0.0, 0.04999999999999999]}, "complexity": {"591_fri_c1_100_10": [3, 13, 3, 13, 33]}, "time_all": {"591_fri_c1_100_10": [0.034136295318603516, 0.03490567207336426, 0.03384041786193848, 0.03210902214050293, 0.03490304946899414]}, "time_fit": {"591_fri_c1_100_10": [0.0018343925476074219, 0.0027205944061279297, 0.0017695426940917969, 0.002460002899169922, 0.004196882247924805]}, "sizes": {"591_fri_c1_100_10": []}, "tau": 0.5}, "LinearQuantile": {"losses": {"591_fri_c1_100_10": [0.0882687091080742, 0.08542373885126854, 0.09640707942362962, 0.08717138920118654, 0.0917894994722052]}, "coverage": {"591_fri_c1_100_10": [0.09999999999999998, 0.04999999999999999, 0.0, 0.04999999999999999, 0.04999999999999999]}, "complexity": {"591_fri_c1_100_10": [10, 10, 10, 10, 10]}, "time_all": {"591_fri_c1_100_10": [0.5393352508544922, 0.22248554229736328, 0.13779902458190918, 0.25033998489379883, 3.8708930015563965]}, "time_fit": {"591_fri_c1_100_10": [0.04735422134399414, 0.01967644691467285, 0.011910676956176758, 0.020550012588500977, 0.13207268714904785]}, "sizes": {"591_fri_c1_100_10": []}, "tau": 0.5}}