{"SQR": {"losses": {"646_fri_c3_500_10": [0.009424303006402112, 0.010524538155811025, 0.01147079687425894, 0.006936886514329356, 0.012409392568617264]}, "coverage": {"646_fri_c3_500_10": [0.010000000000000009, 0.05999999999999994, 0.10999999999999999, 0.07000000000000006, 0.06000000000000005]}, "complexity": {"646_fri_c3_500_10": [11, 9, 13, 12, 12]}, "time_all": {"646_fri_c3_500_10": [109.25901484489441, 80.56627774238586, 98.69456458091736, 87.98505568504333, 91.26510834693909]}, "time_fit": {"646_fri_c3_500_10": [109.25901484489441, 80.56627774238586, 98.69456458091736, 87.98505568504333, 91.26510834693909]}, "sizes": {"646_fri_c3_500_10": []}, "tau": 0.9}, "LightGBM": {"losses": {"646_fri_c3_500_10": [0.014443240868719615, 0.018245658468215267, 0.017591099758752903, 0.016954376270822136, 0.020668823122341293]}, "coverage": {"646_fri_c3_500_10": [0.04999999999999993, 0.010000000000000009, 0.010000000000000009, 0.010000000000000009, 0.08000000000000007]}, "time_all": {"646_fri_c3_500_10": [0.22404050827026367, 0.22378277778625488, 0.1790609359741211, 0.1743943691253662, 0.21572041511535645]}, "time_fit": {"646_fri_c3_500_10": [0.04089236259460449, 0.04368185997009277, 0.042458295822143555, 0.03919816017150879, 0.04401397705078125]}, "sizes": {"646_fri_c3_500_10": []}, "tau": 0.9}, "DecisionTree": {"losses": {"646_fri_c3_500_10": [0.020639908984799754, 0.016252545055195765, 0.018982276631605934, 0.015754122600819216, 0.015555291034518349]}, "coverage": {"646_fri_c3_500_10": [0.06000000000000005, 0.15000000000000002, 0.040000000000000036, 0.06000000000000005, 0.09999999999999998]}, "complexity": {"646_fri_c3_500_10": [17, 67, 21, 19, 69]}, "time_all": {"646_fri_c3_500_10": [0.08607840538024902, 0.09382033348083496, 0.08580565452575684, 0.08946609497070312, 0.09254765510559082]}, "time_fit": {"646_fri_c3_500_10": [0.004789590835571289, 0.010165929794311523, 0.005219697952270508, 0.005450010299682617, 0.010125398635864258]}, "sizes": {"646_fri_c3_500_10": []}, "tau": 0.9}, "LinearQuantile": {"losses": {"646_fri_c3_500_10": [0.06157500154080219, 0.05536755414333968, 0.06887114340344397, 0.0572991013435339, 0.06261650843932243]}, "coverage": {"646_fri_c3_500_10": [0.4, 0.36, 0.47000000000000003, 0.45, 0.4]}, "complexity": {"646_fri_c3_500_10": [10, 10, 10, 10, 10]}, "time_all": {"646_fri_c3_500_10": [0.8845949172973633, 0.28615617752075195, 0.33681178092956543, 0.21413540840148926, 0.12896203994750977]}, "time_fit": {"646_fri_c3_500_10": [0.07928967475891113, 0.024105548858642578, 0.02962660789489746, 0.018769025802612305, 0.01116323471069336]}, "sizes": {"646_fri_c3_500_10": []}, "tau": 0.9}}