{"SQR": {"losses": {"485_analcatdata_vehicle": [0.016478916251695418, 0.016096120523158116, 0.02176482314200416, 0.04015565059138253, 0.11230376209892591]}, "coverage": {"485_analcatdata_vehicle": [0.09999999999999998, 0.0, 0.30000000000000004, 0.34444444444444444, 0.2333333333333334]}, "complexity": {"485_analcatdata_vehicle": [16, 18, 12, 17, 17]}, "time_all": {"485_analcatdata_vehicle": [77.03856301307678, 65.85517740249634, 63.76759338378906, 66.10471796989441, 65.3652663230896]}, "time_fit": {"485_analcatdata_vehicle": [77.03856301307678, 65.85517740249634, 63.76759338378906, 66.10471796989441, 65.3652663230896]}, "sizes": {"485_analcatdata_vehicle": []}, "tau": 0.9}, "LightGBM": {"losses": {"485_analcatdata_vehicle": [0.06986188182514674, 0.055966847456621185, 0.04575506108461382, 0.03862696726287536, 0.09138532107364723]}, "coverage": {"485_analcatdata_vehicle": [0.09999999999999998, 0.09999999999999998, 0.09999999999999998, 0.09999999999999998, 0.2333333333333334]}, "time_all": {"485_analcatdata_vehicle": [0.0766301155090332, 0.03442192077636719, 0.03179311752319336, 0.03264904022216797, 0.031505584716796875]}, "time_fit": {"485_analcatdata_vehicle": [0.00397491455078125, 0.004262208938598633, 0.0037407875061035156, 0.003934621810913086, 0.003723621368408203]}, "sizes": {"485_analcatdata_vehicle": []}, "tau": 0.9}, "DecisionTree": {"losses": {"485_analcatdata_vehicle": [0.05610681399631676, 0.016596685082872924, 0.019839779005524857, 0.030491098833640273, 0.05334356455903416]}, "coverage": {"485_analcatdata_vehicle": [0.09999999999999998, 0.09999999999999998, 0.09999999999999998, 0.12222222222222223, 0.2333333333333334]}, "complexity": {"485_analcatdata_vehicle": [7, 13, 13, 15, 5]}, "time_all": {"485_analcatdata_vehicle": [0.02885603904724121, 0.02641129493713379, 0.027440309524536133, 0.027790546417236328, 0.02565908432006836]}, "time_fit": {"485_analcatdata_vehicle": [0.0019991397857666016, 0.002185821533203125, 0.0023369789123535156, 0.0024750232696533203, 0.0017216205596923828]}, "sizes": {"485_analcatdata_vehicle": []}, "tau": 0.9}, "LinearQuantile": {"losses": {"485_analcatdata_vehicle": [0.03949355436735876, 0.022664211238432864, 0.028195211666789486, 0.022924480061385793, 0.06607325557752619]}, "coverage": {"485_analcatdata_vehicle": [0.09999999999999998, 0.20000000000000007, 0.0, 0.011111111111111183, 0.12222222222222223]}, "complexity": {"485_analcatdata_vehicle": [12, 12, 12, 12, 12]}, "time_all": {"485_analcatdata_vehicle": [0.15401768684387207, 0.1625227928161621, 0.13512587547302246, 3.9121546745300293, 0.14154577255249023]}, "time_fit": {"485_analcatdata_vehicle": [0.01305246353149414, 0.013504981994628906, 0.011278390884399414, 0.40825366973876953, 0.012705564498901367]}, "sizes": {"485_analcatdata_vehicle": []}, "tau": 0.9}}