{"SQR": {"losses": {"644_fri_c4_250_25": [0.015864773911163147, 0.03189125657330937, 0.02927244960048225, 0.0157324467315523, 0.028154974086220586]}, "coverage": {"644_fri_c4_250_25": [0.16000000000000003, 0.16000000000000003, 0.06000000000000005, 0.020000000000000018, 0.14]}, "complexity": {"644_fri_c4_250_25": [11, 8, 10, 13, 9]}, "time_all": {"644_fri_c4_250_25": [89.51645374298096, 68.20480155944824, 72.33853721618652, 73.63571619987488, 74.35550212860107]}, "time_fit": {"644_fri_c4_250_25": [89.51645374298096, 68.20480155944824, 72.33853721618652, 73.63571619987488, 74.35550212860107]}, "sizes": {"644_fri_c4_250_25": []}, "tau": 0.5}, "LightGBM": {"losses": {"644_fri_c4_250_25": [0.03224192416598097, 0.040800947641149124, 0.037997986829892604, 0.045639672793133, 0.0355395490221608]}, "coverage": {"644_fri_c4_250_25": [0.040000000000000036, 0.09999999999999998, 0.08000000000000002, 0.0, 0.040000000000000036]}, "time_all": {"644_fri_c4_250_25": [0.19199395179748535, 0.14719176292419434, 0.14673662185668945, 0.15886759757995605, 0.16780877113342285]}, "time_fit": {"644_fri_c4_250_25": [0.03648734092712402, 0.0347137451171875, 0.03432011604309082, 0.03509831428527832, 0.03812980651855469]}, "sizes": {"644_fri_c4_250_25": []}, "tau": 0.5}, "DecisionTree": {"losses": {"644_fri_c4_250_25": [0.04096843990508093, 0.044563163657123456, 0.047139218036098066, 0.046176426796649635, 0.04283499997922342]}, "coverage": {"644_fri_c4_250_25": [0.12, 0.020000000000000018, 0.020000000000000018, 0.020000000000000018, 0.020000000000000018]}, "complexity": {"644_fri_c4_250_25": [81, 79, 35, 37, 39]}, "time_all": {"644_fri_c4_250_25": [0.07553267478942871, 0.07188868522644043, 0.06834983825683594, 0.06922173500061035, 0.06755900382995605]}, "time_fit": {"644_fri_c4_250_25": [0.011997461318969727, 0.01096963882446289, 0.007111549377441406, 0.007433652877807617, 0.0074651241302490234]}, "sizes": {"644_fri_c4_250_25": []}, "tau": 0.5}, "LinearQuantile": {"losses": {"644_fri_c4_250_25": [0.07020270890193266, 0.07379438401462138, 0.07916446019168294, 0.07974683759767844, 0.07592098986490463]}, "coverage": {"644_fri_c4_250_25": [0.020000000000000018, 0.040000000000000036, 0.020000000000000018, 0.020000000000000018, 0.040000000000000036]}, "complexity": {"644_fri_c4_250_25": [25, 25, 25, 25, 25]}, "time_all": {"644_fri_c4_250_25": [0.6147892475128174, 0.21410155296325684, 1.2429699897766113, 1.6844074726104736, 0.8320317268371582]}, "time_fit": {"644_fri_c4_250_25": [0.054471731185913086, 0.01887822151184082, 0.08460116386413574, 0.10224032402038574, 0.05879354476928711]}, "sizes": {"644_fri_c4_250_25": []}, "tau": 0.5}}