{"SQR": {"losses": {"210_cloud": [0.021473218802993754, 0.016672848007334123, 0.018496668022151004, 0.02830208463998689, 0.034422283967248224]}, "coverage": {"210_cloud": [0.13636363636363635, 0.09090909090909088, 0.13636363636363635, 0.0714285714285714, 0.16666666666666663]}, "complexity": {"210_cloud": [4, 8, 12, 6, 8]}, "time_all": {"210_cloud": [84.48092031478882, 68.20161557197571, 71.04993319511414, 64.88318657875061, 67.72798585891724]}, "time_fit": {"210_cloud": [84.48092031478882, 68.20161557197571, 71.04993319511414, 64.88318657875061, 67.72798585891724]}, "sizes": {"210_cloud": []}, "tau": 0.5}, "LightGBM": {"losses": {"210_cloud": [0.03697308016397972, 0.023311098499720555, 0.018725515287678147, 0.03743874901900761, 0.03501564819848037]}, "coverage": {"210_cloud": [0.0, 0.09090909090909094, 0.13636363636363635, 0.11904761904761907, 0.11904761904761907]}, "time_all": {"210_cloud": [0.13050556182861328, 0.09725832939147949, 0.08174991607666016, 0.0805659294128418, 0.09897375106811523]}, "time_fit": {"210_cloud": [0.017203807830810547, 0.02058696746826172, 0.016448497772216797, 0.016609668731689453, 0.020548582077026367]}, "sizes": {"210_cloud": []}, "tau": 0.5}, "DecisionTree": {"losses": {"210_cloud": [0.023522727699442345, 0.017196970145133408, 0.021988636757614033, 0.03621031916035073, 0.04176587144297267]}, "coverage": {"210_cloud": [0.09090909090909088, 0.09090909090909088, 0.13636363636363635, 0.023809523809523836, 0.07142857142857145]}, "complexity": {"210_cloud": [35, 13, 17, 37, 33]}, "time_all": {"210_cloud": [0.03526163101196289, 0.033591270446777344, 0.03281974792480469, 0.03305244445800781, 0.035369873046875]}, "time_fit": {"210_cloud": [0.004231452941894531, 0.002561807632446289, 0.002755403518676758, 0.004065752029418945, 0.003942966461181641]}, "sizes": {"210_cloud": []}, "tau": 0.5}, "LinearQuantile": {"losses": {"210_cloud": [0.022527828272946124, 0.019754578956648085, 0.014966876391114324, 0.02708378520883793, 0.02617209997045189]}, "coverage": {"210_cloud": [0.04545454545454547, 0.13636363636363635, 0.09090909090909088, 0.0714285714285714, 0.11904761904761907]}, "complexity": {"210_cloud": [9, 9, 9, 9, 9]}, "time_all": {"210_cloud": [0.3777499198913574, 0.12650585174560547, 0.14895009994506836, 0.5289287567138672, 0.2935361862182617]}, "time_fit": {"210_cloud": [0.0329132080078125, 0.010931968688964844, 0.012630939483642578, 0.040267229080200195, 0.024514436721801758]}, "sizes": {"210_cloud": []}, "tau": 0.5}}