{"SQR": {"losses": {"599_fri_c2_1000_5": [0.03124757630064824, 0.03758659752574563, 0.02217558652164555, 0.021057204431818178, 0.01947985820296416]}, "coverage": {"599_fri_c2_1000_5": [0.09000000000000002, 0.06499999999999995, 0.025000000000000022, 0.0, 0.03500000000000003]}, "complexity": {"599_fri_c2_1000_5": [8, 7, 14, 14, 18]}, "time_all": {"599_fri_c2_1000_5": [98.1658182144165, 95.28617286682129, 103.42782306671143, 100.18997478485107, 99.22666049003601]}, "time_fit": {"599_fri_c2_1000_5": [98.1658182144165, 95.28617286682129, 103.42782306671143, 100.18997478485107, 99.22666049003601]}, "sizes": {"599_fri_c2_1000_5": []}, "tau": 0.5}, "LightGBM": {"losses": {"599_fri_c2_1000_5": [0.03075450213590032, 0.03712189085508884, 0.02966390925024378, 0.03173992047500444, 0.030590627467123807]}, "coverage": {"599_fri_c2_1000_5": [0.0, 0.010000000000000009, 0.044999999999999984, 0.03999999999999998, 0.07999999999999996]}, "time_all": {"599_fri_c2_1000_5": [0.4122304916381836, 0.34621620178222656, 0.35425829887390137, 0.380523681640625, 0.38063502311706543]}, "time_fit": {"599_fri_c2_1000_5": [0.07467460632324219, 0.07152700424194336, 0.07191300392150879, 0.0710601806640625, 0.07465434074401855]}, "sizes": {"599_fri_c2_1000_5": []}, "tau": 0.5}, "DecisionTree": {"losses": {"599_fri_c2_1000_5": [0.031193190647263037, 0.030773316686086155, 0.0374179916557188, 0.030716975842341915, 0.03431879998763315]}, "coverage": {"599_fri_c2_1000_5": [0.010000000000000009, 0.03999999999999998, 0.015000000000000013, 0.04999999999999999, 0.10999999999999999]}, "complexity": {"599_fri_c2_1000_5": [333, 317, 335, 333, 329]}, "time_all": {"599_fri_c2_1000_5": [0.15852046012878418, 0.15151214599609375, 0.15090703964233398, 0.1505892276763916, 0.15051984786987305]}, "time_fit": {"599_fri_c2_1000_5": [0.03071880340576172, 0.028391599655151367, 0.02964186668395996, 0.029327869415283203, 0.02939915657043457]}, "sizes": {"599_fri_c2_1000_5": []}, "tau": 0.5}, "LinearQuantile": {"losses": {"599_fri_c2_1000_5": [0.08082147505572229, 0.07562065406300393, 0.07720484829163148, 0.07485285036215196, 0.07725690578690061]}, "coverage": {"599_fri_c2_1000_5": [0.03999999999999998, 0.020000000000000018, 0.020000000000000018, 0.030000000000000027, 0.03999999999999998]}, "complexity": {"599_fri_c2_1000_5": [5, 5, 5, 5, 5]}, "time_all": {"599_fri_c2_1000_5": [0.10466146469116211, 0.6312758922576904, 0.14263534545898438, 0.2057628631591797, 1.0871987342834473]}, "time_fit": {"599_fri_c2_1000_5": [0.0083160400390625, 0.04693603515625, 0.012177467346191406, 0.01741504669189453, 0.07286238670349121]}, "sizes": {"599_fri_c2_1000_5": []}, "tau": 0.5}}