{"SQR": {"losses": {"695_chatfield_4": [0.026999639250413546, 0.02838696377649372, 0.025641415679836927, 0.027094824127539236, 0.030337634463616075]}, "coverage": {"695_chatfield_4": [0.1595744680851064, 0.010638297872340385, 0.2872340425531915, 0.03191489361702127, 0.07446808510638303]}, "complexity": {"695_chatfield_4": [5, 7, 10, 5, 7]}, "time_all": {"695_chatfield_4": [82.6793224811554, 76.69556927680969, 70.10293841362, 72.3438630104065, 67.91286730766296]}, "time_fit": {"695_chatfield_4": [82.6793224811554, 76.69556927680969, 70.10293841362, 72.3438630104065, 67.91286730766296]}, "sizes": {"695_chatfield_4": []}, "tau": 0.5}, "LightGBM": {"losses": {"695_chatfield_4": [0.033259763183959595, 0.030182080116128943, 0.022592013303862922, 0.027626351445282783, 0.03193712413269136]}, "coverage": {"695_chatfield_4": [0.07446808510638303, 0.010638297872340441, 0.15957446808510634, 0.07446808510638298, 0.010638297872340441]}, "time_all": {"695_chatfield_4": [0.17432546615600586, 0.12912797927856445, 0.1422414779663086, 0.15663409233093262, 0.15479111671447754]}, "time_fit": {"695_chatfield_4": [0.030840396881103516, 0.02987074851989746, 0.023624658584594727, 0.038924217224121094, 0.03675651550292969]}, "sizes": {"695_chatfield_4": []}, "tau": 0.5}, "DecisionTree": {"losses": {"695_chatfield_4": [0.029164224265838267, 0.0287953939215763, 0.025200412921359692, 0.030701755366298676, 0.03197710589905057]}, "coverage": {"695_chatfield_4": [0.07446808510638298, 0.03191489361702127, 0.0957446808510638, 0.07446808510638303, 0.03191489361702127]}, "complexity": {"695_chatfield_4": [13, 9, 13, 13, 9]}, "time_all": {"695_chatfield_4": [0.05193185806274414, 0.04919552803039551, 0.04932665824890137, 0.05196404457092285, 0.05001044273376465]}, "time_fit": {"695_chatfield_4": [0.003400087356567383, 0.002874135971069336, 0.00324249267578125, 0.0032973289489746094, 0.0028820037841796875]}, "sizes": {"695_chatfield_4": []}, "tau": 0.5}, "LinearQuantile": {"losses": {"695_chatfield_4": [0.022086827560431416, 0.027967825131099768, 0.022846514183224576, 0.024127675524645738, 0.025693807917460086]}, "coverage": {"695_chatfield_4": [0.11702127659574468, 0.03191489361702127, 0.03191489361702127, 0.03191489361702127, 0.05319148936170215]}, "complexity": {"695_chatfield_4": [12, 12, 12, 12, 12]}, "time_all": {"695_chatfield_4": [0.3297131061553955, 0.24296355247497559, 0.9452722072601318, 0.6568326950073242, 0.17827415466308594]}, "time_fit": {"695_chatfield_4": [0.028641462326049805, 0.021491289138793945, 0.06343889236450195, 0.05655407905578613, 0.01535797119140625]}, "sizes": {"695_chatfield_4": []}, "tau": 0.5}}