{"SQR": {"losses": {"192_vineyard": [0.039186999484657654, 0.03280477706553599, 0.0386463364213935, 0.03003249187989081, 0.03749608921350479]}, "coverage": {"192_vineyard": [0.17272727272727273, 0.08181818181818179, 0.30000000000000004, 0.30000000000000004, 0.09999999999999998]}, "complexity": {"192_vineyard": [7, 8, 8, 13, 7]}, "time_all": {"192_vineyard": [76.89420819282532, 61.81871771812439, 62.2644829750061, 61.62058234214783, 62.72935104370117]}, "time_fit": {"192_vineyard": [76.89420819282532, 61.81871771812439, 62.2644829750061, 61.62058234214783, 62.72935104370117]}, "sizes": {"192_vineyard": []}, "tau": 0.9}, "LightGBM": {"losses": {"192_vineyard": [0.023017408123791102, 0.023791102514506765, 0.03893617021276595, 0.023191489361702126, 0.020638297872340415]}, "coverage": {"192_vineyard": [0.09999999999999998, 0.009090909090909038, 0.20000000000000007, 0.09999999999999998, 0.09999999999999998]}, "time_all": {"192_vineyard": [0.07336854934692383, 0.03595304489135742, 0.03499937057495117, 0.03368782997131348, 0.035329580307006836]}, "time_fit": {"192_vineyard": [0.004071712493896484, 0.004519939422607422, 0.004314899444580078, 0.004224061965942383, 0.004424571990966797]}, "sizes": {"192_vineyard": []}, "tau": 0.9}, "DecisionTree": {"losses": {"192_vineyard": [0.014487427466150872, 0.023791102514506765, 0.033723404255319146, 0.011574468085106381, 0.020638297872340415]}, "coverage": {"192_vineyard": [0.09999999999999998, 0.009090909090909038, 0.09999999999999998, 0.09999999999999998, 0.09999999999999998]}, "complexity": {"192_vineyard": [5, 1, 5, 13, 1]}, "time_all": {"192_vineyard": [0.02847433090209961, 0.02844524383544922, 0.027647972106933594, 0.02738356590270996, 0.029320478439331055]}, "time_fit": {"192_vineyard": [0.0018584728240966797, 0.001547098159790039, 0.0017805099487304688, 0.0022530555725097656, 0.0015769004821777344]}, "sizes": {"192_vineyard": []}, "tau": 0.9}, "LinearQuantile": {"losses": {"192_vineyard": [0.025764008577945783, 0.02119148778792962, 0.06417693835315302, 0.02778720213606455, 0.023387256291053874]}, "coverage": {"192_vineyard": [0.09999999999999998, 0.009090909090909038, 0.30000000000000004, 0.09999999999999998, 0.0]}, "complexity": {"192_vineyard": [2, 2, 2, 2, 2]}, "time_all": {"192_vineyard": [0.1593170166015625, 0.06999540328979492, 0.06481695175170898, 0.17855048179626465, 0.2014310359954834]}, "time_fit": {"192_vineyard": [0.013518333435058594, 0.005702495574951172, 0.00526118278503418, 0.014984130859375, 0.01723313331604004]}, "sizes": {"192_vineyard": []}, "tau": 0.9}}