{"SQR": {"losses": {"579_fri_c0_250_5": [0.01459410596496712, 0.014256615447968734, 0.019192848576377482, 0.01177492819740016, 0.012227597841279842]}, "coverage": {"579_fri_c0_250_5": [0.020000000000000018, 0.06000000000000005, 0.08000000000000007, 0.040000000000000036, 0.039999999999999925]}, "complexity": {"579_fri_c0_250_5": [11, 11, 10, 9, 8]}, "time_all": {"579_fri_c0_250_5": [89.61325931549072, 78.76007509231567, 75.73875546455383, 76.13607454299927, 75.8835871219635]}, "time_fit": {"579_fri_c0_250_5": [89.61325931549072, 78.76007509231567, 75.73875546455383, 76.13607454299927, 75.8835871219635]}, "sizes": {"579_fri_c0_250_5": []}, "tau": 0.9}, "LightGBM": {"losses": {"579_fri_c0_250_5": [0.02234423137875488, 0.030217441077129207, 0.029213657884309196, 0.026840486321433675, 0.029792419116087213]}, "coverage": {"579_fri_c0_250_5": [0.040000000000000036, 0.020000000000000018, 0.040000000000000036, 0.020000000000000018, 0.0]}, "time_all": {"579_fri_c0_250_5": [0.15507102012634277, 0.1388998031616211, 0.13532114028930664, 0.13996148109436035, 0.12746620178222656]}, "time_fit": {"579_fri_c0_250_5": [0.020061016082763672, 0.03190803527832031, 0.03147459030151367, 0.03150010108947754, 0.02259540557861328]}, "sizes": {"579_fri_c0_250_5": []}, "tau": 0.9}, "DecisionTree": {"losses": {"579_fri_c0_250_5": [0.024407078559304237, 0.029283698889141917, 0.03781087985346462, 0.02802694903498265, 0.026101897618370402]}, "coverage": {"579_fri_c0_250_5": [0.09999999999999998, 0.040000000000000036, 0.09999999999999998, 0.06000000000000005, 0.040000000000000036]}, "complexity": {"579_fri_c0_250_5": [33, 33, 5, 33, 9]}, "time_all": {"579_fri_c0_250_5": [0.04880118370056152, 0.04829287528991699, 0.04617619514465332, 0.05000019073486328, 0.046776533126831055]}, "time_fit": {"579_fri_c0_250_5": [0.004563331604003906, 0.004427433013916016, 0.0020956993103027344, 0.004454851150512695, 0.002488374710083008]}, "sizes": {"579_fri_c0_250_5": []}, "tau": 0.9}, "LinearQuantile": {"losses": {"579_fri_c0_250_5": [0.05245004934261034, 0.048511285299686395, 0.05766569166282957, 0.03947524411879031, 0.042914602955644705]}, "coverage": {"579_fri_c0_250_5": [0.5, 0.44, 0.42000000000000004, 0.42000000000000004, 0.5]}, "complexity": {"579_fri_c0_250_5": [5, 5, 5, 5, 5]}, "time_all": {"579_fri_c0_250_5": [0.11196517944335938, 0.46267008781433105, 0.2613992691040039, 0.1913471221923828, 0.12221479415893555]}, "time_fit": {"579_fri_c0_250_5": [0.009058713912963867, 0.03766155242919922, 0.022606372833251953, 0.016738414764404297, 0.010473489761352539]}, "sizes": {"579_fri_c0_250_5": []}, "tau": 0.9}}