{"SQR": {"losses": {"579_fri_c0_250_5": [0.029929636916394504, 0.030887242275876563, 0.023495157662031523, 0.032325326762972006, 0.028177013914674035]}, "coverage": {"579_fri_c0_250_5": [0.03999999999999998, 0.020000000000000018, 0.0, 0.03999999999999998, 0.06]}, "complexity": {"579_fri_c0_250_5": [16, 16, 13, 9, 10]}, "time_all": {"579_fri_c0_250_5": [96.75012254714966, 81.72401475906372, 80.63775539398193, 79.77941870689392, 79.52913117408752]}, "time_fit": {"579_fri_c0_250_5": [96.75012254714966, 81.72401475906372, 80.63775539398193, 79.77941870689392, 79.52913117408752]}, "sizes": {"579_fri_c0_250_5": []}, "tau": 0.5}, "LightGBM": {"losses": {"579_fri_c0_250_5": [0.0451788274821625, 0.059069138609431554, 0.05677315224789623, 0.05730261726788275, 0.04413804272020216]}, "coverage": {"579_fri_c0_250_5": [0.09999999999999998, 0.09999999999999998, 0.0, 0.0, 0.06]}, "time_all": {"579_fri_c0_250_5": [0.18081378936767578, 0.15860629081726074, 0.13644909858703613, 0.15670990943908691, 0.1543872356414795]}, "time_fit": {"579_fri_c0_250_5": [0.031601905822753906, 0.03694748878479004, 0.03149008750915527, 0.035523414611816406, 0.03544187545776367]}, "sizes": {"579_fri_c0_250_5": []}, "tau": 0.5}, "DecisionTree": {"losses": {"579_fri_c0_250_5": [0.05048375140474054, 0.05256815418674936, 0.05923531758707999, 0.06366680707976129, 0.053734867235509076]}, "coverage": {"579_fri_c0_250_5": [0.040000000000000036, 0.0, 0.08000000000000002, 0.020000000000000018, 0.0]}, "complexity": {"579_fri_c0_250_5": [33, 33, 83, 75, 81]}, "time_all": {"579_fri_c0_250_5": [0.04807543754577637, 0.047635555267333984, 0.04987978935241699, 0.05052971839904785, 0.05164217948913574]}, "time_fit": {"579_fri_c0_250_5": [0.004530191421508789, 0.0043523311614990234, 0.00774073600769043, 0.007322788238525391, 0.007988452911376953]}, "sizes": {"579_fri_c0_250_5": []}, "tau": 0.5}, "LinearQuantile": {"losses": {"579_fri_c0_250_5": [0.05406371336636593, 0.04699897050994009, 0.060836888995028045, 0.04358434041515762, 0.03694848605872369]}, "coverage": {"579_fri_c0_250_5": [0.08000000000000002, 0.03999999999999998, 0.020000000000000018, 0.020000000000000018, 0.09999999999999998]}, "complexity": {"579_fri_c0_250_5": [5, 5, 5, 5, 5]}, "time_all": {"579_fri_c0_250_5": [0.10896182060241699, 0.19161438941955566, 0.1501026153564453, 0.15876460075378418, 0.40259838104248047]}, "time_fit": {"579_fri_c0_250_5": [0.008978605270385742, 0.016690969467163086, 0.0130615234375, 0.013830900192260742, 0.033023834228515625]}, "sizes": {"579_fri_c0_250_5": []}, "tau": 0.5}}