{"SQR": {"losses": {"561_cpu": [0.0014584333880709901, 0.004114397515943112, 0.004628495878321843, 0.001554480239896194, 0.0011516541627695522]}, "coverage": {"561_cpu": [0.01904761904761909, 0.004761904761904745, 0.04285714285714293, 0.04285714285714293, 0.02195121951219514]}, "complexity": {"561_cpu": [10, 13, 12, 14, 10]}, "time_all": {"561_cpu": [94.75611138343811, 78.53563666343689, 78.2534110546112, 77.54822659492493, 78.85382080078125]}, "time_fit": {"561_cpu": [94.75611138343811, 78.53563666343689, 78.2534110546112, 77.54822659492493, 78.85382080078125]}, "sizes": {"561_cpu": []}, "tau": 0.9}, "LightGBM": {"losses": {"561_cpu": [0.025381227799747944, 0.013612922826735895, 0.00904751932017986, 0.01109884752035595, 0.006424048036117435]}, "coverage": {"561_cpu": [0.02857142857142858, 0.052380952380952306, 0.052380952380952306, 0.07619047619047614, 0.09999999999999998]}, "time_all": {"561_cpu": [0.13718056678771973, 0.09846663475036621, 0.08787202835083008, 0.09279894828796387, 0.09809231758117676]}, "time_fit": {"561_cpu": [0.017096519470214844, 0.019611358642578125, 0.017948627471923828, 0.01775956153869629, 0.020375490188598633]}, "sizes": {"561_cpu": []}, "tau": 0.9}, "DecisionTree": {"losses": {"561_cpu": [0.015651598333528013, 0.0032692831834287266, 0.005753027294319201, 0.005788264610832068, 0.004145144885627106]}, "coverage": {"561_cpu": [0.11428571428571432, 0.04285714285714293, 0.13809523809523816, 0.11428571428571432, 0.04634146341463419]}, "complexity": {"561_cpu": [69, 69, 63, 63, 29]}, "time_all": {"561_cpu": [0.04730534553527832, 0.04664325714111328, 0.04499244689941406, 0.0455632209777832, 0.0437772274017334]}, "time_fit": {"561_cpu": [0.007200479507446289, 0.006845235824584961, 0.006486177444458008, 0.006440162658691406, 0.003912210464477539]}, "sizes": {"561_cpu": []}, "tau": 0.9}, "LinearQuantile": {"losses": {"561_cpu": [0.012009287048673102, 0.006164703124059404, 0.006183199450815106, 0.007219987350686099, 0.004822895901458507]}, "coverage": {"561_cpu": [0.01904761904761909, 0.02857142857142858, 0.004761904761904745, 0.052380952380952306, 0.02195121951219514]}, "complexity": {"561_cpu": [7, 7, 7, 7, 7]}, "time_all": {"561_cpu": [2.167393684387207, 0.2171308994293213, 0.38035154342651367, 1.0103576183319092, 1.9847893714904785]}, "time_fit": {"561_cpu": [0.12511754035949707, 0.019469738006591797, 0.03235006332397461, 0.06742310523986816, 0.12549376487731934]}, "sizes": {"561_cpu": []}, "tau": 0.9}}