{"SQR": {"losses": {"626_fri_c2_500_50": [0.00855740048261411, 0.010362848576312634, 0.011885416680225103, 0.014823812553819248, 0.015651663548187197]}, "coverage": {"626_fri_c2_500_50": [0.0, 0.040000000000000036, 0.030000000000000027, 0.039999999999999925, 0.13]}, "complexity": {"626_fri_c2_500_50": [14, 13, 13, 8, 11]}, "time_all": {"626_fri_c2_500_50": [120.02722382545471, 94.0047824382782, 90.20789861679077, 88.26661825180054, 86.90132641792297]}, "time_fit": {"626_fri_c2_500_50": [120.02722382545471, 94.0047824382782, 90.20789861679077, 88.26661825180054, 86.90132641792297]}, "sizes": {"626_fri_c2_500_50": []}, "tau": 0.9}, "LightGBM": {"losses": {"626_fri_c2_500_50": [0.02553142232191184, 0.02266162322568231, 0.023737016680498078, 0.0251399105108704, 0.025606911918908577]}, "coverage": {"626_fri_c2_500_50": [0.08000000000000007, 0.010000000000000009, 0.050000000000000044, 0.030000000000000027, 0.08000000000000007]}, "time_all": {"626_fri_c2_500_50": [0.27635645866394043, 0.22138452529907227, 0.23723101615905762, 0.21798133850097656, 0.21729731559753418]}, "time_fit": {"626_fri_c2_500_50": [0.05318164825439453, 0.049727439880371094, 0.048697471618652344, 0.04810953140258789, 0.04296588897705078]}, "sizes": {"626_fri_c2_500_50": []}, "tau": 0.9}, "DecisionTree": {"losses": {"626_fri_c2_500_50": [0.020070440579963978, 0.025302843457064586, 0.023972198071865895, 0.01995666850453193, 0.022140966902692467]}, "coverage": {"626_fri_c2_500_50": [0.040000000000000036, 0.16000000000000003, 0.16000000000000003, 0.020000000000000018, 0.06000000000000005]}, "complexity": {"626_fri_c2_500_50": [13, 71, 71, 31, 15]}, "time_all": {"626_fri_c2_500_50": [0.20289063453674316, 0.22439980506896973, 0.20619416236877441, 0.20238375663757324, 0.1969287395477295]}, "time_fit": {"626_fri_c2_500_50": [0.011679410934448242, 0.026017427444458008, 0.023270130157470703, 0.01708245277404785, 0.01224970817565918]}, "sizes": {"626_fri_c2_500_50": []}, "tau": 0.9}, "LinearQuantile": {"losses": {"626_fri_c2_500_50": [0.09454440712711477, 0.0985469254916419, 0.09219539699019892, 0.07981398505260778, 0.10424174898816414]}, "coverage": {"626_fri_c2_500_50": [0.43000000000000005, 0.45, 0.45, 0.44, 0.45]}, "complexity": {"626_fri_c2_500_50": [50, 50, 50, 50, 50]}, "time_all": {"626_fri_c2_500_50": [27.253440141677856, 18.746995449066162, 10.623018741607666, 7.555012226104736, 32.6852285861969]}, "time_fit": {"626_fri_c2_500_50": [1.8941776752471924, 1.6152522563934326, 0.9147131443023682, 0.5916905403137207, 1.9439916610717773]}, "sizes": {"626_fri_c2_500_50": []}, "tau": 0.9}}