{"SQR": {"losses": {"621_fri_c0_100_10": [0.013927776868206067, 0.008116547115459349, 0.011354540633670227, 0.02442140386100924, 0.017523398835081572]}, "coverage": {"621_fri_c0_100_10": [0.09999999999999998, 0.15000000000000002, 0.15000000000000002, 0.20000000000000007, 0.0]}, "complexity": {"621_fri_c0_100_10": [15, 16, 12, 17, 9]}, "time_all": {"621_fri_c0_100_10": [84.77148818969727, 70.9514319896698, 71.81104803085327, 71.1678524017334, 70.92603397369385]}, "time_fit": {"621_fri_c0_100_10": [84.77148818969727, 70.9514319896698, 71.81104803085327, 71.1678524017334, 70.92603397369385]}, "sizes": {"621_fri_c0_100_10": []}, "tau": 0.9}, "LightGBM": {"losses": {"621_fri_c0_100_10": [0.04340627573948826, 0.03801765885443462, 0.02705703520984296, 0.026886625967307457, 0.03227783431399491]}, "coverage": {"621_fri_c0_100_10": [0.0, 0.050000000000000044, 0.04999999999999993, 0.0, 0.0]}, "time_all": {"621_fri_c0_100_10": [0.1232762336730957, 0.08849000930786133, 0.09577178955078125, 0.07968902587890625, 0.07061457633972168]}, "time_fit": {"621_fri_c0_100_10": [0.016563892364501953, 0.021233320236206055, 0.019718170166015625, 0.016728878021240234, 0.011536836624145508]}, "sizes": {"621_fri_c0_100_10": []}, "tau": 0.9}, "DecisionTree": {"losses": {"621_fri_c0_100_10": [0.0262312771987333, 0.03058316517570892, 0.02350750159871072, 0.0223154164482982, 0.04255133266923146]}, "coverage": {"621_fri_c0_100_10": [0.09999999999999998, 0.0, 0.0, 0.050000000000000044, 0.09999999999999998]}, "complexity": {"621_fri_c0_100_10": [13, 5, 5, 13, 1]}, "time_all": {"621_fri_c0_100_10": [0.03419756889343262, 0.03372788429260254, 0.03276801109313965, 0.032743215560913086, 0.031427621841430664]}, "time_fit": {"621_fri_c0_100_10": [0.0027379989624023438, 0.0019752979278564453, 0.0019328594207763672, 0.002653837203979492, 0.001501321792602539]}, "sizes": {"621_fri_c0_100_10": []}, "tau": 0.9}, "LinearQuantile": {"losses": {"621_fri_c0_100_10": [0.042466163889008084, 0.058622879888547495, 0.046278968976854074, 0.04938983132673991, 0.0750655389376065]}, "coverage": {"621_fri_c0_100_10": [0.35, 0.55, 0.45, 0.5, 0.45]}, "complexity": {"621_fri_c0_100_10": [10, 10, 10, 10, 10]}, "time_all": {"621_fri_c0_100_10": [0.40215587615966797, 0.27663636207580566, 0.5033016204833984, 0.15044045448303223, 0.192596435546875]}, "time_fit": {"621_fri_c0_100_10": [0.03522062301635742, 0.024281024932861328, 0.03915524482727051, 0.013130664825439453, 0.016251564025878906]}, "sizes": {"621_fri_c0_100_10": []}, "tau": 0.9}}