{"SQR": {"losses": {"1191_BNG_pbc": [0.05973105825026933, 0.05975790000611833, 0.05974352709723995, 0.05961255052922131, 0.059932268541218525]}, "coverage": {"1191_BNG_pbc": [0.007780000000000009, 0.022220000000000018, 0.02568999999999999, 0.021140000000000048, 0.02456999999999998]}, "complexity": {"1191_BNG_pbc": [4, 4, 4, 4, 4]}, "time_all": {"1191_BNG_pbc": [556.1623058319092, 540.2511403560638, 542.8023445606232, 602.8325295448303, 569.2434728145599]}, "time_fit": {"1191_BNG_pbc": [556.1623058319092, 540.2511403560638, 542.8023445606232, 602.8325295448303, 569.2434728145599]}, "sizes": {"1191_BNG_pbc": []}, "tau": 0.5}, "LightGBM": {"losses": {"1191_BNG_pbc": [0.051295363101500076, 0.0512993759075309, 0.05137423115192808, 0.05115962671853611, 0.05143630533041206]}, "coverage": {"1191_BNG_pbc": [0.007495000000000029, 0.010584999999999956, 0.009184999999999999, 0.008695000000000008, 0.006680000000000019]}, "time_all": {"1191_BNG_pbc": [7.581209659576416, 7.458507299423218, 7.205704927444458, 7.198861837387085, 7.313290357589722]}, "time_fit": {"1191_BNG_pbc": [1.6005921363830566, 1.5810537338256836, 1.561777114868164, 1.5567409992218018, 1.5712769031524658]}, "sizes": {"1191_BNG_pbc": []}, "tau": 0.5}, "DecisionTree": {"losses": {"1191_BNG_pbc": [0.04935842804190243, 0.04926216497285796, 0.04941005856804429, 0.049137989737570054, 0.0493366681277287]}, "coverage": {"1191_BNG_pbc": [0.002894999999999981, 0.004654999999999965, 0.003510000000000013, 0.0008299999999999974, 0.0016800000000000148]}, "complexity": {"1191_BNG_pbc": [25433, 25521, 25589, 25515, 25509]}, "time_all": {"1191_BNG_pbc": [409.4027347564697, 413.5383999347687, 408.58203125, 413.36074900627136, 412.9482946395874]}, "time_fit": {"1191_BNG_pbc": [25.075591802597046, 25.079360961914062, 25.015947818756104, 25.16356873512268, 24.981476068496704]}, "sizes": {"1191_BNG_pbc": []}, "tau": 0.5}, "LinearQuantile": {"losses": {"1191_BNG_pbc": [0.05387268751908728, 0.053900767707015185, 0.0538751514590503, 0.05377494193499464, 0.05398488345365596]}, "coverage": {"1191_BNG_pbc": [0.0002550000000000052, 0.0014600000000000168, 0.0018899999999999473, 0.0009000000000000119, 0.002134999999999998]}, "complexity": {"1191_BNG_pbc": [29, 29, 29, 29, 29]}, "time_all": {"1191_BNG_pbc": [570.8223006725311, 1035.0068807601929, 930.7456986904144, 714.304919719696, 1818.8843410015106]}, "time_fit": {"1191_BNG_pbc": [51.95536971092224, 93.77534174919128, 84.13679242134094, 65.27680397033691, 166.29364013671875]}, "sizes": {"1191_BNG_pbc": []}, "tau": 0.5}}