{"SQR": {"losses": {"1029_LEV": [0.07625, 0.07125, 0.0775, 0.0825, 0.070625]}, "coverage": {"1029_LEV": [0.19499999999999995, 0.32499999999999996, 0.25, 0.25, 0.275]}, "complexity": {"1029_LEV": [6, 7, 3, 3, 6]}, "time_all": {"1029_LEV": [92.37690114974976, 85.71364760398865, 82.79263710975647, 83.04027128219604, 84.09391903877258]}, "time_fit": {"1029_LEV": [92.37690114974976, 85.71364760398865, 82.79263710975647, 83.04027128219604, 84.09391903877258]}, "sizes": {"1029_LEV": []}, "tau": 0.5}, "LightGBM": {"losses": {"1029_LEV": [0.0676338824688943, 0.0641968982293419, 0.06480703525507796, 0.06753785037244704, 0.06619738926178854]}, "coverage": {"1029_LEV": [0.030000000000000027, 0.04500000000000004, 0.040000000000000036, 0.09499999999999997, 0.050000000000000044]}, "time_all": {"1029_LEV": [0.39857006072998047, 0.3601562976837158, 0.38301610946655273, 0.35248827934265137, 0.390578031539917]}, "time_fit": {"1029_LEV": [0.11806726455688477, 0.12125897407531738, 0.12098360061645508, 0.12013387680053711, 0.11929583549499512]}, "sizes": {"1029_LEV": []}, "tau": 0.5}, "DecisionTree": {"losses": {"1029_LEV": [0.05875, 0.0490625, 0.04375, 0.0490625, 0.0484375]}, "coverage": {"1029_LEV": [0.235, 0.32499999999999996, 0.33999999999999997, 0.275, 0.32999999999999996]}, "complexity": {"1029_LEV": [179, 183, 175, 117, 175]}, "time_all": {"1029_LEV": [0.09579825401306152, 0.09612226486206055, 0.09618735313415527, 0.09045171737670898, 0.09475564956665039]}, "time_fit": {"1029_LEV": [0.015341997146606445, 0.015585660934448242, 0.015159845352172852, 0.010835886001586914, 0.015106439590454102]}, "sizes": {"1029_LEV": []}, "tau": 0.5}, "LinearQuantile": {"losses": {"1029_LEV": [0.06696253078753248, 0.061123995701265595, 0.05421907546019102, 0.060181029359800034, 0.05895832516546939]}, "coverage": {"1029_LEV": [0.04999999999999999, 0.0050000000000000044, 0.07499999999999996, 0.0050000000000000044, 0.020000000000000018]}, "complexity": {"1029_LEV": [20, 20, 20, 20, 20]}, "time_all": {"1029_LEV": [0.8530032634735107, 1.5752036571502686, 0.882209062576294, 0.7083370685577393, 2.0278055667877197]}, "time_fit": {"1029_LEV": [0.06986784934997559, 0.11351895332336426, 0.07562088966369629, 0.05318784713745117, 0.13020563125610352]}, "sizes": {"1029_LEV": []}, "tau": 0.5}}