{"SQR": {"losses": {"1030_ERA": [0.03695820622025, 0.04039863026599999, 0.038085917409374996, 0.037517397464249994, 0.038707870793749995]}, "coverage": {"1030_ERA": [0.030000000000000027, 0.03500000000000003, 0.04499999999999993, 0.04999999999999993, 0.020000000000000018]}, "complexity": {"1030_ERA": [5, 4, 4, 4, 4]}, "time_all": {"1030_ERA": [98.53799867630005, 95.45307302474976, 93.57953238487244, 88.59805107116699, 94.93715786933899]}, "time_fit": {"1030_ERA": [98.53799867630005, 95.45307302474976, 93.57953238487244, 88.59805107116699, 94.93715786933899]}, "sizes": {"1030_ERA": []}, "tau": 0.9}, "LightGBM": {"losses": {"1030_ERA": [0.03499471787211763, 0.03820712321772044, 0.03641697665024656, 0.03543708395519736, 0.03715637872372977]}, "coverage": {"1030_ERA": [0.04500000000000004, 0.020000000000000018, 0.030000000000000027, 0.030000000000000027, 0.030000000000000027]}, "time_all": {"1030_ERA": [0.32406044006347656, 0.2787301540374756, 0.26279783248901367, 0.3197906017303467, 0.31232714653015137]}, "time_fit": {"1030_ERA": [0.053925514221191406, 0.06183505058288574, 0.04456591606140137, 0.0573887825012207, 0.09890007972717285]}, "sizes": {"1030_ERA": []}, "tau": 0.9}, "DecisionTree": {"losses": {"1030_ERA": [0.03466874999999999, 0.0358, 0.0326375, 0.035318749999999996, 0.035875]}, "coverage": {"1030_ERA": [0.04499999999999993, 0.010000000000000009, 0.05999999999999994, 0.04999999999999993, 0.015000000000000013]}, "complexity": {"1030_ERA": [29, 55, 37, 31, 21]}, "time_all": {"1030_ERA": [0.07271528244018555, 0.07168269157409668, 0.07107186317443848, 0.07144665718078613, 0.06898856163024902]}, "time_fit": {"1030_ERA": [0.004169940948486328, 0.00597834587097168, 0.0047454833984375, 0.004214763641357422, 0.0034444332122802734]}, "sizes": {"1030_ERA": []}, "tau": 0.9}, "LinearQuantile": {"losses": {"1030_ERA": [0.03655239922551445, 0.04202362197134604, 0.036137697349650964, 0.03923087367842947, 0.0432152319460797]}, "coverage": {"1030_ERA": [0.025000000000000022, 0.08500000000000008, 0.010000000000000009, 0.020000000000000018, 0.08999999999999997]}, "complexity": {"1030_ERA": [4, 4, 4, 4, 4]}, "time_all": {"1030_ERA": [0.188431978225708, 0.3919844627380371, 0.15338778495788574, 0.35288190841674805, 0.3715522289276123]}, "time_fit": {"1030_ERA": [0.015771865844726562, 0.035070180892944336, 0.013385772705078125, 0.030234575271606445, 0.03286242485046387]}, "sizes": {"1030_ERA": []}, "tau": 0.9}}