{"SQR": {"losses": {"519_vinnie": [0.04419703135964912, 0.04336257197368421, 0.043859751929824574, 0.04915205506578947, 0.041382945307017555]}, "coverage": {"519_vinnie": [0.06578947368421051, 0.052631578947368474, 0.03947368421052633, 0.11842105263157898, 0.052631578947368474]}, "complexity": {"519_vinnie": [2, 2, 2, 2, 2]}, "time_all": {"519_vinnie": [94.14937782287598, 76.03296279907227, 79.65008997917175, 81.0577826499939, 77.36452603340149]}, "time_fit": {"519_vinnie": [94.14937782287598, 76.03296279907227, 79.65008997917175, 81.0577826499939, 77.36452603340149]}, "sizes": {"519_vinnie": []}, "tau": 0.5}, "LightGBM": {"losses": {"519_vinnie": [0.04642677162159659, 0.0415943757500726, 0.04310981453743001, 0.044533237637859484, 0.039248937868267955]}, "coverage": {"519_vinnie": [0.06578947368421051, 0.013157894736842146, 0.01315789473684209, 0.09210526315789469, 0.03947368421052633]}, "time_all": {"519_vinnie": [0.20382261276245117, 0.1904315948486328, 0.16761422157287598, 0.16208124160766602, 0.15259861946105957]}, "time_fit": {"519_vinnie": [0.037444114685058594, 0.03860211372375488, 0.04077482223510742, 0.03821229934692383, 0.02867865562438965]}, "sizes": {"519_vinnie": []}, "tau": 0.5}, "DecisionTree": {"losses": {"519_vinnie": [0.04473684210526316, 0.03925438596491228, 0.04013157894736842, 0.0456140350877193, 0.04013157894736842]}, "coverage": {"519_vinnie": [0.1842105263157895, 0.07894736842105265, 0.07894736842105265, 0.17105263157894735, 0.013157894736842146]}, "complexity": {"519_vinnie": [19, 21, 97, 19, 21]}, "time_all": {"519_vinnie": [0.047855377197265625, 0.04667329788208008, 0.051670074462890625, 0.04718780517578125, 0.049114227294921875]}, "time_fit": {"519_vinnie": [0.0030395984649658203, 0.0031156539916992188, 0.008386850357055664, 0.0029735565185546875, 0.003082275390625]}, "sizes": {"519_vinnie": []}, "tau": 0.5}, "LinearQuantile": {"losses": {"519_vinnie": [0.04143049702805974, 0.03824561548121403, 0.04157893313945409, 0.04517543163251191, 0.038508774805184595]}, "coverage": {"519_vinnie": [0.03947368421052633, 0.013157894736842146, 0.026315789473684237, 0.06578947368421051, 0.09210526315789475]}, "complexity": {"519_vinnie": [5, 5, 5, 5, 5]}, "time_all": {"519_vinnie": [0.08797264099121094, 0.0876765251159668, 0.3327629566192627, 0.184708833694458, 0.24370145797729492]}, "time_fit": {"519_vinnie": [0.0070111751556396484, 0.007318258285522461, 0.029566287994384766, 0.016083955764770508, 0.021602153778076172]}, "sizes": {"519_vinnie": []}, "tau": 0.5}}