{"SQR": {"losses": {"1027_ESL": [0.013137760076530605, 0.019770408163265304, 0.013903165306122447, 0.015463917525773193, 0.015850569974226802]}, "coverage": {"1027_ESL": [0.07959183673469383, 0.038775510204081653, 0.06938775510204076, 0.06907216494845358, 0.04845360824742262]}, "complexity": {"1027_ESL": [10, 11, 16, 9, 13]}, "time_all": {"1027_ESL": [106.47921919822693, 88.45957899093628, 86.57268571853638, 85.41122007369995, 87.29701805114746]}, "time_fit": {"1027_ESL": [106.47921919822693, 88.45957899093628, 86.57268571853638, 85.41122007369995, 87.29701805114746]}, "sizes": {"1027_ESL": []}, "tau": 0.9}, "LightGBM": {"losses": {"1027_ESL": [0.014503867970865536, 0.019377723377031905, 0.019222005162511022, 0.016973448685495537, 0.014793382939738498]}, "coverage": {"1027_ESL": [0.02857142857142858, 0.0020408163265306367, 0.01224489795918371, 0.027835051546391765, 0.04845360824742262]}, "time_all": {"1027_ESL": [0.20246076583862305, 0.14853477478027344, 0.1902027130126953, 0.19847893714904785, 0.16827154159545898]}, "time_fit": {"1027_ESL": [0.03747749328613281, 0.03143477439880371, 0.03576087951660156, 0.04230499267578125, 0.0365142822265625]}, "sizes": {"1027_ESL": []}, "tau": 0.9}, "DecisionTree": {"losses": {"1027_ESL": [0.014145408163265307, 0.016645408163265304, 0.01534438775510204, 0.012615979381443298, 0.011636597938144332]}, "coverage": {"1027_ESL": [0.0020408163265306367, 0.01836734693877551, 0.0020408163265306367, 0.03814432989690719, 0.027835051546391765]}, "complexity": {"1027_ESL": [129, 125, 127, 121, 133]}, "time_all": {"1027_ESL": [0.06721830368041992, 0.06559872627258301, 0.06598353385925293, 0.06424331665039062, 0.06582450866699219]}, "time_fit": {"1027_ESL": [0.011605024337768555, 0.010886669158935547, 0.010931730270385742, 0.010528326034545898, 0.011427879333496094]}, "sizes": {"1027_ESL": []}, "tau": 0.9}, "LinearQuantile": {"losses": {"1027_ESL": [0.009853342845903052, 0.016490976740280383, 0.01065050510490831, 0.014545762188395196, 0.012603524689026577]}, "coverage": {"1027_ESL": [0.0836734693877551, 0.0836734693877551, 0.10408163265306125, 0.05463917525773199, 0.10618556701030935]}, "complexity": {"1027_ESL": [34, 34, 34, 34, 34]}, "time_all": {"1027_ESL": [0.6643531322479248, 1.4612376689910889, 1.1235699653625488, 0.40301036834716797, 0.7914502620697021]}, "time_fit": {"1027_ESL": [0.05695986747741699, 0.09417438507080078, 0.07380366325378418, 0.036045074462890625, 0.061025142669677734]}, "sizes": {"1027_ESL": []}, "tau": 0.9}}