{"SQR": {"losses": {"215_2dplanes": [0.02765720584380464, 0.03616895587585056, 0.0330893398765511, 0.03298625435553711, 0.025294141468492654]}, "coverage": {"215_2dplanes": [0.00919793966151583, 0.015697817022320315, 0.0029433406916851146, 0.027413222126824455, 0.002391757635226255]}, "complexity": {"215_2dplanes": [15, 8, 10, 9, 13]}, "time_all": {"215_2dplanes": [591.4304366111755, 520.098774433136, 519.389358997345, 575.9951128959656, 540.9240877628326]}, "time_fit": {"215_2dplanes": [591.4304366111755, 520.098774433136, 519.389358997345, 575.9951128959656, 540.9240877628326]}, "sizes": {"215_2dplanes": []}, "tau": 0.5}, "LightGBM": {"losses": {"215_2dplanes": [0.018681479516494657, 0.018769551070377716, 0.018616362735250636, 0.01868439772809664, 0.01862273899997741]}, "coverage": {"215_2dplanes": [0.0017169487368162706, 0.004415011037527616, 0.002330144714250637, 6.132711885198372e-05, 0.005335459340120252]}, "time_all": {"215_2dplanes": [1.6013152599334717, 1.4466445446014404, 1.3970882892608643, 1.444812297821045, 1.4292857646942139]}, "time_fit": {"215_2dplanes": [0.22466325759887695, 0.22217035293579102, 0.21819353103637695, 0.2240309715270996, 0.2187049388885498]}, "sizes": {"215_2dplanes": []}, "tau": 0.5}, "DecisionTree": {"losses": {"215_2dplanes": [0.01641729830984612, 0.01652263555345847, 0.016266543325806446, 0.016222356616128874, 0.016285455854526266]}, "coverage": {"215_2dplanes": [0.0008584743684081353, 0.0012263919548687885, 0.002207505518763808, 0.004476879676192813, 0.004354225438488846]}, "complexity": {"215_2dplanes": [1053, 1067, 981, 971, 997]}, "time_all": {"215_2dplanes": [2.5262045860290527, 2.4083964824676514, 2.38785982131958, 2.534355878829956, 2.3803462982177734]}, "time_fit": {"215_2dplanes": [0.11353302001953125, 0.11392760276794434, 0.10942935943603516, 0.1088094711303711, 0.11033844947814941]}, "sizes": {"215_2dplanes": []}, "tau": 0.5}, "LinearQuantile": {"losses": {"215_2dplanes": [0.03853634616656506, 0.038687217721404606, 0.03859010031699907, 0.03833766234309, 0.03894880423515655]}, "coverage": {"215_2dplanes": [0.0, 0.002207505518763808, 0.0020848663232768683, 0.005826076290935844, 0.003863608487673198]}, "complexity": {"215_2dplanes": [29, 29, 29, 29, 29]}, "time_all": {"215_2dplanes": [60.41694521903992, 42.003904819488525, 35.164591550827026, 66.39039206504822, 27.11477756500244]}, "time_fit": {"215_2dplanes": [5.47398829460144, 3.7551305294036865, 3.1382009983062744, 5.982729911804199, 2.4133992195129395]}, "sizes": {"215_2dplanes": []}, "tau": 0.5}}