{"SQR": {"losses": {"607_fri_c4_1000_50": [0.022998868355998278, 0.010973332537401667, 0.011844410235437952, 0.010354365075490556, 0.014739256420952]}, "coverage": {"607_fri_c4_1000_50": [0.030000000000000027, 0.125, 0.015000000000000013, 0.05500000000000005, 0.04999999999999999]}, "complexity": {"607_fri_c4_1000_50": [7, 12, 12, 13, 15]}, "time_all": {"607_fri_c4_1000_50": [106.35513687133789, 113.08643579483032, 106.16815233230591, 108.37980532646179, 102.85796284675598]}, "time_fit": {"607_fri_c4_1000_50": [106.35513687133789, 113.08643579483032, 106.16815233230591, 108.37980532646179, 102.85796284675598]}, "sizes": {"607_fri_c4_1000_50": []}, "tau": 0.5}, "LightGBM": {"losses": {"607_fri_c4_1000_50": [0.020654876150749686, 0.024956245770748134, 0.022189880782234297, 0.021383294473401895, 0.026065896308964304]}, "coverage": {"607_fri_c4_1000_50": [0.06, 0.025000000000000022, 0.025000000000000022, 0.010000000000000009, 0.015000000000000013]}, "time_all": {"607_fri_c4_1000_50": [0.5069971084594727, 0.4571533203125, 0.4428856372833252, 0.5394446849822998, 0.44211673736572266]}, "time_fit": {"607_fri_c4_1000_50": [0.08487343788146973, 0.08076333999633789, 0.08043813705444336, 0.08303308486938477, 0.07944107055664062]}, "sizes": {"607_fri_c4_1000_50": []}, "tau": 0.5}, "DecisionTree": {"losses": {"607_fri_c4_1000_50": [0.026865162282091223, 0.026569647723071146, 0.025002653787764426, 0.022637165953747533, 0.024857490746521663]}, "coverage": {"607_fri_c4_1000_50": [0.010000000000000009, 0.0050000000000000044, 0.0, 0.015000000000000013, 0.044999999999999984]}, "complexity": {"607_fri_c4_1000_50": [325, 141, 137, 139, 319]}, "time_all": {"607_fri_c4_1000_50": [0.5300416946411133, 0.46934032440185547, 0.4718437194824219, 0.4753730297088623, 0.4806241989135742]}, "time_fit": {"607_fri_c4_1000_50": [0.07764911651611328, 0.05328822135925293, 0.04895186424255371, 0.054750919342041016, 0.06602644920349121]}, "sizes": {"607_fri_c4_1000_50": []}, "tau": 0.5}, "LinearQuantile": {"losses": {"607_fri_c4_1000_50": [0.04990024425852886, 0.05573398920596728, 0.055131853406804966, 0.05106509893691359, 0.05692772781670376]}, "coverage": {"607_fri_c4_1000_50": [0.06, 0.010000000000000009, 0.030000000000000027, 0.010000000000000009, 0.030000000000000027]}, "complexity": {"607_fri_c4_1000_50": [50, 50, 50, 50, 50]}, "time_all": {"607_fri_c4_1000_50": [10.290371656417847, 15.686691761016846, 10.365513324737549, 7.291171550750732, 46.48610067367554]}, "time_fit": {"607_fri_c4_1000_50": [0.9194986820220947, 1.4021360874176025, 0.8589334487915039, 0.4943373203277588, 4.314679384231567]}, "sizes": {"607_fri_c4_1000_50": []}, "tau": 0.5}}