{"SQR": {"losses": {"645_fri_c3_500_50": [0.018215875259050895, 0.020872763401210345, 0.019968901172045257, 0.01739532625323448, 0.01823735073478832]}, "coverage": {"645_fri_c3_500_50": [0.06999999999999995, 0.12, 0.020000000000000018, 0.10999999999999999, 0.050000000000000044]}, "complexity": {"645_fri_c3_500_50": [10, 8, 13, 11, 9]}, "time_all": {"645_fri_c3_500_50": [104.30843091011047, 87.08395504951477, 91.34884715080261, 91.05490756034851, 89.84928464889526]}, "time_fit": {"645_fri_c3_500_50": [104.30843091011047, 87.08395504951477, 91.34884715080261, 91.05490756034851, 89.84928464889526]}, "sizes": {"645_fri_c3_500_50": []}, "tau": 0.5}, "LightGBM": {"losses": {"645_fri_c3_500_50": [0.027350746766111555, 0.02640443609311337, 0.027904990063044578, 0.02904128375166631, 0.030959537056562784]}, "coverage": {"645_fri_c3_500_50": [0.09999999999999998, 0.09999999999999998, 0.010000000000000009, 0.030000000000000027, 0.09999999999999998]}, "time_all": {"645_fri_c3_500_50": [0.3270223140716553, 0.3186604976654053, 0.3035099506378174, 0.3145334720611572, 0.2971835136413574]}, "time_fit": {"645_fri_c3_500_50": [0.06116986274719238, 0.06125998497009277, 0.06266498565673828, 0.06096529960632324, 0.05621480941772461]}, "sizes": {"645_fri_c3_500_50": []}, "tau": 0.5}, "DecisionTree": {"losses": {"645_fri_c3_500_50": [0.02957234794149048, 0.029048091134284387, 0.02953547770498538, 0.031049758922184246, 0.028874528747276154]}, "coverage": {"645_fri_c3_500_50": [0.03999999999999998, 0.020000000000000018, 0.030000000000000027, 0.050000000000000044, 0.030000000000000027]}, "complexity": {"645_fri_c3_500_50": [161, 67, 67, 71, 65]}, "time_all": {"645_fri_c3_500_50": [0.23694133758544922, 0.217437744140625, 0.2174673080444336, 0.22258400917053223, 0.21991539001464844]}, "time_fit": {"645_fri_c3_500_50": [0.036519765853881836, 0.025285959243774414, 0.02601766586303711, 0.026765108108520508, 0.024471521377563477]}, "sizes": {"645_fri_c3_500_50": []}, "tau": 0.5}, "LinearQuantile": {"losses": {"645_fri_c3_500_50": [0.05234947831181682, 0.05915315151470593, 0.057644854437710315, 0.05046690425993793, 0.059520153562311884]}, "coverage": {"645_fri_c3_500_50": [0.08000000000000002, 0.06, 0.09999999999999998, 0.030000000000000027, 0.050000000000000044]}, "complexity": {"645_fri_c3_500_50": [50, 50, 50, 50, 50]}, "time_all": {"645_fri_c3_500_50": [9.235585927963257, 16.60671329498291, 8.71291470527649, 15.582667350769043, 7.505378007888794]}, "time_fit": {"645_fri_c3_500_50": [0.7968928813934326, 1.4661269187927246, 0.7701675891876221, 1.415524959564209, 0.6354081630706787]}, "sizes": {"645_fri_c3_500_50": []}, "tau": 0.5}}