{"SQR": {"losses": {"622_fri_c2_1000_50": [0.015794511028264208, 0.012832612574279655, 0.009858136665230112, 0.00745894788883267, 0.009239856007943179]}, "coverage": {"622_fri_c2_1000_50": [0.025000000000000022, 0.020000000000000018, 0.020000000000000018, 0.06500000000000006, 0.0050000000000000044]}, "complexity": {"622_fri_c2_1000_50": [7, 11, 12, 16, 15]}, "time_all": {"622_fri_c2_1000_50": [117.09739422798157, 98.46609449386597, 126.52516484260559, 130.9875774383545, 123.05622744560242]}, "time_fit": {"622_fri_c2_1000_50": [117.09739422798157, 98.46609449386597, 126.52516484260559, 130.9875774383545, 123.05622744560242]}, "sizes": {"622_fri_c2_1000_50": []}, "tau": 0.9}, "LightGBM": {"losses": {"622_fri_c2_1000_50": [0.021890316038279307, 0.01928028628523423, 0.021503022772049102, 0.021315036489603794, 0.022521850350264435]}, "coverage": {"622_fri_c2_1000_50": [0.040000000000000036, 0.020000000000000018, 0.010000000000000009, 0.05500000000000005, 0.040000000000000036]}, "time_all": {"622_fri_c2_1000_50": [0.4162588119506836, 0.35707616806030273, 0.36571455001831055, 0.3700592517852783, 0.3920869827270508]}, "time_fit": {"622_fri_c2_1000_50": [0.07623577117919922, 0.0721120834350586, 0.07066988945007324, 0.07137107849121094, 0.0850372314453125]}, "sizes": {"622_fri_c2_1000_50": []}, "tau": 0.9}, "DecisionTree": {"losses": {"622_fri_c2_1000_50": [0.020284667045979147, 0.01712413591017572, 0.019280978753338764, 0.018564334653654067, 0.017601603036654038]}, "coverage": {"622_fri_c2_1000_50": [0.0050000000000000044, 0.020000000000000018, 0.05500000000000005, 0.06000000000000005, 0.010000000000000009]}, "complexity": {"622_fri_c2_1000_50": [29, 33, 61, 63, 31]}, "time_all": {"622_fri_c2_1000_50": [0.47754645347595215, 0.4616122245788574, 0.4819793701171875, 0.48421168327331543, 0.4685378074645996]}, "time_fit": {"622_fri_c2_1000_50": [0.032880544662475586, 0.030076265335083008, 0.04298973083496094, 0.04331326484680176, 0.031935691833496094]}, "sizes": {"622_fri_c2_1000_50": []}, "tau": 0.9}, "LinearQuantile": {"losses": {"622_fri_c2_1000_50": [0.08588562036778191, 0.08743963925069542, 0.08306110261265053, 0.08276984543995754, 0.08421909897840403]}, "coverage": {"622_fri_c2_1000_50": [0.42000000000000004, 0.455, 0.45, 0.41000000000000003, 0.43000000000000005]}, "complexity": {"622_fri_c2_1000_50": [50, 50, 50, 50, 50]}, "time_all": {"622_fri_c2_1000_50": [25.669203281402588, 12.777848482131958, 185.07483434677124, 8.57117509841919, 14.158973455429077]}, "time_fit": {"622_fri_c2_1000_50": [2.209458112716675, 1.1372475624084473, 0.9550464153289795, 0.7124967575073242, 1.1689579486846924]}, "sizes": {"622_fri_c2_1000_50": []}, "tau": 0.9}}