{"SQR": {"losses": {"649_fri_c0_500_5": [0.022273704924473104, 0.024968781587862945, 0.025649549781134436, 0.017041526935132736, 0.02160730559366495]}, "coverage": {"649_fri_c0_500_5": [0.03999999999999998, 0.050000000000000044, 0.03999999999999998, 0.050000000000000044, 0.050000000000000044]}, "complexity": {"649_fri_c0_500_5": [13, 14, 12, 18, 12]}, "time_all": {"649_fri_c0_500_5": [106.96893548965454, 91.49237322807312, 90.64010620117188, 89.40871453285217, 91.39241409301758]}, "time_fit": {"649_fri_c0_500_5": [106.96893548965454, 91.49237322807312, 90.64010620117188, 89.40871453285217, 91.39241409301758]}, "sizes": {"649_fri_c0_500_5": []}, "tau": 0.5}, "LightGBM": {"losses": {"649_fri_c0_500_5": [0.03924644707856422, 0.037709877079715744, 0.03245771166620408, 0.03040655656863204, 0.03352205376399304]}, "coverage": {"649_fri_c0_500_5": [0.16999999999999998, 0.010000000000000009, 0.08999999999999997, 0.06000000000000005, 0.0]}, "time_all": {"649_fri_c0_500_5": [0.32747387886047363, 0.25080370903015137, 0.25630903244018555, 0.22424602508544922, 0.2393205165863037]}, "time_fit": {"649_fri_c0_500_5": [0.07646632194519043, 0.051511287689208984, 0.05189394950866699, 0.05212807655334473, 0.04719233512878418]}, "sizes": {"649_fri_c0_500_5": []}, "tau": 0.5}, "DecisionTree": {"losses": {"649_fri_c0_500_5": [0.04009959138049299, 0.044021950469661494, 0.035819976938040794, 0.033273437467426704, 0.03777717973693649]}, "coverage": {"649_fri_c0_500_5": [0.09000000000000002, 0.010000000000000009, 0.010000000000000009, 0.020000000000000018, 0.030000000000000027]}, "complexity": {"649_fri_c0_500_5": [65, 165, 155, 161, 163]}, "time_all": {"649_fri_c0_500_5": [0.07694077491760254, 0.08418965339660645, 0.08215212821960449, 0.08233380317687988, 0.08208370208740234]}, "time_fit": {"649_fri_c0_500_5": [0.00775456428527832, 0.015295028686523438, 0.014449119567871094, 0.014849185943603516, 0.015053987503051758]}, "sizes": {"649_fri_c0_500_5": []}, "tau": 0.5}, "LinearQuantile": {"losses": {"649_fri_c0_500_5": [0.03312501712084588, 0.03775773503361795, 0.03627197787051786, 0.029960613335176384, 0.03183668754254139]}, "coverage": {"649_fri_c0_500_5": [0.08000000000000002, 0.07, 0.030000000000000027, 0.020000000000000018, 0.030000000000000027]}, "complexity": {"649_fri_c0_500_5": [5, 5, 5, 5, 5]}, "time_all": {"649_fri_c0_500_5": [0.15695905685424805, 0.2266855239868164, 0.12189269065856934, 0.641653299331665, 0.4146134853363037]}, "time_fit": {"649_fri_c0_500_5": [0.01323556900024414, 0.01935863494873047, 0.010539770126342773, 0.05050253868103027, 0.03535175323486328]}, "sizes": {"649_fri_c0_500_5": []}, "tau": 0.5}}