{"SQR": {"losses": {"623_fri_c4_1000_10": [0.005157908369206135, 0.0052660435567046, 0.007814044832347997, 0.005408385136818249, 0.00695495409790871]}, "coverage": {"623_fri_c4_1000_10": [0.020000000000000018, 0.0050000000000000044, 0.025000000000000022, 0.025000000000000022, 0.0050000000000000044]}, "complexity": {"623_fri_c4_1000_10": [15, 18, 11, 14, 10]}, "time_all": {"623_fri_c4_1000_10": [111.0673840045929, 106.94858622550964, 96.66623139381409, 113.12100338935852, 102.36530613899231]}, "time_fit": {"623_fri_c4_1000_10": [111.0673840045929, 106.94858622550964, 96.66623139381409, 113.12100338935852, 102.36530613899231]}, "sizes": {"623_fri_c4_1000_10": []}, "tau": 0.9}, "LightGBM": {"losses": {"623_fri_c4_1000_10": [0.0145911314993148, 0.01408117824292286, 0.01455552582902735, 0.01482308940301667, 0.014353737538326028]}, "coverage": {"623_fri_c4_1000_10": [0.040000000000000036, 0.0050000000000000044, 0.025000000000000022, 0.030000000000000027, 0.010000000000000009]}, "time_all": {"623_fri_c4_1000_10": [0.32052063941955566, 0.3073148727416992, 0.294175386428833, 0.3213472366333008, 0.30805516242980957]}, "time_fit": {"623_fri_c4_1000_10": [0.05356407165527344, 0.05218338966369629, 0.0537106990814209, 0.050865888595581055, 0.052388906478881836]}, "sizes": {"623_fri_c4_1000_10": []}, "tau": 0.9}, "DecisionTree": {"losses": {"623_fri_c4_1000_10": [0.013894025658374418, 0.011500189815349173, 0.013416617092512755, 0.013965462752901909, 0.013013192548943661]}, "coverage": {"623_fri_c4_1000_10": [0.08999999999999997, 0.030000000000000027, 0.05500000000000005, 0.015000000000000013, 0.03500000000000003]}, "complexity": {"623_fri_c4_1000_10": [59, 61, 61, 45, 61]}, "time_all": {"623_fri_c4_1000_10": [0.17316341400146484, 0.17399835586547852, 0.1721973419189453, 0.17130470275878906, 0.16883134841918945]}, "time_fit": {"623_fri_c4_1000_10": [0.013018608093261719, 0.013435602188110352, 0.013285636901855469, 0.011641263961791992, 0.013114690780639648]}, "sizes": {"623_fri_c4_1000_10": []}, "tau": 0.9}, "LinearQuantile": {"losses": {"623_fri_c4_1000_10": [0.05178333702951856, 0.05094905587898791, 0.0536847711090662, 0.054554928646664315, 0.057891433843739105]}, "coverage": {"623_fri_c4_1000_10": [0.405, 0.43000000000000005, 0.39, 0.39, 0.47500000000000003]}, "complexity": {"623_fri_c4_1000_10": [10, 10, 10, 10, 10]}, "time_all": {"623_fri_c4_1000_10": [0.18262863159179688, 0.18806838989257812, 1.858510971069336, 0.4620025157928467, 0.2714366912841797]}, "time_fit": {"623_fri_c4_1000_10": [0.015583515167236328, 0.0162508487701416, 0.12825322151184082, 0.04165196418762207, 0.024170875549316406]}, "sizes": {"623_fri_c4_1000_10": []}, "tau": 0.9}}