{"SQR": {"losses": {"574_house_16H": [0.02560326132456574, 0.02541498195550863, 0.024370062017715834, 0.026057684358632836, 0.023293378073053636]}, "coverage": {"574_house_16H": [0.0040596883914856274, 0.0071318850120692945, 0.0040596883914856274, 0.0023041474654378336, 0.015144863915715567]}, "complexity": {"574_house_16H": [3, 4, 4, 3, 5]}, "time_all": {"574_house_16H": [574.3988363742828, 598.3866941928864, 595.865476846695, 574.0827288627625, 550.9546582698822]}, "time_fit": {"574_house_16H": [574.3988363742828, 598.3866941928864, 595.865476846695, 574.0827288627625, 550.9546582698822]}, "sizes": {"574_house_16H": []}, "tau": 0.5}, "LightGBM": {"losses": {"574_house_16H": [0.017951471564064517, 0.017873163950421, 0.0176639521503855, 0.018084998057979747, 0.01822701467302864]}, "coverage": {"574_house_16H": [0.030173359666447186, 0.03543998244459079, 0.04290103138029411, 0.015470704410796565, 0.03336259877085157]}, "time_all": {"574_house_16H": [1.85319185256958, 1.7554585933685303, 1.7192678451538086, 1.694300889968872, 1.7006664276123047]}, "time_fit": {"574_house_16H": [0.4763987064361572, 0.44177865982055664, 0.4201822280883789, 0.41863465309143066, 0.423602819442749]}, "sizes": {"574_house_16H": []}, "tau": 0.5}, "DecisionTree": {"losses": {"574_house_16H": [0.01781269775182635, 0.017997369754657024, 0.01745056395777048, 0.01797342290766373, 0.017715954142279597]}, "coverage": {"574_house_16H": [0.03938994952819841, 0.03456221198156684, 0.030173359666447186, 0.01086240947992101, 0.03643546971027212]}, "complexity": {"574_house_16H": [631, 1391, 909, 757, 921]}, "time_all": {"574_house_16H": [4.198376893997192, 4.22557806968689, 4.155473232269287, 4.098657846450806, 4.168482542037964]}, "time_fit": {"574_house_16H": [0.29337191581726074, 0.3625528812408447, 0.3225677013397217, 0.30437397956848145, 0.32182836532592773]}, "sizes": {"574_house_16H": []}, "tau": 0.5}, "LinearQuantile": {"losses": {"574_house_16H": [0.02295008055135617, 0.02273800485300558, 0.022806688918685234, 0.023412526226586725, 0.02318057014424836]}, "coverage": {"574_house_16H": [0.0003291639236340238, 0.0038402457757296116, 0.0009874917709019049, 0.008667983322361184, 0.0032923617208077127]}, "complexity": {"574_house_16H": [16, 16, 16, 16, 16]}, "time_all": {"574_house_16H": [101.06184887886047, 105.23937392234802, 98.91413640975952, 99.66299319267273, 96.14116382598877]}, "time_fit": {"574_house_16H": [12.79320216178894, 14.11008906364441, 11.079498052597046, 9.879052877426147, 4.7619030475616455]}, "sizes": {"574_house_16H": []}, "tau": 0.5}}