{"SQR": {"losses": {"601_fri_c1_250_5": [0.0185666120203821, 0.015514686591829375, 0.0054037319977911155, 0.007406037147770811, 0.018982112016812668]}, "coverage": {"601_fri_c1_250_5": [0.039999999999999925, 0.020000000000000018, 0.020000000000000018, 0.08000000000000007, 0.08000000000000007]}, "complexity": {"601_fri_c1_250_5": [8, 12, 17, 13, 10]}, "time_all": {"601_fri_c1_250_5": [90.11752033233643, 78.59478402137756, 76.68890476226807, 76.79072856903076, 77.85646486282349]}, "time_fit": {"601_fri_c1_250_5": [90.11752033233643, 78.59478402137756, 76.68890476226807, 76.79072856903076, 77.85646486282349]}, "sizes": {"601_fri_c1_250_5": []}, "tau": 0.9}, "LightGBM": {"losses": {"601_fri_c1_250_5": [0.031646606260695834, 0.0259295459200643, 0.02177072913904126, 0.025461727221831584, 0.026275765223026302]}, "coverage": {"601_fri_c1_250_5": [0.06000000000000005, 0.039999999999999925, 0.039999999999999925, 0.020000000000000018, 0.06000000000000005]}, "time_all": {"601_fri_c1_250_5": [0.1592257022857666, 0.12882518768310547, 0.1194148063659668, 0.12791204452514648, 0.11899590492248535]}, "time_fit": {"601_fri_c1_250_5": [0.020026206970214844, 0.029816389083862305, 0.021189451217651367, 0.029330730438232422, 0.027698755264282227]}, "sizes": {"601_fri_c1_250_5": []}, "tau": 0.9}, "DecisionTree": {"losses": {"601_fri_c1_250_5": [0.03248492300115433, 0.02461040942856811, 0.020079357487037486, 0.019671425488553752, 0.016771834650592513]}, "coverage": {"601_fri_c1_250_5": [0.09999999999999998, 0.0, 0.0, 0.06000000000000005, 0.040000000000000036]}, "complexity": {"601_fri_c1_250_5": [7, 9, 15, 15, 37]}, "time_all": {"601_fri_c1_250_5": [0.047193050384521484, 0.045642852783203125, 0.04629945755004883, 0.04626655578613281, 0.048696279525756836]}, "time_fit": {"601_fri_c1_250_5": [0.002294301986694336, 0.0024957656860351562, 0.003050565719604492, 0.0030579566955566406, 0.0047795772552490234]}, "sizes": {"601_fri_c1_250_5": []}, "tau": 0.9}, "LinearQuantile": {"losses": {"601_fri_c1_250_5": [0.09365181502577716, 0.0680385620004487, 0.08242399942173093, 0.06551448000158118, 0.07682229925189936]}, "coverage": {"601_fri_c1_250_5": [0.46, 0.4, 0.5, 0.4, 0.44]}, "complexity": {"601_fri_c1_250_5": [5, 5, 5, 5, 5]}, "time_all": {"601_fri_c1_250_5": [0.11770868301391602, 0.23645377159118652, 0.34783148765563965, 0.13254261016845703, 0.296905517578125]}, "time_fit": {"601_fri_c1_250_5": [0.009756326675415039, 0.020696640014648438, 0.029964923858642578, 0.011492729187011719, 0.025554895401000977]}, "sizes": {"601_fri_c1_250_5": []}, "tau": 0.9}}