{"SQR": {"losses": {"641_fri_c1_500_10": [0.020948859314931224, 0.014527370543753564, 0.013756806205954793, 0.011247588781524893, 0.01637411622255725]}, "coverage": {"641_fri_c1_500_10": [0.17000000000000004, 0.09999999999999998, 0.09999999999999998, 0.13, 0.09000000000000002]}, "complexity": {"641_fri_c1_500_10": [13, 17, 13, 12, 13]}, "time_all": {"641_fri_c1_500_10": [106.444744348526, 86.83026623725891, 85.9725329875946, 90.97712874412537, 90.60676574707031]}, "time_fit": {"641_fri_c1_500_10": [106.444744348526, 86.83026623725891, 85.9725329875946, 90.97712874412537, 90.60676574707031]}, "sizes": {"641_fri_c1_500_10": []}, "tau": 0.5}, "LightGBM": {"losses": {"641_fri_c1_500_10": [0.04030540967156823, 0.03897962245294464, 0.033717110422043214, 0.03456951978339651, 0.03864471827067473]}, "coverage": {"641_fri_c1_500_10": [0.010000000000000009, 0.020000000000000018, 0.010000000000000009, 0.03999999999999998, 0.050000000000000044]}, "time_all": {"641_fri_c1_500_10": [0.2809309959411621, 0.26058268547058105, 0.27135467529296875, 0.23669052124023438, 0.2345108985900879]}, "time_fit": {"641_fri_c1_500_10": [0.05507993698120117, 0.0532686710357666, 0.05929231643676758, 0.05285358428955078, 0.052323341369628906]}, "sizes": {"641_fri_c1_500_10": []}, "tau": 0.5}, "DecisionTree": {"losses": {"641_fri_c1_500_10": [0.03698753370687788, 0.03701553339910106, 0.03821789824819201, 0.037990878978929804, 0.03829105163097954]}, "coverage": {"641_fri_c1_500_10": [0.08000000000000002, 0.030000000000000027, 0.0, 0.0, 0.04999999999999999]}, "complexity": {"641_fri_c1_500_10": [161, 159, 159, 163, 167]}, "time_all": {"641_fri_c1_500_10": [0.09744071960449219, 0.09575033187866211, 0.09454345703125, 0.09639644622802734, 0.09780097007751465]}, "time_fit": {"641_fri_c1_500_10": [0.017166852951049805, 0.016718387603759766, 0.016556262969970703, 0.016888141632080078, 0.017324209213256836]}, "sizes": {"641_fri_c1_500_10": []}, "tau": 0.5}, "LinearQuantile": {"losses": {"641_fri_c1_500_10": [0.08849462741418902, 0.0819937564469279, 0.06517034432973454, 0.07148473572935335, 0.07455561704235836]}, "coverage": {"641_fri_c1_500_10": [0.09000000000000002, 0.03999999999999998, 0.07, 0.09999999999999998, 0.0]}, "complexity": {"641_fri_c1_500_10": [10, 10, 10, 10, 10]}, "time_all": {"641_fri_c1_500_10": [0.7133219242095947, 0.22862887382507324, 0.3359029293060303, 0.4653186798095703, 1.3561711311340332]}, "time_fit": {"641_fri_c1_500_10": [0.06385016441345215, 0.02023935317993164, 0.028519868850708008, 0.0416109561920166, 0.08922982215881348]}, "sizes": {"641_fri_c1_500_10": []}, "tau": 0.5}}