{"SQR": {"losses": {"581_fri_c3_500_25": [0.01907283546422618, 0.012607052759754806, 0.014867298214741316, 0.012281697035462568, 0.01948894648874904]}, "coverage": {"581_fri_c3_500_25": [0.030000000000000027, 0.09999999999999998, 0.06000000000000005, 0.08999999999999997, 0.030000000000000027]}, "complexity": {"581_fri_c3_500_25": [11, 13, 16, 20, 15]}, "time_all": {"581_fri_c3_500_25": [103.29367113113403, 90.88193583488464, 95.57157635688782, 85.8501513004303, 93.9264235496521]}, "time_fit": {"581_fri_c3_500_25": [103.29367113113403, 90.88193583488464, 95.57157635688782, 85.8501513004303, 93.9264235496521]}, "sizes": {"581_fri_c3_500_25": []}, "tau": 0.5}, "LightGBM": {"losses": {"581_fri_c3_500_25": [0.032625560817522346, 0.03309110907517728, 0.027218114746801532, 0.03273197852395963, 0.029581283701561392]}, "coverage": {"581_fri_c3_500_25": [0.010000000000000009, 0.030000000000000027, 0.020000000000000018, 0.010000000000000009, 0.010000000000000009]}, "time_all": {"581_fri_c3_500_25": [0.3108077049255371, 0.27259206771850586, 0.25428342819213867, 0.2496340274810791, 0.27973437309265137]}, "time_fit": {"581_fri_c3_500_25": [0.060735225677490234, 0.05255126953125, 0.054276227951049805, 0.05348944664001465, 0.05818462371826172]}, "sizes": {"581_fri_c3_500_25": []}, "tau": 0.5}, "DecisionTree": {"losses": {"581_fri_c3_500_25": [0.036490511485909934, 0.037116632115760766, 0.034133303861120984, 0.037209060591364834, 0.0318644259193253]}, "coverage": {"581_fri_c3_500_25": [0.010000000000000009, 0.0, 0.03999999999999998, 0.06000000000000005, 0.020000000000000018]}, "complexity": {"581_fri_c3_500_25": [65, 69, 67, 161, 161]}, "time_all": {"581_fri_c3_500_25": [0.13902640342712402, 0.13763427734375, 0.13465166091918945, 0.1419811248779297, 0.14383149147033691]}, "time_fit": {"581_fri_c3_500_25": [0.015189647674560547, 0.015325546264648438, 0.015037298202514648, 0.02322530746459961, 0.02339649200439453]}, "sizes": {"581_fri_c3_500_25": []}, "tau": 0.5}, "LinearQuantile": {"losses": {"581_fri_c3_500_25": [0.07339109702283099, 0.06508506811580922, 0.05812108024950041, 0.06480125440406587, 0.06126628804521055]}, "coverage": {"581_fri_c3_500_25": [0.04999999999999999, 0.09000000000000002, 0.04999999999999999, 0.04999999999999999, 0.020000000000000018]}, "complexity": {"581_fri_c3_500_25": [25, 25, 25, 25, 25]}, "time_all": {"581_fri_c3_500_25": [1.1982839107513428, 1.5580108165740967, 1.4231312274932861, 0.9479951858520508, 0.7567434310913086]}, "time_fit": {"581_fri_c3_500_25": [0.09554743766784668, 0.11266517639160156, 0.09887218475341797, 0.0847628116607666, 0.06754493713378906]}, "sizes": {"581_fri_c3_500_25": []}, "tau": 0.5}}