{"SQR": {"losses": {"595_fri_c0_1000_10": [0.02749513215383412, 0.024894448347462583, 0.028002674479978486, 0.027294188893539236, 0.016767141452062987]}, "coverage": {"595_fri_c0_1000_10": [0.025000000000000022, 0.020000000000000018, 0.07499999999999996, 0.030000000000000027, 0.03999999999999998]}, "complexity": {"595_fri_c0_1000_10": [11, 13, 11, 13, 18]}, "time_all": {"595_fri_c0_1000_10": [112.27229857444763, 97.02698159217834, 96.53199625015259, 95.49646806716919, 94.68340516090393]}, "time_fit": {"595_fri_c0_1000_10": [112.27229857444763, 97.02698159217834, 96.53199625015259, 95.49646806716919, 94.68340516090393]}, "sizes": {"595_fri_c0_1000_10": []}, "tau": 0.5}, "LightGBM": {"losses": {"595_fri_c0_1000_10": [0.03344893105309172, 0.03259873909630168, 0.033654807565606355, 0.0360638798525137, 0.03631136545732584]}, "coverage": {"595_fri_c0_1000_10": [0.044999999999999984, 0.025000000000000022, 0.025000000000000022, 0.06000000000000005, 0.0]}, "time_all": {"595_fri_c0_1000_10": [0.4465808868408203, 0.3985402584075928, 0.4261894226074219, 0.41222405433654785, 0.39420366287231445]}, "time_fit": {"595_fri_c0_1000_10": [0.0778505802154541, 0.07601594924926758, 0.07522821426391602, 0.07424426078796387, 0.07490849494934082]}, "sizes": {"595_fri_c0_1000_10": []}, "tau": 0.5}, "DecisionTree": {"losses": {"595_fri_c0_1000_10": [0.03768333681726102, 0.04048762595495749, 0.040064614051770794, 0.04181091176712303, 0.04228948830300274]}, "coverage": {"595_fri_c0_1000_10": [0.025000000000000022, 0.030000000000000027, 0.0050000000000000044, 0.015000000000000013, 0.030000000000000027]}, "complexity": {"595_fri_c0_1000_10": [37, 139, 59, 135, 135]}, "time_all": {"595_fri_c0_1000_10": [0.16832971572875977, 0.17500710487365723, 0.16710114479064941, 0.1761775016784668, 0.1781024932861328]}, "time_fit": {"595_fri_c0_1000_10": [0.010321617126464844, 0.019685983657836914, 0.012616395950317383, 0.01947164535522461, 0.0197141170501709]}, "sizes": {"595_fri_c0_1000_10": []}, "tau": 0.5}, "LinearQuantile": {"losses": {"595_fri_c0_1000_10": [0.03436873598708859, 0.03687904373529114, 0.03939720892974144, 0.03871627739544081, 0.03991576161468567]}, "coverage": {"595_fri_c0_1000_10": [0.08000000000000002, 0.020000000000000018, 0.030000000000000027, 0.06999999999999995, 0.030000000000000027]}, "complexity": {"595_fri_c0_1000_10": [10, 10, 10, 10, 10]}, "time_all": {"595_fri_c0_1000_10": [0.6631221771240234, 0.382190465927124, 0.24964427947998047, 0.19850468635559082, 0.5031189918518066]}, "time_fit": {"595_fri_c0_1000_10": [0.059021949768066406, 0.031069040298461914, 0.022094011306762695, 0.01706862449645996, 0.03918194770812988]}, "sizes": {"595_fri_c0_1000_10": []}, "tau": 0.5}}