{"SQR": {"losses": {"628_fri_c3_1000_5": [0.009947758739280128, 0.00829656372298527, 0.006891966956605561, 0.010570696609789073, 0.009848513533026187]}, "coverage": {"628_fri_c3_1000_5": [0.010000000000000009, 0.03500000000000003, 0.025000000000000022, 0.039999999999999925, 0.040000000000000036]}, "complexity": {"628_fri_c3_1000_5": [11, 10, 13, 12, 11]}, "time_all": {"628_fri_c3_1000_5": [111.14435768127441, 107.33234596252441, 104.43989753723145, 110.85236716270447, 99.15300822257996]}, "time_fit": {"628_fri_c3_1000_5": [111.14435768127441, 107.33234596252441, 104.43989753723145, 110.85236716270447, 99.15300822257996]}, "sizes": {"628_fri_c3_1000_5": []}, "tau": 0.9}, "LightGBM": {"losses": {"628_fri_c3_1000_5": [0.016221765959308163, 0.01624445418432011, 0.013879705602832283, 0.01577472021112549, 0.018932533207278234]}, "coverage": {"628_fri_c3_1000_5": [0.010000000000000009, 0.0050000000000000044, 0.0050000000000000044, 0.025000000000000022, 0.020000000000000018]}, "time_all": {"628_fri_c3_1000_5": [0.3164408206939697, 0.253936767578125, 0.2966794967651367, 0.2676382064819336, 0.2785975933074951]}, "time_fit": {"628_fri_c3_1000_5": [0.04774165153503418, 0.04671931266784668, 0.052500247955322266, 0.05010652542114258, 0.04872250556945801]}, "sizes": {"628_fri_c3_1000_5": []}, "tau": 0.9}, "DecisionTree": {"losses": {"628_fri_c3_1000_5": [0.015069212220912887, 0.013830652311446633, 0.01330112800304609, 0.012274127420920445, 0.014715080542605407]}, "coverage": {"628_fri_c3_1000_5": [0.18500000000000005, 0.04500000000000004, 0.030000000000000027, 0.11499999999999999, 0.050000000000000044]}, "complexity": {"628_fri_c3_1000_5": [323, 43, 63, 141, 65]}, "time_all": {"628_fri_c3_1000_5": [0.15740346908569336, 0.12855195999145508, 0.13252830505371094, 0.1383810043334961, 0.1323685646057129]}, "time_fit": {"628_fri_c3_1000_5": [0.030010700225830078, 0.0077745914459228516, 0.009651899337768555, 0.01579570770263672, 0.00984334945678711]}, "sizes": {"628_fri_c3_1000_5": []}, "tau": 0.9}, "LinearQuantile": {"losses": {"628_fri_c3_1000_5": [0.06403144160418443, 0.05943297549940575, 0.0586426887194441, 0.06210237525965078, 0.06370630483336842]}, "coverage": {"628_fri_c3_1000_5": [0.43000000000000005, 0.445, 0.44, 0.445, 0.38]}, "complexity": {"628_fri_c3_1000_5": [5, 5, 5, 5, 5]}, "time_all": {"628_fri_c3_1000_5": [0.9584426879882812, 0.179304838180542, 0.19155120849609375, 0.2172226905822754, 0.2663750648498535]}, "time_fit": {"628_fri_c3_1000_5": [0.08476018905639648, 0.015825510025024414, 0.016792774200439453, 0.01923394203186035, 0.02312183380126953]}, "sizes": {"628_fri_c3_1000_5": []}, "tau": 0.9}}