{"SQR": {"losses": {"titanic": [0.11071428571428571, 0.09047619047619047, 0.10714285714285714, 0.11785714285714285, 0.10739856801909307]}, "coverage": {"titanic": [0.3666666666666667, 0.3761904761904762, 0.3119047619047619, 0.3380952380952381, 0.30429594272076377]}, "complexity": {"titanic": [2, 2, 5, 2, 5]}, "time_all": {"titanic": [108.40068507194519, 97.64933180809021, 93.58815479278564, 96.00736784934998, 97.36546516418457]}, "time_fit": {"titanic": [108.40068507194519, 97.64933180809021, 93.58815479278564, 96.00736784934998, 97.36546516418457]}, "sizes": {"titanic": []}, "tau": 0.5}, "LightGBM": {"losses": {"titanic": [0.11326154109645405, 0.0926321709834491, 0.10761470233095896, 0.1217836125050281, 0.1035193040302299]}, "coverage": {"titanic": [0.2047619047619048, 0.1880952380952381, 0.16666666666666663, 0.14047619047619042, 0.17780429594272074]}, "time_all": {"titanic": [0.6363604068756104, 0.7837462425231934, 0.6217365264892578, 0.6267237663269043, 0.6878163814544678]}, "time_fit": {"titanic": [0.08876180648803711, 0.10885882377624512, 0.08538413047790527, 0.08496332168579102, 0.09154343605041504]}, "sizes": {"titanic": []}, "tau": 0.5}, "DecisionTree": {"losses": {"titanic": [0.0988095238095238, 0.075, 0.0988095238095238, 0.10714285714285714, 0.09844868735083533]}, "coverage": {"titanic": [0.3571428571428571, 0.38095238095238093, 0.3571428571428571, 0.3142857142857143, 0.34248210023866343]}, "complexity": {"titanic": [227, 77, 245, 53, 113]}, "time_all": {"titanic": [0.18916082382202148, 0.1870250701904297, 0.1750011444091797, 0.1765296459197998, 0.19134759902954102]}, "time_fit": {"titanic": [0.022307634353637695, 0.011339664459228516, 0.02053046226501465, 0.009168386459350586, 0.013737916946411133]}, "sizes": {"titanic": []}, "tau": 0.5}, "LinearQuantile": {"losses": {"titanic": [0.11428576931251407, 0.09047626261188836, 0.10476257626103508, 0.12066425815223329, 0.10918763280375308]}, "coverage": {"titanic": [0.16428571428571426, 0.16666666666666663, 0.1523809523809524, 0.12857142857142856, 0.13245823389021483]}, "complexity": {"titanic": [31, 31, 31, 31, 31]}, "time_all": {"titanic": [0.6678318977355957, 0.797236442565918, 0.9917564392089844, 0.6889874935150146, 0.6898460388183594]}, "time_fit": {"titanic": [0.055596113204956055, 0.0593259334564209, 0.08016490936279297, 0.04874444007873535, 0.055075645446777344]}, "sizes": {"titanic": []}, "tau": 0.5}}