{"SQR": {"losses": {"1030_ERA": [0.08564143687499999, 0.089432180715, 0.07533715550625, 0.0778125, 0.0905920825625]}, "coverage": {"1030_ERA": [0.08000000000000002, 0.07, 0.020000000000000018, 0.16000000000000003, 0.07500000000000001]}, "complexity": {"1030_ERA": [3, 5, 4, 4, 3]}, "time_all": {"1030_ERA": [103.4616310596466, 95.61173868179321, 92.97305417060852, 93.82046270370483, 97.35491752624512]}, "time_fit": {"1030_ERA": [103.4616310596466, 95.61173868179321, 92.97305417060852, 93.82046270370483, 97.35491752624512]}, "sizes": {"1030_ERA": []}, "tau": 0.5}, "LightGBM": {"losses": {"1030_ERA": [0.0792896886147594, 0.08034664655475748, 0.07408945658655344, 0.07360295272193612, 0.08117653553922477]}, "coverage": {"1030_ERA": [0.025000000000000022, 0.08500000000000002, 0.06499999999999995, 0.08999999999999997, 0.030000000000000027]}, "time_all": {"1030_ERA": [0.35796546936035156, 0.3046684265136719, 0.3293168544769287, 0.32459235191345215, 0.33202290534973145]}, "time_fit": {"1030_ERA": [0.06167244911193848, 0.061505794525146484, 0.06357479095458984, 0.06351923942565918, 0.06071352958679199]}, "sizes": {"1030_ERA": []}, "tau": 0.5}, "DecisionTree": {"losses": {"1030_ERA": [0.0784375, 0.07875, 0.07, 0.071875, 0.08]}, "coverage": {"1030_ERA": [0.08499999999999996, 0.040000000000000036, 0.16000000000000003, 0.17500000000000004, 0.07499999999999996]}, "complexity": {"1030_ERA": [87, 35, 37, 31, 21]}, "time_all": {"1030_ERA": [0.07489562034606934, 0.06840014457702637, 0.06932449340820312, 0.06888461112976074, 0.06716418266296387]}, "time_fit": {"1030_ERA": [0.008211612701416016, 0.004431962966918945, 0.004612445831298828, 0.004475593566894531, 0.0033829212188720703]}, "sizes": {"1030_ERA": []}, "tau": 0.5}, "LinearQuantile": {"losses": {"1030_ERA": [0.07997263004272458, 0.08332785892321164, 0.07516463590025216, 0.07643542564389516, 0.0819854917726505]}, "coverage": {"1030_ERA": [0.0050000000000000044, 0.07500000000000001, 0.050000000000000044, 0.10499999999999998, 0.025000000000000022]}, "complexity": {"1030_ERA": [4, 4, 4, 4, 4]}, "time_all": {"1030_ERA": [0.17328429222106934, 0.16395235061645508, 0.05961203575134277, 0.12414216995239258, 0.302994966506958]}, "time_fit": {"1030_ERA": [0.014777183532714844, 0.014285087585449219, 0.004836082458496094, 0.010662555694580078, 0.02671217918395996]}, "sizes": {"1030_ERA": []}, "tau": 0.5}}