{"SQR": {"losses": {"658_fri_c3_250_25": [0.022083618921916567, 0.012798237203951702, 0.012847441828339674, 0.016712870978616363, 0.015467344601188935]}, "coverage": {"658_fri_c3_250_25": [0.020000000000000018, 0.06, 0.14, 0.06, 0.06000000000000005]}, "complexity": {"658_fri_c3_250_25": [10, 14, 13, 12, 14]}, "time_all": {"658_fri_c3_250_25": [86.01815581321716, 75.16307640075684, 73.81165504455566, 76.71870470046997, 74.82999968528748]}, "time_fit": {"658_fri_c3_250_25": [86.01815581321716, 75.16307640075684, 73.81165504455566, 76.71870470046997, 74.82999968528748]}, "sizes": {"658_fri_c3_250_25": []}, "tau": 0.5}, "LightGBM": {"losses": {"658_fri_c3_250_25": [0.02744811009844863, 0.03692719331042073, 0.03626191665936295, 0.04190263842448221, 0.033682944515269216]}, "coverage": {"658_fri_c3_250_25": [0.040000000000000036, 0.040000000000000036, 0.020000000000000018, 0.020000000000000018, 0.06]}, "time_all": {"658_fri_c3_250_25": [0.19163012504577637, 0.14839458465576172, 0.14465689659118652, 0.16476035118103027, 0.14580774307250977]}, "time_fit": {"658_fri_c3_250_25": [0.036011457443237305, 0.03625035285949707, 0.03500962257385254, 0.035442352294921875, 0.03619217872619629]}, "sizes": {"658_fri_c3_250_25": []}, "tau": 0.5}, "DecisionTree": {"losses": {"658_fri_c3_250_25": [0.038213529602782736, 0.04250053330118786, 0.038182518271127425, 0.04400049484827207, 0.03538633690493245]}, "coverage": {"658_fri_c3_250_25": [0.07999999999999996, 0.020000000000000018, 0.0, 0.020000000000000018, 0.09999999999999998]}, "complexity": {"658_fri_c3_250_25": [33, 9, 9, 85, 83]}, "time_all": {"658_fri_c3_250_25": [0.06750106811523438, 0.06412959098815918, 0.06328701972961426, 0.07107400894165039, 0.07206988334655762]}, "time_fit": {"658_fri_c3_250_25": [0.006730794906616211, 0.003775358200073242, 0.0037446022033691406, 0.01127481460571289, 0.011280536651611328]}, "sizes": {"658_fri_c3_250_25": []}, "tau": 0.5}, "LinearQuantile": {"losses": {"658_fri_c3_250_25": [0.06150758989845308, 0.058887864177865616, 0.058612075186582215, 0.06413868494834157, 0.06343044685856165]}, "coverage": {"658_fri_c3_250_25": [0.020000000000000018, 0.020000000000000018, 0.03999999999999998, 0.14, 0.0]}, "complexity": {"658_fri_c3_250_25": [25, 25, 25, 25, 25]}, "time_all": {"658_fri_c3_250_25": [1.5076625347137451, 1.117443323135376, 3.4312925338745117, 0.3818056583404541, 1.6811251640319824]}, "time_fit": {"658_fri_c3_250_25": [0.11583852767944336, 0.07265233993530273, 0.27907729148864746, 0.03362917900085449, 0.12313437461853027]}, "sizes": {"658_fri_c3_250_25": []}, "tau": 0.5}}