{"SQR": {"losses": {"581_fri_c3_500_25": [0.011823876067358635, 0.008914521838570198, 0.0071836142047535705, 0.014422513427556587, 0.008565479912240291]}, "coverage": {"581_fri_c3_500_25": [0.020000000000000018, 0.030000000000000027, 0.040000000000000036, 0.010000000000000009, 0.030000000000000027]}, "complexity": {"581_fri_c3_500_25": [9, 11, 12, 6, 12]}, "time_all": {"581_fri_c3_500_25": [107.2781150341034, 94.79546809196472, 96.81738424301147, 82.52135562896729, 92.11299180984497]}, "time_fit": {"581_fri_c3_500_25": [107.2781150341034, 94.79546809196472, 96.81738424301147, 82.52135562896729, 92.11299180984497]}, "sizes": {"581_fri_c3_500_25": []}, "tau": 0.9}, "LightGBM": {"losses": {"581_fri_c3_500_25": [0.021079626239548496, 0.02218639160929171, 0.016628968085244698, 0.01843827981451382, 0.020015172909007364]}, "coverage": {"581_fri_c3_500_25": [0.06000000000000005, 0.050000000000000044, 0.0, 0.030000000000000027, 0.0]}, "time_all": {"581_fri_c3_500_25": [0.2397150993347168, 0.2002098560333252, 0.19903159141540527, 0.19149184226989746, 0.21306610107421875]}, "time_fit": {"581_fri_c3_500_25": [0.04696822166442871, 0.04456973075866699, 0.04529881477355957, 0.04358530044555664, 0.04842662811279297]}, "sizes": {"581_fri_c3_500_25": []}, "tau": 0.9}, "DecisionTree": {"losses": {"581_fri_c3_500_25": [0.020219340019663662, 0.01832554410715176, 0.017357513792978018, 0.020802590814454427, 0.016707498898470986]}, "coverage": {"581_fri_c3_500_25": [0.16000000000000003, 0.10999999999999999, 0.020000000000000018, 0.12, 0.15000000000000002]}, "complexity": {"581_fri_c3_500_25": [65, 69, 17, 65, 69]}, "time_all": {"581_fri_c3_500_25": [0.140899658203125, 0.1383817195892334, 0.12806963920593262, 0.13414573669433594, 0.13806438446044922]}, "time_fit": {"581_fri_c3_500_25": [0.015215396881103516, 0.015474557876586914, 0.007785797119140625, 0.014450550079345703, 0.015287637710571289]}, "sizes": {"581_fri_c3_500_25": []}, "tau": 0.9}, "LinearQuantile": {"losses": {"581_fri_c3_500_25": [0.07501051665189667, 0.0750500884837195, 0.06791697841048804, 0.06948361181703587, 0.06016071996199198]}, "coverage": {"581_fri_c3_500_25": [0.46, 0.52, 0.49000000000000005, 0.45, 0.39]}, "complexity": {"581_fri_c3_500_25": [25, 25, 25, 25, 25]}, "time_all": {"581_fri_c3_500_25": [1.9439513683319092, 0.7472724914550781, 1.062765121459961, 2.576519250869751, 1.3317456245422363]}, "time_fit": {"581_fri_c3_500_25": [0.11337661743164062, 0.05578184127807617, 0.07098793983459473, 0.15820574760437012, 0.0977334976196289]}, "sizes": {"581_fri_c3_500_25": []}, "tau": 0.9}}