{"SQR": {"losses": {"1595_poker": [0.01626628521943184, 0.015128867392957792, 0.01625702798568868, 0.016087804351386188, 0.015008761828955672]}, "coverage": {"1595_poker": [0.023667086174769092, 0.05332240661066723, 0.022647583926010517, 0.0036545984917220053, 0.052717534463078364]}, "complexity": {"1595_poker": [7, 11, 8, 7, 11]}, "time_all": {"1595_poker": [486.44304752349854, 494.3552544116974, 496.58345556259155, 500.79955673217773, 495.10184812545776]}, "time_fit": {"1595_poker": [486.44304752349854, 494.3552544116974, 496.58345556259155, 500.79955673217773, 495.10184812545776]}, "sizes": {"1595_poker": []}, "tau": 0.9}, "LightGBM": {"losses": {"1595_poker": [0.016822107068819588, 0.015417527658965952, 0.015428551367396688, 0.015844526668246747, 0.015350591659764982]}, "coverage": {"1595_poker": [0.024049521468083257, 0.032405537506951076, 0.029059228690451744, 0.026669008107237935, 0.031522619291519116]}, "time_all": {"1595_poker": [7.671006917953491, 5.505673885345459, 5.623238563537598, 6.17191481590271, 5.679019212722778]}, "time_fit": {"1595_poker": [1.687380313873291, 1.1995060443878174, 1.1994166374206543, 1.4852521419525146, 1.2585546970367432]}, "sizes": {"1595_poker": []}, "tau": 0.9}, "DecisionTree": {"losses": {"1595_poker": [0.013454324022855057, 0.013336921374208815, 0.013524003559856864, 0.01341429189308722, 0.013208890102969186]}, "coverage": {"1595_poker": [0.06197110272094908, 0.05964429615320821, 0.05702480951405353, 0.06168817865191556, 0.06170281265548627]}, "complexity": {"1595_poker": [25033, 33245, 38659, 27341, 27181]}, "time_all": {"1595_poker": [213.7234401702881, 213.96028661727905, 215.69860363006592, 213.3791856765747, 212.36556100845337]}, "time_fit": {"1595_poker": [9.49212121963501, 11.211179256439209, 12.47409176826477, 9.970370769500732, 9.949813604354858]}, "sizes": {"1595_poker": []}, "tau": 0.9}, "LinearQuantile": {"losses": {"1595_poker": [0.01744221901895303, 0.017296041957782927, 0.01748102619346622, 0.017430403273398443, 0.017279728036992816]}, "coverage": {"1595_poker": [0.02256173110506232, 0.022342221051501965, 0.02155198485868426, 0.02103003873132947, 0.022805631164574014]}, "complexity": {"1595_poker": [25, 25, 25, 25, 25]}, "time_all": {"1595_poker": [33.794533252716064, 35.044225215911865, 34.802380084991455, 34.07771277427673, 34.25849485397339]}, "time_fit": {"1595_poker": [3.0679354667663574, 3.4538838863372803, 3.120478391647339, 3.083925485610962, 3.09867525100708]}, "sizes": {"1595_poker": []}, "tau": 0.9}}