{"SQR": {"losses": {"647_fri_c1_250_10": [0.013053253876994006, 0.012567690820898515, 0.012333658873077266, 0.013091798006720353, 0.005603858903608683]}, "coverage": {"647_fri_c1_250_10": [0.040000000000000036, 0.020000000000000018, 0.08000000000000007, 0.020000000000000018, 0.12]}, "complexity": {"647_fri_c1_250_10": [9, 13, 12, 10, 16]}, "time_all": {"647_fri_c1_250_10": [92.3909170627594, 76.93335103988647, 77.92805075645447, 71.64767217636108, 74.11855435371399]}, "time_fit": {"647_fri_c1_250_10": [92.3909170627594, 76.93335103988647, 77.92805075645447, 71.64767217636108, 74.11855435371399]}, "sizes": {"647_fri_c1_250_10": []}, "tau": 0.9}, "LightGBM": {"losses": {"647_fri_c1_250_10": [0.02072942294994987, 0.026306457690751364, 0.025989814340636127, 0.0236988636315383, 0.021617066191628127]}, "coverage": {"647_fri_c1_250_10": [0.040000000000000036, 0.0, 0.0, 0.020000000000000018, 0.020000000000000018]}, "time_all": {"647_fri_c1_250_10": [0.17374038696289062, 0.14648056030273438, 0.13707280158996582, 0.1187591552734375, 0.1169283390045166]}, "time_fit": {"647_fri_c1_250_10": [0.02863621711730957, 0.0338287353515625, 0.024980783462524414, 0.020138025283813477, 0.019580841064453125]}, "sizes": {"647_fri_c1_250_10": []}, "tau": 0.9}, "DecisionTree": {"losses": {"647_fri_c1_250_10": [0.020365509992661925, 0.0293192218421535, 0.018309296643319217, 0.020505363469650904, 0.01602411833910767]}, "coverage": {"647_fri_c1_250_10": [0.040000000000000036, 0.06000000000000005, 0.0, 0.18000000000000005, 0.040000000000000036]}, "complexity": {"647_fri_c1_250_10": [17, 33, 9, 35, 13]}, "time_all": {"647_fri_c1_250_10": [0.053076744079589844, 0.052190542221069336, 0.05118060111999512, 0.05232977867126465, 0.049239397048950195]}, "time_fit": {"647_fri_c1_250_10": [0.003713369369506836, 0.004966020584106445, 0.002804279327392578, 0.00518035888671875, 0.0032465457916259766]}, "sizes": {"647_fri_c1_250_10": []}, "tau": 0.9}, "LinearQuantile": {"losses": {"647_fri_c1_250_10": [0.08432417186453994, 0.07425864509237427, 0.08648666158170393, 0.07225589144114662, 0.08581258213789265]}, "coverage": {"647_fri_c1_250_10": [0.52, 0.44, 0.38, 0.46, 0.42000000000000004]}, "complexity": {"647_fri_c1_250_10": [10, 10, 10, 10, 10]}, "time_all": {"647_fri_c1_250_10": [1.8626823425292969, 0.11524224281311035, 0.1410081386566162, 2.3077125549316406, 0.24649357795715332]}, "time_fit": {"647_fri_c1_250_10": [0.1216275691986084, 0.010114908218383789, 0.012201786041259766, 0.18453764915466309, 0.022266864776611328]}, "sizes": {"647_fri_c1_250_10": []}, "tau": 0.9}}