{"SQR": {"losses": {"598_fri_c0_1000_25": [0.010361239270875003, 0.009120941603665977, 0.007348567379979907, 0.008940452345876494, 0.013332695349141013]}, "coverage": {"598_fri_c0_1000_25": [0.020000000000000018, 0.03500000000000003, 0.010000000000000009, 0.0050000000000000044, 0.040000000000000036]}, "complexity": {"598_fri_c0_1000_25": [10, 13, 14, 13, 8]}, "time_all": {"598_fri_c0_1000_25": [103.33278822898865, 94.29641461372375, 90.21926188468933, 92.71384787559509, 92.70774555206299]}, "time_fit": {"598_fri_c0_1000_25": [103.33278822898865, 94.29641461372375, 90.21926188468933, 92.71384787559509, 92.70774555206299]}, "sizes": {"598_fri_c0_1000_25": []}, "tau": 0.9}, "LightGBM": {"losses": {"598_fri_c0_1000_25": [0.02103840019841297, 0.02279883886029122, 0.022640621356838957, 0.022253458528527583, 0.023422787729221822]}, "coverage": {"598_fri_c0_1000_25": [0.030000000000000027, 0.0050000000000000044, 0.010000000000000009, 0.0050000000000000044, 0.010000000000000009]}, "time_all": {"598_fri_c0_1000_25": [0.3652331829071045, 0.31542420387268066, 0.32313084602355957, 0.31063079833984375, 0.32653307914733887]}, "time_fit": {"598_fri_c0_1000_25": [0.06871318817138672, 0.06791162490844727, 0.06922578811645508, 0.06750249862670898, 0.06159353256225586]}, "sizes": {"598_fri_c0_1000_25": []}, "tau": 0.9}, "DecisionTree": {"losses": {"598_fri_c0_1000_25": [0.021896339037798907, 0.020214798163058333, 0.021331504076779223, 0.023352186728876546, 0.02289708044945666]}, "coverage": {"598_fri_c0_1000_25": [0.040000000000000036, 0.050000000000000044, 0.08000000000000007, 0.0, 0.040000000000000036]}, "complexity": {"598_fri_c0_1000_25": [59, 63, 59, 25, 23]}, "time_all": {"598_fri_c0_1000_25": [0.27524805068969727, 0.28258419036865234, 0.27837395668029785, 0.2676663398742676, 0.2650601863861084]}, "time_fit": {"598_fri_c0_1000_25": [0.02240300178527832, 0.023626327514648438, 0.0232541561126709, 0.0166628360748291, 0.015804052352905273]}, "sizes": {"598_fri_c0_1000_25": []}, "tau": 0.9}, "LinearQuantile": {"losses": {"598_fri_c0_1000_25": [0.050789033381226804, 0.04658150369312842, 0.04386784067438862, 0.041027187937581366, 0.048188358355967464]}, "coverage": {"598_fri_c0_1000_25": [0.495, 0.385, 0.43000000000000005, 0.435, 0.4]}, "complexity": {"598_fri_c0_1000_25": [25, 25, 25, 25, 25]}, "time_all": {"598_fri_c0_1000_25": [0.8606283664703369, 0.9972231388092041, 1.8864426612854004, 0.7474665641784668, 0.9881236553192139]}, "time_fit": {"598_fri_c0_1000_25": [0.07294917106628418, 0.0897524356842041, 0.13236546516418457, 0.05532670021057129, 0.07995867729187012]}, "sizes": {"598_fri_c0_1000_25": []}, "tau": 0.9}}