{"SQR": {"losses": {"666_rmftsa_ladata": [0.03238382588533504, 0.025954866469917272, 0.029487526271871, 0.026992159326395853, 0.03370061814082968]}, "coverage": {"666_rmftsa_ladata": [0.02941176470588236, 0.009803921568627416, 0.05882352941176472, 0.024752475247524774, 0.024752475247524774]}, "complexity": {"666_rmftsa_ladata": [2, 2, 2, 2, 2]}, "time_all": {"666_rmftsa_ladata": [106.75442838668823, 96.44002652168274, 79.96382069587708, 83.44792246818542, 86.70015025138855]}, "time_fit": {"666_rmftsa_ladata": [106.75442838668823, 96.44002652168274, 79.96382069587708, 83.44792246818542, 86.70015025138855]}, "sizes": {"666_rmftsa_ladata": []}, "tau": 0.5}, "LightGBM": {"losses": {"666_rmftsa_ladata": [0.028981020625721266, 0.023208641109206393, 0.027169038862541166, 0.02273410899699704, 0.02735997115605099]}, "coverage": {"666_rmftsa_ladata": [0.04901960784313725, 0.05882352941176472, 0.05882352941176472, 0.07425742574257421, 0.014851485148514865]}, "time_all": {"666_rmftsa_ladata": [0.26248645782470703, 0.27081823348999023, 0.2160654067993164, 0.2323307991027832, 0.248671293258667]}, "time_fit": {"666_rmftsa_ladata": [0.045069217681884766, 0.07561707496643066, 0.0479123592376709, 0.045664310455322266, 0.04846668243408203]}, "sizes": {"666_rmftsa_ladata": []}, "tau": 0.5}, "DecisionTree": {"losses": {"666_rmftsa_ladata": [0.02778990151280223, 0.025494671941255202, 0.027865445289643766, 0.02507836382212645, 0.026367790345819136]}, "coverage": {"666_rmftsa_ladata": [0.039215686274509776, 0.06862745098039214, 0.039215686274509776, 0.044554455445544594, 0.08415841584158418]}, "complexity": {"666_rmftsa_ladata": [69, 19, 13, 15, 29]}, "time_all": {"666_rmftsa_ladata": [0.09767365455627441, 0.0876626968383789, 0.08878111839294434, 0.08928442001342773, 0.08908557891845703]}, "time_fit": {"666_rmftsa_ladata": [0.010341644287109375, 0.005340099334716797, 0.004563093185424805, 0.005017280578613281, 0.006318330764770508]}, "sizes": {"666_rmftsa_ladata": []}, "tau": 0.5}, "LinearQuantile": {"losses": {"666_rmftsa_ladata": [0.030026020938051682, 0.024661433152169274, 0.02517077568565041, 0.02236821460717911, 0.026876922842458545]}, "coverage": {"666_rmftsa_ladata": [0.019607843137254888, 0.009803921568627416, 0.0490196078431373, 0.054455445544554504, 0.08415841584158418]}, "complexity": {"666_rmftsa_ladata": [10, 10, 10, 10, 10]}, "time_all": {"666_rmftsa_ladata": [1.164137601852417, 0.1693575382232666, 1.7824108600616455, 0.17606592178344727, 0.34107279777526855]}, "time_fit": {"666_rmftsa_ladata": [0.099517822265625, 0.014924049377441406, 0.12740612030029297, 0.01575922966003418, 0.027992963790893555]}, "sizes": {"666_rmftsa_ladata": []}, "tau": 0.5}}