{"SQR": {"losses": {"650_fri_c0_500_50": [0.02973436204155715, 0.0246894265475981, 0.02402757108461746, 0.02707650785548347, 0.02137907962378028]}, "coverage": {"650_fri_c0_500_50": [0.10999999999999999, 0.10999999999999999, 0.04999999999999999, 0.030000000000000027, 0.08000000000000002]}, "complexity": {"650_fri_c0_500_50": [11, 11, 11, 12, 14]}, "time_all": {"650_fri_c0_500_50": [110.29433512687683, 87.87428879737854, 90.30868482589722, 90.3325777053833, 87.98769640922546]}, "time_fit": {"650_fri_c0_500_50": [110.29433512687683, 87.87428879737854, 90.30868482589722, 90.3325777053833, 87.98769640922546]}, "sizes": {"650_fri_c0_500_50": []}, "tau": 0.5}, "LightGBM": {"losses": {"650_fri_c0_500_50": [0.038539329775385156, 0.04295884743311214, 0.03673484664345991, 0.03809346489137618, 0.043122615664263945]}, "coverage": {"650_fri_c0_500_50": [0.010000000000000009, 0.010000000000000009, 0.010000000000000009, 0.06, 0.0]}, "time_all": {"650_fri_c0_500_50": [0.32122063636779785, 0.30973267555236816, 0.2730386257171631, 0.3026309013366699, 0.26945924758911133]}, "time_fit": {"650_fri_c0_500_50": [0.06321907043457031, 0.06149935722351074, 0.06297707557678223, 0.06092357635498047, 0.06049180030822754]}, "sizes": {"650_fri_c0_500_50": []}, "tau": 0.5}, "DecisionTree": {"losses": {"650_fri_c0_500_50": [0.0419774663626548, 0.05474614451781135, 0.04281914143426107, 0.04592754455736115, 0.049108443884547305]}, "coverage": {"650_fri_c0_500_50": [0.040000000000000036, 0.06, 0.04999999999999999, 0.010000000000000009, 0.030000000000000027]}, "complexity": {"650_fri_c0_500_50": [33, 69, 29, 73, 29]}, "time_all": {"650_fri_c0_500_50": [0.19736504554748535, 0.20475983619689941, 0.20068359375, 0.20984172821044922, 0.20497560501098633]}, "time_fit": {"650_fri_c0_500_50": [0.016543149948120117, 0.02274608612060547, 0.016396045684814453, 0.02361011505126953, 0.01699542999267578]}, "sizes": {"650_fri_c0_500_50": []}, "tau": 0.5}, "LinearQuantile": {"losses": {"650_fri_c0_500_50": [0.03979690044269813, 0.035237057070990487, 0.04006891822596315, 0.04000875804399821, 0.04401574533876139]}, "coverage": {"650_fri_c0_500_50": [0.10999999999999999, 0.09000000000000002, 0.010000000000000009, 0.0, 0.020000000000000018]}, "complexity": {"650_fri_c0_500_50": [50, 50, 50, 50, 50]}, "time_all": {"650_fri_c0_500_50": [2.9993536472320557, 13.726102590560913, 15.576749324798584, 6.046341419219971, 49.88270449638367]}, "time_fit": {"650_fri_c0_500_50": [0.2349240779876709, 1.163377285003662, 1.4005126953125, 0.510096549987793, 5.6699745655059814]}, "sizes": {"650_fri_c0_500_50": []}, "tau": 0.5}}