{"SQR": {"losses": {"633_fri_c0_500_25": [0.022243862837703767, 0.017055973696547145, 0.02266173665926906, 0.01649016032042366, 0.033586326018227475]}, "coverage": {"633_fri_c0_500_25": [0.09999999999999998, 0.07, 0.030000000000000027, 0.08999999999999997, 0.0]}, "complexity": {"633_fri_c0_500_25": [11, 14, 16, 15, 16]}, "time_all": {"633_fri_c0_500_25": [106.52895784378052, 91.25935935974121, 91.395920753479, 89.70706915855408, 94.94782519340515]}, "time_fit": {"633_fri_c0_500_25": [106.52895784378052, 91.25935935974121, 91.395920753479, 89.70706915855408, 94.94782519340515]}, "sizes": {"633_fri_c0_500_25": []}, "tau": 0.5}, "LightGBM": {"losses": {"633_fri_c0_500_25": [0.034824011832698724, 0.03725391273770364, 0.035828331496818695, 0.04645232965950214, 0.03846109889753063]}, "coverage": {"633_fri_c0_500_25": [0.020000000000000018, 0.03999999999999998, 0.030000000000000027, 0.010000000000000009, 0.020000000000000018]}, "time_all": {"633_fri_c0_500_25": [0.2843961715698242, 0.23421120643615723, 0.2649192810058594, 0.2626497745513916, 0.23910284042358398]}, "time_fit": {"633_fri_c0_500_25": [0.05453944206237793, 0.05180859565734863, 0.05180668830871582, 0.05222630500793457, 0.05317425727844238]}, "sizes": {"633_fri_c0_500_25": []}, "tau": 0.5}, "DecisionTree": {"losses": {"633_fri_c0_500_25": [0.04336370556425474, 0.04723521851181336, 0.043776516197462825, 0.04578843365229446, 0.04576560456701469]}, "coverage": {"633_fri_c0_500_25": [0.04999999999999999, 0.06, 0.0, 0.010000000000000009, 0.03999999999999998]}, "complexity": {"633_fri_c0_500_25": [61, 15, 31, 31, 71]}, "time_all": {"633_fri_c0_500_25": [0.13304543495178223, 0.1258094310760498, 0.12852263450622559, 0.12581586837768555, 0.1343080997467041]}, "time_fit": {"633_fri_c0_500_25": [0.013946771621704102, 0.0073320865631103516, 0.010505914688110352, 0.010144710540771484, 0.014717817306518555]}, "sizes": {"633_fri_c0_500_25": []}, "tau": 0.5}, "LinearQuantile": {"losses": {"633_fri_c0_500_25": [0.04104545823354473, 0.039132041056999904, 0.039837496807886855, 0.043813723189521786, 0.044108598292996674]}, "coverage": {"633_fri_c0_500_25": [0.03999999999999998, 0.16999999999999998, 0.040000000000000036, 0.020000000000000018, 0.010000000000000009]}, "complexity": {"633_fri_c0_500_25": [25, 25, 25, 25, 25]}, "time_all": {"633_fri_c0_500_25": [1.9860353469848633, 0.40619874000549316, 5.015007019042969, 2.0082855224609375, 1.370373010635376]}, "time_fit": {"633_fri_c0_500_25": [0.1156620979309082, 0.03594541549682617, 0.42323732376098633, 0.13044214248657227, 0.09474349021911621]}, "sizes": {"633_fri_c0_500_25": []}, "tau": 0.5}}