{"SQR": {"losses": {"230_machine_cpu": [0.019081597772122875, 0.015506688617099907, 0.009890207646017314, 0.01026716537561228, 0.012766970059056798]}, "coverage": {"230_machine_cpu": [0.19047619047619047, 0.19047619047619047, 0.07142857142857145, 0.023809523809523836, 0.1585365853658537]}, "complexity": {"230_machine_cpu": [5, 11, 6, 6, 5]}, "time_all": {"230_machine_cpu": [91.75776624679565, 76.78944396972656, 75.4388918876648, 73.43883848190308, 74.97766971588135]}, "time_fit": {"230_machine_cpu": [91.75776624679565, 76.78944396972656, 75.4388918876648, 73.43883848190308, 74.97766971588135]}, "sizes": {"230_machine_cpu": []}, "tau": 0.5}, "LightGBM": {"losses": {"230_machine_cpu": [0.026830992347893545, 0.026590560726928097, 0.011749297799223455, 0.012865822574365563, 0.009236389374612183]}, "coverage": {"230_machine_cpu": [0.09523809523809523, 0.23809523809523808, 0.023809523809523836, 0.11904761904761907, 0.1097560975609756]}, "time_all": {"230_machine_cpu": [0.1676783561706543, 0.1366744041442871, 0.1388716697692871, 0.1394975185394287, 0.1357557773590088]}, "time_fit": {"230_machine_cpu": [0.027638912200927734, 0.03154897689819336, 0.031299591064453125, 0.03299403190612793, 0.029896259307861328]}, "sizes": {"230_machine_cpu": []}, "tau": 0.5}, "DecisionTree": {"losses": {"230_machine_cpu": [0.025011446886446884, 0.019074675324675328, 0.011436480186480188, 0.01250832500832501, 0.009711325260105748]}, "coverage": {"230_machine_cpu": [0.11904761904761907, 0.14285714285714285, 0.023809523809523836, 0.09523809523809523, 0.03658536585365857]}, "complexity": {"230_machine_cpu": [63, 67, 65, 65, 63]}, "time_all": {"230_machine_cpu": [0.04588770866394043, 0.046064138412475586, 0.04567837715148926, 0.045494794845581055, 0.04442095756530762]}, "time_fit": {"230_machine_cpu": [0.006494760513305664, 0.0066242218017578125, 0.006521463394165039, 0.006491899490356445, 0.006353855133056641]}, "sizes": {"230_machine_cpu": []}, "tau": 0.5}, "LinearQuantile": {"losses": {"230_machine_cpu": [0.021498139756780974, 0.02196350038241815, 0.011853964633795159, 0.012529422754932417, 0.008842347443321403]}, "coverage": {"230_machine_cpu": [0.09523809523809523, 0.19047619047619047, 0.1428571428571429, 0.16666666666666663, 0.1585365853658537]}, "complexity": {"230_machine_cpu": [6, 6, 6, 6, 6]}, "time_all": {"230_machine_cpu": [0.1557929515838623, 0.1850266456604004, 2.655550241470337, 2.1725738048553467, 0.15708637237548828]}, "time_fit": {"230_machine_cpu": [0.013148069381713867, 0.015990495681762695, 0.12174057960510254, 0.12227916717529297, 0.014022111892700195]}, "sizes": {"230_machine_cpu": []}, "tau": 0.5}}