{"SQR": {"losses": {"617_fri_c3_500_5": [0.009905123614889875, 0.01059934469804509, 0.005892822284685159, 0.008389527268661587, 0.008710072105099944]}, "coverage": {"617_fri_c3_500_5": [0.020000000000000018, 0.0, 0.020000000000000018, 0.020000000000000018, 0.0]}, "complexity": {"617_fri_c3_500_5": [10, 8, 17, 14, 11]}, "time_all": {"617_fri_c3_500_5": [109.89918637275696, 84.69018340110779, 91.09208917617798, 94.11998081207275, 87.14756488800049]}, "time_fit": {"617_fri_c3_500_5": [109.89918637275696, 84.69018340110779, 91.09208917617798, 94.11998081207275, 87.14756488800049]}, "sizes": {"617_fri_c3_500_5": []}, "tau": 0.9}, "LightGBM": {"losses": {"617_fri_c3_500_5": [0.01775959742859501, 0.018585365224855516, 0.012107871449355075, 0.015633614463835203, 0.0168707784756134]}, "coverage": {"617_fri_c3_500_5": [0.0, 0.010000000000000009, 0.030000000000000027, 0.010000000000000009, 0.040000000000000036]}, "time_all": {"617_fri_c3_500_5": [0.21752667427062988, 0.18195104598999023, 0.17316174507141113, 0.16467761993408203, 0.19919896125793457]}, "time_fit": {"617_fri_c3_500_5": [0.039797306060791016, 0.04874563217163086, 0.04038858413696289, 0.034384965896606445, 0.04336094856262207]}, "sizes": {"617_fri_c3_500_5": []}, "tau": 0.9}, "DecisionTree": {"losses": {"617_fri_c3_500_5": [0.01590724728330397, 0.012452627600330021, 0.014471535147343444, 0.012430497244583593, 0.019486458719218454]}, "coverage": {"617_fri_c3_500_5": [0.10999999999999999, 0.050000000000000044, 0.07000000000000006, 0.06000000000000005, 0.17000000000000004]}, "complexity": {"617_fri_c3_500_5": [165, 65, 67, 29, 31]}, "time_all": {"617_fri_c3_500_5": [0.08697962760925293, 0.07564926147460938, 0.07552552223205566, 0.07376766204833984, 0.0740046501159668]}, "time_fit": {"617_fri_c3_500_5": [0.015515327453613281, 0.007921457290649414, 0.007882118225097656, 0.0051419734954833984, 0.0050640106201171875]}, "sizes": {"617_fri_c3_500_5": []}, "tau": 0.9}, "LinearQuantile": {"losses": {"617_fri_c3_500_5": [0.05869367284433654, 0.05405045640122027, 0.0519811863003572, 0.05485760834240131, 0.06777583383197906]}, "coverage": {"617_fri_c3_500_5": [0.38, 0.4, 0.41000000000000003, 0.38, 0.46]}, "complexity": {"617_fri_c3_500_5": [5, 5, 5, 5, 5]}, "time_all": {"617_fri_c3_500_5": [0.13653969764709473, 0.17586874961853027, 1.808638095855713, 0.5551612377166748, 0.1572098731994629]}, "time_fit": {"617_fri_c3_500_5": [0.011253118515014648, 0.01531672477722168, 0.1280684471130371, 0.04703259468078613, 0.013761281967163086]}, "sizes": {"617_fri_c3_500_5": []}, "tau": 0.9}}