{"SQR": {"losses": {"604_fri_c4_500_10": [0.025461375986499037, 0.02410607077891617, 0.021499790160512094, 0.02246261014912649, 0.02531834255695307]}, "coverage": {"604_fri_c4_500_10": [0.040000000000000036, 0.06000000000000005, 0.03999999999999998, 0.030000000000000027, 0.06000000000000005]}, "complexity": {"604_fri_c4_500_10": [8, 9, 9, 9, 9]}, "time_all": {"604_fri_c4_500_10": [103.63183522224426, 94.27682304382324, 90.15860390663147, 85.41847944259644, 91.3689022064209]}, "time_fit": {"604_fri_c4_500_10": [103.63183522224426, 94.27682304382324, 90.15860390663147, 85.41847944259644, 91.3689022064209]}, "sizes": {"604_fri_c4_500_10": []}, "tau": 0.5}, "LightGBM": {"losses": {"604_fri_c4_500_10": [0.027541412241972096, 0.03390129016898563, 0.03157745528851962, 0.0293518592587143, 0.028891276653897024]}, "coverage": {"604_fri_c4_500_10": [0.030000000000000027, 0.030000000000000027, 0.040000000000000036, 0.13, 0.04999999999999999]}, "time_all": {"604_fri_c4_500_10": [0.27381086349487305, 0.24974966049194336, 0.2254481315612793, 0.2206571102142334, 0.22310996055603027]}, "time_fit": {"604_fri_c4_500_10": [0.050744056701660156, 0.04907870292663574, 0.04805922508239746, 0.04655122756958008, 0.046633005142211914]}, "sizes": {"604_fri_c4_500_10": []}, "tau": 0.5}, "DecisionTree": {"losses": {"604_fri_c4_500_10": [0.029433295764222277, 0.03365132340730214, 0.0344042630750616, 0.03428602582820601, 0.029863477745463857]}, "coverage": {"604_fri_c4_500_10": [0.030000000000000027, 0.010000000000000009, 0.010000000000000009, 0.09000000000000002, 0.040000000000000036]}, "complexity": {"604_fri_c4_500_10": [161, 69, 159, 157, 67]}, "time_all": {"604_fri_c4_500_10": [0.09901118278503418, 0.08998298645019531, 0.0948946475982666, 0.09634280204772949, 0.0889444351196289]}, "time_fit": {"604_fri_c4_500_10": [0.017050981521606445, 0.009789466857910156, 0.016335010528564453, 0.016270875930786133, 0.009522438049316406]}, "sizes": {"604_fri_c4_500_10": []}, "tau": 0.5}, "LinearQuantile": {"losses": {"604_fri_c4_500_10": [0.05952997172273483, 0.06256625776870263, 0.06489403807849745, 0.060848195493943574, 0.062215600910648]}, "coverage": {"604_fri_c4_500_10": [0.020000000000000018, 0.020000000000000018, 0.010000000000000009, 0.15999999999999998, 0.09000000000000002]}, "complexity": {"604_fri_c4_500_10": [10, 10, 10, 10, 10]}, "time_all": {"604_fri_c4_500_10": [0.1529526710510254, 0.25810670852661133, 1.0036747455596924, 0.31934046745300293, 1.152557134628296]}, "time_fit": {"604_fri_c4_500_10": [0.01270437240600586, 0.022144079208374023, 0.06788420677185059, 0.02849888801574707, 0.07604002952575684]}, "sizes": {"604_fri_c4_500_10": []}, "tau": 0.5}}