{"SQR": {"losses": {"210_cloud": [0.0118308429519635, 0.0177537629040866, 0.014034010440691762, 0.0850459893016406, 0.024927108956880824]}, "coverage": {"210_cloud": [0.3090909090909091, 0.17272727272727273, 0.26363636363636367, 0.18571428571428572, 0.13809523809523816]}, "complexity": {"210_cloud": [12, 12, 11, 7, 15]}, "time_all": {"210_cloud": [81.82825231552124, 69.72596859931946, 69.83263635635376, 66.8910801410675, 67.84171748161316]}, "time_fit": {"210_cloud": [81.82825231552124, 69.72596859931946, 69.83263635635376, 66.8910801410675, 67.84171748161316]}, "sizes": {"210_cloud": []}, "tau": 0.9}, "LightGBM": {"losses": {"210_cloud": [0.029429669465383262, 0.014835771290195109, 0.013327559361143168, 0.038041850886680384, 0.02737420824431655]}, "coverage": {"210_cloud": [0.036363636363636376, 0.09999999999999998, 0.09999999999999998, 0.04285714285714293, 0.052380952380952306]}, "time_all": {"210_cloud": [0.12941360473632812, 0.09555792808532715, 0.09286952018737793, 0.06899666786193848, 0.08682751655578613]}, "time_fit": {"210_cloud": [0.017442703247070312, 0.01959967613220215, 0.01753687858581543, 0.01414942741394043, 0.014241456985473633]}, "sizes": {"210_cloud": []}, "tau": 0.9}, "DecisionTree": {"losses": {"210_cloud": [0.009665152045587698, 0.011451514942402189, 0.014788635749031198, 0.029490477417906124, 0.025685712583954367]}, "coverage": {"210_cloud": [0.08181818181818179, 0.08181818181818179, 0.09999999999999998, 0.13809523809523816, 0.004761904761904745]}, "complexity": {"210_cloud": [15, 13, 7, 15, 5]}, "time_all": {"210_cloud": [0.035146236419677734, 0.03418254852294922, 0.032817840576171875, 0.02555704116821289, 0.03297281265258789]}, "time_fit": {"210_cloud": [0.002794027328491211, 0.002597808837890625, 0.002066373825073242, 0.0020699501037597656, 0.0018725395202636719]}, "sizes": {"210_cloud": []}, "tau": 0.9}, "LinearQuantile": {"losses": {"210_cloud": [0.009813306998412444, 0.007901627725191157, 0.014608706467129478, 0.01432590603203185, 0.022847374995674245]}, "coverage": {"210_cloud": [0.12727272727272732, 0.036363636363636376, 0.036363636363636376, 0.09047619047619049, 0.09047619047619049]}, "complexity": {"210_cloud": [9, 9, 9, 9, 9]}, "time_all": {"210_cloud": [0.17516374588012695, 0.1586742401123047, 0.1537795066833496, 0.1925029754638672, 0.6967606544494629]}, "time_fit": {"210_cloud": [0.014992713928222656, 0.013767004013061523, 0.013036489486694336, 0.01709151268005371, 0.05056905746459961]}, "sizes": {"210_cloud": []}, "tau": 0.9}}