{"SQR": {"losses": {"583_fri_c1_1000_50": [0.005118407957946966, 0.008270469447640847, 0.005229953960690302, 0.009442767269019749, 0.01198828127275663]}, "coverage": {"583_fri_c1_1000_50": [0.0050000000000000044, 0.020000000000000018, 0.010000000000000009, 0.015000000000000013, 0.0050000000000000044]}, "complexity": {"583_fri_c1_1000_50": [16, 15, 13, 14, 12]}, "time_all": {"583_fri_c1_1000_50": [126.60579705238342, 118.52146458625793, 117.84995126724243, 114.15942859649658, 100.87370729446411]}, "time_fit": {"583_fri_c1_1000_50": [126.60579705238342, 118.52146458625793, 117.84995126724243, 114.15942859649658, 100.87370729446411]}, "sizes": {"583_fri_c1_1000_50": []}, "tau": 0.9}, "LightGBM": {"losses": {"583_fri_c1_1000_50": [0.02286130815550814, 0.025224347349821822, 0.022567693873531438, 0.02435212910248208, 0.024673003618136468]}, "coverage": {"583_fri_c1_1000_50": [0.010000000000000009, 0.020000000000000018, 0.010000000000000009, 0.0, 0.03500000000000003]}, "time_all": {"583_fri_c1_1000_50": [0.4003608226776123, 0.36910128593444824, 0.34741997718811035, 0.38599109649658203, 0.37465739250183105]}, "time_fit": {"583_fri_c1_1000_50": [0.07321047782897949, 0.06492424011230469, 0.07222676277160645, 0.07987403869628906, 0.07184481620788574]}, "sizes": {"583_fri_c1_1000_50": []}, "tau": 0.9}, "DecisionTree": {"losses": {"583_fri_c1_1000_50": [0.021066673969505036, 0.019356735726463747, 0.019058646275801647, 0.01942567197934573, 0.01845353954563985]}, "coverage": {"583_fri_c1_1000_50": [0.025000000000000022, 0.05500000000000005, 0.06000000000000005, 0.08500000000000008, 0.04500000000000004]}, "complexity": {"583_fri_c1_1000_50": [41, 61, 59, 69, 35]}, "time_all": {"583_fri_c1_1000_50": [0.47144150733947754, 0.47557997703552246, 0.46808791160583496, 0.4762704372406006, 0.46656346321105957]}, "time_fit": {"583_fri_c1_1000_50": [0.0359807014465332, 0.0412755012512207, 0.03856921195983887, 0.043355464935302734, 0.033895015716552734]}, "sizes": {"583_fri_c1_1000_50": []}, "tau": 0.9}, "LinearQuantile": {"losses": {"583_fri_c1_1000_50": [0.08192171056771654, 0.07623183437632457, 0.07983468031730484, 0.08266310905731854, 0.08749362921147905]}, "coverage": {"583_fri_c1_1000_50": [0.48000000000000004, 0.395, 0.465, 0.42500000000000004, 0.405]}, "complexity": {"583_fri_c1_1000_50": [50, 50, 50, 50, 50]}, "time_all": {"583_fri_c1_1000_50": [23.04687190055847, 17.121705293655396, 18.69144868850708, 25.733343601226807, 16.459380626678467]}, "time_fit": {"583_fri_c1_1000_50": [2.1278786659240723, 1.537552833557129, 1.6515746116638184, 2.243260383605957, 1.4152889251708984]}, "sizes": {"583_fri_c1_1000_50": []}, "tau": 0.9}}