{"SQR": {"losses": {"547_no2": [0.04674068617959297, 0.04793582778200536, 0.05305393887309621, 0.04502271335737082, 0.05186638372176263]}, "coverage": {"547_no2": [0.030000000000000027, 0.0, 0.010000000000000009, 0.050000000000000044, 0.10999999999999999]}, "complexity": {"547_no2": [5, 2, 5, 2, 4]}, "time_all": {"547_no2": [97.33743524551392, 95.38672399520874, 80.62354731559753, 94.1056399345398, 78.24490928649902]}, "time_fit": {"547_no2": [97.33743524551392, 95.38672399520874, 80.62354731559753, 94.1056399345398, 78.24490928649902]}, "sizes": {"547_no2": []}, "tau": 0.5}, "LightGBM": {"losses": {"547_no2": [0.03878610825057164, 0.034611087344083295, 0.04233453038958973, 0.0340466547387507, 0.040530664984341026]}, "coverage": {"547_no2": [0.06, 0.030000000000000027, 0.010000000000000009, 0.07999999999999996, 0.030000000000000027]}, "time_all": {"547_no2": [0.29916810989379883, 0.24051427841186523, 0.2544245719909668, 0.2512636184692383, 0.24867677688598633]}, "time_fit": {"547_no2": [0.05633807182312012, 0.0497128963470459, 0.051369428634643555, 0.054082632064819336, 0.05201864242553711]}, "sizes": {"547_no2": []}, "tau": 0.5}, "DecisionTree": {"losses": {"547_no2": [0.03931567090001398, 0.03701675328358563, 0.040585554876519055, 0.03808981841048612, 0.03892874077056497]}, "coverage": {"547_no2": [0.0, 0.050000000000000044, 0.020000000000000018, 0.030000000000000027, 0.03999999999999998]}, "complexity": {"547_no2": [27, 19, 31, 13, 71]}, "time_all": {"547_no2": [0.07776355743408203, 0.0718393325805664, 0.07262468338012695, 0.07194852828979492, 0.07572555541992188]}, "time_fit": {"547_no2": [0.00481867790222168, 0.003984928131103516, 0.00500798225402832, 0.003383159637451172, 0.0083465576171875]}, "sizes": {"547_no2": []}, "tau": 0.5}, "LinearQuantile": {"losses": {"547_no2": [0.04076256864637643, 0.037527747234039, 0.040383171817204175, 0.03526706056868775, 0.044933085086281216]}, "coverage": {"547_no2": [0.06, 0.010000000000000009, 0.09999999999999998, 0.0, 0.09999999999999998]}, "complexity": {"547_no2": [7, 7, 7, 7, 7]}, "time_all": {"547_no2": [0.34256458282470703, 0.47746968269348145, 0.1766664981842041, 0.37387657165527344, 0.2902216911315918]}, "time_fit": {"547_no2": [0.02980947494506836, 0.04138803482055664, 0.015485286712646484, 0.03325486183166504, 0.025855541229248047]}, "sizes": {"547_no2": []}, "tau": 0.5}}