{"SQR": {"losses": {"663_rabe_266": [0.008625418633921113, 0.006908929518631175, 0.005135786510657032, 0.006327601162086876, 0.006201748138338265]}, "coverage": {"663_rabe_266": [0.15000000000000002, 0.025000000000000022, 0.10833333333333339, 0.09999999999999998, 0.016666666666666607]}, "complexity": {"663_rabe_266": [15, 11, 17, 16, 12]}, "time_all": {"663_rabe_266": [84.13219141960144, 70.68106579780579, 71.95825743675232, 71.61487698554993, 71.04451203346252]}, "time_fit": {"663_rabe_266": [84.13219141960144, 70.68106579780579, 71.95825743675232, 71.61487698554993, 71.04451203346252]}, "sizes": {"663_rabe_266": []}, "tau": 0.9}, "LightGBM": {"losses": {"663_rabe_266": [0.022697855402014442, 0.019851135668212123, 0.021854743386586325, 0.027744554116328937, 0.020133378283713116]}, "coverage": {"663_rabe_266": [0.06666666666666665, 0.10833333333333339, 0.016666666666666607, 0.05833333333333335, 0.05833333333333335]}, "time_all": {"663_rabe_266": [0.1289961338043213, 0.08384060859680176, 0.07230663299560547, 0.08867716789245605, 0.07888293266296387]}, "time_fit": {"663_rabe_266": [0.015427827835083008, 0.01746845245361328, 0.011582374572753906, 0.01831984519958496, 0.015706539154052734]}, "sizes": {"663_rabe_266": []}, "tau": 0.9}, "DecisionTree": {"losses": {"663_rabe_266": [0.027698618307426603, 0.021968911917098443, 0.022685664939550942, 0.0234412780656304, 0.017711571675302244]}, "coverage": {"663_rabe_266": [0.10833333333333339, 0.10833333333333339, 0.10833333333333339, 0.05833333333333335, 0.016666666666666607]}, "complexity": {"663_rabe_266": [7, 5, 7, 23, 7]}, "time_all": {"663_rabe_266": [0.0325624942779541, 0.03113722801208496, 0.0303347110748291, 0.03334307670593262, 0.030692338943481445]}, "time_fit": {"663_rabe_266": [0.002038240432739258, 0.0018687248229980469, 0.0019636154174804688, 0.003162384033203125, 0.001981973648071289]}, "sizes": {"663_rabe_266": []}, "tau": 0.9}, "LinearQuantile": {"losses": {"663_rabe_266": [0.006635744345449419, 0.005362726899153923, 0.0052352895778452644, 0.003641128686460952, 0.005075650431370107]}, "coverage": {"663_rabe_266": [0.10833333333333339, 0.06666666666666665, 0.06666666666666665, 0.05833333333333335, 0.025000000000000022]}, "complexity": {"663_rabe_266": [11, 11, 11, 11, 11]}, "time_all": {"663_rabe_266": [0.9188504219055176, 0.3044145107269287, 0.2836790084838867, 0.2933995723724365, 0.638256311416626]}, "time_fit": {"663_rabe_266": [0.08204841613769531, 0.02593064308166504, 0.023757219314575195, 0.024944305419921875, 0.04807162284851074]}, "sizes": {"663_rabe_266": []}, "tau": 0.9}}