{"SQR": {"losses": {"1203_BNG_pwLinear": [0.047446238043398065, 0.047028927118351445, 0.052794153815658336, 0.047306786151622024, 0.04711616378588596]}, "coverage": {"1203_BNG_pwLinear": [0.012701100762066042, 0.004995766299745963, 0.12062152473962007, 0.017909057551723173, 0.015227638375342245]}, "complexity": {"1203_BNG_pwLinear": [4, 4, 2, 4, 4]}, "time_all": {"1203_BNG_pwLinear": [617.3764719963074, 560.8528838157654, 562.566645860672, 562.3246190547943, 590.9043493270874]}, "time_fit": {"1203_BNG_pwLinear": [617.3764719963074, 560.8528838157654, 562.566645860672, 562.3246190547943, 590.9043493270874]}, "sizes": {"1203_BNG_pwLinear": []}, "tau": 0.5}, "LightGBM": {"losses": {"1203_BNG_pwLinear": [0.03495362004160048, 0.03463473664073672, 0.034979282096036596, 0.03521451852659598, 0.034954314566991065]}, "coverage": {"1203_BNG_pwLinear": [0.004092576912221313, 0.0014959074230878056, 0.0017640915634085097, 0.005151147365152875, 0.0022156990036410473]}, "time_all": {"1203_BNG_pwLinear": [2.815419912338257, 2.602825880050659, 2.574401617050171, 2.6553828716278076, 2.6968119144439697]}, "time_fit": {"1203_BNG_pwLinear": [0.4772782325744629, 0.4593212604522705, 0.42673325538635254, 0.46208953857421875, 0.4851548671722412]}, "sizes": {"1203_BNG_pwLinear": []}, "tau": 0.5}, "DecisionTree": {"losses": {"1203_BNG_pwLinear": [0.033703023724904066, 0.03369896601356687, 0.03384341669437886, 0.034204317526378154, 0.03379570805894032]}, "coverage": {"1203_BNG_pwLinear": [0.0007620660457239858, 0.0014676827547276394, 0.0015382878432922409, 0.002667306443873696, 0.00038104377769621056]}, "complexity": {"1203_BNG_pwLinear": [4159, 4583, 4229, 4183, 4161]}, "time_all": {"1203_BNG_pwLinear": [12.919392108917236, 13.046875238418579, 12.973730087280273, 12.954477310180664, 13.121662378311157]}, "time_fit": {"1203_BNG_pwLinear": [0.6218478679656982, 0.6562771797180176, 0.624934196472168, 0.6261568069458008, 0.6397182941436768]}, "sizes": {"1203_BNG_pwLinear": []}, "tau": 0.5}, "LinearQuantile": {"losses": {"1203_BNG_pwLinear": [0.040929135996177056, 0.04063873674657583, 0.04100131471105613, 0.041143395201955715, 0.04086918324046934]}, "coverage": {"1203_BNG_pwLinear": [0.0003386960203217715, 0.0005080440304826572, 0.0009737785430015133, 0.002554404583815506, 0.0027802083039318304]}, "complexity": {"1203_BNG_pwLinear": [29, 29, 29, 29, 29]}, "time_all": {"1203_BNG_pwLinear": [89.1628086566925, 91.7240240573883, 59.76743292808533, 73.56929755210876, 51.34994387626648]}, "time_fit": {"1203_BNG_pwLinear": [8.073144674301147, 8.27470874786377, 5.401952743530273, 6.620994329452515, 4.609600067138672]}, "sizes": {"1203_BNG_pwLinear": []}, "tau": 0.5}}