{"SQR": {"losses": {"653_fri_c0_250_25": [0.010465031614793003, 0.014066473403375197, 0.011619091438073294, 0.01449908184354568, 0.013761154060412313]}, "coverage": {"653_fri_c0_250_25": [0.020000000000000018, 0.040000000000000036, 0.020000000000000018, 0.20000000000000007, 0.040000000000000036]}, "complexity": {"653_fri_c0_250_25": [12, 11, 9, 9, 10]}, "time_all": {"653_fri_c0_250_25": [92.63257026672363, 76.2296826839447, 72.43633723258972, 74.60786247253418, 74.68914532661438]}, "time_fit": {"653_fri_c0_250_25": [92.63257026672363, 76.2296826839447, 72.43633723258972, 74.60786247253418, 74.68914532661438]}, "sizes": {"653_fri_c0_250_25": []}, "tau": 0.9}, "LightGBM": {"losses": {"653_fri_c0_250_25": [0.030668752932746672, 0.023452164821484562, 0.021180035405658066, 0.029205403556861645, 0.024628597074099905]}, "coverage": {"653_fri_c0_250_25": [0.020000000000000018, 0.020000000000000018, 0.020000000000000018, 0.040000000000000036, 0.0]}, "time_all": {"653_fri_c0_250_25": [0.17421555519104004, 0.1253528594970703, 0.1253817081451416, 0.11386537551879883, 0.14661383628845215]}, "time_fit": {"653_fri_c0_250_25": [0.029062271118164062, 0.027968645095825195, 0.02796649932861328, 0.020315885543823242, 0.03373432159423828]}, "sizes": {"653_fri_c0_250_25": []}, "tau": 0.9}, "DecisionTree": {"losses": {"653_fri_c0_250_25": [0.022492618859245035, 0.025356004786154903, 0.027834213779774318, 0.02236831214730462, 0.024165287469337316]}, "coverage": {"653_fri_c0_250_25": [0.020000000000000018, 0.09999999999999998, 0.08000000000000007, 0.040000000000000036, 0.0]}, "complexity": {"653_fri_c0_250_25": [5, 35, 5, 15, 7]}, "time_all": {"653_fri_c0_250_25": [0.06535100936889648, 0.06570672988891602, 0.06211137771606445, 0.06306934356689453, 0.0653994083404541]}, "time_fit": {"653_fri_c0_250_25": [0.003050088882446289, 0.006912708282470703, 0.003000974655151367, 0.004677534103393555, 0.0034203529357910156]}, "sizes": {"653_fri_c0_250_25": []}, "tau": 0.9}, "LinearQuantile": {"losses": {"653_fri_c0_250_25": [0.050972714235868126, 0.04222654817694768, 0.05835902685754109, 0.04931895749102562, 0.04532746880969959]}, "coverage": {"653_fri_c0_250_25": [0.54, 0.38, 0.6000000000000001, 0.46, 0.42000000000000004]}, "complexity": {"653_fri_c0_250_25": [25, 25, 25, 25, 25]}, "time_all": {"653_fri_c0_250_25": [1.5017704963684082, 0.6998209953308105, 1.5275425910949707, 2.4574320316314697, 0.8669962882995605]}, "time_fit": {"653_fri_c0_250_25": [0.11699748039245605, 0.05551338195800781, 0.11182951927185059, 0.18570590019226074, 0.060744524002075195]}, "sizes": {"653_fri_c0_250_25": []}, "tau": 0.9}}