{"SQR": {"losses": {"564_fried": [0.022570153746941924, 0.015674178569193183, 0.016788438030330633, 0.015820273259334487, 0.02252395468143856]}, "coverage": {"564_fried": [0.007235712533725791, 0.024405199901888663, 0.062300711307333834, 0.0109775542745002, 0.010732245799092377]}, "complexity": {"564_fried": [11, 12, 10, 10, 13]}, "time_all": {"564_fried": [497.19413328170776, 599.7353222370148, 583.1646990776062, 563.1179733276367, 521.4463653564453]}, "time_fit": {"564_fried": [497.19413328170776, 599.7353222370148, 583.1646990776062, 563.1179733276367, 521.4463653564453]}, "sizes": {"564_fried": []}, "tau": 0.5}, "LightGBM": {"losses": {"564_fried": [0.025166579235973107, 0.02568611241177855, 0.026062836909139908, 0.0252730861838148, 0.025458685357435354]}, "coverage": {"564_fried": [0.012754476330635311, 0.008584743684081464, 0.019744910473387334, 0.005703422053231932, 0.0009199067827793117]}, "time_all": {"564_fried": [2.1718411445617676, 1.950380802154541, 2.0122032165527344, 1.9581799507141113, 2.0162298679351807]}, "time_fit": {"564_fried": [0.559532880783081, 0.4743015766143799, 0.5054943561553955, 0.4947192668914795, 0.5011575222015381]}, "sizes": {"564_fried": []}, "tau": 0.5}, "DecisionTree": {"losses": {"564_fried": [0.021912557566772503, 0.021512022007864458, 0.021893602866988725, 0.022098866461979113, 0.021728994382946416]}, "coverage": {"564_fried": [0.0018395879323032105, 0.0023301447142506926, 0.015084621044885949, 0.004844842389304604, 0.003250337299153694]}, "complexity": {"564_fried": [5677, 5635, 5663, 5649, 5659]}, "time_all": {"564_fried": [5.181973218917847, 5.208665370941162, 5.181044101715088, 5.191630125045776, 5.157056093215942]}, "time_fit": {"564_fried": [0.5886681079864502, 0.5885558128356934, 0.5867304801940918, 0.5884609222412109, 0.5912232398986816]}, "sizes": {"564_fried": []}, "tau": 0.5}, "LinearQuantile": {"losses": {"564_fried": [0.03168369081173972, 0.03167521848307991, 0.03234737974768514, 0.03166001555952152, 0.03164429897550216]}, "coverage": {"564_fried": [0.00919793966151583, 0.010546970811871448, 0.0014716703458425018, 0.006071384766343724, 0.0025144118729302223]}, "complexity": {"564_fried": [10, 10, 10, 10, 10]}, "time_all": {"564_fried": [8.209085464477539, 9.986587524414062, 4.780784606933594, 5.791658163070679, 6.302473545074463]}, "time_fit": {"564_fried": [0.7293787002563477, 0.8732964992523193, 0.3896524906158447, 0.5068600177764893, 0.5007481575012207]}, "sizes": {"564_fried": []}, "tau": 0.5}}