{"SQR": {"losses": {"663_rabe_266": [0.014579799433820205, 0.01651489488408598, 0.01829530653696068, 0.009607831653921697, 0.010057901697431093]}, "coverage": {"663_rabe_266": [0.08333333333333331, 0.04166666666666663, 0.16666666666666669, 0.125, 0.08333333333333337]}, "complexity": {"663_rabe_266": [12, 13, 10, 15, 15]}, "time_all": {"663_rabe_266": [84.0185935497284, 74.03576827049255, 71.76745796203613, 73.22401332855225, 72.41581630706787]}, "time_fit": {"663_rabe_266": [84.0185935497284, 74.03576827049255, 71.76745796203613, 73.22401332855225, 72.41581630706787]}, "sizes": {"663_rabe_266": []}, "tau": 0.5}, "LightGBM": {"losses": {"663_rabe_266": [0.044690910500234916, 0.04577788348930017, 0.049674546847530456, 0.03319967274663114, 0.048457719089602745]}, "coverage": {"663_rabe_266": [0.0, 0.125, 0.125, 0.20833333333333337, 0.0]}, "time_all": {"663_rabe_266": [0.12621307373046875, 0.09780311584472656, 0.0941770076751709, 0.09521174430847168, 0.09422779083251953]}, "time_fit": {"663_rabe_266": [0.017357349395751953, 0.02030467987060547, 0.019922256469726562, 0.020463228225708008, 0.01980447769165039]}, "sizes": {"663_rabe_266": []}, "tau": 0.5}, "DecisionTree": {"losses": {"663_rabe_266": [0.04199050086355786, 0.04047927461139896, 0.04598445595854922, 0.035082037996545766, 0.04004749568221071]}, "coverage": {"663_rabe_266": [0.041666666666666685, 0.08333333333333331, 0.20833333333333331, 0.125, 0.125]}, "complexity": {"663_rabe_266": [23, 23, 11, 23, 13]}, "time_all": {"663_rabe_266": [0.03323554992675781, 0.03371167182922363, 0.032285451889038086, 0.033725738525390625, 0.032708168029785156]}, "time_fit": {"663_rabe_266": [0.0032339096069335938, 0.003187894821166992, 0.0022978782653808594, 0.0031855106353759766, 0.002428770065307617]}, "sizes": {"663_rabe_266": []}, "tau": 0.5}, "LinearQuantile": {"losses": {"663_rabe_266": [0.013926458417432161, 0.014536557512480897, 0.012192978651523174, 0.008679101572893515, 0.015322491821949717]}, "coverage": {"663_rabe_266": [0.04166666666666663, 0.04166666666666663, 0.08333333333333331, 0.041666666666666685, 0.08333333333333337]}, "complexity": {"663_rabe_266": [11, 11, 11, 11, 11]}, "time_all": {"663_rabe_266": [0.23270344734191895, 0.1255958080291748, 0.0748741626739502, 0.18195533752441406, 0.09576749801635742]}, "time_fit": {"663_rabe_266": [0.020048856735229492, 0.010669231414794922, 0.0061817169189453125, 0.015940427780151367, 0.008121252059936523]}, "sizes": {"663_rabe_266": []}, "tau": 0.5}}