{"SQR": {"losses": {"1193_BNG_lowbwt": [0.04596714377171048, 0.04542454662745741, 0.04565597434784009, 0.04534445518734939, 0.045586671742009734]}, "coverage": {"1193_BNG_lowbwt": [0.009564378717248023, 0.010689599742806588, 0.002009323259926088, 0.0028130525638964676, 0.004662379421221885]}, "complexity": {"1193_BNG_lowbwt": [3, 3, 3, 3, 3]}, "time_all": {"1193_BNG_lowbwt": [591.4513175487518, 538.1239416599274, 533.7945821285248, 540.6626772880554, 568.9054276943207]}, "time_fit": {"1193_BNG_lowbwt": [591.4513175487518, 538.1239416599274, 533.7945821285248, 540.6626772880554, 568.9054276943207]}, "sizes": {"1193_BNG_lowbwt": []}, "tau": 0.5}, "LightGBM": {"losses": {"1193_BNG_lowbwt": [0.041186450145140475, 0.04076657601532037, 0.040879872108229375, 0.04053524847641885, 0.04087006425101578]}, "coverage": {"1193_BNG_lowbwt": [0.011493329046777023, 0.013422279376306023, 0.0007233563735733473, 0.0007233563735733473, 0.0014469453376205754]}, "time_all": {"1193_BNG_lowbwt": [2.2682383060455322, 2.1431355476379395, 2.085458755493164, 1.7056715488433838, 1.7196159362792969]}, "time_fit": {"1193_BNG_lowbwt": [0.23897838592529297, 0.23925304412841797, 0.2547588348388672, 0.2358086109161377, 0.2502443790435791]}, "sizes": {"1193_BNG_lowbwt": []}, "tau": 0.5}, "DecisionTree": {"losses": {"1193_BNG_lowbwt": [0.041430983469135874, 0.040961212622519866, 0.041049888603325625, 0.04089893527109655, 0.04118101002416486]}, "coverage": {"1193_BNG_lowbwt": [0.013100787654717894, 0.007153190805336718, 0.004099019450249153, 0.007474682526924958, 0.0036977491961414644]}, "complexity": {"1193_BNG_lowbwt": [797, 789, 793, 793, 767]}, "time_all": {"1193_BNG_lowbwt": [2.282365560531616, 2.285200595855713, 2.302443742752075, 2.2956931591033936, 2.3702762126922607]}, "time_fit": {"1193_BNG_lowbwt": [0.12109589576721191, 0.12083673477172852, 0.12215113639831543, 0.12116599082946777, 0.11983966827392578]}, "sizes": {"1193_BNG_lowbwt": []}, "tau": 0.5}, "LinearQuantile": {"losses": {"1193_BNG_lowbwt": [0.04319578675733636, 0.0427653309104585, 0.04312379769124666, 0.04245049721302124, 0.042969360933994415]}, "coverage": {"1193_BNG_lowbwt": [0.0004018646519852176, 0.006670953222954523, 0.006831699083748588, 0.00024111879119115276, 0.0003215434083601032]}, "complexity": {"1193_BNG_lowbwt": [23, 23, 23, 23, 23]}, "time_all": {"1193_BNG_lowbwt": [19.97895121574402, 72.08055353164673, 15.314946413040161, 80.95402526855469, 37.8271062374115]}, "time_fit": {"1193_BNG_lowbwt": [1.7404584884643555, 3.8536853790283203, 1.344318151473999, 2.817584276199341, 3.3644826412200928]}, "sizes": {"1193_BNG_lowbwt": []}, "tau": 0.5}}