{"SQR": {"losses": {"594_fri_c2_100_5": [0.02401740946114044, 0.017178730001897305, 0.010712889149649702, 0.024713026667327432, 0.018005265811125305]}, "coverage": {"594_fri_c2_100_5": [0.04999999999999993, 0.04999999999999993, 0.0, 0.20000000000000007, 0.04999999999999993]}, "complexity": {"594_fri_c2_100_5": [10, 8, 14, 14, 15]}, "time_all": {"594_fri_c2_100_5": [82.48578715324402, 68.11520957946777, 66.22523427009583, 65.32209348678589, 67.20041680335999]}, "time_fit": {"594_fri_c2_100_5": [82.48578715324402, 68.11520957946777, 66.22523427009583, 65.32209348678589, 67.20041680335999]}, "sizes": {"594_fri_c2_100_5": []}, "tau": 0.9}, "LightGBM": {"losses": {"594_fri_c2_100_5": [0.034154922814534604, 0.028023668379082812, 0.01895364131027241, 0.030256256382700273, 0.029362490104393603]}, "coverage": {"594_fri_c2_100_5": [0.0, 0.0, 0.050000000000000044, 0.09999999999999998, 0.04999999999999993]}, "time_all": {"594_fri_c2_100_5": [0.13256335258483887, 0.08586955070495605, 0.09259963035583496, 0.08540916442871094, 0.07629561424255371]}, "time_fit": {"594_fri_c2_100_5": [0.018300294876098633, 0.018332481384277344, 0.019196510314941406, 0.017803192138671875, 0.018034934997558594]}, "sizes": {"594_fri_c2_100_5": []}, "tau": 0.9}, "DecisionTree": {"losses": {"594_fri_c2_100_5": [0.020290060476459575, 0.02810267210090657, 0.014827885976587588, 0.026980049703639843, 0.031061185910847843]}, "coverage": {"594_fri_c2_100_5": [0.050000000000000044, 0.050000000000000044, 0.0, 0.050000000000000044, 0.04999999999999993]}, "complexity": {"594_fri_c2_100_5": [33, 1, 1, 5, 5]}, "time_all": {"594_fri_c2_100_5": [0.03485417366027832, 0.032769203186035156, 0.032267093658447266, 0.03157639503479004, 0.031787872314453125]}, "time_fit": {"594_fri_c2_100_5": [0.004081010818481445, 0.0015268325805664062, 0.0015060901641845703, 0.00196075439453125, 0.001926422119140625]}, "sizes": {"594_fri_c2_100_5": []}, "tau": 0.9}, "LinearQuantile": {"losses": {"594_fri_c2_100_5": [0.0608523775297252, 0.13155675659079216, 0.15273574660039502, 0.1158614260663608, 0.06784670008013839]}, "coverage": {"594_fri_c2_100_5": [0.20000000000000007, 0.75, 0.7, 0.45, 0.35]}, "complexity": {"594_fri_c2_100_5": [5, 5, 5, 5, 5]}, "time_all": {"594_fri_c2_100_5": [0.3494997024536133, 0.9023683071136475, 0.5516173839569092, 0.11170053482055664, 0.15069174766540527]}, "time_fit": {"594_fri_c2_100_5": [0.030476093292236328, 0.06453466415405273, 0.042916059494018555, 0.00940847396850586, 0.013100862503051758]}, "sizes": {"594_fri_c2_100_5": []}, "tau": 0.9}}