{"SQR": {"losses": {"593_fri_c1_1000_10": [0.018501019901883093, 0.01851327570351872, 0.020775345566357295, 0.017487123570619923, 0.03405856335428849]}, "coverage": {"593_fri_c1_1000_10": [0.06999999999999995, 0.08499999999999996, 0.044999999999999984, 0.06499999999999995, 0.030000000000000027]}, "complexity": {"593_fri_c1_1000_10": [15, 13, 14, 13, 9]}, "time_all": {"593_fri_c1_1000_10": [119.95733523368835, 108.28008532524109, 105.84278154373169, 109.43493342399597, 99.15445685386658]}, "time_fit": {"593_fri_c1_1000_10": [119.95733523368835, 108.28008532524109, 105.84278154373169, 109.43493342399597, 99.15445685386658]}, "sizes": {"593_fri_c1_1000_10": []}, "tau": 0.5}, "LightGBM": {"losses": {"593_fri_c1_1000_10": [0.03148081450429563, 0.030809832863142397, 0.033574823918721276, 0.02940467860203702, 0.02879296008933955]}, "coverage": {"593_fri_c1_1000_10": [0.030000000000000027, 0.015000000000000013, 0.09499999999999997, 0.040000000000000036, 0.03500000000000003]}, "time_all": {"593_fri_c1_1000_10": [0.4533998966217041, 0.4225330352783203, 0.4125247001647949, 0.4115939140319824, 0.40458011627197266]}, "time_fit": {"593_fri_c1_1000_10": [0.08028006553649902, 0.0751180648803711, 0.07589054107666016, 0.07826614379882812, 0.0778360366821289]}, "sizes": {"593_fri_c1_1000_10": []}, "tau": 0.5}, "DecisionTree": {"losses": {"593_fri_c1_1000_10": [0.031185763424955316, 0.03530061950981587, 0.03568704981517045, 0.03509735717880263, 0.03434744503634678]}, "coverage": {"593_fri_c1_1000_10": [0.025000000000000022, 0.015000000000000013, 0.09499999999999997, 0.015000000000000013, 0.03500000000000003]}, "complexity": {"593_fri_c1_1000_10": [325, 141, 139, 323, 323]}, "time_all": {"593_fri_c1_1000_10": [0.1980273723602295, 0.173750638961792, 0.1774730682373047, 0.18993592262268066, 0.18830156326293945]}, "time_fit": {"593_fri_c1_1000_10": [0.03532147407531738, 0.019562721252441406, 0.019911766052246094, 0.03446054458618164, 0.03274416923522949]}, "sizes": {"593_fri_c1_1000_10": []}, "tau": 0.5}, "LinearQuantile": {"losses": {"593_fri_c1_1000_10": [0.07357770070423077, 0.07224232282727744, 0.07059305171076706, 0.06624610573399962, 0.07066488563951236]}, "coverage": {"593_fri_c1_1000_10": [0.03999999999999998, 0.025000000000000022, 0.065, 0.0050000000000000044, 0.0050000000000000044]}, "complexity": {"593_fri_c1_1000_10": [10, 10, 10, 10, 10]}, "time_all": {"593_fri_c1_1000_10": [0.36139774322509766, 0.2791748046875, 0.5539271831512451, 0.22855472564697266, 0.22761893272399902]}, "time_fit": {"593_fri_c1_1000_10": [0.03158974647521973, 0.023039817810058594, 0.042189836502075195, 0.019378185272216797, 0.01897287368774414]}, "sizes": {"593_fri_c1_1000_10": []}, "tau": 0.5}}