{"SQR": {"losses": {"218_house_8L": [0.016035733097148785, 0.013257901421827513, 0.016520338755522727, 0.017110143687155997, 0.012655487500035699]}, "coverage": {"218_house_8L": [0.0019091507570769828, 0.018499012508229162, 0.004542462146148729, 0.007614658766732507, 0.013257243195785806]}, "complexity": {"218_house_8L": [4, 9, 4, 4, 9]}, "time_all": {"218_house_8L": [575.0529162883759, 501.1398181915283, 607.6107914447784, 526.8871212005615, 516.1203169822693]}, "time_fit": {"218_house_8L": [575.0529162883759, 501.1398181915283, 607.6107914447784, 526.8871212005615, 516.1203169822693]}, "sizes": {"218_house_8L": []}, "tau": 0.9}, "LightGBM": {"losses": {"218_house_8L": [0.010927090961497191, 0.011596345837421683, 0.010964591329481873, 0.011489795533377496, 0.011063413780359323]}, "coverage": {"218_house_8L": [0.028461707263550573, 0.02758393680052662, 0.019464560017555366, 0.028242264647794557, 0.02778753292361713]}, "time_all": {"218_house_8L": [1.3594756126403809, 1.294844388961792, 1.3295750617980957, 1.312243938446045, 1.3063745498657227]}, "time_fit": {"218_house_8L": [0.21797680854797363, 0.20789813995361328, 0.19251132011413574, 0.21278095245361328, 0.21645236015319824]}, "sizes": {"218_house_8L": []}, "tau": 0.9}, "DecisionTree": {"losses": {"218_house_8L": [0.010763735444221014, 0.010927886285548473, 0.011289299958156722, 0.011344471403661977, 0.011282042686134117]}, "coverage": {"218_house_8L": [0.027715602369980274, 0.022229536976080766, 0.028154487601492195, 0.04175992977836296, 0.03081650570676031]}, "complexity": {"218_house_8L": [629, 635, 633, 587, 581]}, "time_all": {"218_house_8L": [2.7370400428771973, 2.578639030456543, 2.5409696102142334, 2.489652395248413, 2.8022565841674805]}, "time_fit": {"218_house_8L": [0.157149076461792, 0.16338253021240234, 0.15616941452026367, 0.15184712409973145, 0.15281033515930176]}, "sizes": {"218_house_8L": []}, "tau": 0.9}, "LinearQuantile": {"losses": {"218_house_8L": [0.01617177720309406, 0.017448744026367972, 0.016304670920069698, 0.017330728729663188, 0.01670589607461368]}, "coverage": {"218_house_8L": [0.001689708141320967, 0.0071757735352204755, 0.0009436032477507794, 0.003445249067368872, 0.0016681299385425952]}, "complexity": {"218_house_8L": [8, 8, 8, 8, 8]}, "time_all": {"218_house_8L": [19.579274654388428, 20.91880226135254, 19.570729732513428, 20.006619930267334, 21.109259605407715]}, "time_fit": {"218_house_8L": [0.9970011711120605, 2.353515863418579, 0.9856042861938477, 1.5038642883300781, 2.66723370552063]}, "sizes": {"218_house_8L": []}, "tau": 0.9}}