{"SQR": {"losses": {"586_fri_c3_1000_25": [0.011320178285044806, 0.01272084467428594, 0.01044333435009487, 0.02276036306720849, 0.011625004268755545]}, "coverage": {"586_fri_c3_1000_25": [0.030000000000000027, 0.030000000000000027, 0.07, 0.034999999999999976, 0.03999999999999998]}, "complexity": {"586_fri_c3_1000_25": [18, 12, 17, 11, 16]}, "time_all": {"586_fri_c3_1000_25": [113.98600268363953, 101.06973123550415, 104.34003448486328, 102.43069696426392, 106.86077284812927]}, "time_fit": {"586_fri_c3_1000_25": [113.98600268363953, 101.06973123550415, 104.34003448486328, 102.43069696426392, 106.86077284812927]}, "sizes": {"586_fri_c3_1000_25": []}, "tau": 0.5}, "LightGBM": {"losses": {"586_fri_c3_1000_25": [0.025318678491944253, 0.02551418329960363, 0.024967801062999753, 0.021186106918372985, 0.020367126811370713]}, "coverage": {"586_fri_c3_1000_25": [0.015000000000000013, 0.05500000000000005, 0.0050000000000000044, 0.04999999999999999, 0.04999999999999999]}, "time_all": {"586_fri_c3_1000_25": [0.46893882751464844, 0.4324767589569092, 0.4007115364074707, 0.448758602142334, 0.4094243049621582]}, "time_fit": {"586_fri_c3_1000_25": [0.08331966400146484, 0.07709980010986328, 0.07626676559448242, 0.07249975204467773, 0.07642555236816406]}, "sizes": {"586_fri_c3_1000_25": []}, "tau": 0.5}, "DecisionTree": {"losses": {"586_fri_c3_1000_25": [0.027096884712353206, 0.02936029670992381, 0.02954814896559819, 0.026076939604003938, 0.025826445762036205]}, "coverage": {"586_fri_c3_1000_25": [0.040000000000000036, 0.050000000000000044, 0.010000000000000009, 0.065, 0.020000000000000018]}, "complexity": {"586_fri_c3_1000_25": [325, 323, 129, 139, 327]}, "time_all": {"586_fri_c3_1000_25": [0.3278636932373047, 0.3226809501647949, 0.3037431240081787, 0.3051340579986572, 0.32245779037475586]}, "time_fit": {"586_fri_c3_1000_25": [0.051802635192871094, 0.051157474517822266, 0.033116817474365234, 0.0344395637512207, 0.05111074447631836]}, "sizes": {"586_fri_c3_1000_25": []}, "tau": 0.5}, "LinearQuantile": {"losses": {"586_fri_c3_1000_25": [0.059520676188714976, 0.06047097594911095, 0.05856284011686815, 0.056022615733009595, 0.053184540992789554]}, "coverage": {"586_fri_c3_1000_25": [0.010000000000000009, 0.025000000000000022, 0.030000000000000027, 0.034999999999999976, 0.04999999999999999]}, "complexity": {"586_fri_c3_1000_25": [25, 25, 25, 25, 25]}, "time_all": {"586_fri_c3_1000_25": [0.8610255718231201, 1.2590062618255615, 4.030721664428711, 2.999640464782715, 1.4744770526885986]}, "time_fit": {"586_fri_c3_1000_25": [0.06684350967407227, 0.08650708198547363, 0.3212549686431885, 0.18564224243164062, 0.10769486427307129]}, "sizes": {"586_fri_c3_1000_25": []}, "tau": 0.5}}