{"SQR": {"losses": {"635_fri_c0_250_10": [0.009524960624818437, 0.01305058246933779, 0.009890664757653765, 0.013510750832123756, 0.013782118640447526]}, "coverage": {"635_fri_c0_250_10": [0.07999999999999996, 0.020000000000000018, 0.020000000000000018, 0.020000000000000018, 0.09999999999999998]}, "complexity": {"635_fri_c0_250_10": [11, 9, 10, 11, 12]}, "time_all": {"635_fri_c0_250_10": [93.16292095184326, 77.39774799346924, 76.63597774505615, 77.26944971084595, 77.71308255195618]}, "time_fit": {"635_fri_c0_250_10": [93.16292095184326, 77.39774799346924, 76.63597774505615, 77.26944971084595, 77.71308255195618]}, "sizes": {"635_fri_c0_250_10": []}, "tau": 0.9}, "LightGBM": {"losses": {"635_fri_c0_250_10": [0.0265474909347893, 0.025135175728513256, 0.022685712880924216, 0.023913208350483824, 0.025674261345858256]}, "coverage": {"635_fri_c0_250_10": [0.020000000000000018, 0.0, 0.020000000000000018, 0.06000000000000005, 0.06000000000000005]}, "time_all": {"635_fri_c0_250_10": [0.16664814949035645, 0.11254024505615234, 0.12433624267578125, 0.11528921127319336, 0.12124419212341309]}, "time_fit": {"635_fri_c0_250_10": [0.0278017520904541, 0.019633769989013672, 0.02840399742126465, 0.02611374855041504, 0.027606964111328125]}, "sizes": {"635_fri_c0_250_10": []}, "tau": 0.9}, "DecisionTree": {"losses": {"635_fri_c0_250_10": [0.02154995268472913, 0.022373405444943564, 0.01975692930948468, 0.02509805695287673, 0.023800477729844723]}, "coverage": {"635_fri_c0_250_10": [0.08000000000000007, 0.08000000000000007, 0.0, 0.020000000000000018, 0.040000000000000036]}, "complexity": {"635_fri_c0_250_10": [33, 15, 9, 7, 15]}, "time_all": {"635_fri_c0_250_10": [0.053835391998291016, 0.04978632926940918, 0.04978585243225098, 0.04970264434814453, 0.050177574157714844]}, "time_fit": {"635_fri_c0_250_10": [0.0051081180572509766, 0.0034637451171875, 0.0028183460235595703, 0.0025763511657714844, 0.00341796875]}, "sizes": {"635_fri_c0_250_10": []}, "tau": 0.9}, "LinearQuantile": {"losses": {"635_fri_c0_250_10": [0.04727754511006504, 0.06395106089041573, 0.051407686296670134, 0.04560383175315143, 0.053471044477641054]}, "coverage": {"635_fri_c0_250_10": [0.42000000000000004, 0.56, 0.46, 0.5, 0.48000000000000004]}, "complexity": {"635_fri_c0_250_10": [10, 10, 10, 10, 10]}, "time_all": {"635_fri_c0_250_10": [0.8085446357727051, 0.290416955947876, 0.23565244674682617, 0.24506282806396484, 0.1905379295349121]}, "time_fit": {"635_fri_c0_250_10": [0.07184362411499023, 0.025070905685424805, 0.020196199417114258, 0.021190643310546875, 0.016710519790649414]}, "sizes": {"635_fri_c0_250_10": []}, "tau": 0.9}}