{"SQR": {"losses": {"626_fri_c2_500_50": [0.026731511245987088, 0.034198321293849206, 0.022064413226488753, 0.020012626467848245, 0.03715050245645121]}, "coverage": {"626_fri_c2_500_50": [0.030000000000000027, 0.12, 0.06000000000000005, 0.040000000000000036, 0.12]}, "complexity": {"626_fri_c2_500_50": [11, 8, 11, 13, 10]}, "time_all": {"626_fri_c2_500_50": [103.29500341415405, 72.44818997383118, 93.41810846328735, 85.88628101348877, 79.65933656692505]}, "time_fit": {"626_fri_c2_500_50": [103.29500341415405, 72.44818997383118, 93.41810846328735, 85.88628101348877, 79.65933656692505]}, "sizes": {"626_fri_c2_500_50": []}, "tau": 0.5}, "LightGBM": {"losses": {"626_fri_c2_500_50": [0.03856035519172332, 0.036543366367763744, 0.03566793668634204, 0.04183100275031668, 0.043711070219831824]}, "coverage": {"626_fri_c2_500_50": [0.020000000000000018, 0.050000000000000044, 0.08999999999999997, 0.040000000000000036, 0.06]}, "time_all": {"626_fri_c2_500_50": [0.3325233459472656, 0.27908897399902344, 0.2653210163116455, 0.3164236545562744, 0.268740177154541]}, "time_fit": {"626_fri_c2_500_50": [0.06317758560180664, 0.05989360809326172, 0.05784869194030762, 0.06018996238708496, 0.060957908630371094]}, "sizes": {"626_fri_c2_500_50": []}, "tau": 0.5}, "DecisionTree": {"losses": {"626_fri_c2_500_50": [0.04299146622222533, 0.043089465065962465, 0.03970840272442919, 0.04317549842499382, 0.047291748361895286]}, "coverage": {"626_fri_c2_500_50": [0.040000000000000036, 0.08000000000000002, 0.030000000000000027, 0.09999999999999998, 0.04999999999999999]}, "complexity": {"626_fri_c2_500_50": [29, 161, 71, 73, 15]}, "time_all": {"626_fri_c2_500_50": [0.2111959457397461, 0.23454737663269043, 0.2068920135498047, 0.20905494689941406, 0.19765996932983398]}, "time_fit": {"626_fri_c2_500_50": [0.01704120635986328, 0.03519415855407715, 0.023006439208984375, 0.023975849151611328, 0.012599706649780273]}, "sizes": {"626_fri_c2_500_50": []}, "tau": 0.5}, "LinearQuantile": {"losses": {"626_fri_c2_500_50": [0.08899107728418565, 0.09044264486696203, 0.07820956215875531, 0.0789019100507128, 0.08485985327493507]}, "coverage": {"626_fri_c2_500_50": [0.020000000000000018, 0.030000000000000027, 0.03999999999999998, 0.020000000000000018, 0.04999999999999999]}, "complexity": {"626_fri_c2_500_50": [50, 50, 50, 50, 50]}, "time_all": {"626_fri_c2_500_50": [4.932817697525024, 5.047626256942749, 24.124534130096436, 16.453654050827026, 6.335627317428589]}, "time_fit": {"626_fri_c2_500_50": [0.40112829208374023, 0.42378687858581543, 2.167003631591797, 1.365851640701294, 0.526963472366333]}, "sizes": {"626_fri_c2_500_50": []}, "tau": 0.5}}