{"SQR": {"losses": {"201_pol": [0.06453860961362028, 0.05020182390433699, 0.05637512053866046, 0.05479253265492317, 0.06906950285358328]}, "coverage": {"201_pol": [0.2576666666666667, 0.2553333333333333, 0.2396666666666667, 0.22666666666666668, 0.2416666666666667]}, "complexity": {"201_pol": [9, 11, 10, 13, 5]}, "time_all": {"201_pol": [560.0470299720764, 590.8968613147736, 644.5395355224609, 356.6493365764618, 789.3436601161957]}, "time_fit": {"201_pol": [560.0470299720764, 590.8968613147736, 644.5395355224609, 356.6493365764618, 789.3436601161957]}, "sizes": {"201_pol": []}, "tau": 0.5}, "LightGBM": {"losses": {"201_pol": [0.03466048393127125, 0.033818542087772754, 0.034329076134247315, 0.03589880390905472, 0.033641881314950425]}, "coverage": {"201_pol": [0.18833333333333335, 0.19233333333333336, 0.17666666666666664, 0.18033333333333335, 0.18400000000000005]}, "time_all": {"201_pol": [2.155911922454834, 2.049833297729492, 2.117574453353882, 1.916123628616333, 2.009432077407837]}, "time_fit": {"201_pol": [0.4792482852935791, 0.48009657859802246, 0.4834580421447754, 0.4677579402923584, 0.4516148567199707]}, "sizes": {"201_pol": []}, "tau": 0.5}, "DecisionTree": {"losses": {"201_pol": [0.01, 0.0096, 0.010533333333333332, 0.010808333333333333, 0.009899999999999999]}, "coverage": {"201_pol": [0.43933333333333335, 0.43500000000000005, 0.41633333333333333, 0.42966666666666664, 0.41466666666666663]}, "complexity": {"201_pol": [1213, 1167, 1173, 1193, 1155]}, "time_all": {"201_pol": [0.8100759983062744, 0.7958784103393555, 0.7742781639099121, 0.7928428649902344, 0.7707655429840088]}, "time_fit": {"201_pol": [0.10744643211364746, 0.10539865493774414, 0.10280251502990723, 0.10590195655822754, 0.10290074348449707]}, "sizes": {"201_pol": []}, "tau": 0.5}, "LinearQuantile": {"losses": {"201_pol": [0.12981493480669665, 0.13175078826891712, 0.13157675270081642, 0.1340453806375623, 0.13333342560616407]}, "coverage": {"201_pol": [0.009333333333333305, 0.007333333333333303, 0.01266666666666666, 0.012333333333333307, 0.008333333333333304]}, "complexity": {"201_pol": [48, 48, 48, 48, 48]}, "time_all": {"201_pol": [14.891677379608154, 60.82257127761841, 154.8917977809906, 54.433531761169434, 47.55756115913391]}, "time_fit": {"201_pol": [1.3537428379058838, 5.400727987289429, 17.072739124298096, 4.810120582580566, 4.2039313316345215]}, "sizes": {"201_pol": []}, "tau": 0.5}}