{"SQR": {"losses": {"573_cpu_act": [0.016838333223742893, 0.017035773282629438, 0.01669508086341778, 0.013629883365850996, 0.01400824432048269]}, "coverage": {"573_cpu_act": [0.008236729713239743, 0.02471018913971934, 0.006715506715506692, 0.005494505494505475, 0.020757020757020794]}, "complexity": {"573_cpu_act": [4, 4, 4, 7, 6]}, "time_all": {"573_cpu_act": [495.23867201805115, 539.7646594047546, 508.489679813385, 541.7519180774689, 512.7670407295227]}, "time_fit": {"573_cpu_act": [495.23867201805115, 539.7646594047546, 508.489679813385, 541.7519180774689, 512.7670407295227]}, "sizes": {"573_cpu_act": []}, "tau": 0.5}, "LightGBM": {"losses": {"573_cpu_act": [0.016469092501012153, 0.01580506034961037, 0.015464723801084332, 0.01794763409565272, 0.0188799132114455]}, "coverage": {"573_cpu_act": [0.031421598535692485, 0.010067114093959717, 0.013431013431013439, 0.014041514041514047, 0.014041514041513992]}, "time_all": {"573_cpu_act": [1.1744067668914795, 1.16217041015625, 1.1197130680084229, 1.0810456275939941, 1.113088607788086]}, "time_fit": {"573_cpu_act": [0.15148258209228516, 0.14991545677185059, 0.1464698314666748, 0.14396357536315918, 0.14844131469726562]}, "sizes": {"573_cpu_act": []}, "tau": 0.5}, "DecisionTree": {"losses": {"573_cpu_act": [0.01077893024201749, 0.01085750734927062, 0.010808635808635808, 0.010756219089552424, 0.010657552324218991]}, "coverage": {"573_cpu_act": [0.08938377059182423, 0.1070774862721171, 0.08119658119658124, 0.11477411477411481, 0.13492063492063489]}, "complexity": {"573_cpu_act": [1093, 491, 503, 497, 317]}, "time_all": {"573_cpu_act": [1.5604133605957031, 1.4455029964447021, 1.203057050704956, 1.2525849342346191, 1.5284640789031982]}, "time_fit": {"573_cpu_act": [0.13229060173034668, 0.09721589088439941, 0.09890151023864746, 0.09987187385559082, 0.08606529235839844]}, "sizes": {"573_cpu_act": []}, "tau": 0.5}, "LinearQuantile": {"losses": {"573_cpu_act": [0.06004549886734055, 0.061108571920847336, 0.06160461407765331, 0.060648411270343296, 0.060892101751051635]}, "coverage": {"573_cpu_act": [0.057046979865771785, 0.04545454545454547, 0.06043956043956045, 0.057387057387057405, 0.0641025641025641]}, "complexity": {"573_cpu_act": [21, 21, 21, 21, 21]}, "time_all": {"573_cpu_act": [46.09320950508118, 45.82356262207031, 47.44555401802063, 44.249056816101074, 51.67099452018738]}, "time_fit": {"573_cpu_act": [5.067641973495483, 3.3222594261169434, 1.735959529876709, 2.165656566619873, 6.400493144989014]}, "sizes": {"573_cpu_act": []}, "tau": 0.5}}