{"SQR": {"losses": {"606_fri_c2_1000_10": [0.030577432516117525, 0.02640541820422653, 0.012127337848547316, 0.026342667083220077, 0.021949323334038352]}, "coverage": {"606_fri_c2_1000_10": [0.07500000000000001, 0.10999999999999999, 0.040000000000000036, 0.020000000000000018, 0.04999999999999999]}, "complexity": {"606_fri_c2_1000_10": [10, 13, 15, 13, 16]}, "time_all": {"606_fri_c2_1000_10": [104.35756707191467, 99.95847988128662, 107.11316776275635, 106.91784048080444, 95.58827590942383]}, "time_fit": {"606_fri_c2_1000_10": [104.35756707191467, 99.95847988128662, 107.11316776275635, 106.91784048080444, 95.58827590942383]}, "sizes": {"606_fri_c2_1000_10": []}, "tau": 0.5}, "LightGBM": {"losses": {"606_fri_c2_1000_10": [0.034997387411728864, 0.031965223098556775, 0.03141062978823207, 0.03409122205544274, 0.02850127250419322]}, "coverage": {"606_fri_c2_1000_10": [0.025000000000000022, 0.04500000000000004, 0.044999999999999984, 0.015000000000000013, 0.020000000000000018]}, "time_all": {"606_fri_c2_1000_10": [0.43802952766418457, 0.40125513076782227, 0.38849401473999023, 0.40825366973876953, 0.3870253562927246]}, "time_fit": {"606_fri_c2_1000_10": [0.08209538459777832, 0.0808403491973877, 0.08152437210083008, 0.08000898361206055, 0.08110666275024414]}, "sizes": {"606_fri_c2_1000_10": []}, "tau": 0.5}, "DecisionTree": {"losses": {"606_fri_c2_1000_10": [0.03347963207311068, 0.035947605766132124, 0.0322058065377796, 0.0316505506622738, 0.0348939469852553]}, "coverage": {"606_fri_c2_1000_10": [0.0050000000000000044, 0.030000000000000027, 0.0050000000000000044, 0.020000000000000018, 0.010000000000000009]}, "complexity": {"606_fri_c2_1000_10": [139, 139, 325, 139, 325]}, "time_all": {"606_fri_c2_1000_10": [0.18123698234558105, 0.17323732376098633, 0.19061613082885742, 0.1770944595336914, 0.19379591941833496]}, "time_fit": {"606_fri_c2_1000_10": [0.01996302604675293, 0.018997669219970703, 0.03397369384765625, 0.019756555557250977, 0.03390192985534668]}, "sizes": {"606_fri_c2_1000_10": []}, "tau": 0.5}, "LinearQuantile": {"losses": {"606_fri_c2_1000_10": [0.07202543345482984, 0.07305458805911581, 0.06917710323008211, 0.0707490737563883, 0.0689257728619275]}, "coverage": {"606_fri_c2_1000_10": [0.010000000000000009, 0.0, 0.07, 0.0050000000000000044, 0.07]}, "complexity": {"606_fri_c2_1000_10": [10, 10, 10, 10, 10]}, "time_all": {"606_fri_c2_1000_10": [0.788952112197876, 0.41980910301208496, 0.29866838455200195, 0.5386624336242676, 0.6672475337982178]}, "time_fit": {"606_fri_c2_1000_10": [0.06948018074035645, 0.033295631408691406, 0.025219440460205078, 0.04148578643798828, 0.04921412467956543]}, "sizes": {"606_fri_c2_1000_10": []}, "tau": 0.5}}