{"SQR": {"losses": {"1196_BNG_pharynx": [0.025597757868741383, 0.02578809555689293, 0.02559930483496342, 0.025618271305475688, 0.025582061821435444]}, "coverage": {"1196_BNG_pharynx": [0.0032849999999999824, 0.0022499999999999742, 0.0014199999999999768, 0.00041000000000002146, 0.0025049999999999795]}, "complexity": {"1196_BNG_pharynx": [3, 3, 3, 3, 3]}, "time_all": {"1196_BNG_pharynx": [599.5163562297821, 520.0663168430328, 603.7839334011078, 557.9195408821106, 591.7544813156128]}, "time_fit": {"1196_BNG_pharynx": [599.5163562297821, 520.0663168430328, 603.7839334011078, 557.9195408821106, 591.7544813156128]}, "sizes": {"1196_BNG_pharynx": []}, "tau": 0.9}, "LightGBM": {"losses": {"1196_BNG_pharynx": [0.02339466397572838, 0.023527338897171825, 0.023379844715150727, 0.023432657981789718, 0.023335946670161915]}, "coverage": {"1196_BNG_pharynx": [0.014149999999999996, 0.014214999999999978, 0.014490000000000003, 0.014024999999999954, 0.014549999999999952]}, "time_all": {"1196_BNG_pharynx": [6.104030132293701, 5.8626322746276855, 5.908406734466553, 5.785178184509277, 5.633374452590942]}, "time_fit": {"1196_BNG_pharynx": [1.0362164974212646, 1.0037448406219482, 1.0336024761199951, 1.0612998008728027, 1.016289472579956]}, "sizes": {"1196_BNG_pharynx": []}, "tau": 0.9}, "DecisionTree": {"losses": {"1196_BNG_pharynx": [0.02316387820459814, 0.023414021400946686, 0.023145285731894793, 0.0231613052473388, 0.023151185565642628]}, "coverage": {"1196_BNG_pharynx": [0.01939000000000002, 0.02047500000000002, 0.018870000000000053, 0.01851999999999998, 0.020140000000000047]}, "complexity": {"1196_BNG_pharynx": [25415, 25477, 25477, 25511, 25451]}, "time_all": {"1196_BNG_pharynx": [232.33250164985657, 232.17991304397583, 231.59055089950562, 233.1826822757721, 233.1430435180664]}, "time_fit": {"1196_BNG_pharynx": [9.797380447387695, 9.81734013557434, 9.853996753692627, 9.90516209602356, 9.85040831565857]}, "sizes": {"1196_BNG_pharynx": []}, "tau": 0.9}, "LinearQuantile": {"losses": {"1196_BNG_pharynx": [0.02329730687257464, 0.02348053379120022, 0.023252424092905424, 0.023300518854835202, 0.023231062651703757]}, "coverage": {"1196_BNG_pharynx": [0.0002550000000000052, 0.0008650000000000047, 0.00024999999999997247, 0.0004750000000000032, 0.0005100000000000104]}, "complexity": {"1196_BNG_pharynx": [32, 32, 32, 32, 32]}, "time_all": {"1196_BNG_pharynx": [2125.7758395671844, 1720.9199016094208, 2723.0184683799744, 5348.635103225708, 745.4590995311737]}, "time_fit": {"1196_BNG_pharynx": [193.4870855808258, 156.94755387306213, 250.54098796844482, 606.0268206596375, 67.75862860679626]}, "sizes": {"1196_BNG_pharynx": []}, "tau": 0.9}}