{"SQR": {"losses": {"560_bodyfat": [0.000269576596746755, 0.001992407507640904, 0.007968317672302064, 0.0008123034572813566, 0.0012652540860773503]}, "coverage": {"560_bodyfat": [0.021568627450980316, 0.15490196078431373, 0.020000000000000018, 0.0, 0.0]}, "complexity": {"560_bodyfat": [10, 13, 15, 10, 7]}, "time_all": {"560_bodyfat": [89.58630204200745, 74.12160325050354, 77.13941621780396, 73.15718579292297, 70.88145136833191]}, "time_fit": {"560_bodyfat": [89.58630204200745, 74.12160325050354, 77.13941621780396, 73.15718579292297, 70.88145136833191]}, "sizes": {"560_bodyfat": []}, "tau": 0.9}, "LightGBM": {"losses": {"560_bodyfat": [0.017385827259112936, 0.021663519813585864, 0.01372594547770319, 0.016956325362542133, 0.016873279095891057]}, "coverage": {"560_bodyfat": [0.0607843137254902, 0.056862745098039236, 0.07999999999999996, 0.07999999999999996, 0.020000000000000018]}, "time_all": {"560_bodyfat": [0.13251185417175293, 0.10394883155822754, 0.10248780250549316, 0.10027909278869629, 0.08904027938842773]}, "time_fit": {"560_bodyfat": [0.016967296600341797, 0.020949602127075195, 0.020441532135009766, 0.0199739933013916, 0.01761627197265625]}, "sizes": {"560_bodyfat": []}, "tau": 0.9}, "DecisionTree": {"losses": {"560_bodyfat": [0.0028928809997590065, 0.009112486267483517, 0.006246315757349918, 0.0032901041236676662, 0.0021637874482807367]}, "coverage": {"560_bodyfat": [0.27254901960784317, 0.1941176470588235, 0.14, 0.20000000000000007, 0.12]}, "complexity": {"560_bodyfat": [75, 81, 33, 83, 81]}, "time_all": {"560_bodyfat": [0.057211875915527344, 0.05834031105041504, 0.05361628532409668, 0.0576021671295166, 0.057775259017944336]}, "time_fit": {"560_bodyfat": [0.008686304092407227, 0.008826017379760742, 0.0050928592681884766, 0.008914709091186523, 0.008843421936035156]}, "sizes": {"560_bodyfat": []}, "tau": 0.9}, "LinearQuantile": {"losses": {"560_bodyfat": [0.012188515533091604, 0.013300459102908608, 0.023099252075744196, 0.013025391932124052, 0.016285722566226787]}, "coverage": {"560_bodyfat": [0.0607843137254902, 0.0019607843137254832, 0.06000000000000005, 0.08000000000000007, 0.020000000000000018]}, "complexity": {"560_bodyfat": [14, 14, 14, 14, 14]}, "time_all": {"560_bodyfat": [1.160733938217163, 1.1146767139434814, 0.5763595104217529, 1.1103661060333252, 0.8268246650695801]}, "time_fit": {"560_bodyfat": [0.10334157943725586, 0.07270073890686035, 0.04752326011657715, 0.07518959045410156, 0.06119036674499512]}, "sizes": {"560_bodyfat": []}, "tau": 0.9}}