{"SQR": {"losses": {"612_fri_c1_1000_5": [0.006467158673396072, 0.005070959258309414, 0.00494888714599781, 0.01202800449785663, 0.010947911453055495]}, "coverage": {"612_fri_c1_1000_5": [0.010000000000000009, 0.020000000000000018, 0.03500000000000003, 0.039999999999999925, 0.020000000000000018]}, "complexity": {"612_fri_c1_1000_5": [12, 15, 16, 7, 12]}, "time_all": {"612_fri_c1_1000_5": [125.31708669662476, 104.3240909576416, 104.8574526309967, 98.52524662017822, 104.35522198677063]}, "time_fit": {"612_fri_c1_1000_5": [125.31708669662476, 104.3240909576416, 104.8574526309967, 98.52524662017822, 104.35522198677063]}, "sizes": {"612_fri_c1_1000_5": []}, "tau": 0.9}, "LightGBM": {"losses": {"612_fri_c1_1000_5": [0.017532728777970182, 0.020155119108495687, 0.019391886948660092, 0.01919053747104464, 0.020426565255087823]}, "coverage": {"612_fri_c1_1000_5": [0.0, 0.0050000000000000044, 0.020000000000000018, 0.015000000000000013, 0.015000000000000013]}, "time_all": {"612_fri_c1_1000_5": [0.35036325454711914, 0.29434776306152344, 0.3119511604309082, 0.31647181510925293, 0.2973332405090332]}, "time_fit": {"612_fri_c1_1000_5": [0.06200003623962402, 0.059966325759887695, 0.058465003967285156, 0.06079292297363281, 0.05390119552612305]}, "sizes": {"612_fri_c1_1000_5": []}, "tau": 0.9}, "DecisionTree": {"losses": {"612_fri_c1_1000_5": [0.016235451869364762, 0.017798766032713288, 0.01686074871382217, 0.017282119959873856, 0.018769461771355276]}, "coverage": {"612_fri_c1_1000_5": [0.0, 0.08999999999999997, 0.19500000000000006, 0.010000000000000009, 0.08000000000000007]}, "complexity": {"612_fri_c1_1000_5": [31, 39, 331, 23, 59]}, "time_all": {"612_fri_c1_1000_5": [0.13065862655639648, 0.13103747367858887, 0.15050816535949707, 0.12548518180847168, 0.13216900825500488]}, "time_fit": {"612_fri_c1_1000_5": [0.006730318069458008, 0.007657051086425781, 0.029330015182495117, 0.005731821060180664, 0.009436607360839844]}, "sizes": {"612_fri_c1_1000_5": []}, "tau": 0.9}, "LinearQuantile": {"losses": {"612_fri_c1_1000_5": [0.07745083441842866, 0.06807662308226957, 0.07006140566670611, 0.06636107825919196, 0.06662932893853618]}, "coverage": {"612_fri_c1_1000_5": [0.47000000000000003, 0.4, 0.44, 0.42500000000000004, 0.435]}, "complexity": {"612_fri_c1_1000_5": [5, 5, 5, 5, 5]}, "time_all": {"612_fri_c1_1000_5": [0.39925599098205566, 0.957974910736084, 0.48621177673339844, 0.216080904006958, 0.16564440727233887]}, "time_fit": {"612_fri_c1_1000_5": [0.03504633903503418, 0.0753626823425293, 0.04002189636230469, 0.019187211990356445, 0.014443397521972656]}, "sizes": {"612_fri_c1_1000_5": []}, "tau": 0.9}}