{"SQR": {"losses": {"611_fri_c3_100_5": [0.017205466855500055, 0.0160987862239109, 0.014907551617395369, 0.021798030082823723, 0.03190039757388836]}, "coverage": {"611_fri_c3_100_5": [0.04999999999999999, 0.050000000000000044, 0.04999999999999999, 0.09999999999999998, 0.09999999999999998]}, "complexity": {"611_fri_c3_100_5": [15, 13, 12, 13, 10]}, "time_all": {"611_fri_c3_100_5": [80.97391772270203, 65.94230055809021, 66.27573227882385, 66.62157487869263, 66.63418745994568]}, "time_fit": {"611_fri_c3_100_5": [80.97391772270203, 65.94230055809021, 66.27573227882385, 66.62157487869263, 66.63418745994568]}, "sizes": {"611_fri_c3_100_5": []}, "tau": 0.5}, "LightGBM": {"losses": {"611_fri_c3_100_5": [0.04711106457541788, 0.056694670118595046, 0.061957773093605104, 0.04747591076899113, 0.10600691459373841]}, "coverage": {"611_fri_c3_100_5": [0.04999999999999999, 0.0, 0.09999999999999998, 0.09999999999999998, 0.0]}, "time_all": {"611_fri_c3_100_5": [0.11382555961608887, 0.07575678825378418, 0.0753333568572998, 0.08896541595458984, 0.06944870948791504]}, "time_fit": {"611_fri_c3_100_5": [0.015503168106079102, 0.017350435256958008, 0.014658212661743164, 0.01797032356262207, 0.015184402465820312]}, "sizes": {"611_fri_c3_100_5": []}, "tau": 0.5}, "DecisionTree": {"losses": {"611_fri_c3_100_5": [0.052365413452872066, 0.04174717788400627, 0.05284508492082102, 0.037417285947305784, 0.05619491970542253]}, "coverage": {"611_fri_c3_100_5": [0.0, 0.09999999999999998, 0.2, 0.19999999999999996, 0.09999999999999998]}, "complexity": {"611_fri_c3_100_5": [13, 33, 13, 13, 35]}, "time_all": {"611_fri_c3_100_5": [0.03406381607055664, 0.032937049865722656, 0.032389163970947266, 0.033261775970458984, 0.03450798988342285]}, "time_fit": {"611_fri_c3_100_5": [0.002657651901245117, 0.003894329071044922, 0.0026140213012695312, 0.0025119781494140625, 0.004159212112426758]}, "sizes": {"611_fri_c3_100_5": []}, "tau": 0.5}, "LinearQuantile": {"losses": {"611_fri_c3_100_5": [0.08134449139318906, 0.0719682124219565, 0.06591016977588271, 0.05727299647395441, 0.10685389178390221]}, "coverage": {"611_fri_c3_100_5": [0.0, 0.050000000000000044, 0.09999999999999998, 0.0, 0.04999999999999999]}, "complexity": {"611_fri_c3_100_5": [5, 5, 5, 5, 5]}, "time_all": {"611_fri_c3_100_5": [0.47095465660095215, 0.20846009254455566, 0.15261411666870117, 0.06484413146972656, 0.43298935890197754]}, "time_fit": {"611_fri_c3_100_5": [0.0413970947265625, 0.01760554313659668, 0.013035058975219727, 0.005259990692138672, 0.034928083419799805]}, "sizes": {"611_fri_c3_100_5": []}, "tau": 0.5}}