{"SQR": {"losses": {"561_cpu": [0.0035662307256413466, 0.0072884355094489746, 0.0032700362819590607, 0.004576713329613181, 0.001049637541602188]}, "coverage": {"561_cpu": [0.04761904761904767, 0.0, 0.11904761904761907, 0.023809523809523836, 0.08536585365853655]}, "complexity": {"561_cpu": [9, 11, 10, 11, 13]}, "time_all": {"561_cpu": [92.90874409675598, 73.8919084072113, 74.71648836135864, 75.81603932380676, 74.528653383255]}, "time_fit": {"561_cpu": [92.90874409675598, 73.8919084072113, 74.71648836135864, 75.81603932380676, 74.528653383255]}, "sizes": {"561_cpu": []}, "tau": 0.5}, "LightGBM": {"losses": {"561_cpu": [0.021644955838193123, 0.014804422003962724, 0.00822861822211378, 0.009414142105205416, 0.0040629802137258425]}, "coverage": {"561_cpu": [0.0714285714285714, 0.023809523809523836, 0.26190476190476186, 0.16666666666666663, 0.1097560975609756]}, "time_all": {"561_cpu": [0.1696155071258545, 0.13392949104309082, 0.11871099472045898, 0.11423206329345703, 0.11664867401123047]}, "time_fit": {"561_cpu": [0.026777267456054688, 0.03097248077392578, 0.027888059616088867, 0.025714635848999023, 0.026166677474975586]}, "sizes": {"561_cpu": []}, "tau": 0.5}, "DecisionTree": {"losses": {"561_cpu": [0.018426585679243077, 0.009247362068294202, 0.006375812794455476, 0.00800626873807577, 0.0037841772530562592]}, "coverage": {"561_cpu": [0.16666666666666663, 0.11904761904761907, 0.04761904761904767, 0.0714285714285714, 0.1585365853658537]}, "complexity": {"561_cpu": [69, 69, 31, 63, 29]}, "time_all": {"561_cpu": [0.04626727104187012, 0.0463104248046875, 0.04201793670654297, 0.04376840591430664, 0.0420832633972168]}, "time_fit": {"561_cpu": [0.006826639175415039, 0.0066983699798583984, 0.0039904117584228516, 0.0062177181243896484, 0.0038361549377441406]}, "sizes": {"561_cpu": []}, "tau": 0.5}, "LinearQuantile": {"losses": {"561_cpu": [0.014342117204803956, 0.01210353223726274, 0.005660601715175752, 0.0067917774019305285, 0.005558459187199018]}, "coverage": {"561_cpu": [0.023809523809523836, 0.0, 0.0714285714285714, 0.1428571428571429, 0.012195121951219523]}, "complexity": {"561_cpu": [7, 7, 7, 7, 7]}, "time_all": {"561_cpu": [0.1498713493347168, 0.4646430015563965, 0.39746904373168945, 0.2098369598388672, 0.09786152839660645]}, "time_fit": {"561_cpu": [0.012780189514160156, 0.03810906410217285, 0.03232407569885254, 0.01850605010986328, 0.008245706558227539]}, "sizes": {"561_cpu": []}, "tau": 0.5}}