{"SQR": {"losses": {"641_fri_c1_500_10": [0.006284749651190736, 0.01150322476465246, 0.00451951247294905, 0.009451027570970709, 0.013565119513187195]}, "coverage": {"641_fri_c1_500_10": [0.010000000000000009, 0.050000000000000044, 0.050000000000000044, 0.020000000000000018, 0.020000000000000018]}, "complexity": {"641_fri_c1_500_10": [16, 12, 16, 13, 7]}, "time_all": {"641_fri_c1_500_10": [103.85261631011963, 90.07033038139343, 98.01877164840698, 91.6189558506012, 84.31310081481934]}, "time_fit": {"641_fri_c1_500_10": [103.85261631011963, 90.07033038139343, 98.01877164840698, 91.6189558506012, 84.31310081481934]}, "sizes": {"641_fri_c1_500_10": []}, "tau": 0.9}, "LightGBM": {"losses": {"641_fri_c1_500_10": [0.025026531226881397, 0.024010674486257377, 0.02056518484483482, 0.019011153995498017, 0.024606536728610018]}, "coverage": {"641_fri_c1_500_10": [0.050000000000000044, 0.0, 0.030000000000000027, 0.050000000000000044, 0.010000000000000009]}, "time_all": {"641_fri_c1_500_10": [0.22104406356811523, 0.2158215045928955, 0.20772910118103027, 0.21416592597961426, 0.2037956714630127]}, "time_fit": {"641_fri_c1_500_10": [0.038329362869262695, 0.04120802879333496, 0.040674686431884766, 0.04162406921386719, 0.03933119773864746]}, "sizes": {"641_fri_c1_500_10": []}, "tau": 0.9}, "DecisionTree": {"losses": {"641_fri_c1_500_10": [0.01822801996568972, 0.019012160150572884, 0.01849670024798751, 0.021283855968574145, 0.022751966530133887]}, "coverage": {"641_fri_c1_500_10": [0.12, 0.030000000000000027, 0.17000000000000004, 0.040000000000000036, 0.010000000000000009]}, "complexity": {"641_fri_c1_500_10": [29, 19, 159, 29, 19]}, "time_all": {"641_fri_c1_500_10": [0.08678722381591797, 0.08381319046020508, 0.09398794174194336, 0.0866389274597168, 0.08529329299926758]}, "time_fit": {"641_fri_c1_500_10": [0.0062673091888427734, 0.005118608474731445, 0.01636028289794922, 0.006251096725463867, 0.005082130432128906]}, "sizes": {"641_fri_c1_500_10": []}, "tau": 0.9}, "LinearQuantile": {"losses": {"641_fri_c1_500_10": [0.09178280448392374, 0.08451316784524159, 0.0644338347793155, 0.08971509453733081, 0.07260445998467714]}, "coverage": {"641_fri_c1_500_10": [0.46, 0.45, 0.46, 0.5, 0.4]}, "complexity": {"641_fri_c1_500_10": [10, 10, 10, 10, 10]}, "time_all": {"641_fri_c1_500_10": [2.032836675643921, 0.1652822494506836, 0.3551313877105713, 0.16121387481689453, 0.31630706787109375]}, "time_fit": {"641_fri_c1_500_10": [0.12092232704162598, 0.014525413513183594, 0.031112194061279297, 0.014025688171386719, 0.02768254280090332]}, "sizes": {"641_fri_c1_500_10": []}, "tau": 0.9}}