{"SQR": {"losses": {"215_2dplanes": [0.010833987243576404, 0.012116121102258832, 0.010615776969132186, 0.010630960572200834, 0.01065748271569436]}, "coverage": {"215_2dplanes": [0.008167770419426068, 0.004733872945793527, 0.0009075300466028224, 0.001067091868024117, 0.004697657304059799]}, "complexity": {"215_2dplanes": [13, 12, 14, 12, 13]}, "time_all": {"215_2dplanes": [522.9037396907806, 545.8072395324707, 550.9671494960785, 516.7234938144684, 526.6840689182281]}, "time_fit": {"215_2dplanes": [522.9037396907806, 545.8072395324707, 550.9671494960785, 516.7234938144684, 526.6840689182281]}, "sizes": {"215_2dplanes": []}, "tau": 0.9}, "LightGBM": {"losses": {"215_2dplanes": [0.010198140699472382, 0.0101574196996426, 0.010447002447692115, 0.0103872814087441, 0.010378884688783882]}, "coverage": {"215_2dplanes": [0.04419916605347063, 0.04419916605347063, 0.0444444444444444, 0.04946645406598793, 0.04836256592665278]}, "time_all": {"215_2dplanes": [1.6264245510101318, 1.4121310710906982, 1.4287893772125244, 1.3806383609771729, 1.398944616317749]}, "time_fit": {"215_2dplanes": [0.22874021530151367, 0.22707319259643555, 0.2292022705078125, 0.21678590774536133, 0.2284073829650879]}, "sizes": {"215_2dplanes": []}, "tau": 0.9}, "DecisionTree": {"losses": {"215_2dplanes": [0.007276507467112172, 0.007421742091360939, 0.00725937082455071, 0.007278768752577575, 0.007232790549766769]}, "coverage": {"215_2dplanes": [0.012337503065979916, 0.025582536178562654, 0.01871474123129757, 0.014068441064638781, 0.012228627499080158]}, "complexity": {"215_2dplanes": [973, 1067, 981, 971, 997]}, "time_all": {"215_2dplanes": [2.462824583053589, 2.4334161281585693, 2.422060489654541, 2.3270084857940674, 2.4548747539520264]}, "time_fit": {"215_2dplanes": [0.10759568214416504, 0.1131906509399414, 0.10762929916381836, 0.10731244087219238, 0.10861468315124512]}, "sizes": {"215_2dplanes": []}, "tau": 0.9}, "LinearQuantile": {"losses": {"215_2dplanes": [0.016200968986223814, 0.016220431974747828, 0.016301477498469913, 0.016084802886370445, 0.016430662887107192]}, "coverage": {"215_2dplanes": [0.00029433406916845595, 0.004488594554819758, 0.0006622516556291647, 0.001508647123758089, 0.0011897461057279735]}, "complexity": {"215_2dplanes": [29, 29, 29, 29, 29]}, "time_all": {"215_2dplanes": [35.79412007331848, 28.66107749938965, 28.290552139282227, 23.89679479598999, 22.200592279434204]}, "time_fit": {"215_2dplanes": [3.2158896923065186, 2.490440845489502, 2.4529240131378174, 2.1154897212982178, 1.994248390197754]}, "sizes": {"215_2dplanes": []}, "tau": 0.9}}