{"SQR": {"losses": {"617_fri_c3_500_5": [0.010241773359170687, 0.0224332759998344, 0.021464890584869927, 0.014799740554086343, 0.01711575360725017]}, "coverage": {"617_fri_c3_500_5": [0.010000000000000009, 0.06, 0.19, 0.010000000000000009, 0.06]}, "complexity": {"617_fri_c3_500_5": [14, 11, 8, 12, 14]}, "time_all": {"617_fri_c3_500_5": [100.91203474998474, 88.50939750671387, 89.70457148551941, 87.30903840065002, 83.39937210083008]}, "time_fit": {"617_fri_c3_500_5": [100.91203474998474, 88.50939750671387, 89.70457148551941, 87.30903840065002, 83.39937210083008]}, "sizes": {"617_fri_c3_500_5": []}, "tau": 0.5}, "LightGBM": {"losses": {"617_fri_c3_500_5": [0.029114865557267156, 0.02914485252080273, 0.02263829624265744, 0.025986664267443175, 0.029135285902656665]}, "coverage": {"617_fri_c3_500_5": [0.020000000000000018, 0.06999999999999995, 0.040000000000000036, 0.020000000000000018, 0.09999999999999998]}, "time_all": {"617_fri_c3_500_5": [0.2742171287536621, 0.23025846481323242, 0.25331830978393555, 0.26139068603515625, 0.2185196876525879]}, "time_fit": {"617_fri_c3_500_5": [0.05187582969665527, 0.053739070892333984, 0.05370926856994629, 0.0608973503112793, 0.051874399185180664]}, "sizes": {"617_fri_c3_500_5": []}, "tau": 0.5}, "DecisionTree": {"losses": {"617_fri_c3_500_5": [0.032665784986267744, 0.028939482110131847, 0.028630714722632476, 0.025300618916947064, 0.02831639688938894]}, "coverage": {"617_fri_c3_500_5": [0.08999999999999997, 0.0, 0.03999999999999998, 0.0, 0.06]}, "complexity": {"617_fri_c3_500_5": [165, 65, 165, 167, 157]}, "time_all": {"617_fri_c3_500_5": [0.08620643615722656, 0.0764310359954834, 0.08255267143249512, 0.08530473709106445, 0.08233475685119629]}, "time_fit": {"617_fri_c3_500_5": [0.015390396118164062, 0.008009910583496094, 0.014979362487792969, 0.015408992767333984, 0.014475345611572266]}, "sizes": {"617_fri_c3_500_5": []}, "tau": 0.5}, "LinearQuantile": {"losses": {"617_fri_c3_500_5": [0.05823640893217112, 0.060179214261383916, 0.04578285712826816, 0.058101766839162884, 0.0620956919337624]}, "coverage": {"617_fri_c3_500_5": [0.020000000000000018, 0.0, 0.010000000000000009, 0.020000000000000018, 0.04999999999999999]}, "complexity": {"617_fri_c3_500_5": [5, 5, 5, 5, 5]}, "time_all": {"617_fri_c3_500_5": [0.3606538772583008, 0.1810295581817627, 0.4908726215362549, 0.18650531768798828, 0.08832669258117676]}, "time_fit": {"617_fri_c3_500_5": [0.031438589096069336, 0.01587200164794922, 0.04100799560546875, 0.016223669052124023, 0.007428169250488281]}, "sizes": {"617_fri_c3_500_5": []}, "tau": 0.5}}