{"SQR": {"losses": {"590_fri_c0_1000_50": [0.009020384348352922, 0.010058017379222892, 0.01222502014602682, 0.00701360820788303, 0.013783019794716427]}, "coverage": {"590_fri_c0_1000_50": [0.015000000000000013, 0.010000000000000009, 0.0050000000000000044, 0.020000000000000018, 0.07000000000000006]}, "complexity": {"590_fri_c0_1000_50": [10, 10, 8, 15, 8]}, "time_all": {"590_fri_c0_1000_50": [107.33557176589966, 89.92249846458435, 91.98392677307129, 92.52579832077026, 96.30890107154846]}, "time_fit": {"590_fri_c0_1000_50": [107.33557176589966, 89.92249846458435, 91.98392677307129, 92.52579832077026, 96.30890107154846]}, "sizes": {"590_fri_c0_1000_50": []}, "tau": 0.9}, "LightGBM": {"losses": {"590_fri_c0_1000_50": [0.019372469296098108, 0.020519050320794836, 0.0220080218024631, 0.020081861462044694, 0.021785948141550614]}, "coverage": {"590_fri_c0_1000_50": [0.0, 0.03500000000000003, 0.025000000000000022, 0.025000000000000022, 0.0]}, "time_all": {"590_fri_c0_1000_50": [0.4109315872192383, 0.3895609378814697, 0.36101293563842773, 0.4004402160644531, 0.3541746139526367]}, "time_fit": {"590_fri_c0_1000_50": [0.07812809944152832, 0.07509517669677734, 0.07543683052062988, 0.07284188270568848, 0.07361841201782227]}, "sizes": {"590_fri_c0_1000_50": []}, "tau": 0.9}, "DecisionTree": {"losses": {"590_fri_c0_1000_50": [0.020333589890757422, 0.020565675507617284, 0.02086571500288076, 0.02079335236077918, 0.019779505960937]}, "coverage": {"590_fri_c0_1000_50": [0.040000000000000036, 0.04500000000000004, 0.10499999999999998, 0.07000000000000006, 0.0]}, "complexity": {"590_fri_c0_1000_50": [27, 39, 57, 33, 25]}, "time_all": {"590_fri_c0_1000_50": [0.45469069480895996, 0.4524824619293213, 0.4583559036254883, 0.45929431915283203, 0.44365620613098145]}, "time_fit": {"590_fri_c0_1000_50": [0.03042888641357422, 0.034156084060668945, 0.038338661193847656, 0.033800601959228516, 0.028130054473876953]}, "sizes": {"590_fri_c0_1000_50": []}, "tau": 0.9}, "LinearQuantile": {"losses": {"590_fri_c0_1000_50": [0.04400979097304629, 0.04500280410698881, 0.038236245384079055, 0.04063745264892309, 0.03885642054585457]}, "coverage": {"590_fri_c0_1000_50": [0.465, 0.48000000000000004, 0.43000000000000005, 0.49000000000000005, 0.46]}, "complexity": {"590_fri_c0_1000_50": [50, 50, 50, 50, 50]}, "time_all": {"590_fri_c0_1000_50": [7.456272840499878, 5.360529899597168, 30.358510732650757, 17.107011318206787, 10.992759227752686]}, "time_fit": {"590_fri_c0_1000_50": [0.6504318714141846, 0.4183957576751709, 2.3147799968719482, 1.4685633182525635, 0.9957108497619629]}, "sizes": {"590_fri_c0_1000_50": []}, "tau": 0.9}}