{"SQR": {"losses": {"596_fri_c2_250_5": [0.022277992368046673, 0.02990230651203531, 0.023294753576155625, 0.03987485566051482, 0.021876626223284023]}, "coverage": {"596_fri_c2_250_5": [0.09999999999999998, 0.15999999999999998, 0.19999999999999996, 0.03999999999999998, 0.020000000000000018]}, "complexity": {"596_fri_c2_250_5": [15, 14, 16, 10, 13]}, "time_all": {"596_fri_c2_250_5": [91.24474334716797, 75.0356822013855, 76.08239579200745, 74.5665488243103, 76.03037190437317]}, "time_fit": {"596_fri_c2_250_5": [91.24474334716797, 75.0356822013855, 76.08239579200745, 74.5665488243103, 76.03037190437317]}, "sizes": {"596_fri_c2_250_5": []}, "tau": 0.5}, "LightGBM": {"losses": {"596_fri_c2_250_5": [0.05771893762468531, 0.03962850568716936, 0.052589541279440856, 0.057836348873656934, 0.040835059903741915]}, "coverage": {"596_fri_c2_250_5": [0.06, 0.020000000000000018, 0.040000000000000036, 0.14, 0.12]}, "time_all": {"596_fri_c2_250_5": [0.18387937545776367, 0.15904450416564941, 0.13375496864318848, 0.15904903411865234, 0.1637279987335205]}, "time_fit": {"596_fri_c2_250_5": [0.032647132873535156, 0.03791546821594238, 0.030736923217773438, 0.0324251651763916, 0.03980565071105957]}, "sizes": {"596_fri_c2_250_5": []}, "tau": 0.5}, "DecisionTree": {"losses": {"596_fri_c2_250_5": [0.06201734658266977, 0.043667229101641676, 0.06114339889752587, 0.05762097976459203, 0.04399878784254773]}, "coverage": {"596_fri_c2_250_5": [0.06, 0.020000000000000018, 0.020000000000000018, 0.12, 0.020000000000000018]}, "complexity": {"596_fri_c2_250_5": [77, 9, 81, 35, 35]}, "time_all": {"596_fri_c2_250_5": [0.0523381233215332, 0.04752516746520996, 0.0513002872467041, 0.04800534248352051, 0.047954559326171875]}, "time_fit": {"596_fri_c2_250_5": [0.007811307907104492, 0.0024871826171875, 0.007828712463378906, 0.004562854766845703, 0.004492998123168945]}, "sizes": {"596_fri_c2_250_5": []}, "tau": 0.5}, "LinearQuantile": {"losses": {"596_fri_c2_250_5": [0.09059111961225906, 0.07819444216185271, 0.09775508486853851, 0.08450264899173977, 0.08421211117679805]}, "coverage": {"596_fri_c2_250_5": [0.040000000000000036, 0.020000000000000018, 0.040000000000000036, 0.09999999999999998, 0.12]}, "complexity": {"596_fri_c2_250_5": [5, 5, 5, 5, 5]}, "time_all": {"596_fri_c2_250_5": [0.8428325653076172, 0.14986109733581543, 0.11208438873291016, 0.13284897804260254, 0.1301286220550537]}, "time_fit": {"596_fri_c2_250_5": [0.07521557807922363, 0.013138771057128906, 0.009606599807739258, 0.011435270309448242, 0.011190176010131836]}, "sizes": {"596_fri_c2_250_5": []}, "tau": 0.5}}