{"SQR": {"losses": {"706_sleuth_case1202": [0.05870960045694252, 0.055576497875825914, 0.08597234229082441, 0.051331047208847284, 0.07312255715504137]}, "coverage": {"706_sleuth_case1202": [0.2368421052631579, 0.07894736842105265, 0.07894736842105265, 0.11111111111111116, 0.16666666666666669]}, "complexity": {"706_sleuth_case1202": [9, 10, 14, 12, 13]}, "time_all": {"706_sleuth_case1202": [84.48306941986084, 71.5233473777771, 69.47452211380005, 68.98071813583374, 67.78685259819031]}, "time_fit": {"706_sleuth_case1202": [84.48306941986084, 71.5233473777771, 69.47452211380005, 68.98071813583374, 67.78685259819031]}, "sizes": {"706_sleuth_case1202": []}, "tau": 0.5}, "LightGBM": {"losses": {"706_sleuth_case1202": [0.06431171778066418, 0.05261423515447579, 0.05779645315601721, 0.04962132168413101, 0.06632499637849737]}, "coverage": {"706_sleuth_case1202": [0.1842105263157895, 0.07894736842105265, 0.23684210526315785, 0.16666666666666663, 0.16666666666666669]}, "time_all": {"706_sleuth_case1202": [0.11092042922973633, 0.07932233810424805, 0.0802614688873291, 0.0671389102935791, 0.0687401294708252]}, "time_fit": {"706_sleuth_case1202": [0.015500068664550781, 0.018675565719604492, 0.019254207611083984, 0.014506340026855469, 0.015435934066772461]}, "sizes": {"706_sleuth_case1202": []}, "tau": 0.5}, "DecisionTree": {"losses": {"706_sleuth_case1202": [0.059918497029976515, 0.037729658792650916, 0.05504903992264125, 0.04494750656167979, 0.07252478856809565]}, "coverage": {"706_sleuth_case1202": [0.1842105263157895, 0.02631578947368418, 0.1842105263157895, 0.2222222222222222, 0.0]}, "complexity": {"706_sleuth_case1202": [11, 13, 5, 11, 5]}, "time_all": {"706_sleuth_case1202": [0.0321202278137207, 0.03298449516296387, 0.03043341636657715, 0.03140091896057129, 0.03060603141784668]}, "time_fit": {"706_sleuth_case1202": [0.002375364303588867, 0.002502918243408203, 0.0017600059509277344, 0.0023789405822753906, 0.0018687248229980469]}, "sizes": {"706_sleuth_case1202": []}, "tau": 0.5}, "LinearQuantile": {"losses": {"706_sleuth_case1202": [0.05179748255801997, 0.055994072466733553, 0.061810675107155086, 0.041151666239589525, 0.05586498658799267]}, "coverage": {"706_sleuth_case1202": [0.026315789473684237, 0.07894736842105265, 0.026315789473684237, 0.0, 0.1111111111111111]}, "complexity": {"706_sleuth_case1202": [11, 11, 11, 11, 11]}, "time_all": {"706_sleuth_case1202": [0.4748404026031494, 0.1657869815826416, 3.6684834957122803, 1.325007438659668, 0.31404733657836914]}, "time_fit": {"706_sleuth_case1202": [0.04198718070983887, 0.014245748519897461, 0.2628517150878906, 0.09201288223266602, 0.02593517303466797]}, "sizes": {"706_sleuth_case1202": []}, "tau": 0.5}}