{"SQR": {"losses": {"592_fri_c4_1000_25": [0.019968837238621768, 0.023932898786170935, 0.01773139068459718, 0.02189767298615569, 0.016817355845864357]}, "coverage": {"592_fri_c4_1000_25": [0.03500000000000003, 0.07, 0.14, 0.044999999999999984, 0.044999999999999984]}, "complexity": {"592_fri_c4_1000_25": [12, 8, 13, 9, 11]}, "time_all": {"592_fri_c4_1000_25": [110.58834409713745, 104.29194283485413, 110.18771767616272, 98.08338832855225, 102.06875944137573]}, "time_fit": {"592_fri_c4_1000_25": [110.58834409713745, 104.29194283485413, 110.18771767616272, 98.08338832855225, 102.06875944137573]}, "sizes": {"592_fri_c4_1000_25": []}, "tau": 0.5}, "LightGBM": {"losses": {"592_fri_c4_1000_25": [0.024926199274843092, 0.02375196029626084, 0.025586076181790485, 0.0290264367687017, 0.025496098749864356]}, "coverage": {"592_fri_c4_1000_25": [0.03999999999999998, 0.010000000000000009, 0.10999999999999999, 0.034999999999999976, 0.05499999999999999]}, "time_all": {"592_fri_c4_1000_25": [0.47469282150268555, 0.4186723232269287, 0.4424624443054199, 0.39992403984069824, 0.39719605445861816]}, "time_fit": {"592_fri_c4_1000_25": [0.08128905296325684, 0.07177376747131348, 0.07379317283630371, 0.06924557685852051, 0.07198929786682129]}, "sizes": {"592_fri_c4_1000_25": []}, "tau": 0.5}, "DecisionTree": {"losses": {"592_fri_c4_1000_25": [0.026635830767089714, 0.026722854933568598, 0.028401833794009502, 0.03317714251617468, 0.02954570033006525]}, "coverage": {"592_fri_c4_1000_25": [0.065, 0.07999999999999996, 0.03500000000000003, 0.09999999999999998, 0.010000000000000009]}, "complexity": {"592_fri_c4_1000_25": [323, 331, 141, 137, 325]}, "time_all": {"592_fri_c4_1000_25": [0.31897974014282227, 0.3110172748565674, 0.3144114017486572, 0.2960038185119629, 0.31114983558654785]}, "time_fit": {"592_fri_c4_1000_25": [0.05025362968444824, 0.04927682876586914, 0.03448343276977539, 0.03348851203918457, 0.04774594306945801]}, "sizes": {"592_fri_c4_1000_25": []}, "tau": 0.5}, "LinearQuantile": {"losses": {"592_fri_c4_1000_25": [0.059724722432214314, 0.060268947813208844, 0.061311713633277996, 0.06081836940716023, 0.060602183597262396]}, "coverage": {"592_fri_c4_1000_25": [0.08500000000000002, 0.025000000000000022, 0.025000000000000022, 0.010000000000000009, 0.10499999999999998]}, "complexity": {"592_fri_c4_1000_25": [25, 25, 25, 25, 25]}, "time_all": {"592_fri_c4_1000_25": [0.4359471797943115, 2.5897393226623535, 1.7391588687896729, 0.6263673305511475, 1.642212152481079]}, "time_fit": {"592_fri_c4_1000_25": [0.03574347496032715, 0.15541982650756836, 0.13915586471557617, 0.050495147705078125, 0.12236213684082031]}, "sizes": {"592_fri_c4_1000_25": []}, "tau": 0.5}}