{"SQR": {"losses": {"1199_BNG_echoMonths": [0.029525623522342108, 0.02980023132718915, 0.029881282269548642, 0.029978227853564545, 0.02927767822093044]}, "coverage": {"1199_BNG_echoMonths": [0.005428571428571449, 0.0031723349528437472, 0.004544155472992251, 0.0005430122892254863, 0.0005430122892254863]}, "complexity": {"1199_BNG_echoMonths": [3, 3, 3, 3, 3]}, "time_all": {"1199_BNG_echoMonths": [624.1968121528625, 569.5044710636139, 521.0160841941833, 579.9720692634583, 573.5567882061005]}, "time_fit": {"1199_BNG_echoMonths": [624.1968121528625, 569.5044710636139, 521.0160841941833, 579.9720692634583, 573.5567882061005]}, "sizes": {"1199_BNG_echoMonths": []}, "tau": 0.9}, "LightGBM": {"losses": {"1199_BNG_echoMonths": [0.027710650666943476, 0.02760116146332616, 0.02801446428914458, 0.02827204645423486, 0.027217221627201717]}, "coverage": {"1199_BNG_echoMonths": [0.013142857142857123, 0.0031151757645041522, 0.007973706773363842, 0.0028293798228065103, 0.006258931123177991]}, "time_all": {"1199_BNG_echoMonths": [1.5927457809448242, 1.5335187911987305, 1.4796161651611328, 1.5575153827667236, 1.483609676361084]}, "time_fit": {"1199_BNG_echoMonths": [0.22827601432800293, 0.20615768432617188, 0.22041559219360352, 0.21807217597961426, 0.21587252616882324]}, "sizes": {"1199_BNG_echoMonths": []}, "tau": 0.9}, "DecisionTree": {"losses": {"1199_BNG_echoMonths": [0.027875493174197956, 0.02831542468420348, 0.029632219601642994, 0.02924817714526475, 0.028190652151146182]}, "coverage": {"1199_BNG_echoMonths": [0.011714285714285788, 0.022034867104887113, 0.028608173763932543, 0.03346670477279223, 0.02946556158902547]}, "complexity": {"1199_BNG_echoMonths": [451, 485, 447, 453, 449]}, "time_all": {"1199_BNG_echoMonths": [1.8669524192810059, 1.694176197052002, 1.713622808456421, 1.6911113262176514, 1.6895301342010498]}, "time_fit": {"1199_BNG_echoMonths": [0.1019601821899414, 0.1042020320892334, 0.1032412052154541, 0.10169577598571777, 0.10215020179748535]}, "sizes": {"1199_BNG_echoMonths": []}, "tau": 0.9}, "LinearQuantile": {"losses": {"1199_BNG_echoMonths": [0.028071273740688046, 0.028301206080561147, 0.02825484827225244, 0.0283913748243473, 0.027745148975742942]}, "coverage": {"1199_BNG_echoMonths": [0.006000000000000005, 0.005172906544727129, 0.0025435838811088685, 0.007745070020005684, 0.0019719919977135847]}, "complexity": {"1199_BNG_echoMonths": [12, 12, 12, 12, 12]}, "time_all": {"1199_BNG_echoMonths": [1.8289592266082764, 12.532960414886475, 2.209691047668457, 3.245567560195923, 3.0975234508514404]}, "time_fit": {"1199_BNG_echoMonths": [0.1544046401977539, 0.9607770442962646, 0.18515849113464355, 0.2645385265350342, 0.2633993625640869]}, "sizes": {"1199_BNG_echoMonths": []}, "tau": 0.9}}