{"SQR": {"losses": {"627_fri_c2_500_10": [0.012208154943810121, 0.011102448944081583, 0.008275974849800924, 0.008358446812755825, 0.010901185634834559]}, "coverage": {"627_fri_c2_500_10": [0.08000000000000007, 0.010000000000000009, 0.06000000000000005, 0.020000000000000018, 0.010000000000000009]}, "complexity": {"627_fri_c2_500_10": [11, 15, 16, 15, 16]}, "time_all": {"627_fri_c2_500_10": [119.37208008766174, 97.53001928329468, 96.14509963989258, 97.05184674263, 88.41960310935974]}, "time_fit": {"627_fri_c2_500_10": [119.37208008766174, 97.53001928329468, 96.14509963989258, 97.05184674263, 88.41960310935974]}, "sizes": {"627_fri_c2_500_10": []}, "tau": 0.9}, "LightGBM": {"losses": {"627_fri_c2_500_10": [0.022128652800092814, 0.020482054024174686, 0.019551932498728143, 0.02129492620413779, 0.021908265670483783]}, "coverage": {"627_fri_c2_500_10": [0.08000000000000007, 0.020000000000000018, 0.010000000000000009, 0.010000000000000009, 0.050000000000000044]}, "time_all": {"627_fri_c2_500_10": [0.24476194381713867, 0.22159910202026367, 0.19422388076782227, 0.18599414825439453, 0.1922917366027832]}, "time_fit": {"627_fri_c2_500_10": [0.04595756530761719, 0.04884076118469238, 0.0436551570892334, 0.042112112045288086, 0.043906211853027344]}, "sizes": {"627_fri_c2_500_10": []}, "tau": 0.9}, "DecisionTree": {"losses": {"627_fri_c2_500_10": [0.022625277304820956, 0.017324158362393722, 0.015650434155926488, 0.01792039561481153, 0.024501198407280773]}, "coverage": {"627_fri_c2_500_10": [0.08999999999999997, 0.020000000000000018, 0.12, 0.0, 0.08000000000000007]}, "complexity": {"627_fri_c2_500_10": [13, 29, 71, 21, 31]}, "time_all": {"627_fri_c2_500_10": [0.08836936950683594, 0.08983683586120605, 0.09275555610656738, 0.08692240715026855, 0.08911395072937012]}, "time_fit": {"627_fri_c2_500_10": [0.004312276840209961, 0.0063169002532958984, 0.01010441780090332, 0.005305767059326172, 0.0065233707427978516]}, "sizes": {"627_fri_c2_500_10": []}, "tau": 0.9}, "LinearQuantile": {"losses": {"627_fri_c2_500_10": [0.07922308557112054, 0.06794355355581763, 0.07323744030759567, 0.06731971484406274, 0.08515134531425919]}, "coverage": {"627_fri_c2_500_10": [0.45, 0.43000000000000005, 0.4, 0.4, 0.47000000000000003]}, "complexity": {"627_fri_c2_500_10": [10, 10, 10, 10, 10]}, "time_all": {"627_fri_c2_500_10": [0.40346217155456543, 0.41749024391174316, 0.34349989891052246, 0.9824156761169434, 0.23161005973815918]}, "time_fit": {"627_fri_c2_500_10": [0.03546643257141113, 0.035085439682006836, 0.02997565269470215, 0.06951260566711426, 0.020481586456298828]}, "sizes": {"627_fri_c2_500_10": []}, "tau": 0.9}}