{"SQR": {"losses": {"titanic": [0.0683333333333333, 0.06857142857142856, 0.06357142857142856, 0.06619047619047617, 0.06157517899761334]}, "coverage": {"titanic": [0.09999999999999998, 0.0976190476190476, 0.09999999999999998, 0.09523809523809523, 0.09522673031026252]}, "complexity": {"titanic": [4, 3, 3, 3, 6]}, "time_all": {"titanic": [121.81211543083191, 115.17612051963806, 108.2147786617279, 108.42121052742004, 114.56111860275269]}, "time_fit": {"titanic": [121.81211543083191, 115.17612051963806, 108.2147786617279, 108.42121052742004, 114.56111860275269]}, "sizes": {"titanic": []}, "tau": 0.9}, "LightGBM": {"losses": {"titanic": [0.07047619047619046, 0.06880952380952379, 0.06666666666666665, 0.06404761904761903, 0.06778042959427205]}, "coverage": {"titanic": [0.09999999999999998, 0.09999999999999998, 0.09999999999999998, 0.09999999999999998, 0.09999999999999998]}, "time_all": {"titanic": [0.17518281936645508, 0.09476113319396973, 0.1197655200958252, 0.09143757820129395, 0.14437437057495117]}, "time_fit": {"titanic": [0.025763511657714844, 0.018695831298828125, 0.025275468826293945, 0.018405675888061523, 0.0315709114074707]}, "sizes": {"titanic": []}, "tau": 0.9}, "DecisionTree": {"losses": {"titanic": [0.07292857142857141, 0.060428571428571415, 0.06842857142857141, 0.0788095238095238, 0.07050119331742244]}, "coverage": {"titanic": [0.06428571428571428, 0.08333333333333326, 0.06904761904761902, 0.06428571428571428, 0.06420047732696899]}, "complexity": {"titanic": [77, 77, 117, 53, 113]}, "time_all": {"titanic": [0.18243145942687988, 0.18832063674926758, 0.18517470359802246, 0.17892026901245117, 0.18548274040222168]}, "time_fit": {"titanic": [0.011453628540039062, 0.011469602584838867, 0.014434337615966797, 0.009232521057128906, 0.014172792434692383]}, "sizes": {"titanic": []}, "tau": 0.9}, "LinearQuantile": {"losses": {"titanic": [0.06666670890331652, 0.06761906742512895, 0.06261909657394356, 0.06785719796096912, 0.06300723810902417]}, "coverage": {"titanic": [0.0976190476190476, 0.09999999999999998, 0.1071428571428572, 0.15476190476190477, 0.1386634844868735]}, "complexity": {"titanic": [31, 31, 31, 31, 31]}, "time_all": {"titanic": [0.8649673461914062, 0.4753291606903076, 0.4749448299407959, 1.0329034328460693, 2.9926106929779053]}, "time_fit": {"titanic": [0.07452011108398438, 0.04318690299987793, 0.041263580322265625, 0.09351825714111328, 0.24803996086120605]}, "sizes": {"titanic": []}, "tau": 0.9}}