{"SQR": {"losses": {"644_fri_c4_250_25": [0.010236438257421304, 0.012648833020446016, 0.01633143624142406, 0.00832309212756632, 0.019218581334698427]}, "coverage": {"644_fri_c4_250_25": [0.05999999999999994, 0.0, 0.020000000000000018, 0.040000000000000036, 0.09999999999999998]}, "complexity": {"644_fri_c4_250_25": [12, 9, 10, 12, 8]}, "time_all": {"644_fri_c4_250_25": [94.46835374832153, 80.58518147468567, 76.97496628761292, 79.6676516532898, 75.63993883132935]}, "time_fit": {"644_fri_c4_250_25": [94.46835374832153, 80.58518147468567, 76.97496628761292, 79.6676516532898, 75.63993883132935]}, "sizes": {"644_fri_c4_250_25": []}, "tau": 0.9}, "LightGBM": {"losses": {"644_fri_c4_250_25": [0.017772465132169984, 0.02119718248668477, 0.023544997523870397, 0.026489381656404565, 0.02038533511645675]}, "coverage": {"644_fri_c4_250_25": [0.020000000000000018, 0.020000000000000018, 0.06000000000000005, 0.08000000000000007, 0.040000000000000036]}, "time_all": {"644_fri_c4_250_25": [0.16858744621276855, 0.1499617099761963, 0.12784552574157715, 0.1300184726715088, 0.13067269325256348]}, "time_fit": {"644_fri_c4_250_25": [0.0287020206451416, 0.03360867500305176, 0.02965545654296875, 0.030004501342773438, 0.03425884246826172]}, "sizes": {"644_fri_c4_250_25": []}, "tau": 0.9}, "DecisionTree": {"losses": {"644_fri_c4_250_25": [0.018101860448064274, 0.022496601792533957, 0.02014259074295624, 0.02416517029125144, 0.020323906863765017]}, "coverage": {"644_fri_c4_250_25": [0.040000000000000036, 0.0, 0.0, 0.040000000000000036, 0.14]}, "complexity": {"644_fri_c4_250_25": [7, 7, 9, 9, 39]}, "time_all": {"644_fri_c4_250_25": [0.06658673286437988, 0.06602931022644043, 0.06556844711303711, 0.0659635066986084, 0.07014203071594238]}, "time_fit": {"644_fri_c4_250_25": [0.0035810470581054688, 0.003422260284423828, 0.0038454532623291016, 0.0038743019104003906, 0.00743865966796875]}, "sizes": {"644_fri_c4_250_25": []}, "tau": 0.9}, "LinearQuantile": {"losses": {"644_fri_c4_250_25": [0.08369150705834759, 0.06686325172082205, 0.09169705222630442, 0.09690907256875815, 0.07533725352255209]}, "coverage": {"644_fri_c4_250_25": [0.54, 0.4, 0.4, 0.4, 0.38]}, "complexity": {"644_fri_c4_250_25": [25, 25, 25, 25, 25]}, "time_all": {"644_fri_c4_250_25": [3.47833251953125, 0.39188194274902344, 2.1340060234069824, 0.8193860054016113, 1.0896852016448975]}, "time_fit": {"644_fri_c4_250_25": [0.2449193000793457, 0.032907962799072266, 0.15540814399719238, 0.05878806114196777, 0.09030890464782715]}, "sizes": {"644_fri_c4_250_25": []}, "tau": 0.9}}