{"SQR": {"losses": {"591_fri_c1_100_10": [0.010785614518653303, 0.013223976616226523, 0.024345760893266233, 0.014157035582855814, 0.032208740151112504]}, "coverage": {"591_fri_c1_100_10": [0.09999999999999998, 0.050000000000000044, 0.15000000000000002, 0.0, 0.20000000000000007]}, "complexity": {"591_fri_c1_100_10": [12, 14, 10, 11, 12]}, "time_all": {"591_fri_c1_100_10": [81.43095541000366, 64.3453962802887, 66.01449465751648, 64.85554814338684, 67.68792819976807]}, "time_fit": {"591_fri_c1_100_10": [81.43095541000366, 64.3453962802887, 66.01449465751648, 64.85554814338684, 67.68792819976807]}, "sizes": {"591_fri_c1_100_10": []}, "tau": 0.9}, "LightGBM": {"losses": {"591_fri_c1_100_10": [0.022936255918204567, 0.03188503174822285, 0.02765026113204239, 0.026435881871857535, 0.03385492502009127]}, "coverage": {"591_fri_c1_100_10": [0.04999999999999993, 0.09999999999999998, 0.09999999999999998, 0.050000000000000044, 0.15000000000000002]}, "time_all": {"591_fri_c1_100_10": [0.12432980537414551, 0.08368039131164551, 0.09449911117553711, 0.07582688331604004, 0.08356356620788574]}, "time_fit": {"591_fri_c1_100_10": [0.016246795654296875, 0.017283201217651367, 0.020281553268432617, 0.01177215576171875, 0.019776582717895508]}, "sizes": {"591_fri_c1_100_10": []}, "tau": 0.9}, "DecisionTree": {"losses": {"591_fri_c1_100_10": [0.02053507710174883, 0.02898421195818153, 0.02730573545616307, 0.03442356999705362, 0.04191404321491161]}, "coverage": {"591_fri_c1_100_10": [0.050000000000000044, 0.09999999999999998, 0.09999999999999998, 0.0, 0.15000000000000002]}, "complexity": {"591_fri_c1_100_10": [33, 5, 3, 1, 1]}, "time_all": {"591_fri_c1_100_10": [0.03632974624633789, 0.03319954872131348, 0.033757925033569336, 0.03133821487426758, 0.033376455307006836]}, "time_fit": {"591_fri_c1_100_10": [0.00434422492980957, 0.00201416015625, 0.0017769336700439453, 0.0014955997467041016, 0.0015330314636230469]}, "sizes": {"591_fri_c1_100_10": []}, "tau": 0.9}, "LinearQuantile": {"losses": {"591_fri_c1_100_10": [0.0527658345143786, 0.13202098181076866, 0.11161036509975757, 0.08828694728194211, 0.10153712000822132]}, "coverage": {"591_fri_c1_100_10": [0.35, 0.45, 0.35, 0.4, 0.45]}, "complexity": {"591_fri_c1_100_10": [10, 10, 10, 10, 10]}, "time_all": {"591_fri_c1_100_10": [0.9513163566589355, 0.1576998233795166, 0.19146990776062012, 0.6911072731018066, 0.5137033462524414]}, "time_fit": {"591_fri_c1_100_10": [0.0850667953491211, 0.013849020004272461, 0.016223430633544922, 0.0503387451171875, 0.04028463363647461]}, "sizes": {"591_fri_c1_100_10": []}, "tau": 0.9}}