{"SQR": {"losses": {"616_fri_c4_500_50": [0.015190944232494442, 0.01647917571181349, 0.014234055422046324, 0.0168350340905565, 0.019322774281473866]}, "coverage": {"616_fri_c4_500_50": [0.06000000000000005, 0.030000000000000027, 0.10999999999999999, 0.050000000000000044, 0.050000000000000044]}, "complexity": {"616_fri_c4_500_50": [14, 12, 11, 13, 13]}, "time_all": {"616_fri_c4_500_50": [106.82934808731079, 84.56819033622742, 90.79877710342407, 88.0425477027893, 90.67857456207275]}, "time_fit": {"616_fri_c4_500_50": [106.82934808731079, 84.56819033622742, 90.79877710342407, 88.0425477027893, 90.67857456207275]}, "sizes": {"616_fri_c4_500_50": []}, "tau": 0.5}, "LightGBM": {"losses": {"616_fri_c4_500_50": [0.03090612329203376, 0.034101458840368026, 0.030650004295216873, 0.0323696731425262, 0.030570774656834457]}, "coverage": {"616_fri_c4_500_50": [0.09999999999999998, 0.06000000000000005, 0.03999999999999998, 0.06999999999999995, 0.030000000000000027]}, "time_all": {"616_fri_c4_500_50": [0.3431127071380615, 0.2920033931732178, 0.3247058391571045, 0.2964768409729004, 0.32411789894104004]}, "time_fit": {"616_fri_c4_500_50": [0.07033991813659668, 0.0698699951171875, 0.06838512420654297, 0.06725406646728516, 0.0705726146697998]}, "sizes": {"616_fri_c4_500_50": []}, "tau": 0.5}, "DecisionTree": {"losses": {"616_fri_c4_500_50": [0.03677328557415339, 0.03615224390528142, 0.03577688913587458, 0.03660719848263229, 0.03869801449643884]}, "coverage": {"616_fri_c4_500_50": [0.07, 0.010000000000000009, 0.030000000000000027, 0.040000000000000036, 0.16000000000000003]}, "complexity": {"616_fri_c4_500_50": [161, 159, 31, 31, 157]}, "time_all": {"616_fri_c4_500_50": [0.2302868366241455, 0.21271061897277832, 0.20212984085083008, 0.20229196548461914, 0.21494626998901367]}, "time_fit": {"616_fri_c4_500_50": [0.036409616470336914, 0.03266334533691406, 0.017153501510620117, 0.017336606979370117, 0.03389334678649902]}, "sizes": {"616_fri_c4_500_50": []}, "tau": 0.5}, "LinearQuantile": {"losses": {"616_fri_c4_500_50": [0.06465947180751136, 0.07064964376861439, 0.07074816033672603, 0.06671985269980525, 0.0743345612748479]}, "coverage": {"616_fri_c4_500_50": [0.030000000000000027, 0.04999999999999999, 0.04999999999999999, 0.020000000000000018, 0.010000000000000009]}, "complexity": {"616_fri_c4_500_50": [50, 50, 50, 50, 50]}, "time_all": {"616_fri_c4_500_50": [4.643208742141724, 23.1632399559021, 25.839038848876953, 18.27525782585144, 15.064802169799805]}, "time_fit": {"616_fri_c4_500_50": [0.38129591941833496, 1.944486379623413, 1.9553768634796143, 1.5991368293762207, 1.3457176685333252]}, "sizes": {"616_fri_c4_500_50": []}, "tau": 0.5}}