{"SQR": {"losses": {"562_cpu_small": [0.015198844980534967, 0.01962212307282757, 0.015007600383633215, 0.012856877023852055, 0.02041557644353852]}, "coverage": {"562_cpu_small": [0.015558267236119638, 0.0057962172056131855, 0.007936507936507964, 0.035409035409035394, 0.012820512820512775]}, "complexity": {"562_cpu_small": [6, 4, 6, 8, 4]}, "time_all": {"562_cpu_small": [492.92636609077454, 473.09385800361633, 500.43732380867004, 443.908301115036, 480.8038673400879]}, "time_fit": {"562_cpu_small": [492.92636609077454, 473.09385800361633, 500.43732380867004, 443.908301115036, 480.8038673400879]}, "sizes": {"562_cpu_small": []}, "tau": 0.5}, "LightGBM": {"losses": {"562_cpu_small": [0.01735260199448861, 0.01625765109822213, 0.01620251630673882, 0.01731988515167253, 0.01901439664209733]}, "coverage": {"562_cpu_small": [0.05399633923123853, 0.009456985967053078, 0.014041514041514047, 0.025030525030525053, 0.006715506715506692]}, "time_all": {"562_cpu_small": [1.062490701675415, 1.0266931056976318, 1.0129530429840088, 1.0403876304626465, 1.0075621604919434]}, "time_fit": {"562_cpu_small": [0.14276647567749023, 0.13562893867492676, 0.1414954662322998, 0.14176607131958008, 0.13908886909484863]}, "sizes": {"562_cpu_small": []}, "tau": 0.5}, "DecisionTree": {"losses": {"562_cpu_small": [0.011929853754136853, 0.01199918649583079, 0.012365720699054034, 0.011599511599511598, 0.012151428818095484]}, "coverage": {"562_cpu_small": [0.07352043929225138, 0.09914582062233068, 0.07448107448107444, 0.09645909645909645, 0.1141636141636142]}, "complexity": {"562_cpu_small": [483, 1133, 493, 499, 1113]}, "time_all": {"562_cpu_small": [1.2414145469665527, 0.9468872547149658, 0.8850216865539551, 1.2185089588165283, 1.000960111618042]}, "time_fit": {"562_cpu_small": [0.07028889656066895, 0.10226011276245117, 0.07070446014404297, 0.06996798515319824, 0.10230016708374023]}, "sizes": {"562_cpu_small": []}, "tau": 0.5}, "LinearQuantile": {"losses": {"562_cpu_small": [0.06366548436977396, 0.06420879046646258, 0.06451953322607999, 0.06412529771036268, 0.06355267141423879]}, "coverage": {"562_cpu_small": [0.0594874923733984, 0.04850518608907872, 0.057387057387057405, 0.06654456654456653, 0.05616605616605619]}, "complexity": {"562_cpu_small": [12, 12, 12, 12, 12]}, "time_all": {"562_cpu_small": [1.7179737091064453, 1.2873852252960205, 4.529374361038208, 24.786195993423462, 1.6453559398651123]}, "time_fit": {"562_cpu_small": [0.14567232131958008, 0.09485363960266113, 0.3471713066101074, 2.115426778793335, 0.14788603782653809]}, "sizes": {"562_cpu_small": []}, "tau": 0.5}}