{"SQR": {"losses": {"537_houses": [0.06375405554247501, 0.0640749815072935, 0.0627684937779304, 0.06230500089898083, 0.0638597283376331]}, "coverage": {"537_houses": [0.02398255813953487, 0.03536821705426357, 0.03972868217054265, 0.01235465116279072, 0.02277131782945735]}, "complexity": {"537_houses": [2, 2, 2, 2, 2]}, "time_all": {"537_houses": [544.5132720470428, 572.3476891517639, 663.2996740341187, 622.8783895969391, 635.5079503059387]}, "time_fit": {"537_houses": [544.5132720470428, 572.3476891517639, 663.2996740341187, 622.8783895969391, 635.5079503059387]}, "sizes": {"537_houses": []}, "tau": 0.5}, "LightGBM": {"losses": {"537_houses": [0.04675939242431513, 0.04786803126644494, 0.04644045057109666, 0.0456699768614662, 0.04684065497647849]}, "coverage": {"537_houses": [0.023740310077519422, 0.004844961240310086, 0.023740310077519422, 0.015261627906976716, 0.030038759689922534]}, "time_all": {"537_houses": [1.6216704845428467, 1.5798759460449219, 1.5586395263671875, 1.5351142883300781, 1.5627121925354004]}, "time_fit": {"537_houses": [0.4120759963989258, 0.385969877243042, 0.3820228576660156, 0.37460827827453613, 0.3819923400878906]}, "sizes": {"537_houses": []}, "tau": 0.5}, "DecisionTree": {"losses": {"537_houses": [0.03974362282059158, 0.04010323833596274, 0.039459402208291056, 0.03789818594290781, 0.039653842063194236]}, "coverage": {"537_houses": [0.03391472868217049, 0.015261627906976716, 0.02059108527131781, 0.007025193798449569, 0.025678294573643456]}, "complexity": {"537_houses": [1277, 1279, 2863, 1265, 1267]}, "time_all": {"537_houses": [2.174597978591919, 2.037686824798584, 2.134669780731201, 2.0525996685028076, 2.0118660926818848]}, "time_fit": {"537_houses": [0.16332626342773438, 0.16406035423278809, 0.24435973167419434, 0.16410279273986816, 0.16336727142333984]}, "sizes": {"537_houses": []}, "tau": 0.5}, "LinearQuantile": {"losses": {"537_houses": [0.05619032269032813, 0.05570792577461485, 0.0551479945636995, 0.05419712376199778, 0.05664950883143882]}, "coverage": {"537_houses": [0.011627906976744207, 0.012596899224806224, 0.004602713178294582, 0.0019379844961240345, 0.014534883720930258]}, "complexity": {"537_houses": [8, 8, 8, 8, 8]}, "time_all": {"537_houses": [18.956931829452515, 0.8938395977020264, 0.9819145202636719, 3.8649044036865234, 2.1801459789276123]}, "time_fit": {"537_houses": [0.7090246677398682, 0.08118844032287598, 0.0892939567565918, 0.35039734840393066, 0.19753479957580566]}, "sizes": {"537_houses": []}, "tau": 0.5}}