{"SQR": {"losses": {"586_fri_c3_1000_25": [0.00625899333044247, 0.004794112438769944, 0.009383983883063395, 0.006719661616073529, 0.010379739778173799]}, "coverage": {"586_fri_c3_1000_25": [0.05999999999999994, 0.0, 0.040000000000000036, 0.0, 0.04500000000000004]}, "complexity": {"586_fri_c3_1000_25": [17, 16, 9, 14, 11]}, "time_all": {"586_fri_c3_1000_25": [124.56091690063477, 112.15847945213318, 112.93692088127136, 113.6785180568695, 115.03202366828918]}, "time_fit": {"586_fri_c3_1000_25": [124.56091690063477, 112.15847945213318, 112.93692088127136, 113.6785180568695, 115.03202366828918]}, "sizes": {"586_fri_c3_1000_25": []}, "tau": 0.9}, "LightGBM": {"losses": {"586_fri_c3_1000_25": [0.016400954087727543, 0.01647753030574724, 0.016333986368934735, 0.015312375828044322, 0.012974834755179025]}, "coverage": {"586_fri_c3_1000_25": [0.015000000000000013, 0.025000000000000022, 0.040000000000000036, 0.030000000000000027, 0.0050000000000000044]}, "time_all": {"586_fri_c3_1000_25": [0.3548238277435303, 0.3483543395996094, 0.3568909168243408, 0.30099964141845703, 0.3080582618713379]}, "time_fit": {"586_fri_c3_1000_25": [0.060195207595825195, 0.056296586990356445, 0.060732364654541016, 0.05691266059875488, 0.05952143669128418]}, "sizes": {"586_fri_c3_1000_25": []}, "tau": 0.9}, "DecisionTree": {"losses": {"586_fri_c3_1000_25": [0.014194944278575478, 0.014276646122270762, 0.014369898243356938, 0.01379213812514848, 0.013340007863885738]}, "coverage": {"586_fri_c3_1000_25": [0.09499999999999997, 0.050000000000000044, 0.050000000000000044, 0.16500000000000004, 0.07000000000000006]}, "complexity": {"586_fri_c3_1000_25": [137, 65, 41, 139, 65]}, "time_all": {"586_fri_c3_1000_25": [0.3114585876464844, 0.30066442489624023, 0.2908153533935547, 0.3046708106994629, 0.2975647449493408]}, "time_fit": {"586_fri_c3_1000_25": [0.034752845764160156, 0.025233745574951172, 0.020410537719726562, 0.03428840637207031, 0.02515721321105957]}, "sizes": {"586_fri_c3_1000_25": []}, "tau": 0.9}, "LinearQuantile": {"losses": {"586_fri_c3_1000_25": [0.06029585284671492, 0.05389418009271404, 0.06270337908142225, 0.06213620377262322, 0.061638695456356314]}, "coverage": {"586_fri_c3_1000_25": [0.41000000000000003, 0.375, 0.44, 0.445, 0.445]}, "complexity": {"586_fri_c3_1000_25": [25, 25, 25, 25, 25]}, "time_all": {"586_fri_c3_1000_25": [1.5318686962127686, 1.9290680885314941, 1.623445749282837, 0.6635181903839111, 0.6721832752227783]}, "time_fit": {"586_fri_c3_1000_25": [0.09610128402709961, 0.12669777870178223, 0.12304878234863281, 0.050336599349975586, 0.05093550682067871]}, "sizes": {"586_fri_c3_1000_25": []}, "tau": 0.9}}