{"SQR": {"losses": {"609_fri_c0_1000_5": [0.026246684154871608, 0.020172071330921793, 0.027864993106847542, 0.02644595043604126, 0.02259245162789206]}, "coverage": {"609_fri_c0_1000_5": [0.015000000000000013, 0.03500000000000003, 0.04500000000000004, 0.03999999999999998, 0.09999999999999998]}, "complexity": {"609_fri_c0_1000_5": [12, 12, 12, 11, 11]}, "time_all": {"609_fri_c0_1000_5": [106.03089094161987, 94.8259642124176, 94.09379529953003, 91.85590052604675, 93.50677704811096]}, "time_fit": {"609_fri_c0_1000_5": [106.03089094161987, 94.8259642124176, 94.09379529953003, 91.85590052604675, 93.50677704811096]}, "sizes": {"609_fri_c0_1000_5": []}, "tau": 0.5}, "LightGBM": {"losses": {"609_fri_c0_1000_5": [0.03802512336358162, 0.039165553126160275, 0.03362138682504164, 0.033177668233252806, 0.03171038538910642]}, "coverage": {"609_fri_c0_1000_5": [0.040000000000000036, 0.0, 0.0050000000000000044, 0.010000000000000009, 0.0]}, "time_all": {"609_fri_c0_1000_5": [0.41452765464782715, 0.3477773666381836, 0.35734033584594727, 0.36098790168762207, 0.3570280075073242]}, "time_fit": {"609_fri_c0_1000_5": [0.07024097442626953, 0.06680846214294434, 0.06656002998352051, 0.06641721725463867, 0.06823444366455078]}, "sizes": {"609_fri_c0_1000_5": []}, "tau": 0.5}, "DecisionTree": {"losses": {"609_fri_c0_1000_5": [0.04090603074038892, 0.04188266153512189, 0.0386019713417198, 0.04229523788725822, 0.03625327986464616]}, "coverage": {"609_fri_c0_1000_5": [0.020000000000000018, 0.010000000000000009, 0.010000000000000009, 0.025000000000000022, 0.044999999999999984]}, "complexity": {"609_fri_c0_1000_5": [321, 317, 323, 327, 323]}, "time_all": {"609_fri_c0_1000_5": [0.1515803337097168, 0.14714837074279785, 0.14809083938598633, 0.14658904075622559, 0.14859294891357422]}, "time_fit": {"609_fri_c0_1000_5": [0.029415369033813477, 0.028238773345947266, 0.0288236141204834, 0.02885603904724121, 0.028934001922607422]}, "sizes": {"609_fri_c0_1000_5": []}, "tau": 0.5}, "LinearQuantile": {"losses": {"609_fri_c0_1000_5": [0.04105963880810232, 0.040431283930587675, 0.037357497821485494, 0.042013157773800096, 0.0352644616983366]}, "coverage": {"609_fri_c0_1000_5": [0.0050000000000000044, 0.044999999999999984, 0.08999999999999997, 0.030000000000000027, 0.020000000000000018]}, "complexity": {"609_fri_c0_1000_5": [5, 5, 5, 5, 5]}, "time_all": {"609_fri_c0_1000_5": [0.19415831565856934, 0.5872049331665039, 0.19436311721801758, 0.1819324493408203, 0.1352696418762207]}, "time_fit": {"609_fri_c0_1000_5": [0.016652822494506836, 0.045362234115600586, 0.016751527786254883, 0.015964746475219727, 0.011573314666748047]}, "sizes": {"609_fri_c0_1000_5": []}, "tau": 0.5}}