{"SQR": {"losses": {"505_tecator": [0.03325096358647756, 0.00850134937743657, 0.006440477848218023, 0.006889621446529594, 0.005550636146959188]}, "coverage": {"505_tecator": [0.020833333333333315, 0.10416666666666663, 0.08333333333333337, 0.02083333333333337, 0.10416666666666663]}, "complexity": {"505_tecator": [18, 13, 7, 11, 9]}, "time_all": {"505_tecator": [90.15708589553833, 74.7599356174469, 72.81949496269226, 75.56329989433289, 75.94786262512207]}, "time_fit": {"505_tecator": [90.15708589553833, 74.7599356174469, 72.81949496269226, 75.56329989433289, 75.94786262512207]}, "sizes": {"505_tecator": []}, "tau": 0.5}, "LightGBM": {"losses": {"505_tecator": [0.02144123533895661, 0.015835559365283566, 0.018263824128968244, 0.036071425897400304, 0.01129383630063214]}, "coverage": {"505_tecator": [0.0, 0.08333333333333331, 0.041666666666666685, 0.0, 0.04166666666666663]}, "time_all": {"505_tecator": [0.21714353561401367, 0.18481183052062988, 0.1927785873413086, 0.19431424140930176, 0.19473004341125488]}, "time_fit": {"505_tecator": [0.04160785675048828, 0.03999447822570801, 0.04195404052734375, 0.046410560607910156, 0.04620218276977539]}, "sizes": {"505_tecator": []}, "tau": 0.5}, "DecisionTree": {"losses": {"505_tecator": [0.012436704478614983, 0.011885127174939773, 0.012250434973001026, 0.011584925895970072, 0.013635704865967909]}, "coverage": {"505_tecator": [0.02083333333333337, 0.0625, 0.04166666666666663, 0.08333333333333331, 0.20833333333333337]}, "complexity": {"505_tecator": [75, 75, 73, 77, 33]}, "time_all": {"505_tecator": [0.143601655960083, 0.13808846473693848, 0.1423027515411377, 0.1412050724029541, 0.13843035697937012]}, "time_fit": {"505_tecator": [0.021184206008911133, 0.020125627517700195, 0.021439075469970703, 0.020905494689941406, 0.015687942504882812]}, "sizes": {"505_tecator": []}, "tau": 0.5}, "LinearQuantile": {"losses": {"505_tecator": [0.004036931527469786, 0.005995377017544077, 0.005060198951459709, 0.005047402455736275, 0.003249085409292202]}, "coverage": {"505_tecator": [0.08333333333333331, 0.125, 0.020833333333333315, 0.04166666666666663, 0.041666666666666685]}, "complexity": {"505_tecator": [124, 124, 124, 124, 124]}, "time_all": {"505_tecator": [223.54245376586914, 234.4826729297638, 224.98610520362854, 211.36581420898438, 221.15346813201904]}, "time_fit": {"505_tecator": [24.220089197158813, 31.46564269065857, 25.974253177642822, 8.45531439781189, 27.395888090133667]}, "sizes": {"505_tecator": []}, "tau": 0.5}}