{"SQR": {"losses": {"687_sleuth_ex1605": [0.04751789556206708, 0.039488362488109316, 0.044367843779145696, 0.03438475193781275, 0.07435380215390426]}, "coverage": {"687_sleuth_ex1605": [0.20769230769230773, 0.13076923076923075, 0.15000000000000002, 0.06666666666666665, 0.2333333333333334]}, "complexity": {"687_sleuth_ex1605": [7, 8, 10, 10, 7]}, "time_all": {"687_sleuth_ex1605": [75.75792932510376, 62.89075994491577, 62.32974672317505, 62.094655990600586, 62.543665409088135]}, "time_fit": {"687_sleuth_ex1605": [75.75792932510376, 62.89075994491577, 62.32974672317505, 62.094655990600586, 62.543665409088135]}, "sizes": {"687_sleuth_ex1605": []}, "tau": 0.9}, "LightGBM": {"losses": {"687_sleuth_ex1605": [0.030927669362671925, 0.03135198135198135, 0.030328284369574646, 0.04049910876329961, 0.026662638146328698]}, "coverage": {"687_sleuth_ex1605": [0.023076923076923106, 0.023076923076923106, 0.06666666666666665, 0.06666666666666665, 0.09999999999999998]}, "time_all": {"687_sleuth_ex1605": [0.1147010326385498, 0.056799888610839844, 0.05767679214477539, 0.055353641510009766, 0.0680229663848877]}, "time_fit": {"687_sleuth_ex1605": [0.014898300170898438, 0.0044362545013427734, 0.004403829574584961, 0.011923551559448242, 0.014820337295532227]}, "sizes": {"687_sleuth_ex1605": []}, "tau": 0.9}, "DecisionTree": {"losses": {"687_sleuth_ex1605": [0.02934731934731934, 0.025641025641025626, 0.03032828282828284, 0.029608585858585848, 0.020934343434343427]}, "coverage": {"687_sleuth_ex1605": [0.05384615384615388, 0.05384615384615388, 0.06666666666666665, 0.2333333333333334, 0.09999999999999998]}, "complexity": {"687_sleuth_ex1605": [7, 7, 1, 7, 7]}, "time_all": {"687_sleuth_ex1605": [0.030756711959838867, 0.03163766860961914, 0.028414487838745117, 0.02660679817199707, 0.029976367950439453]}, "time_fit": {"687_sleuth_ex1605": [0.002018451690673828, 0.002025127410888672, 0.001455068588256836, 0.0018579959869384766, 0.002007722854614258]}, "sizes": {"687_sleuth_ex1605": []}, "tau": 0.9}, "LinearQuantile": {"losses": {"687_sleuth_ex1605": [0.028021346358086296, 0.03340834379427016, 0.05038736346830453, 0.029958960611360216, 0.028399606001323706]}, "coverage": {"687_sleuth_ex1605": [0.05384615384615388, 0.05384615384615388, 0.06666666666666665, 0.016666666666666607, 0.016666666666666607]}, "complexity": {"687_sleuth_ex1605": [5, 5, 5, 5, 5]}, "time_all": {"687_sleuth_ex1605": [0.27122974395751953, 0.18471288681030273, 0.26772189140319824, 0.1791837215423584, 0.11992812156677246]}, "time_fit": {"687_sleuth_ex1605": [0.02310943603515625, 0.016238689422607422, 0.02183389663696289, 0.015015125274658203, 0.010123252868652344]}, "sizes": {"687_sleuth_ex1605": []}, "tau": 0.9}}