{"SQR": {"losses": {"4544_GeographicalOriginalofMusic": [0.0255599882335548, 0.029013214649097493, 0.02816801855224506, 0.031677659110788514, 0.0291140602781656]}, "coverage": {"4544_GeographicalOriginalofMusic": [0.014150943396226467, 0.028301886792452824, 0.061320754716981174, 0.028301886792452824, 0.011848341232227444]}, "complexity": {"4544_GeographicalOriginalofMusic": [5, 4, 6, 4, 5]}, "time_all": {"4544_GeographicalOriginalofMusic": [111.11904692649841, 94.43909192085266, 97.62852025032043, 97.9330084323883, 96.18775463104248]}, "time_fit": {"4544_GeographicalOriginalofMusic": [111.11904692649841, 94.43909192085266, 97.62852025032043, 97.9330084323883, 96.18775463104248]}, "sizes": {"4544_GeographicalOriginalofMusic": []}, "tau": 0.5}, "LightGBM": {"losses": {"4544_GeographicalOriginalofMusic": [0.026417606797982263, 0.0255928250636514, 0.030582998484869034, 0.02931820581652579, 0.026122672700135775]}, "coverage": {"4544_GeographicalOriginalofMusic": [0.018867924528301883, 0.06132075471698112, 0.0, 0.014150943396226467, 0.05924170616113744]}, "time_all": {"4544_GeographicalOriginalofMusic": [0.6226005554199219, 0.5657994747161865, 0.5636827945709229, 0.5813934803009033, 0.5651865005493164]}, "time_fit": {"4544_GeographicalOriginalofMusic": [0.10253715515136719, 0.10234308242797852, 0.09989356994628906, 0.10073423385620117, 0.10153818130493164]}, "sizes": {"4544_GeographicalOriginalofMusic": []}, "tau": 0.5}, "DecisionTree": {"losses": {"4544_GeographicalOriginalofMusic": [0.030268638447115317, 0.028148067057161337, 0.037065608932616366, 0.031227260086768394, 0.0297490906349322]}, "coverage": {"4544_GeographicalOriginalofMusic": [0.014150943396226467, 0.08490566037735847, 0.009433962264150941, 0.004716981132075526, 0.03554502369668244]}, "complexity": {"4544_GeographicalOriginalofMusic": [29, 59, 67, 35, 27]}, "time_all": {"4544_GeographicalOriginalofMusic": [0.9710495471954346, 0.8279983997344971, 0.7994520664215088, 0.9606993198394775, 0.951533317565918]}, "time_fit": {"4544_GeographicalOriginalofMusic": [0.06106281280517578, 0.058333635330200195, 0.05617785453796387, 0.06453776359558105, 0.05926871299743652]}, "sizes": {"4544_GeographicalOriginalofMusic": []}, "tau": 0.5}, "LinearQuantile": {"losses": {"4544_GeographicalOriginalofMusic": [0.021963842308606173, 0.02189670013073998, 0.024812590765018662, 0.02592101883200405, 0.022273257301875002]}, "coverage": {"4544_GeographicalOriginalofMusic": [0.042452830188679236, 0.06132075471698112, 0.0, 0.0, 0.049763033175355464]}, "complexity": {"4544_GeographicalOriginalofMusic": [117, 117, 117, 117, 117]}, "time_all": {"4544_GeographicalOriginalofMusic": [45.83987784385681, 33.09548735618591, 52.636117458343506, 88.01715183258057, 72.87648367881775]}, "time_fit": {"4544_GeographicalOriginalofMusic": [4.2695207595825195, 3.071342945098877, 4.696085214614868, 7.872289419174194, 6.657889366149902]}, "sizes": {"4544_GeographicalOriginalofMusic": []}, "tau": 0.5}}