{"SQR": {"losses": {"608_fri_c3_1000_10": [0.004749547641954177, 0.009687001003596889, 0.007179802613348853, 0.004560571453155478, 0.007511374183434149]}, "coverage": {"608_fri_c3_1000_10": [0.015000000000000013, 0.05500000000000005, 0.0050000000000000044, 0.0, 0.020000000000000018]}, "complexity": {"608_fri_c3_1000_10": [12, 10, 11, 17, 10]}, "time_all": {"608_fri_c3_1000_10": [118.54138398170471, 103.72032380104065, 99.32536268234253, 108.44514584541321, 106.38823461532593]}, "time_fit": {"608_fri_c3_1000_10": [118.54138398170471, 103.72032380104065, 99.32536268234253, 108.44514584541321, 106.38823461532593]}, "sizes": {"608_fri_c3_1000_10": []}, "tau": 0.9}, "LightGBM": {"losses": {"608_fri_c3_1000_10": [0.013304287771521232, 0.015704824701940286, 0.015442867016512452, 0.016538136119286624, 0.011929213069320804]}, "coverage": {"608_fri_c3_1000_10": [0.015000000000000013, 0.030000000000000027, 0.03500000000000003, 0.0, 0.0050000000000000044]}, "time_all": {"608_fri_c3_1000_10": [0.34888172149658203, 0.2997136116027832, 0.3034052848815918, 0.28464627265930176, 0.2972733974456787]}, "time_fit": {"608_fri_c3_1000_10": [0.061814308166503906, 0.05824923515319824, 0.05743074417114258, 0.05526852607727051, 0.05642843246459961]}, "sizes": {"608_fri_c3_1000_10": []}, "tau": 0.9}, "DecisionTree": {"losses": {"608_fri_c3_1000_10": [0.012057071065642008, 0.014566211998080277, 0.011481973426105043, 0.018518423333657674, 0.011833963200890652]}, "coverage": {"608_fri_c3_1000_10": [0.06000000000000005, 0.05500000000000005, 0.03500000000000003, 0.040000000000000036, 0.04500000000000004]}, "complexity": {"608_fri_c3_1000_10": [61, 67, 63, 37, 37]}, "time_all": {"608_fri_c3_1000_10": [0.1748981475830078, 0.17498493194580078, 0.17561626434326172, 0.16751456260681152, 0.17362427711486816]}, "time_fit": {"608_fri_c3_1000_10": [0.013179779052734375, 0.013775348663330078, 0.013601064682006836, 0.010046720504760742, 0.010513782501220703]}, "sizes": {"608_fri_c3_1000_10": []}, "tau": 0.9}, "LinearQuantile": {"losses": {"608_fri_c3_1000_10": [0.056865362740850134, 0.05959510838517853, 0.05265956237343607, 0.054976413255088896, 0.05293263600194808]}, "coverage": {"608_fri_c3_1000_10": [0.47500000000000003, 0.445, 0.41500000000000004, 0.41500000000000004, 0.47000000000000003]}, "complexity": {"608_fri_c3_1000_10": [10, 10, 10, 10, 10]}, "time_all": {"608_fri_c3_1000_10": [1.938812017440796, 0.3085010051727295, 0.5487277507781982, 0.49669528007507324, 0.9880123138427734]}, "time_fit": {"608_fri_c3_1000_10": [0.11504483222961426, 0.026809215545654297, 0.04292154312133789, 0.04028463363647461, 0.06653857231140137]}, "sizes": {"608_fri_c3_1000_10": []}, "tau": 0.9}}