{"SQR": {"losses": {"658_fri_c3_250_25": [0.00929461822408086, 0.0091853171430662, 0.006706502112965591, 0.019512212533346673, 0.008587129110882717]}, "coverage": {"658_fri_c3_250_25": [0.040000000000000036, 0.020000000000000018, 0.0, 0.18000000000000005, 0.0]}, "complexity": {"658_fri_c3_250_25": [12, 13, 15, 12, 7]}, "time_all": {"658_fri_c3_250_25": [98.67880511283875, 76.62196326255798, 75.85314893722534, 70.71870040893555, 72.09052300453186]}, "time_fit": {"658_fri_c3_250_25": [98.67880511283875, 76.62196326255798, 75.85314893722534, 70.71870040893555, 72.09052300453186]}, "sizes": {"658_fri_c3_250_25": []}, "tau": 0.9}, "LightGBM": {"losses": {"658_fri_c3_250_25": [0.01752725364829707, 0.019334865728596207, 0.018892405547947435, 0.0278063128348853, 0.017953323817109183]}, "coverage": {"658_fri_c3_250_25": [0.06000000000000005, 0.020000000000000018, 0.020000000000000018, 0.09999999999999998, 0.0]}, "time_all": {"658_fri_c3_250_25": [0.17458677291870117, 0.12960219383239746, 0.1275331974029541, 0.14556264877319336, 0.14585256576538086]}, "time_fit": {"658_fri_c3_250_25": [0.030826807022094727, 0.029231548309326172, 0.02821516990661621, 0.02597355842590332, 0.03011631965637207]}, "sizes": {"658_fri_c3_250_25": []}, "tau": 0.9}, "DecisionTree": {"losses": {"658_fri_c3_250_25": [0.01689654764188133, 0.017560277535116065, 0.01511297900285383, 0.024921571540027804, 0.014939240154442248]}, "coverage": {"658_fri_c3_250_25": [0.09999999999999998, 0.06000000000000005, 0.020000000000000018, 0.08000000000000007, 0.020000000000000018]}, "complexity": {"658_fri_c3_250_25": [15, 9, 9, 9, 9]}, "time_all": {"658_fri_c3_250_25": [0.06753015518188477, 0.06436419486999512, 0.06383681297302246, 0.06396198272705078, 0.06642341613769531]}, "time_fit": {"658_fri_c3_250_25": [0.004941463470458984, 0.0038459300994873047, 0.003808736801147461, 0.0038106441497802734, 0.003816843032836914]}, "sizes": {"658_fri_c3_250_25": []}, "tau": 0.9}, "LinearQuantile": {"losses": {"658_fri_c3_250_25": [0.06358225138047897, 0.057143859778825204, 0.07055000536088829, 0.08555298988927024, 0.07136257633271469]}, "coverage": {"658_fri_c3_250_25": [0.4, 0.44, 0.48000000000000004, 0.54, 0.4]}, "complexity": {"658_fri_c3_250_25": [25, 25, 25, 25, 25]}, "time_all": {"658_fri_c3_250_25": [0.5188772678375244, 2.016643762588501, 0.4985191822052002, 1.0820116996765137, 2.624101400375366]}, "time_fit": {"658_fri_c3_250_25": [0.0459291934967041, 0.1498560905456543, 0.04018545150756836, 0.08733654022216797, 0.1834721565246582]}, "sizes": {"658_fri_c3_250_25": []}, "tau": 0.9}}