{"SQR": {"losses": {"294_satellite_image": [0.07985093391355738, 0.08800206400067939, 0.0972265873065734, 0.09461419631543816, 0.07962500778276757]}, "coverage": {"294_satellite_image": [0.02836052836052838, 0.025252525252525304, 0.0369075369075369, 0.01903651903651904, 0.03457653457653459]}, "complexity": {"294_satellite_image": [6, 6, 4, 4, 7]}, "time_all": {"294_satellite_image": [325.647700548172, 301.9232726097107, 303.7941699028015, 298.1192378997803, 313.5202980041504]}, "time_fit": {"294_satellite_image": [325.647700548172, 301.9232726097107, 303.7941699028015, 298.1192378997803, 313.5202980041504]}, "sizes": {"294_satellite_image": []}, "tau": 0.5}, "LightGBM": {"losses": {"294_satellite_image": [0.0520035325155496, 0.051907816516956785, 0.052396165594328394, 0.04785564862678792, 0.05199660852464678]}, "coverage": {"294_satellite_image": [0.07964257964257965, 0.011266511266511237, 0.09052059052059053, 0.0718725718725719, 0.0174825174825175]}, "time_all": {"294_satellite_image": [0.9467329978942871, 1.1313331127166748, 0.9285595417022705, 0.8829576969146729, 0.9146406650543213]}, "time_fit": {"294_satellite_image": [0.13147687911987305, 0.2426910400390625, 0.13013911247253418, 0.12287521362304688, 0.129014253616333]}, "sizes": {"294_satellite_image": []}, "tau": 0.5}, "DecisionTree": {"losses": {"294_satellite_image": [0.031857031857031856, 0.029234654234654236, 0.028425278425278425, 0.02839290339290339, 0.032828282828282825]}, "coverage": {"294_satellite_image": [0.4191919191919192, 0.4261849261849262, 0.41686091686091686, 0.433954933954934, 0.39355089355089357]}, "complexity": {"294_satellite_image": [219, 215, 593, 611, 373]}, "time_all": {"294_satellite_image": [1.167903184890747, 1.0827817916870117, 0.9161829948425293, 0.9180474281311035, 1.0645718574523926]}, "time_fit": {"294_satellite_image": [0.0773169994354248, 0.07097387313842773, 0.09439563751220703, 0.09435486793518066, 0.08630990982055664]}, "sizes": {"294_satellite_image": []}, "tau": 0.5}, "LinearQuantile": {"losses": {"294_satellite_image": [0.11159964323762606, 0.11138236313292388, 0.11097319787866318, 0.11086254038584438, 0.10859888220309814]}, "coverage": {"294_satellite_image": [0.026029526029526018, 0.03379953379953382, 0.009712509712509698, 0.021367521367521347, 0.05633255633255635]}, "complexity": {"294_satellite_image": [36, 36, 36, 36, 36]}, "time_all": {"294_satellite_image": [6.59928560256958, 5.709126234054565, 7.55313777923584, 6.533340692520142, 7.153839826583862]}, "time_fit": {"294_satellite_image": [0.6608242988586426, 0.5491564273834229, 0.6733720302581787, 0.6341762542724609, 0.7617084980010986]}, "sizes": {"294_satellite_image": []}, "tau": 0.5}}