{"SQR": {"losses": {"645_fri_c3_500_50": [0.005169728380090381, 0.012105522821840378, 0.006795057011498541, 0.00914440791613726, 0.01033794034923756]}, "coverage": {"645_fri_c3_500_50": [0.030000000000000027, 0.020000000000000018, 0.05999999999999994, 0.010000000000000009, 0.0]}, "complexity": {"645_fri_c3_500_50": [15, 11, 16, 11, 11]}, "time_all": {"645_fri_c3_500_50": [104.47695732116699, 92.53428244590759, 90.4773600101471, 92.50638341903687, 89.63712501525879]}, "time_fit": {"645_fri_c3_500_50": [104.47695732116699, 92.53428244590759, 90.4773600101471, 92.50638341903687, 89.63712501525879]}, "sizes": {"645_fri_c3_500_50": []}, "tau": 0.9}, "LightGBM": {"losses": {"645_fri_c3_500_50": [0.01399546893399872, 0.016869308719064554, 0.016910903538118253, 0.015601597620558239, 0.019629102403702043]}, "coverage": {"645_fri_c3_500_50": [0.030000000000000027, 0.06000000000000005, 0.020000000000000018, 0.030000000000000027, 0.010000000000000009]}, "time_all": {"645_fri_c3_500_50": [0.26776933670043945, 0.21318960189819336, 0.22117161750793457, 0.23646903038024902, 0.2297496795654297]}, "time_fit": {"645_fri_c3_500_50": [0.04723215103149414, 0.0474390983581543, 0.04710888862609863, 0.04668569564819336, 0.045160531997680664]}, "sizes": {"645_fri_c3_500_50": []}, "tau": 0.9}, "DecisionTree": {"losses": {"645_fri_c3_500_50": [0.015465215664977713, 0.016464401634290138, 0.014832938714041647, 0.017767476937809182, 0.01432812718925216]}, "coverage": {"645_fri_c3_500_50": [0.10999999999999999, 0.20000000000000007, 0.09999999999999998, 0.020000000000000018, 0.010000000000000009]}, "complexity": {"645_fri_c3_500_50": [67, 67, 31, 15, 29]}, "time_all": {"645_fri_c3_500_50": [0.22501420974731445, 0.21859383583068848, 0.21234560012817383, 0.20848894119262695, 0.2140638828277588]}, "time_fit": {"645_fri_c3_500_50": [0.0257875919342041, 0.025405168533325195, 0.01939105987548828, 0.012407541275024414, 0.01820230484008789]}, "sizes": {"645_fri_c3_500_50": []}, "tau": 0.9}, "LinearQuantile": {"losses": {"645_fri_c3_500_50": [0.06481180052456921, 0.06809116278824803, 0.07138477155943992, 0.049393631772344335, 0.05393633195459643]}, "coverage": {"645_fri_c3_500_50": [0.49000000000000005, 0.52, 0.54, 0.47000000000000003, 0.4]}, "complexity": {"645_fri_c3_500_50": [50, 50, 50, 50, 50]}, "time_all": {"645_fri_c3_500_50": [8.735851526260376, 11.60221815109253, 9.941023588180542, 7.340871334075928, 10.608670949935913]}, "time_fit": {"645_fri_c3_500_50": [0.7404165267944336, 0.830014705657959, 0.8920843601226807, 0.6326029300689697, 0.8054695129394531]}, "sizes": {"645_fri_c3_500_50": []}, "tau": 0.9}}