{"SQR": {"losses": {"542_pollution": [0.05073924044538028, 0.06036084487591527, 0.06400652476185686, 0.07667522925009525, 0.03868891504975657]}, "coverage": {"542_pollution": [0.25, 0.16666666666666669, 0.08333333333333337, 0.33333333333333337, 0.16666666666666669]}, "complexity": {"542_pollution": [18, 6, 12, 16, 14]}, "time_all": {"542_pollution": [81.78711605072021, 67.76761531829834, 65.69360113143921, 67.05778193473816, 65.96892642974854]}, "time_fit": {"542_pollution": [81.78711605072021, 67.76761531829834, 65.69360113143921, 67.05778193473816, 65.96892642974854]}, "sizes": {"542_pollution": []}, "tau": 0.5}, "LightGBM": {"losses": {"542_pollution": [0.07925126079724361, 0.06553499134878894, 0.06842397150993744, 0.05704609964303503, 0.044199952031503675]}, "coverage": {"542_pollution": [0.16666666666666663, 0.0, 0.08333333333333337, 0.08333333333333331, 0.0]}, "time_all": {"542_pollution": [0.10798788070678711, 0.06829094886779785, 0.05869793891906738, 0.06569719314575195, 0.06810593605041504]}, "time_fit": {"542_pollution": [0.013201713562011719, 0.01486349105834961, 0.012331724166870117, 0.014374971389770508, 0.014995574951171875]}, "sizes": {"542_pollution": []}, "tau": 0.5}, "DecisionTree": {"losses": {"542_pollution": [0.0681398509768303, 0.04554475585378529, 0.0663650747106669, 0.05740891428220958, 0.04616926930955503]}, "coverage": {"542_pollution": [0.16666666666666663, 0.08333333333333337, 0.08333333333333337, 0.25, 0.25]}, "complexity": {"542_pollution": [3, 7, 3, 7, 19]}, "time_all": {"542_pollution": [0.029589414596557617, 0.02817821502685547, 0.02644634246826172, 0.027269840240478516, 0.02972865104675293]}, "time_fit": {"542_pollution": [0.0017385482788085938, 0.0019652843475341797, 0.0016155242919921875, 0.0018846988677978516, 0.0028524398803710938]}, "sizes": {"542_pollution": []}, "tau": 0.5}, "LinearQuantile": {"losses": {"542_pollution": [0.05341442946030554, 0.0850550122860112, 0.05492878908890722, 0.06036188973189003, 0.07872354228490212]}, "coverage": {"542_pollution": [0.25, 0.08333333333333337, 0.08333333333333337, 0.16666666666666669, 0.08333333333333331]}, "complexity": {"542_pollution": [15, 15, 15, 15, 15]}, "time_all": {"542_pollution": [0.36430788040161133, 1.79046630859375, 0.4022336006164551, 0.22262215614318848, 0.41069865226745605]}, "time_fit": {"542_pollution": [0.03170943260192871, 0.14614009857177734, 0.03215765953063965, 0.0184476375579834, 0.03246712684631348]}, "sizes": {"542_pollution": []}, "tau": 0.5}}