{"SQR": {"losses": {"622_fri_c2_1000_50": [0.02207983278614585, 0.03526051328959, 0.021355805641813143, 0.027419540159568545, 0.03424511565770532]}, "coverage": {"622_fri_c2_1000_50": [0.04999999999999999, 0.06999999999999995, 0.05500000000000005, 0.09000000000000002, 0.010000000000000009]}, "complexity": {"622_fri_c2_1000_50": [10, 9, 14, 11, 11]}, "time_all": {"622_fri_c2_1000_50": [135.2028477191925, 99.43719100952148, 112.1774549484253, 103.29038047790527, 108.61169838905334]}, "time_fit": {"622_fri_c2_1000_50": [135.2028477191925, 99.43719100952148, 112.1774549484253, 103.29038047790527, 108.61169838905334]}, "sizes": {"622_fri_c2_1000_50": []}, "tau": 0.5}, "LightGBM": {"losses": {"622_fri_c2_1000_50": [0.03659514772990894, 0.03257062372071908, 0.033963661493184596, 0.031923568915384164, 0.03564336870151998]}, "coverage": {"622_fri_c2_1000_50": [0.0050000000000000044, 0.020000000000000018, 0.010000000000000009, 0.03999999999999998, 0.030000000000000027]}, "time_all": {"622_fri_c2_1000_50": [0.4980950355529785, 0.42810487747192383, 0.43398165702819824, 0.4579908847808838, 0.46109986305236816]}, "time_fit": {"622_fri_c2_1000_50": [0.08484888076782227, 0.08166861534118652, 0.08015036582946777, 0.0800015926361084, 0.08317184448242188]}, "sizes": {"622_fri_c2_1000_50": []}, "tau": 0.5}, "DecisionTree": {"losses": {"622_fri_c2_1000_50": [0.03887047972130202, 0.036290605964436506, 0.03803495226749179, 0.03722860152510416, 0.03608640444202329]}, "coverage": {"622_fri_c2_1000_50": [0.03999999999999998, 0.025000000000000022, 0.020000000000000018, 0.06, 0.034999999999999976]}, "complexity": {"622_fri_c2_1000_50": [137, 61, 137, 139, 129]}, "time_all": {"622_fri_c2_1000_50": [0.500232458114624, 0.47017502784729004, 0.4771273136138916, 0.5000836849212646, 0.5016727447509766]}, "time_fit": {"622_fri_c2_1000_50": [0.056313276290893555, 0.037312984466552734, 0.04916119575500488, 0.05631566047668457, 0.056139230728149414]}, "sizes": {"622_fri_c2_1000_50": []}, "tau": 0.5}, "LinearQuantile": {"losses": {"622_fri_c2_1000_50": [0.07757550634303213, 0.07607565217241671, 0.07555646686281069, 0.07906810418267894, 0.07688012971890168]}, "coverage": {"622_fri_c2_1000_50": [0.0050000000000000044, 0.034999999999999976, 0.030000000000000027, 0.015000000000000013, 0.034999999999999976]}, "complexity": {"622_fri_c2_1000_50": [50, 50, 50, 50, 50]}, "time_all": {"622_fri_c2_1000_50": [29.253215789794922, 13.33871054649353, 12.031507015228271, 25.224236249923706, 20.61323046684265]}, "time_fit": {"622_fri_c2_1000_50": [2.639495611190796, 1.1289451122283936, 0.861842155456543, 2.1944568157196045, 1.7831103801727295]}, "sizes": {"622_fri_c2_1000_50": []}, "tau": 0.5}}