{"SQR": {"losses": {"229_pwLinear": [0.048097210360610286, 0.045045243232923735, 0.059209894328136614, 0.036873029754678016, 0.03560256704634214]}, "coverage": {"229_pwLinear": [0.025000000000000022, 0.09999999999999998, 0.09999999999999998, 0.04999999999999999, 0.050000000000000044]}, "complexity": {"229_pwLinear": [9, 15, 8, 14, 20]}, "time_all": {"229_pwLinear": [88.70190405845642, 72.98338079452515, 73.26310729980469, 72.70047092437744, 72.24922156333923]}, "time_fit": {"229_pwLinear": [88.70190405845642, 72.98338079452515, 73.26310729980469, 72.70047092437744, 72.24922156333923]}, "sizes": {"229_pwLinear": []}, "tau": 0.5}, "LightGBM": {"losses": {"229_pwLinear": [0.03203471754889782, 0.034680395406896644, 0.0455578764676981, 0.03959332342687008, 0.047490381779966506]}, "coverage": {"229_pwLinear": [0.025000000000000022, 0.050000000000000044, 0.04999999999999999, 0.09999999999999998, 0.050000000000000044]}, "time_all": {"229_pwLinear": [0.16580891609191895, 0.14108586311340332, 0.11815690994262695, 0.14365029335021973, 0.12989163398742676]}, "time_fit": {"229_pwLinear": [0.0278775691986084, 0.03244519233703613, 0.026919126510620117, 0.03388714790344238, 0.04136490821838379]}, "sizes": {"229_pwLinear": []}, "tau": 0.5}, "DecisionTree": {"losses": {"229_pwLinear": [0.03712336191929513, 0.03353438801402478, 0.03717521792235179, 0.03829421301657177, 0.03837063149996769]}, "coverage": {"229_pwLinear": [0.09999999999999998, 0.025000000000000022, 0.025000000000000022, 0.09999999999999998, 0.025000000000000022]}, "complexity": {"229_pwLinear": [61, 65, 61, 65, 65]}, "time_all": {"229_pwLinear": [0.04430031776428223, 0.044315338134765625, 0.042474985122680664, 0.04481911659240723, 0.04390287399291992]}, "time_fit": {"229_pwLinear": [0.006343841552734375, 0.006428718566894531, 0.006144046783447266, 0.006407499313354492, 0.006381988525390625]}, "sizes": {"229_pwLinear": []}, "tau": 0.5}, "LinearQuantile": {"losses": {"229_pwLinear": [0.03444120936461722, 0.039570030773922536, 0.0455544804302528, 0.04350557441681292, 0.042171024868894506]}, "coverage": {"229_pwLinear": [0.0, 0.175, 0.04999999999999999, 0.0, 0.17500000000000004]}, "complexity": {"229_pwLinear": [29, 29, 29, 29, 29]}, "time_all": {"229_pwLinear": [0.8441956043243408, 1.1236770153045654, 1.5716586112976074, 1.4561071395874023, 1.1693551540374756]}, "time_fit": {"229_pwLinear": [0.07538914680480957, 0.07256031036376953, 0.11477303504943848, 0.10244894027709961, 0.09588146209716797]}, "sizes": {"229_pwLinear": []}, "tau": 0.5}}