{"SQR": {"losses": {"602_fri_c3_250_10": [0.020560497284752347, 0.022366088296167378, 0.016561705803184747, 0.02159103259214765, 0.02005917553162725]}, "coverage": {"602_fri_c3_250_10": [0.07999999999999996, 0.06000000000000005, 0.07999999999999996, 0.09999999999999998, 0.040000000000000036]}, "complexity": {"602_fri_c3_250_10": [12, 11, 14, 10, 9]}, "time_all": {"602_fri_c3_250_10": [86.45292544364929, 76.70291042327881, 75.08279609680176, 75.35012602806091, 75.98840999603271]}, "time_fit": {"602_fri_c3_250_10": [86.45292544364929, 76.70291042327881, 75.08279609680176, 75.35012602806091, 75.98840999603271]}, "sizes": {"602_fri_c3_250_10": []}, "tau": 0.5}, "LightGBM": {"losses": {"602_fri_c3_250_10": [0.04019987332832056, 0.033663202439964686, 0.03598727454455727, 0.040293835722292684, 0.03424988819072865]}, "coverage": {"602_fri_c3_250_10": [0.12, 0.0, 0.03999999999999998, 0.15999999999999998, 0.06000000000000005]}, "time_all": {"602_fri_c3_250_10": [0.18785810470581055, 0.14109134674072266, 0.14241313934326172, 0.15109610557556152, 0.15948200225830078]}, "time_fit": {"602_fri_c3_250_10": [0.034525156021118164, 0.0327455997467041, 0.03336668014526367, 0.03911781311035156, 0.03405117988586426]}, "sizes": {"602_fri_c3_250_10": []}, "tau": 0.5}, "DecisionTree": {"losses": {"602_fri_c3_250_10": [0.041820260003000265, 0.03843436223971846, 0.04215578903626659, 0.040093290087364536, 0.03551653055914006]}, "coverage": {"602_fri_c3_250_10": [0.040000000000000036, 0.09999999999999998, 0.06, 0.06, 0.06000000000000005]}, "complexity": {"602_fri_c3_250_10": [81, 35, 83, 35, 81]}, "time_all": {"602_fri_c3_250_10": [0.060617685317993164, 0.05339217185974121, 0.05709123611450195, 0.05352973937988281, 0.05827665328979492]}, "time_fit": {"602_fri_c3_250_10": [0.009559869766235352, 0.005280971527099609, 0.009103536605834961, 0.0052602291107177734, 0.00916290283203125]}, "sizes": {"602_fri_c3_250_10": []}, "tau": 0.5}, "LinearQuantile": {"losses": {"602_fri_c3_250_10": [0.072538232551603, 0.07194812125268668, 0.06790913508043328, 0.061847174272736845, 0.05112615924100448]}, "coverage": {"602_fri_c3_250_10": [0.020000000000000018, 0.07999999999999996, 0.08000000000000002, 0.15999999999999998, 0.12]}, "complexity": {"602_fri_c3_250_10": [10, 10, 10, 10, 10]}, "time_all": {"602_fri_c3_250_10": [0.3426792621612549, 0.17352676391601562, 0.2611656188964844, 0.5339770317077637, 0.2225818634033203]}, "time_fit": {"602_fri_c3_250_10": [0.029836654663085938, 0.015066146850585938, 0.0232086181640625, 0.047904253005981445, 0.019530773162841797]}, "sizes": {"602_fri_c3_250_10": []}, "tau": 0.5}}