{"SQR": {"losses": {"601_fri_c1_250_5": [0.0197099470697136, 0.01713806128297227, 0.02758377699296991, 0.02134333951832818, 0.022286599053451938]}, "coverage": {"601_fri_c1_250_5": [0.12, 0.2, 0.18000000000000005, 0.09999999999999998, 0.09999999999999998]}, "complexity": {"601_fri_c1_250_5": [13, 16, 13, 13, 15]}, "time_all": {"601_fri_c1_250_5": [89.94818091392517, 75.9736840724945, 73.90268349647522, 74.87318444252014, 74.49785017967224]}, "time_fit": {"601_fri_c1_250_5": [89.94818091392517, 75.9736840724945, 73.90268349647522, 74.87318444252014, 74.49785017967224]}, "sizes": {"601_fri_c1_250_5": []}, "tau": 0.5}, "LightGBM": {"losses": {"601_fri_c1_250_5": [0.05029843023343807, 0.03893291090376795, 0.04279714345721877, 0.03026225020998778, 0.049326125151735574]}, "coverage": {"601_fri_c1_250_5": [0.020000000000000018, 0.09999999999999998, 0.12, 0.03999999999999998, 0.040000000000000036]}, "time_all": {"601_fri_c1_250_5": [0.1920154094696045, 0.13872194290161133, 0.16550350189208984, 0.16422700881958008, 0.16342520713806152]}, "time_fit": {"601_fri_c1_250_5": [0.03386378288269043, 0.03242635726928711, 0.03911852836608887, 0.037979841232299805, 0.03943943977355957]}, "sizes": {"601_fri_c1_250_5": []}, "tau": 0.5}, "DecisionTree": {"losses": {"601_fri_c1_250_5": [0.057256980061762656, 0.04651343061005671, 0.03746941341323438, 0.037613289979040745, 0.034892029976496285]}, "coverage": {"601_fri_c1_250_5": [0.0, 0.0, 0.040000000000000036, 0.18, 0.09999999999999998]}, "complexity": {"601_fri_c1_250_5": [79, 75, 79, 83, 81]}, "time_all": {"601_fri_c1_250_5": [0.05212283134460449, 0.050283193588256836, 0.051072120666503906, 0.05048203468322754, 0.0531613826751709]}, "time_fit": {"601_fri_c1_250_5": [0.007903575897216797, 0.00744938850402832, 0.007653474807739258, 0.007875442504882812, 0.007873296737670898]}, "sizes": {"601_fri_c1_250_5": []}, "tau": 0.5}, "LinearQuantile": {"losses": {"601_fri_c1_250_5": [0.08293724783096701, 0.06566068948025729, 0.072770165613325, 0.06440017333330648, 0.07121005490757383]}, "coverage": {"601_fri_c1_250_5": [0.06, 0.020000000000000018, 0.06, 0.040000000000000036, 0.020000000000000018]}, "complexity": {"601_fri_c1_250_5": [5, 5, 5, 5, 5]}, "time_all": {"601_fri_c1_250_5": [0.5054991245269775, 0.1637260913848877, 0.0706334114074707, 0.26726531982421875, 0.12409019470214844]}, "time_fit": {"601_fri_c1_250_5": [0.04476499557495117, 0.014071941375732422, 0.005846977233886719, 0.023740291595458984, 0.010694503784179688]}, "sizes": {"601_fri_c1_250_5": []}, "tau": 0.5}}