{"SQR": {"losses": {"230_machine_cpu": [0.011585101007593685, 0.012156351962362973, 0.00590438540955562, 0.007604354616541038, 0.0069948703933718215]}, "coverage": {"230_machine_cpu": [0.18571428571428572, 0.18571428571428572, 0.052380952380952306, 0.09047619047619049, 0.09512195121951217]}, "complexity": {"230_machine_cpu": [5, 7, 8, 10, 7]}, "time_all": {"230_machine_cpu": [87.81575918197632, 74.0358533859253, 75.88247632980347, 74.43342876434326, 73.04428577423096]}, "time_fit": {"230_machine_cpu": [87.81575918197632, 74.0358533859253, 75.88247632980347, 74.43342876434326, 73.04428577423096]}, "sizes": {"230_machine_cpu": []}, "tau": 0.9}, "LightGBM": {"losses": {"230_machine_cpu": [0.02730975381868193, 0.01932285988660084, 0.010677201972208901, 0.00918423584024432, 0.00796788667047888]}, "coverage": {"230_machine_cpu": [0.02857142857142858, 0.01904761904761909, 0.09999999999999998, 0.052380952380952306, 0.051219512195121886]}, "time_all": {"230_machine_cpu": [0.14333415031433105, 0.09689569473266602, 0.09269428253173828, 0.10960197448730469, 0.09409284591674805]}, "time_fit": {"230_machine_cpu": [0.020885467529296875, 0.02025890350341797, 0.01928877830505371, 0.023125648498535156, 0.018069982528686523]}, "sizes": {"230_machine_cpu": []}, "tau": 0.9}, "DecisionTree": {"losses": {"230_machine_cpu": [0.015736555111555108, 0.014701548451548451, 0.0056408175158175165, 0.008125624375624375, 0.0056332082551594775]}, "coverage": {"230_machine_cpu": [0.06666666666666665, 0.3285714285714286, 0.18571428571428572, 0.01904761904761909, 0.0024390243902439046]}, "complexity": {"230_machine_cpu": [63, 67, 65, 27, 7]}, "time_all": {"230_machine_cpu": [0.04525446891784668, 0.0442204475402832, 0.044208526611328125, 0.042092084884643555, 0.04229450225830078]}, "time_fit": {"230_machine_cpu": [0.006365537643432617, 0.006428718566894531, 0.0063707828521728516, 0.0036296844482421875, 0.002130270004272461]}, "sizes": {"230_machine_cpu": []}, "tau": 0.9}, "LinearQuantile": {"losses": {"230_machine_cpu": [0.012878165829723275, 0.011503055026203725, 0.008233373860178082, 0.008091254822235576, 0.0077110404030258945]}, "coverage": {"230_machine_cpu": [0.004761904761904745, 0.06666666666666665, 0.02857142857142858, 0.052380952380952306, 0.09512195121951217]}, "complexity": {"230_machine_cpu": [6, 6, 6, 6, 6]}, "time_all": {"230_machine_cpu": [0.7279093265533447, 0.21096205711364746, 0.9376387596130371, 0.26873135566711426, 0.32408571243286133]}, "time_fit": {"230_machine_cpu": [0.06488990783691406, 0.018172502517700195, 0.07081174850463867, 0.023407697677612305, 0.02882552146911621]}, "sizes": {"230_machine_cpu": []}, "tau": 0.9}}