{"SQR": {"losses": {"653_fri_c0_250_25": [0.023697803873550964, 0.03935505146181855, 0.030566790191262398, 0.023313670984678212, 0.024516166203624908]}, "coverage": {"653_fri_c0_250_25": [0.14, 0.19999999999999996, 0.020000000000000018, 0.06, 0.09999999999999998]}, "complexity": {"653_fri_c0_250_25": [13, 12, 17, 12, 11]}, "time_all": {"653_fri_c0_250_25": [93.17944097518921, 80.70302844047546, 78.86325311660767, 76.4181170463562, 74.82234501838684]}, "time_fit": {"653_fri_c0_250_25": [93.17944097518921, 80.70302844047546, 78.86325311660767, 76.4181170463562, 74.82234501838684]}, "sizes": {"653_fri_c0_250_25": []}, "tau": 0.5}, "LightGBM": {"losses": {"653_fri_c0_250_25": [0.04504310278455497, 0.04853177450230842, 0.04591384158620297, 0.040792782851884056, 0.04951397479729632]}, "coverage": {"653_fri_c0_250_25": [0.0, 0.06, 0.08000000000000002, 0.040000000000000036, 0.06000000000000005]}, "time_all": {"653_fri_c0_250_25": [0.187255859375, 0.17129802703857422, 0.16705632209777832, 0.1517198085784912, 0.143798828125]}, "time_fit": {"653_fri_c0_250_25": [0.03303718566894531, 0.04027366638183594, 0.03695821762084961, 0.037189483642578125, 0.03368782997131348]}, "sizes": {"653_fri_c0_250_25": []}, "tau": 0.5}, "DecisionTree": {"losses": {"653_fri_c0_250_25": [0.054940493675542754, 0.05286691237526353, 0.05394488415600249, 0.052642730344122216, 0.05733059865972371]}, "coverage": {"653_fri_c0_250_25": [0.040000000000000036, 0.020000000000000018, 0.06000000000000005, 0.18, 0.0]}, "complexity": {"653_fri_c0_250_25": [33, 35, 29, 15, 7]}, "time_all": {"653_fri_c0_250_25": [0.0695962905883789, 0.06645917892456055, 0.06560230255126953, 0.06310153007507324, 0.06445121765136719]}, "time_fit": {"653_fri_c0_250_25": [0.0070803165435791016, 0.006806850433349609, 0.006482839584350586, 0.004674673080444336, 0.0034210681915283203]}, "sizes": {"653_fri_c0_250_25": []}, "tau": 0.5}, "LinearQuantile": {"losses": {"653_fri_c0_250_25": [0.04202485854322977, 0.04501307363614919, 0.04099963612318025, 0.04136514494222825, 0.042303715850573444]}, "coverage": {"653_fri_c0_250_25": [0.06, 0.06000000000000005, 0.15999999999999998, 0.09999999999999998, 0.0]}, "complexity": {"653_fri_c0_250_25": [25, 25, 25, 25, 25]}, "time_all": {"653_fri_c0_250_25": [0.5432801246643066, 2.200054883956909, 0.8437016010284424, 0.9145267009735107, 1.2303011417388916]}, "time_fit": {"653_fri_c0_250_25": [0.048203468322753906, 0.15947294235229492, 0.059270620346069336, 0.07881760597229004, 0.08271002769470215]}, "sizes": {"653_fri_c0_250_25": []}, "tau": 0.5}}