{"SQR": {"losses": {"611_fri_c3_100_5": [0.02557028134134376, 0.014202300135513855, 0.015391982251688923, 0.013649954983317013, 0.0335834061161521]}, "coverage": {"611_fri_c3_100_5": [0.15000000000000002, 0.050000000000000044, 0.20000000000000007, 0.0, 0.25]}, "complexity": {"611_fri_c3_100_5": [11, 10, 9, 12, 13]}, "time_all": {"611_fri_c3_100_5": [81.33730578422546, 66.95028781890869, 66.81562209129333, 66.7374255657196, 68.24156427383423]}, "time_fit": {"611_fri_c3_100_5": [81.33730578422546, 66.95028781890869, 66.81562209129333, 66.7374255657196, 68.24156427383423]}, "sizes": {"611_fri_c3_100_5": []}, "tau": 0.9}, "LightGBM": {"losses": {"611_fri_c3_100_5": [0.021466805379950417, 0.02676987718320027, 0.01891962507744006, 0.021873678115192995, 0.06796268396723597]}, "coverage": {"611_fri_c3_100_5": [0.04999999999999993, 0.09999999999999998, 0.20000000000000007, 0.09999999999999998, 0.20000000000000007]}, "time_all": {"611_fri_c3_100_5": [0.1149899959564209, 0.08818793296813965, 0.07893037796020508, 0.07865524291992188, 0.07297635078430176]}, "time_fit": {"611_fri_c3_100_5": [0.017290353775024414, 0.021519899368286133, 0.016788244247436523, 0.015987873077392578, 0.01675558090209961]}, "sizes": {"611_fri_c3_100_5": []}, "tau": 0.9}, "DecisionTree": {"losses": {"611_fri_c3_100_5": [0.021996863840880666, 0.023442580325033494, 0.016462538462624573, 0.01742948105561394, 0.05148104980467854]}, "coverage": {"611_fri_c3_100_5": [0.04999999999999993, 0.04999999999999993, 0.050000000000000044, 0.0, 0.25]}, "complexity": {"611_fri_c3_100_5": [3, 3, 3, 13, 35]}, "time_all": {"611_fri_c3_100_5": [0.03253483772277832, 0.03266787528991699, 0.03141212463378906, 0.031010866165161133, 0.033797264099121094]}, "time_fit": {"611_fri_c3_100_5": [0.0017676353454589844, 0.0017070770263671875, 0.0017192363739013672, 0.002410411834716797, 0.004068136215209961]}, "sizes": {"611_fri_c3_100_5": []}, "tau": 0.9}, "LinearQuantile": {"losses": {"611_fri_c3_100_5": [0.0831313760226142, 0.06895854298100246, 0.09853983450918721, 0.05338251044580325, 0.15103475020871882]}, "coverage": {"611_fri_c3_100_5": [0.4, 0.4, 0.5, 0.45, 0.45]}, "complexity": {"611_fri_c3_100_5": [5, 5, 5, 5, 5]}, "time_all": {"611_fri_c3_100_5": [0.1383500099182129, 0.30907583236694336, 0.07915973663330078, 0.4322509765625, 0.24065160751342773]}, "time_fit": {"611_fri_c3_100_5": [0.011606216430664062, 0.02544713020324707, 0.0066106319427490234, 0.03412652015686035, 0.020350217819213867]}, "sizes": {"611_fri_c3_100_5": []}, "tau": 0.9}}