{"SQR": {"losses": {"597_fri_c2_500_5": [0.02057272365265407, 0.017447842949703054, 0.024544989411524408, 0.013331739555866251, 0.027244709075037715]}, "coverage": {"597_fri_c2_500_5": [0.020000000000000018, 0.020000000000000018, 0.010000000000000009, 0.09999999999999998, 0.06999999999999995]}, "complexity": {"597_fri_c2_500_5": [13, 15, 15, 17, 14]}, "time_all": {"597_fri_c2_500_5": [102.47677969932556, 95.22691440582275, 87.07096552848816, 90.22299122810364, 87.78191781044006]}, "time_fit": {"597_fri_c2_500_5": [102.47677969932556, 95.22691440582275, 87.07096552848816, 90.22299122810364, 87.78191781044006]}, "sizes": {"597_fri_c2_500_5": []}, "tau": 0.5}, "LightGBM": {"losses": {"597_fri_c2_500_5": [0.03587162021622457, 0.04065522921071951, 0.03605033490921481, 0.030455075168560428, 0.03669475215713648]}, "coverage": {"597_fri_c2_500_5": [0.06000000000000005, 0.08999999999999997, 0.0, 0.10999999999999999, 0.030000000000000027]}, "time_all": {"597_fri_c2_500_5": [0.27180981636047363, 0.22945952415466309, 0.2531778812408447, 0.2515709400177002, 0.2213599681854248]}, "time_fit": {"597_fri_c2_500_5": [0.054276466369628906, 0.05418276786804199, 0.05216383934020996, 0.05314993858337402, 0.05320119857788086]}, "sizes": {"597_fri_c2_500_5": []}, "tau": 0.5}, "DecisionTree": {"losses": {"597_fri_c2_500_5": [0.04000732874890696, 0.041397519284129616, 0.04130729352043317, 0.03890059501856481, 0.03604690290455013]}, "coverage": {"597_fri_c2_500_5": [0.040000000000000036, 0.06999999999999995, 0.030000000000000027, 0.13, 0.030000000000000027]}, "complexity": {"597_fri_c2_500_5": [161, 73, 165, 69, 71]}, "time_all": {"597_fri_c2_500_5": [0.08598089218139648, 0.07679986953735352, 0.08171224594116211, 0.07502198219299316, 0.07590126991271973]}, "time_fit": {"597_fri_c2_500_5": [0.015078544616699219, 0.008439302444458008, 0.015015125274658203, 0.00795888900756836, 0.008131980895996094]}, "sizes": {"597_fri_c2_500_5": []}, "tau": 0.5}, "LinearQuantile": {"losses": {"597_fri_c2_500_5": [0.07786767696010609, 0.07684511778909174, 0.07676815482087646, 0.0765800364882746, 0.08223403339211592]}, "coverage": {"597_fri_c2_500_5": [0.050000000000000044, 0.0, 0.030000000000000027, 0.06, 0.04999999999999999]}, "complexity": {"597_fri_c2_500_5": [5, 5, 5, 5, 5]}, "time_all": {"597_fri_c2_500_5": [0.20586705207824707, 0.2432866096496582, 0.2807285785675049, 0.1241605281829834, 0.19649171829223633]}, "time_fit": {"597_fri_c2_500_5": [0.017568349838256836, 0.021515846252441406, 0.024934768676757812, 0.010694026947021484, 0.016927719116210938]}, "sizes": {"597_fri_c2_500_5": []}, "tau": 0.5}}