{"SQR": {"losses": {"649_fri_c0_500_5": [0.008506117414022213, 0.012930308694427512, 0.010575602354336997, 0.011057969688862336, 0.010085848543339456]}, "coverage": {"649_fri_c0_500_5": [0.07000000000000006, 0.040000000000000036, 0.020000000000000018, 0.050000000000000044, 0.030000000000000027]}, "complexity": {"649_fri_c0_500_5": [14, 14, 9, 8, 9]}, "time_all": {"649_fri_c0_500_5": [107.13255143165588, 95.72694563865662, 87.55780792236328, 85.56283783912659, 93.00208806991577]}, "time_fit": {"649_fri_c0_500_5": [107.13255143165588, 95.72694563865662, 87.55780792236328, 85.56283783912659, 93.00208806991577]}, "sizes": {"649_fri_c0_500_5": []}, "tau": 0.9}, "LightGBM": {"losses": {"649_fri_c0_500_5": [0.019364609705849627, 0.02357301478568815, 0.019698485649585443, 0.017743881893675897, 0.018637455553862654]}, "coverage": {"649_fri_c0_500_5": [0.12, 0.020000000000000018, 0.020000000000000018, 0.020000000000000018, 0.010000000000000009]}, "time_all": {"649_fri_c0_500_5": [0.22581243515014648, 0.17609500885009766, 0.21170878410339355, 0.1832578182220459, 0.2041170597076416]}, "time_fit": {"649_fri_c0_500_5": [0.044492483139038086, 0.04152417182922363, 0.046834707260131836, 0.044512033462524414, 0.04290890693664551]}, "sizes": {"649_fri_c0_500_5": []}, "tau": 0.9}, "DecisionTree": {"losses": {"649_fri_c0_500_5": [0.020980182680925698, 0.02015325292624409, 0.017921266736746155, 0.016197120654350885, 0.017873762713211113]}, "coverage": {"649_fri_c0_500_5": [0.08000000000000007, 0.050000000000000044, 0.07000000000000006, 0.020000000000000018, 0.09999999999999998]}, "complexity": {"649_fri_c0_500_5": [17, 29, 71, 33, 65]}, "time_all": {"649_fri_c0_500_5": [0.07346272468566895, 0.07211923599243164, 0.07605338096618652, 0.07301688194274902, 0.07465529441833496]}, "time_fit": {"649_fri_c0_500_5": [0.0038480758666992188, 0.0048732757568359375, 0.008182287216186523, 0.005178928375244141, 0.007708311080932617]}, "sizes": {"649_fri_c0_500_5": []}, "tau": 0.9}, "LinearQuantile": {"losses": {"649_fri_c0_500_5": [0.037962196932425724, 0.03763209137133427, 0.03228662891199697, 0.030753741812048204, 0.03135871537624574]}, "coverage": {"649_fri_c0_500_5": [0.48000000000000004, 0.47000000000000003, 0.38, 0.41000000000000003, 0.41000000000000003]}, "complexity": {"649_fri_c0_500_5": [5, 5, 5, 5, 5]}, "time_all": {"649_fri_c0_500_5": [0.21215271949768066, 0.14434051513671875, 0.5567107200622559, 0.12094974517822266, 1.8364009857177734]}, "time_fit": {"649_fri_c0_500_5": [0.01819014549255371, 0.01240992546081543, 0.049836158752441406, 0.010483264923095703, 0.1267235279083252]}, "sizes": {"649_fri_c0_500_5": []}, "tau": 0.9}}