{"SQR": {"losses": {"589_fri_c2_1000_25": [0.026740320202883135, 0.01833314690225629, 0.019730057410908518, 0.01731255673723329, 0.02072289304576607]}, "coverage": {"589_fri_c2_1000_25": [0.06000000000000005, 0.025000000000000022, 0.025000000000000022, 0.0050000000000000044, 0.020000000000000018]}, "complexity": {"589_fri_c2_1000_25": [12, 14, 14, 17, 13]}, "time_all": {"589_fri_c2_1000_25": [105.54235291481018, 100.48464846611023, 106.73838782310486, 97.43895983695984, 104.35432314872742]}, "time_fit": {"589_fri_c2_1000_25": [105.54235291481018, 100.48464846611023, 106.73838782310486, 97.43895983695984, 104.35432314872742]}, "sizes": {"589_fri_c2_1000_25": []}, "tau": 0.5}, "LightGBM": {"losses": {"589_fri_c2_1000_25": [0.03403706846105951, 0.03155312213521432, 0.028430621469123393, 0.03091308887123952, 0.03379031172593783]}, "coverage": {"589_fri_c2_1000_25": [0.020000000000000018, 0.030000000000000027, 0.0, 0.06, 0.025000000000000022]}, "time_all": {"589_fri_c2_1000_25": [0.4571857452392578, 0.4465172290802002, 0.40610671043395996, 0.4102904796600342, 0.4023618698120117]}, "time_fit": {"589_fri_c2_1000_25": [0.08199357986450195, 0.07941365242004395, 0.07875657081604004, 0.07867121696472168, 0.07904982566833496]}, "sizes": {"589_fri_c2_1000_25": []}, "tau": 0.5}, "DecisionTree": {"losses": {"589_fri_c2_1000_25": [0.03510579669369942, 0.036239015225558245, 0.03507332307974869, 0.03332446454524936, 0.03573286581476329]}, "coverage": {"589_fri_c2_1000_25": [0.025000000000000022, 0.050000000000000044, 0.010000000000000009, 0.015000000000000013, 0.020000000000000018]}, "complexity": {"589_fri_c2_1000_25": [323, 133, 65, 319, 131]}, "time_all": {"589_fri_c2_1000_25": [0.31308841705322266, 0.28264617919921875, 0.2815268039703369, 0.286989688873291, 0.3017311096191406]}, "time_fit": {"589_fri_c2_1000_25": [0.04911351203918457, 0.029718399047851562, 0.023345947265625, 0.04392099380493164, 0.031828880310058594]}, "sizes": {"589_fri_c2_1000_25": []}, "tau": 0.5}, "LinearQuantile": {"losses": {"589_fri_c2_1000_25": [0.07306258415081758, 0.07170810149993409, 0.07106516710302706, 0.06932128580247804, 0.07389518394433205]}, "coverage": {"589_fri_c2_1000_25": [0.025000000000000022, 0.044999999999999984, 0.025000000000000022, 0.0, 0.0050000000000000044]}, "complexity": {"589_fri_c2_1000_25": [25, 25, 25, 25, 25]}, "time_all": {"589_fri_c2_1000_25": [1.0636744499206543, 0.8116636276245117, 2.1511549949645996, 2.1245672702789307, 1.528898000717163]}, "time_fit": {"589_fri_c2_1000_25": [0.07886838912963867, 0.058267831802368164, 0.17619872093200684, 0.18004584312438965, 0.12097835540771484]}, "sizes": {"589_fri_c2_1000_25": []}, "tau": 0.5}}