{"SQR": {"losses": {"651_fri_c0_100_25": [0.012198888076701112, 0.039225630895479334, 0.02899360957529035, 0.05613710408756244, 0.020684847047878287]}, "coverage": {"651_fri_c0_100_25": [0.0, 0.20000000000000007, 0.0, 0.20000000000000007, 0.0]}, "complexity": {"651_fri_c0_100_25": [10, 8, 11, 15, 18]}, "time_all": {"651_fri_c0_100_25": [86.32001686096191, 71.48654508590698, 72.12408828735352, 70.19374227523804, 71.22506999969482]}, "time_fit": {"651_fri_c0_100_25": [86.32001686096191, 71.48654508590698, 72.12408828735352, 70.19374227523804, 71.22506999969482]}, "sizes": {"651_fri_c0_100_25": []}, "tau": 0.9}, "LightGBM": {"losses": {"651_fri_c0_100_25": [0.03692435155120072, 0.03314200349576284, 0.03874666927340925, 0.02478014250692201, 0.03637210382763692]}, "coverage": {"651_fri_c0_100_25": [0.09999999999999998, 0.04999999999999993, 0.04999999999999993, 0.0, 0.050000000000000044]}, "time_all": {"651_fri_c0_100_25": [0.12752461433410645, 0.09399604797363281, 0.09623908996582031, 0.09924054145812988, 0.08637857437133789]}, "time_fit": {"651_fri_c0_100_25": [0.012877225875854492, 0.019352197647094727, 0.020392894744873047, 0.021162986755371094, 0.017362594604492188]}, "sizes": {"651_fri_c0_100_25": []}, "tau": 0.9}, "DecisionTree": {"losses": {"651_fri_c0_100_25": [0.035921420368216814, 0.02860905956744585, 0.038579007728209595, 0.028635673044776967, 0.033661413413885]}, "coverage": {"651_fri_c0_100_25": [0.09999999999999998, 0.04999999999999993, 0.04999999999999993, 0.0, 0.0]}, "complexity": {"651_fri_c0_100_25": [11, 3, 1, 1, 3]}, "time_all": {"651_fri_c0_100_25": [0.03669118881225586, 0.035637617111206055, 0.035471439361572266, 0.0355527400970459, 0.034317970275878906]}, "time_fit": {"651_fri_c0_100_25": [0.002969503402709961, 0.0018918514251708984, 0.0015134811401367188, 0.0015308856964111328, 0.001890420913696289]}, "sizes": {"651_fri_c0_100_25": []}, "tau": 0.9}, "LinearQuantile": {"losses": {"651_fri_c0_100_25": [0.09383891073963532, 0.08243961960293406, 0.06863919431540436, 0.1108765701002289, 0.0749827633347239]}, "coverage": {"651_fri_c0_100_25": [0.5, 0.55, 0.35, 0.65, 0.5]}, "complexity": {"651_fri_c0_100_25": [25, 25, 25, 25, 25]}, "time_all": {"651_fri_c0_100_25": [0.540656566619873, 3.216764211654663, 1.856370449066162, 2.675161600112915, 0.6354048252105713]}, "time_fit": {"651_fri_c0_100_25": [0.047435760498046875, 0.23337578773498535, 0.14387965202331543, 0.20127058029174805, 0.04749107360839844]}, "sizes": {"651_fri_c0_100_25": []}, "tau": 0.9}}