{"SQR": {"losses": {"615_fri_c4_250_10": [0.006986076491690537, 0.013845252265173608, 0.015113522136957998, 0.007630397148070657, 0.01891473461532351]}, "coverage": {"615_fri_c4_250_10": [0.040000000000000036, 0.16000000000000003, 0.16000000000000003, 0.05999999999999994, 0.08000000000000007]}, "complexity": {"615_fri_c4_250_10": [16, 13, 7, 9, 9]}, "time_all": {"615_fri_c4_250_10": [91.1653745174408, 76.23969960212708, 72.70074653625488, 76.54760456085205, 75.49812388420105]}, "time_fit": {"615_fri_c4_250_10": [91.1653745174408, 76.23969960212708, 72.70074653625488, 76.54760456085205, 75.49812388420105]}, "sizes": {"615_fri_c4_250_10": []}, "tau": 0.9}, "LightGBM": {"losses": {"615_fri_c4_250_10": [0.01764819025612221, 0.018696527050118306, 0.02154038530249859, 0.0211842200571233, 0.032008081082297635]}, "coverage": {"615_fri_c4_250_10": [0.06000000000000005, 0.020000000000000018, 0.039999999999999925, 0.05999999999999994, 0.12]}, "time_all": {"615_fri_c4_250_10": [0.1855454444885254, 0.115631103515625, 0.13483977317810059, 0.14952969551086426, 0.12547969818115234]}, "time_fit": {"615_fri_c4_250_10": [0.026816844940185547, 0.021429777145385742, 0.029653072357177734, 0.03490591049194336, 0.027385234832763672]}, "sizes": {"615_fri_c4_250_10": []}, "tau": 0.9}, "DecisionTree": {"losses": {"615_fri_c4_250_10": [0.019362845062489618, 0.018494994232042865, 0.016648929639767256, 0.020370608478318803, 0.02925880335662152]}, "coverage": {"615_fri_c4_250_10": [0.08000000000000007, 0.020000000000000018, 0.040000000000000036, 0.08000000000000007, 0.14]}, "complexity": {"615_fri_c4_250_10": [7, 5, 33, 35, 35]}, "time_all": {"615_fri_c4_250_10": [0.05298328399658203, 0.048804283142089844, 0.05278491973876953, 0.05265331268310547, 0.05224251747131348]}, "time_fit": {"615_fri_c4_250_10": [0.002619504928588867, 0.002299070358276367, 0.005086421966552734, 0.005217790603637695, 0.005234241485595703]}, "sizes": {"615_fri_c4_250_10": []}, "tau": 0.9}, "LinearQuantile": {"losses": {"615_fri_c4_250_10": [0.057737586794674035, 0.05725920109715788, 0.05793239899580063, 0.05238968447663821, 0.07664514164106699]}, "coverage": {"615_fri_c4_250_10": [0.46, 0.52, 0.44, 0.30000000000000004, 0.46]}, "complexity": {"615_fri_c4_250_10": [10, 10, 10, 10, 10]}, "time_all": {"615_fri_c4_250_10": [0.588608980178833, 0.24210095405578613, 0.66914963722229, 0.9559693336486816, 0.3435556888580322]}, "time_fit": {"615_fri_c4_250_10": [0.05212688446044922, 0.020919084548950195, 0.050312042236328125, 0.08458566665649414, 0.0307009220123291]}, "sizes": {"615_fri_c4_250_10": []}, "tau": 0.9}}