{"SQR": {"losses": {"628_fri_c3_1000_5": [0.014276007409424899, 0.012005779957706984, 0.018560507482960564, 0.01927866086246219, 0.024094515771947166]}, "coverage": {"628_fri_c3_1000_5": [0.06499999999999995, 0.09999999999999998, 0.04999999999999999, 0.14, 0.07500000000000001]}, "complexity": {"628_fri_c3_1000_5": [14, 11, 13, 15, 10]}, "time_all": {"628_fri_c3_1000_5": [115.39906144142151, 98.87190103530884, 108.55968403816223, 107.503977060318, 103.49519371986389]}, "time_fit": {"628_fri_c3_1000_5": [115.39906144142151, 98.87190103530884, 108.55968403816223, 107.503977060318, 103.49519371986389]}, "sizes": {"628_fri_c3_1000_5": []}, "tau": 0.5}, "LightGBM": {"losses": {"628_fri_c3_1000_5": [0.026614903885517942, 0.02211133059430822, 0.024022972092578858, 0.022809969449594257, 0.026021468144342606]}, "coverage": {"628_fri_c3_1000_5": [0.010000000000000009, 0.0, 0.015000000000000013, 0.050000000000000044, 0.05499999999999999]}, "time_all": {"628_fri_c3_1000_5": [0.46613502502441406, 0.37751150131225586, 0.3973662853240967, 0.39583325386047363, 0.4020559787750244]}, "time_fit": {"628_fri_c3_1000_5": [0.07775592803955078, 0.07297849655151367, 0.0740818977355957, 0.07178306579589844, 0.07475805282592773]}, "sizes": {"628_fri_c3_1000_5": []}, "tau": 0.5}, "DecisionTree": {"losses": {"628_fri_c3_1000_5": [0.02618529542577525, 0.02720407415520684, 0.026384740751636944, 0.02374197493656487, 0.026332012376527603]}, "coverage": {"628_fri_c3_1000_5": [0.015000000000000013, 0.010000000000000009, 0.06, 0.09999999999999998, 0.020000000000000018]}, "complexity": {"628_fri_c3_1000_5": [323, 313, 323, 315, 329]}, "time_all": {"628_fri_c3_1000_5": [0.15515518188476562, 0.15160465240478516, 0.15501952171325684, 0.1549053192138672, 0.15459179878234863]}, "time_fit": {"628_fri_c3_1000_5": [0.029791831970214844, 0.028939008712768555, 0.029875993728637695, 0.029320955276489258, 0.030135631561279297]}, "sizes": {"628_fri_c3_1000_5": []}, "tau": 0.5}, "LinearQuantile": {"losses": {"628_fri_c3_1000_5": [0.06350780021707704, 0.060143840689890087, 0.057849171638724044, 0.06054298036874835, 0.06250666352818858]}, "coverage": {"628_fri_c3_1000_5": [0.030000000000000027, 0.030000000000000027, 0.015000000000000013, 0.04999999999999999, 0.0050000000000000044]}, "complexity": {"628_fri_c3_1000_5": [5, 5, 5, 5, 5]}, "time_all": {"628_fri_c3_1000_5": [0.3107795715332031, 0.19461965560913086, 0.21872997283935547, 0.47303271293640137, 0.2727065086364746]}, "time_fit": {"628_fri_c3_1000_5": [0.02701592445373535, 0.017153501510620117, 0.019280672073364258, 0.038027048110961914, 0.022860050201416016]}, "sizes": {"628_fri_c3_1000_5": []}, "tau": 0.5}}