{"SQR": {"losses": {"584_fri_c4_500_25": [0.010253724012465963, 0.015212361473952645, 0.008730600745070517, 0.007930096712904679, 0.010973334269938496]}, "coverage": {"584_fri_c4_500_25": [0.010000000000000009, 0.09999999999999998, 0.05999999999999994, 0.010000000000000009, 0.030000000000000027]}, "complexity": {"584_fri_c4_500_25": [14, 6, 15, 15, 10]}, "time_all": {"584_fri_c4_500_25": [115.77622866630554, 85.1776123046875, 92.78928804397583, 97.49357056617737, 84.55225253105164]}, "time_fit": {"584_fri_c4_500_25": [115.77622866630554, 85.1776123046875, 92.78928804397583, 97.49357056617737, 84.55225253105164]}, "sizes": {"584_fri_c4_500_25": []}, "tau": 0.9}, "LightGBM": {"losses": {"584_fri_c4_500_25": [0.01412846471178622, 0.021204597981092883, 0.024528770245090915, 0.016228255431653908, 0.017569540430136532]}, "coverage": {"584_fri_c4_500_25": [0.010000000000000009, 0.06000000000000005, 0.050000000000000044, 0.030000000000000027, 0.030000000000000027]}, "time_all": {"584_fri_c4_500_25": [0.23770403861999512, 0.21292972564697266, 0.18942022323608398, 0.21810078620910645, 0.21845507621765137]}, "time_fit": {"584_fri_c4_500_25": [0.04263186454772949, 0.04817962646484375, 0.04285907745361328, 0.04338192939758301, 0.04208660125732422]}, "sizes": {"584_fri_c4_500_25": []}, "tau": 0.9}, "DecisionTree": {"losses": {"584_fri_c4_500_25": [0.01666680298278017, 0.019901174991088014, 0.0238237232156153, 0.015112530327178632, 0.019303362748123457]}, "coverage": {"584_fri_c4_500_25": [0.0, 0.17000000000000004, 0.20000000000000007, 0.06000000000000005, 0.13]}, "complexity": {"584_fri_c4_500_25": [21, 69, 29, 27, 67]}, "time_all": {"584_fri_c4_500_25": [0.13093852996826172, 0.13481855392456055, 0.128434419631958, 0.13056302070617676, 0.13492417335510254]}, "time_fit": {"584_fri_c4_500_25": [0.008619070053100586, 0.015286922454833984, 0.009969711303710938, 0.00980234146118164, 0.014841794967651367]}, "sizes": {"584_fri_c4_500_25": []}, "tau": 0.9}, "LinearQuantile": {"losses": {"584_fri_c4_500_25": [0.06939912736427523, 0.0743781804908854, 0.07753940947578608, 0.06610255870180366, 0.062386174114552405]}, "coverage": {"584_fri_c4_500_25": [0.43000000000000005, 0.43000000000000005, 0.46, 0.42000000000000004, 0.42000000000000004]}, "complexity": {"584_fri_c4_500_25": [25, 25, 25, 25, 25]}, "time_all": {"584_fri_c4_500_25": [1.5476160049438477, 6.43028712272644, 2.805046319961548, 2.252110004425049, 0.7567026615142822]}, "time_fit": {"584_fri_c4_500_25": [0.10951519012451172, 0.27129292488098145, 0.21894502639770508, 0.1716759204864502, 0.06842970848083496]}, "sizes": {"584_fri_c4_500_25": []}, "tau": 0.9}}