{"SQR": {"losses": {"657_fri_c2_250_10": [0.025423991434200044, 0.02899413323484475, 0.0220360082496389, 0.033370985220071786, 0.03393902446658826]}, "coverage": {"657_fri_c2_250_10": [0.03999999999999998, 0.020000000000000018, 0.020000000000000018, 0.020000000000000018, 0.020000000000000018]}, "complexity": {"657_fri_c2_250_10": [13, 9, 13, 10, 9]}, "time_all": {"657_fri_c2_250_10": [86.18998551368713, 76.03026604652405, 74.63988995552063, 66.2732663154602, 71.27978825569153]}, "time_fit": {"657_fri_c2_250_10": [86.18998551368713, 76.03026604652405, 74.63988995552063, 66.2732663154602, 71.27978825569153]}, "sizes": {"657_fri_c2_250_10": []}, "tau": 0.5}, "LightGBM": {"losses": {"657_fri_c2_250_10": [0.0404290269801604, 0.04682745008539779, 0.0530966408214799, 0.048197449780681155, 0.03733679786822435]}, "coverage": {"657_fri_c2_250_10": [0.03999999999999998, 0.020000000000000018, 0.0, 0.07999999999999996, 0.020000000000000018]}, "time_all": {"657_fri_c2_250_10": [0.18750452995300293, 0.1733243465423584, 0.17262959480285645, 0.17229628562927246, 0.1684551239013672]}, "time_fit": {"657_fri_c2_250_10": [0.03437447547912598, 0.04276895523071289, 0.042292118072509766, 0.04264640808105469, 0.03897595405578613]}, "sizes": {"657_fri_c2_250_10": []}, "tau": 0.5}, "DecisionTree": {"losses": {"657_fri_c2_250_10": [0.04277451293990122, 0.049416752250786934, 0.05722170230183452, 0.04572302688073628, 0.040361423727176715]}, "coverage": {"657_fri_c2_250_10": [0.06, 0.020000000000000018, 0.020000000000000018, 0.09999999999999998, 0.15999999999999998]}, "complexity": {"657_fri_c2_250_10": [85, 15, 79, 81, 35]}, "time_all": {"657_fri_c2_250_10": [0.05908370018005371, 0.05216383934020996, 0.0545957088470459, 0.05462074279785156, 0.053371429443359375]}, "time_fit": {"657_fri_c2_250_10": [0.009469985961914062, 0.003511190414428711, 0.008521795272827148, 0.008266687393188477, 0.00517725944519043]}, "sizes": {"657_fri_c2_250_10": []}, "tau": 0.5}, "LinearQuantile": {"losses": {"657_fri_c2_250_10": [0.07744281022683748, 0.08549356072930568, 0.08382345559427609, 0.0864110625079788, 0.0850868462369184]}, "coverage": {"657_fri_c2_250_10": [0.12, 0.06000000000000005, 0.03999999999999998, 0.08000000000000002, 0.09999999999999998]}, "complexity": {"657_fri_c2_250_10": [10, 10, 10, 10, 10]}, "time_all": {"657_fri_c2_250_10": [0.3633418083190918, 0.5385837554931641, 1.0260910987854004, 0.15126514434814453, 0.3538694381713867]}, "time_fit": {"657_fri_c2_250_10": [0.03188347816467285, 0.043282508850097656, 0.06935977935791016, 0.012813329696655273, 0.03162550926208496]}, "sizes": {"657_fri_c2_250_10": []}, "tau": 0.5}}