{"SQR": {"losses": {"623_fri_c4_1000_10": [0.014835363774019204, 0.011853484481409, 0.012712033577145931, 0.018861472525397424, 0.022160157430794976]}, "coverage": {"623_fri_c4_1000_10": [0.07499999999999996, 0.034999999999999976, 0.034999999999999976, 0.10999999999999999, 0.135]}, "complexity": {"623_fri_c4_1000_10": [14, 15, 13, 11, 11]}, "time_all": {"623_fri_c4_1000_10": [119.78718757629395, 105.58653783798218, 105.2289650440216, 106.06241774559021, 99.33918952941895]}, "time_fit": {"623_fri_c4_1000_10": [119.78718757629395, 105.58653783798218, 105.2289650440216, 106.06241774559021, 99.33918952941895]}, "sizes": {"623_fri_c4_1000_10": []}, "tau": 0.5}, "LightGBM": {"losses": {"623_fri_c4_1000_10": [0.022163768598109514, 0.022321743578795517, 0.024648503232713854, 0.022326879048800125, 0.02486013406592271]}, "coverage": {"623_fri_c4_1000_10": [0.0050000000000000044, 0.0, 0.010000000000000009, 0.040000000000000036, 0.025000000000000022]}, "time_all": {"623_fri_c4_1000_10": [0.4516775608062744, 0.42073631286621094, 0.43538951873779297, 0.40643906593322754, 0.41683244705200195]}, "time_fit": {"623_fri_c4_1000_10": [0.08160090446472168, 0.08203887939453125, 0.08206462860107422, 0.08035659790039062, 0.08222603797912598]}, "sizes": {"623_fri_c4_1000_10": []}, "tau": 0.5}, "DecisionTree": {"losses": {"623_fri_c4_1000_10": [0.026388366962975026, 0.02251342743437262, 0.02379480127704817, 0.024040238833677164, 0.023129924885224643]}, "coverage": {"623_fri_c4_1000_10": [0.025000000000000022, 0.04500000000000004, 0.0050000000000000044, 0.0050000000000000044, 0.03500000000000003]}, "complexity": {"623_fri_c4_1000_10": [337, 315, 321, 141, 321]}, "time_all": {"623_fri_c4_1000_10": [0.2027590274810791, 0.1971738338470459, 0.1945796012878418, 0.18359732627868652, 0.1910233497619629]}, "time_fit": {"623_fri_c4_1000_10": [0.03691458702087402, 0.03468608856201172, 0.03464055061340332, 0.020825862884521484, 0.034332275390625]}, "sizes": {"623_fri_c4_1000_10": []}, "tau": 0.5}, "LinearQuantile": {"losses": {"623_fri_c4_1000_10": [0.05045824029087107, 0.05289381476188858, 0.05402000680897393, 0.056317747328149606, 0.05255571439233102]}, "coverage": {"623_fri_c4_1000_10": [0.0050000000000000044, 0.0050000000000000044, 0.015000000000000013, 0.020000000000000018, 0.09499999999999997]}, "complexity": {"623_fri_c4_1000_10": [10, 10, 10, 10, 10]}, "time_all": {"623_fri_c4_1000_10": [1.027421236038208, 0.7917523384094238, 0.5086832046508789, 0.18401741981506348, 0.38976430892944336]}, "time_fit": {"623_fri_c4_1000_10": [0.08285856246948242, 0.0560612678527832, 0.045670270919799805, 0.015608787536621094, 0.03478741645812988]}, "sizes": {"623_fri_c4_1000_10": []}, "tau": 0.5}}