{"SQR": {"losses": {"594_fri_c2_100_5": [0.056907167357774256, 0.045931150741075594, 0.02251044548320073, 0.05594711445038008, 0.03274946641127461]}, "coverage": {"594_fri_c2_100_5": [0.15000000000000002, 0.050000000000000044, 0.09999999999999998, 0.0, 0.25]}, "complexity": {"594_fri_c2_100_5": [12, 11, 15, 10, 12]}, "time_all": {"594_fri_c2_100_5": [81.11607027053833, 66.22169947624207, 65.72074103355408, 66.92837810516357, 66.70078134536743]}, "time_fit": {"594_fri_c2_100_5": [81.11607027053833, 66.22169947624207, 65.72074103355408, 66.92837810516357, 66.70078134536743]}, "sizes": {"594_fri_c2_100_5": []}, "tau": 0.5}, "LightGBM": {"losses": {"594_fri_c2_100_5": [0.08704783480257536, 0.06903215133614443, 0.05937448129134567, 0.05913632623172838, 0.07439258039352697]}, "coverage": {"594_fri_c2_100_5": [0.25, 0.15000000000000002, 0.09999999999999998, 0.04999999999999999, 0.09999999999999998]}, "time_all": {"594_fri_c2_100_5": [0.12313318252563477, 0.0877077579498291, 0.07511091232299805, 0.0804450511932373, 0.07325863838195801]}, "time_fit": {"594_fri_c2_100_5": [0.016718626022338867, 0.013500213623046875, 0.015151262283325195, 0.016574859619140625, 0.01700139045715332]}, "sizes": {"594_fri_c2_100_5": []}, "tau": 0.5}, "DecisionTree": {"losses": {"594_fri_c2_100_5": [0.03981941806865115, 0.06222405353338572, 0.05204980484981903, 0.053139505237090975, 0.07586350890292613]}, "coverage": {"594_fri_c2_100_5": [0.15000000000000002, 0.15000000000000002, 0.25, 0.04999999999999999, 0.19999999999999996]}, "complexity": {"594_fri_c2_100_5": [33, 33, 1, 5, 13]}, "time_all": {"594_fri_c2_100_5": [0.03549790382385254, 0.03462386131286621, 0.030303955078125, 0.031579017639160156, 0.032501220703125]}, "time_fit": {"594_fri_c2_100_5": [0.004182577133178711, 0.003917217254638672, 0.0014655590057373047, 0.0019176006317138672, 0.002547740936279297]}, "sizes": {"594_fri_c2_100_5": []}, "tau": 0.5}, "LinearQuantile": {"losses": {"594_fri_c2_100_5": [0.09849137078321346, 0.08379906742236692, 0.07204605774451463, 0.10965058201244048, 0.09971539305582437]}, "coverage": {"594_fri_c2_100_5": [0.19999999999999996, 0.25, 0.25, 0.04999999999999999, 0.09999999999999998]}, "complexity": {"594_fri_c2_100_5": [5, 5, 5, 5, 5]}, "time_all": {"594_fri_c2_100_5": [0.3860137462615967, 0.0800626277923584, 0.19513344764709473, 0.09441399574279785, 0.33932971954345703]}, "time_fit": {"594_fri_c2_100_5": [0.03359365463256836, 0.006639957427978516, 0.016435623168945312, 0.007962703704833984, 0.0281524658203125]}, "sizes": {"594_fri_c2_100_5": []}, "tau": 0.5}}