{"SQR": {"losses": {"1027_ESL": [0.035076530612244895, 0.04081632653061224, 0.03762755102040816, 0.03414948453608247, 0.027061855670103094]}, "coverage": {"1027_ESL": [0.36734693877551017, 0.173469387755102, 0.33673469387755106, 0.28350515463917525, 0.28350515463917525]}, "complexity": {"1027_ESL": [8, 6, 8, 10, 14]}, "time_all": {"1027_ESL": [102.0606939792633, 89.28842854499817, 85.11745834350586, 84.17293286323547, 86.05708765983582]}, "time_fit": {"1027_ESL": [102.0606939792633, 89.28842854499817, 85.11745834350586, 84.17293286323547, 86.05708765983582]}, "sizes": {"1027_ESL": []}, "tau": 0.5}, "LightGBM": {"losses": {"1027_ESL": [0.037221778655055174, 0.04612120763347823, 0.04004744244386181, 0.03717932072349425, 0.03224375453826367]}, "coverage": {"1027_ESL": [0.061224489795918324, 0.04081632653061229, 0.05102040816326531, 0.03608247422680411, 0.07731958762886598]}, "time_all": {"1027_ESL": [0.22846126556396484, 0.18921279907226562, 0.21769356727600098, 0.21866416931152344, 0.21204113960266113]}, "time_fit": {"1027_ESL": [0.035004615783691406, 0.03766894340515137, 0.04082489013671875, 0.040979862213134766, 0.03885817527770996]}, "sizes": {"1027_ESL": []}, "tau": 0.5}, "DecisionTree": {"losses": {"1027_ESL": [0.029017857142857144, 0.03284438775510204, 0.03380102040816327, 0.031894329896907214, 0.025128865979381444]}, "coverage": {"1027_ESL": [0.2551020408163265, 0.26530612244897955, 0.29591836734693877, 0.31443298969072164, 0.25257731958762886]}, "complexity": {"1027_ESL": [129, 125, 127, 121, 133]}, "time_all": {"1027_ESL": [0.06873321533203125, 0.06603646278381348, 0.06547927856445312, 0.06457638740539551, 0.06651020050048828]}, "time_fit": {"1027_ESL": [0.011612653732299805, 0.010949373245239258, 0.011020421981811523, 0.010651826858520508, 0.011466741561889648]}, "sizes": {"1027_ESL": []}, "tau": 0.5}, "LinearQuantile": {"losses": {"1027_ESL": [0.029336624601460335, 0.027931281449002844, 0.0312499096696521, 0.027090420914426233, 0.022943145710722503]}, "coverage": {"1027_ESL": [0.010204081632653073, 0.020408163265306145, 0.030612244897959162, 0.005154639175257714, 0.02577319587628868]}, "complexity": {"1027_ESL": [34, 34, 34, 34, 34]}, "time_all": {"1027_ESL": [1.2870607376098633, 4.320842027664185, 0.9762048721313477, 0.9662575721740723, 1.3473570346832275]}, "time_fit": {"1027_ESL": [0.1048440933227539, 0.3553774356842041, 0.0659646987915039, 0.08922958374023438, 0.08831143379211426]}, "sizes": {"1027_ESL": []}, "tau": 0.5}}