{"SQR": {"losses": {"656_fri_c1_100_5": [0.03545044521536801, 0.030419962599477293, 0.035965212415857074, 0.048842742972110983, 0.042270351623969325]}, "coverage": {"656_fri_c1_100_5": [0.15000000000000002, 0.0, 0.050000000000000044, 0.0, 0.09999999999999998]}, "complexity": {"656_fri_c1_100_5": [11, 13, 11, 12, 13]}, "time_all": {"656_fri_c1_100_5": [79.78775072097778, 66.81067085266113, 66.65060782432556, 66.35658311843872, 67.35114192962646]}, "time_fit": {"656_fri_c1_100_5": [79.78775072097778, 66.81067085266113, 66.65060782432556, 66.35658311843872, 67.35114192962646]}, "sizes": {"656_fri_c1_100_5": []}, "tau": 0.5}, "LightGBM": {"losses": {"656_fri_c1_100_5": [0.05194924603198065, 0.06932789361797288, 0.06593508160205527, 0.07107106880855046, 0.07178405806508875]}, "coverage": {"656_fri_c1_100_5": [0.19999999999999996, 0.15000000000000002, 0.25, 0.15000000000000002, 0.09999999999999998]}, "time_all": {"656_fri_c1_100_5": [0.1278400421142578, 0.09314417839050293, 0.08635187149047852, 0.08821749687194824, 0.09398722648620605]}, "time_fit": {"656_fri_c1_100_5": [0.016785621643066406, 0.019728422164916992, 0.02052760124206543, 0.020910263061523438, 0.019268035888671875]}, "sizes": {"656_fri_c1_100_5": []}, "tau": 0.5}, "DecisionTree": {"losses": {"656_fri_c1_100_5": [0.047593381080911434, 0.05138345690861137, 0.06795053202877441, 0.06208784926040439, 0.05233255566185132]}, "coverage": {"656_fri_c1_100_5": [0.15000000000000002, 0.0, 0.050000000000000044, 0.19999999999999996, 0.15000000000000002]}, "complexity": {"656_fri_c1_100_5": [29, 31, 3, 31, 31]}, "time_all": {"656_fri_c1_100_5": [0.03409719467163086, 0.03247499465942383, 0.03259158134460449, 0.039853572845458984, 0.03371095657348633]}, "time_fit": {"656_fri_c1_100_5": [0.0038449764251708984, 0.003585338592529297, 0.0017304420471191406, 0.004492044448852539, 0.003717184066772461]}, "sizes": {"656_fri_c1_100_5": []}, "tau": 0.5}, "LinearQuantile": {"losses": {"656_fri_c1_100_5": [0.08301444263242481, 0.08132864318892341, 0.08480413345137093, 0.09584520283745539, 0.08120508008319204]}, "coverage": {"656_fri_c1_100_5": [0.050000000000000044, 0.0, 0.35, 0.04999999999999999, 0.04999999999999999]}, "complexity": {"656_fri_c1_100_5": [5, 5, 5, 5, 5]}, "time_all": {"656_fri_c1_100_5": [0.11351561546325684, 0.5773732662200928, 0.18607592582702637, 0.5789461135864258, 1.2280733585357666]}, "time_fit": {"656_fri_c1_100_5": [0.009424448013305664, 0.043134450912475586, 0.015961647033691406, 0.04807019233703613, 0.09044885635375977]}, "sizes": {"656_fri_c1_100_5": []}, "tau": 0.5}}