{"SQR": {"losses": {"344_mv": [0.00019565562345105276, 0.00022110162901431914, 6.794367201054165e-05, 0.00020716828121840442, 0.0002074168291011845]}, "coverage": {"344_mv": [0.2951434878587197, 0.07844002943340689, 0.03698798135884229, 0.0863117870722434, 0.09256715319514286]}, "complexity": {"344_mv": [9, 9, 10, 9, 9]}, "time_all": {"344_mv": [627.1812825202942, 470.0684382915497, 551.7872679233551, 504.85685682296753, 522.3377051353455]}, "time_fit": {"344_mv": [627.1812825202942, 470.0684382915497, 551.7872679233551, 504.85685682296753, 522.3377051353455]}, "sizes": {"344_mv": []}, "tau": 0.9}, "LightGBM": {"losses": {"344_mv": [0.01831206876679618, 0.01779299401191591, 0.01847100165113926, 0.01800036072193728, 0.01817810375067125]}, "coverage": {"344_mv": [0.05082168260976205, 0.03107677213637472, 0.045180279617365704, 0.04897583711517228, 0.032049552312032326]}, "time_all": {"344_mv": [1.8055546283721924, 1.7808837890625, 1.6464402675628662, 1.6805446147918701, 1.680487871170044]}, "time_fit": {"344_mv": [0.2826519012451172, 0.27204084396362305, 0.26309776306152344, 0.274517297744751, 0.2673919200897217]}, "sizes": {"344_mv": []}, "tau": 0.9}, "DecisionTree": {"losses": {"344_mv": [0.0005864500803808902, 0.0006012278323092076, 0.0005969214323429284, 0.0006066636395911552, 0.0005825161405842853]}, "coverage": {"344_mv": [0.09033603139563406, 0.18513612950699043, 0.17618346823644837, 0.17793450263706612, 0.1721697534649822]}, "complexity": {"344_mv": [5507, 12777, 12751, 12789, 12753]}, "time_all": {"344_mv": [4.844836950302124, 5.08814001083374, 5.12987494468689, 5.171299695968628, 5.129638671875]}, "time_fit": {"344_mv": [0.5358009338378906, 0.8857362270355225, 0.8912191390991211, 0.8898041248321533, 0.891226053237915]}, "sizes": {"344_mv": []}, "tau": 0.9}, "LinearQuantile": {"losses": {"344_mv": [0.011771042896152618, 0.012326780175454372, 0.011959498364177309, 0.011701368770990836, 0.011773875424257892]}, "coverage": {"344_mv": [0.004488594554819758, 0.0007848908511159935, 0.0016678930586215834, 0.0024162884827670927, 0.006218569851588418]}, "complexity": {"344_mv": [14, 14, 14, 14, 14]}, "time_all": {"344_mv": [6.451827526092529, 4.816989898681641, 4.911955118179321, 4.695385217666626, 3.812110185623169]}, "time_fit": {"344_mv": [0.5494496822357178, 0.40500617027282715, 0.3863406181335449, 0.3903064727783203, 0.3142104148864746]}, "sizes": {"344_mv": []}, "tau": 0.9}}