{"SQR": {"losses": {"527_analcatdata_election2000": [0.0, 0.0, 0.0, 0.0, 0.0]}, "coverage": {"527_analcatdata_election2000": [0.5, 0.5, 0.5, 0.5, 0.5]}, "complexity": {"527_analcatdata_election2000": [14, 16, 17, 17, 13]}, "time_all": {"527_analcatdata_election2000": [78.79658603668213, 66.45406818389893, 66.00263571739197, 65.11836671829224, 64.76026630401611]}, "time_fit": {"527_analcatdata_election2000": [78.79658603668213, 66.45406818389893, 66.00263571739197, 65.11836671829224, 64.76026630401611]}, "sizes": {"527_analcatdata_election2000": []}, "tau": 0.5}, "LightGBM": {"losses": {"527_analcatdata_election2000": [0.08794555701706605, 0.00692872816562133, 0.023131629968058544, 0.03458350372905025, 0.03073226060790554]}, "coverage": {"527_analcatdata_election2000": [0.2142857142857143, 0.0, 0.11538461538461542, 0.11538461538461542, 0.11538461538461542]}, "time_all": {"527_analcatdata_election2000": [0.11025357246398926, 0.060353994369506836, 0.06011009216308594, 0.06687188148498535, 0.059052228927612305]}, "time_fit": {"527_analcatdata_election2000": [0.012900114059448242, 0.012617349624633789, 0.012593507766723633, 0.014809608459472656, 0.012486457824707031]}, "sizes": {"527_analcatdata_election2000": []}, "tau": 0.5}, "DecisionTree": {"losses": {"527_analcatdata_election2000": [0.05767626133750107, 0.005960821966512476, 0.01589403907476134, 0.00535124210039306, 0.020589581393122728]}, "coverage": {"527_analcatdata_election2000": [0.14285714285714285, 0.2142857142857143, 0.11538461538461542, 0.11538461538461536, 0.2692307692307693]}, "complexity": {"527_analcatdata_election2000": [19, 23, 9, 21, 19]}, "time_all": {"527_analcatdata_election2000": [0.03120565414428711, 0.030555009841918945, 0.03000164031982422, 0.029434680938720703, 0.028789281845092773]}, "time_fit": {"527_analcatdata_election2000": [0.0031366348266601562, 0.0033385753631591797, 0.002327442169189453, 0.002987384796142578, 0.0029387474060058594]}, "sizes": {"527_analcatdata_election2000": []}, "tau": 0.5}, "LinearQuantile": {"losses": {"527_analcatdata_election2000": [1.3518050508803678e-12, 4.232265845157954e-12, 4.652456921086764e-14, 2.489220864598661e-12, 1.818331925259146e-13]}, "coverage": {"527_analcatdata_election2000": [0.5, 0.5, 0.5, 0.5, 0.5]}, "complexity": {"527_analcatdata_election2000": [14, 14, 14, 14, 14]}, "time_all": {"527_analcatdata_election2000": [0.03289937973022461, 0.028739452362060547, 0.02950000762939453, 0.02682805061340332, 0.027429580688476562]}, "time_fit": {"527_analcatdata_election2000": [0.0020744800567626953, 0.0020084381103515625, 0.0020818710327148438, 0.0018775463104248047, 0.001918792724609375]}, "sizes": {"527_analcatdata_election2000": []}, "tau": 0.5}}