{"SQR": {"losses": {"607_fri_c4_1000_50": [0.011581049651163466, 0.009112764048228594, 0.004526079983858067, 0.005342606710182745, 0.006509782531424013]}, "coverage": {"607_fri_c4_1000_50": [0.08999999999999997, 0.025000000000000022, 0.010000000000000009, 0.039999999999999925, 0.08500000000000008]}, "complexity": {"607_fri_c4_1000_50": [8, 13, 15, 15, 14]}, "time_all": {"607_fri_c4_1000_50": [110.75041174888611, 116.38303089141846, 115.42672872543335, 109.05766272544861, 117.74192762374878]}, "time_fit": {"607_fri_c4_1000_50": [110.75041174888611, 116.38303089141846, 115.42672872543335, 109.05766272544861, 117.74192762374878]}, "sizes": {"607_fri_c4_1000_50": []}, "tau": 0.9}, "LightGBM": {"losses": {"607_fri_c4_1000_50": [0.012640556345580773, 0.016334030766541847, 0.013643703040670935, 0.01360224756723629, 0.01645308698566694]}, "coverage": {"607_fri_c4_1000_50": [0.015000000000000013, 0.025000000000000022, 0.0050000000000000044, 0.030000000000000027, 0.025000000000000022]}, "time_all": {"607_fri_c4_1000_50": [0.38361430168151855, 0.33715176582336426, 0.36367177963256836, 0.34717464447021484, 0.35007333755493164]}, "time_fit": {"607_fri_c4_1000_50": [0.06675338745117188, 0.06163787841796875, 0.06596684455871582, 0.061597585678100586, 0.06261801719665527]}, "sizes": {"607_fri_c4_1000_50": []}, "tau": 0.9}, "DecisionTree": {"losses": {"607_fri_c4_1000_50": [0.013430338590151051, 0.013567944824074465, 0.014100298224044018, 0.011432749691536495, 0.013499976851743698]}, "coverage": {"607_fri_c4_1000_50": [0.08500000000000008, 0.07000000000000006, 0.14500000000000002, 0.015000000000000013, 0.08000000000000007]}, "complexity": {"607_fri_c4_1000_50": [65, 61, 137, 33, 61]}, "time_all": {"607_fri_c4_1000_50": [0.49392199516296387, 0.45572853088378906, 0.4934389591217041, 0.452195405960083, 0.462296724319458]}, "time_fit": {"607_fri_c4_1000_50": [0.04356050491333008, 0.03964972496032715, 0.05603814125061035, 0.03170180320739746, 0.040850162506103516]}, "sizes": {"607_fri_c4_1000_50": []}, "tau": 0.9}, "LinearQuantile": {"losses": {"607_fri_c4_1000_50": [0.05762861036067733, 0.0617795809394848, 0.05994850268018668, 0.05471161560079202, 0.056570083065946096]}, "coverage": {"607_fri_c4_1000_50": [0.435, 0.41000000000000003, 0.42500000000000004, 0.42500000000000004, 0.385]}, "complexity": {"607_fri_c4_1000_50": [50, 50, 50, 50, 50]}, "time_all": {"607_fri_c4_1000_50": [30.854963064193726, 4.534853935241699, 14.600777387619019, 5.403529167175293, 9.241426944732666]}, "time_fit": {"607_fri_c4_1000_50": [2.240687370300293, 0.3864166736602783, 1.3030369281768799, 0.46437692642211914, 0.8013620376586914]}, "sizes": {"607_fri_c4_1000_50": []}, "tau": 0.9}}