{"SQR": {"losses": {"620_fri_c1_1000_25": [0.010182357475410174, 0.004956073907351468, 0.007605964870541111, 0.012430690565205096, 0.008655681931409928]}, "coverage": {"620_fri_c1_1000_25": [0.010000000000000009, 0.0050000000000000044, 0.025000000000000022, 0.015000000000000013, 0.06000000000000005]}, "complexity": {"620_fri_c1_1000_25": [12, 14, 14, 9, 13]}, "time_all": {"620_fri_c1_1000_25": [113.74115324020386, 111.9071397781372, 111.53358006477356, 112.71619081497192, 113.0473370552063]}, "time_fit": {"620_fri_c1_1000_25": [113.74115324020386, 111.9071397781372, 111.53358006477356, 112.71619081497192, 113.0473370552063]}, "sizes": {"620_fri_c1_1000_25": []}, "tau": 0.9}, "LightGBM": {"losses": {"620_fri_c1_1000_25": [0.02138453668623582, 0.022485509844637073, 0.021820138707368063, 0.019023013946401268, 0.020874243237660958]}, "coverage": {"620_fri_c1_1000_25": [0.030000000000000027, 0.020000000000000018, 0.030000000000000027, 0.030000000000000027, 0.040000000000000036]}, "time_all": {"620_fri_c1_1000_25": [0.3710663318634033, 0.3196280002593994, 0.35597777366638184, 0.34638094902038574, 0.3467586040496826]}, "time_fit": {"620_fri_c1_1000_25": [0.06438684463500977, 0.05836796760559082, 0.06501960754394531, 0.06102108955383301, 0.0628814697265625]}, "sizes": {"620_fri_c1_1000_25": []}, "tau": 0.9}, "DecisionTree": {"losses": {"620_fri_c1_1000_25": [0.014741790165613238, 0.01844559465331686, 0.01862362680818922, 0.016230518031947087, 0.016174330138434216]}, "coverage": {"620_fri_c1_1000_25": [0.0050000000000000044, 0.03500000000000003, 0.05500000000000005, 0.04500000000000004, 0.0]}, "complexity": {"620_fri_c1_1000_25": [31, 29, 25, 27, 29]}, "time_all": {"620_fri_c1_1000_25": [0.28025078773498535, 0.20869922637939453, 0.2735917568206787, 0.27450132369995117, 0.27419590950012207]}, "time_fit": {"620_fri_c1_1000_25": [0.01820826530456543, 0.013375997543334961, 0.01681232452392578, 0.01736617088317871, 0.017669677734375]}, "sizes": {"620_fri_c1_1000_25": []}, "tau": 0.9}, "LinearQuantile": {"losses": {"620_fri_c1_1000_25": [0.0713917171023673, 0.0704309250282243, 0.07363108169706706, 0.0732970626027833, 0.074817077945882]}, "coverage": {"620_fri_c1_1000_25": [0.435, 0.42500000000000004, 0.41000000000000003, 0.43000000000000005, 0.44]}, "complexity": {"620_fri_c1_1000_25": [25, 25, 25, 25, 25]}, "time_all": {"620_fri_c1_1000_25": [2.4158151149749756, 1.4959313869476318, 0.5264413356781006, 1.382889747619629, 0.9488670825958252]}, "time_fit": {"620_fri_c1_1000_25": [0.16477298736572266, 0.1142418384552002, 0.04497361183166504, 0.09792900085449219, 0.07516598701477051]}, "sizes": {"620_fri_c1_1000_25": []}, "tau": 0.9}}