{"SQR": {"losses": {"557_analcatdata_apnea1": [0.004249730979875531, 0.00673112817174446, 0.007689607500747306, 0.0021512224678570096, 0.005704014239312168]}, "coverage": {"557_analcatdata_apnea1": [0.21578947368421053, 0.13157894736842113, 0.13157894736842113, 0.0052631578947368585, 0.1947368421052632]}, "complexity": {"557_analcatdata_apnea1": [9, 8, 7, 8, 9]}, "time_all": {"557_analcatdata_apnea1": [117.14397692680359, 96.87461805343628, 88.3238935470581, 88.93222641944885, 98.51162433624268]}, "time_fit": {"557_analcatdata_apnea1": [117.14397692680359, 96.87461805343628, 88.3238935470581, 88.93222641944885, 98.51162433624268]}, "sizes": {"557_analcatdata_apnea1": []}, "tau": 0.9}, "LightGBM": {"losses": {"557_analcatdata_apnea1": [0.019916587922556864, 0.017328766277949298, 0.01834264319598934, 0.017144713035319042, 0.018347412242517357]}, "coverage": {"557_analcatdata_apnea1": [0.0368421052631579, 0.0368421052631579, 0.015789473684210464, 0.0368421052631579, 0.0052631578947368585]}, "time_all": {"557_analcatdata_apnea1": [0.21606802940368652, 0.15505242347717285, 0.17395257949829102, 0.16313934326171875, 0.1553490161895752]}, "time_fit": {"557_analcatdata_apnea1": [0.03882002830505371, 0.035315752029418945, 0.03423166275024414, 0.035579681396484375, 0.030437946319580078]}, "sizes": {"557_analcatdata_apnea1": []}, "tau": 0.9}, "DecisionTree": {"losses": {"557_analcatdata_apnea1": [0.0032275061835036803, 0.006140946037103249, 0.003756106140313772, 0.0028468873210902557, 0.004724722215419686]}, "coverage": {"557_analcatdata_apnea1": [0.0052631578947368585, 0.02631578947368418, 0.13157894736842113, 0.015789473684210575, 0.015789473684210575]}, "complexity": {"557_analcatdata_apnea1": [57, 123, 121, 53, 61]}, "time_all": {"557_analcatdata_apnea1": [0.0603334903717041, 0.06263136863708496, 0.06318116188049316, 0.05910134315490723, 0.05988812446594238]}, "time_fit": {"557_analcatdata_apnea1": [0.00614476203918457, 0.01062917709350586, 0.010483026504516602, 0.0056536197662353516, 0.006227254867553711]}, "sizes": {"557_analcatdata_apnea1": []}, "tau": 0.9}, "LinearQuantile": {"losses": {"557_analcatdata_apnea1": [0.017900213479691438, 0.018678255216886066, 0.019709033020014855, 0.01775821794665213, 0.018087659760504835]}, "coverage": {"557_analcatdata_apnea1": [0.015789473684210575, 0.09999999999999998, 0.02631578947368418, 0.0368421052631579, 0.0368421052631579]}, "complexity": {"557_analcatdata_apnea1": [11, 11, 11, 11, 11]}, "time_all": {"557_analcatdata_apnea1": [4.851639270782471, 0.21357297897338867, 0.3349759578704834, 0.4882490634918213, 0.24067473411560059]}, "time_fit": {"557_analcatdata_apnea1": [0.15670013427734375, 0.019137859344482422, 0.028921127319335938, 0.04382133483886719, 0.02094554901123047]}, "sizes": {"557_analcatdata_apnea1": []}, "tau": 0.9}}