{"SQR": {"losses": {"583_fri_c1_1000_50": [0.0135224657841937, 0.02691927090669059, 0.02533846518807072, 0.019338017557408247, 0.01665746636302324]}, "coverage": {"583_fri_c1_1000_50": [0.16500000000000004, 0.06, 0.030000000000000027, 0.10499999999999998, 0.10999999999999999]}, "complexity": {"583_fri_c1_1000_50": [13, 11, 13, 14, 18]}, "time_all": {"583_fri_c1_1000_50": [119.8158814907074, 114.82019829750061, 101.09299039840698, 101.81677865982056, 103.26576662063599]}, "time_fit": {"583_fri_c1_1000_50": [119.8158814907074, 114.82019829750061, 101.09299039840698, 101.81677865982056, 103.26576662063599]}, "sizes": {"583_fri_c1_1000_50": []}, "tau": 0.5}, "LightGBM": {"losses": {"583_fri_c1_1000_50": [0.031019975972245536, 0.036756880727883565, 0.03207316599760979, 0.03472317015715724, 0.03415482378360349]}, "coverage": {"583_fri_c1_1000_50": [0.0050000000000000044, 0.04500000000000004, 0.030000000000000027, 0.03999999999999998, 0.020000000000000018]}, "time_all": {"583_fri_c1_1000_50": [0.49184679985046387, 0.4770843982696533, 0.4540719985961914, 0.43944764137268066, 0.44364047050476074]}, "time_fit": {"583_fri_c1_1000_50": [0.0853879451751709, 0.08273839950561523, 0.08634471893310547, 0.08345222473144531, 0.08343100547790527]}, "sizes": {"583_fri_c1_1000_50": []}, "tau": 0.5}, "DecisionTree": {"losses": {"583_fri_c1_1000_50": [0.04229800349447675, 0.03915745582827827, 0.038719280652483486, 0.03756545105184892, 0.039710936597704555]}, "coverage": {"583_fri_c1_1000_50": [0.05500000000000005, 0.015000000000000013, 0.015000000000000013, 0.025000000000000022, 0.0]}, "complexity": {"583_fri_c1_1000_50": [139, 139, 139, 137, 59]}, "time_all": {"583_fri_c1_1000_50": [0.4975471496582031, 0.4889099597930908, 0.46921610832214355, 0.4603750705718994, 0.4480147361755371]}, "time_fit": {"583_fri_c1_1000_50": [0.05552172660827637, 0.05450296401977539, 0.048169851303100586, 0.046503543853759766, 0.034407615661621094]}, "sizes": {"583_fri_c1_1000_50": []}, "tau": 0.5}, "LinearQuantile": {"losses": {"583_fri_c1_1000_50": [0.07508249685708238, 0.07840952524105547, 0.07367685279038455, 0.07844014787644366, 0.08185817663473517]}, "coverage": {"583_fri_c1_1000_50": [0.044999999999999984, 0.020000000000000018, 0.020000000000000018, 0.030000000000000027, 0.010000000000000009]}, "complexity": {"583_fri_c1_1000_50": [50, 50, 50, 50, 50]}, "time_all": {"583_fri_c1_1000_50": [26.785847187042236, 5.324904680252075, 5.249686002731323, 5.362135648727417, 19.772660493850708]}, "time_fit": {"583_fri_c1_1000_50": [2.2605533599853516, 0.46061134338378906, 0.409914493560791, 0.46244025230407715, 1.6989860534667969]}, "sizes": {"583_fri_c1_1000_50": []}, "tau": 0.5}}