{"SQR": {"losses": {"643_fri_c2_500_25": [0.031903434649495875, 0.013943255118560382, 0.023069885535570336, 0.01795481981781144, 0.02152200263877093]}, "coverage": {"643_fri_c2_500_25": [0.020000000000000018, 0.020000000000000018, 0.010000000000000009, 0.030000000000000027, 0.0]}, "complexity": {"643_fri_c2_500_25": [11, 17, 13, 17, 17]}, "time_all": {"643_fri_c2_500_25": [106.66832375526428, 96.65494060516357, 90.42249298095703, 92.76721358299255, 97.2311737537384]}, "time_fit": {"643_fri_c2_500_25": [106.66832375526428, 96.65494060516357, 90.42249298095703, 92.76721358299255, 97.2311737537384]}, "sizes": {"643_fri_c2_500_25": []}, "tau": 0.5}, "LightGBM": {"losses": {"643_fri_c2_500_25": [0.042323204310028735, 0.03578220100514233, 0.03933050042774449, 0.031376053697960433, 0.037567240903839345]}, "coverage": {"643_fri_c2_500_25": [0.010000000000000009, 0.06, 0.03999999999999998, 0.020000000000000018, 0.040000000000000036]}, "time_all": {"643_fri_c2_500_25": [0.28602170944213867, 0.27530932426452637, 0.2717125415802002, 0.2720763683319092, 0.24933862686157227]}, "time_fit": {"643_fri_c2_500_25": [0.05708432197570801, 0.05714774131774902, 0.05739998817443848, 0.0559689998626709, 0.058260440826416016]}, "sizes": {"643_fri_c2_500_25": []}, "tau": 0.5}, "DecisionTree": {"losses": {"643_fri_c2_500_25": [0.05005086207205634, 0.03894535712186831, 0.04601126533618424, 0.04013542714310859, 0.04158916356393609]}, "coverage": {"643_fri_c2_500_25": [0.06000000000000005, 0.040000000000000036, 0.04999999999999999, 0.050000000000000044, 0.040000000000000036]}, "complexity": {"643_fri_c2_500_25": [29, 63, 151, 69, 67]}, "time_all": {"643_fri_c2_500_25": [0.13469839096069336, 0.12971138954162598, 0.13901209831237793, 0.13285183906555176, 0.13235831260681152]}, "time_fit": {"643_fri_c2_500_25": [0.010139942169189453, 0.013985872268676758, 0.022132158279418945, 0.014844417572021484, 0.014784812927246094]}, "sizes": {"643_fri_c2_500_25": []}, "tau": 0.5}, "LinearQuantile": {"losses": {"643_fri_c2_500_25": [0.08497979142918395, 0.08429560561287179, 0.08105853597390948, 0.06909398828825629, 0.08361290237976486]}, "coverage": {"643_fri_c2_500_25": [0.08000000000000002, 0.030000000000000027, 0.06, 0.08000000000000002, 0.020000000000000018]}, "complexity": {"643_fri_c2_500_25": [25, 25, 25, 25, 25]}, "time_all": {"643_fri_c2_500_25": [0.527501106262207, 1.2127630710601807, 0.8774211406707764, 0.4835398197174072, 0.6439478397369385]}, "time_fit": {"643_fri_c2_500_25": [0.04440808296203613, 0.10479378700256348, 0.07860803604125977, 0.04282522201538086, 0.05678105354309082]}, "sizes": {"643_fri_c2_500_25": []}, "tau": 0.5}}