{"SQR": {"losses": {"618_fri_c3_1000_50": [0.011055535159114581, 0.011526074322380344, 0.006117491472939929, 0.005892176969929721, 0.010864509250324447]}, "coverage": {"618_fri_c3_1000_50": [0.010000000000000009, 0.0, 0.05500000000000005, 0.025000000000000022, 0.010000000000000009]}, "complexity": {"618_fri_c3_1000_50": [6, 8, 18, 13, 9]}, "time_all": {"618_fri_c3_1000_50": [119.32475900650024, 98.36212134361267, 112.2687554359436, 109.43993997573853, 97.37343168258667]}, "time_fit": {"618_fri_c3_1000_50": [119.32475900650024, 98.36212134361267, 112.2687554359436, 109.43993997573853, 97.37343168258667]}, "sizes": {"618_fri_c3_1000_50": []}, "tau": 0.9}, "LightGBM": {"losses": {"618_fri_c3_1000_50": [0.017744794296314762, 0.015469215978965258, 0.017854266476497176, 0.015010188061036184, 0.017652682723150733]}, "coverage": {"618_fri_c3_1000_50": [0.03500000000000003, 0.010000000000000009, 0.015000000000000013, 0.010000000000000009, 0.020000000000000018]}, "time_all": {"618_fri_c3_1000_50": [0.3639516830444336, 0.3163292407989502, 0.32654356956481934, 0.3436279296875, 0.3489358425140381]}, "time_fit": {"618_fri_c3_1000_50": [0.05602097511291504, 0.05639982223510742, 0.057054758071899414, 0.056317806243896484, 0.05841541290283203]}, "sizes": {"618_fri_c3_1000_50": []}, "tau": 0.9}, "DecisionTree": {"losses": {"618_fri_c3_1000_50": [0.013164590837219613, 0.01245869766463852, 0.014253330642484791, 0.013925368370506584, 0.01552593290805745]}, "coverage": {"618_fri_c3_1000_50": [0.04500000000000004, 0.03500000000000003, 0.015000000000000013, 0.0050000000000000044, 0.050000000000000044]}, "complexity": {"618_fri_c3_1000_50": [65, 61, 37, 33, 35]}, "time_all": {"618_fri_c3_1000_50": [0.5477097034454346, 0.5183124542236328, 0.5269887447357178, 0.5215563774108887, 0.4979732036590576]}, "time_fit": {"618_fri_c3_1000_50": [0.04765629768371582, 0.0410006046295166, 0.03560137748718262, 0.035184621810913086, 0.03222823143005371]}, "sizes": {"618_fri_c3_1000_50": []}, "tau": 0.9}, "LinearQuantile": {"losses": {"618_fri_c3_1000_50": [0.0722283646459623, 0.06100256310802815, 0.06837277404201672, 0.06800140034621595, 0.0676357700043127]}, "coverage": {"618_fri_c3_1000_50": [0.47500000000000003, 0.405, 0.43000000000000005, 0.47500000000000003, 0.435]}, "complexity": {"618_fri_c3_1000_50": [50, 50, 50, 50, 50]}, "time_all": {"618_fri_c3_1000_50": [35.19989252090454, 22.981936931610107, 24.76973056793213, 6.793922185897827, 7.668114900588989]}, "time_fit": {"618_fri_c3_1000_50": [2.2575135231018066, 2.0367648601531982, 2.114745616912842, 0.4983701705932617, 0.6297988891601562]}, "sizes": {"618_fri_c3_1000_50": []}, "tau": 0.9}}