{"SQR": {"losses": {"654_fri_c0_500_10": [0.03075019889190875, 0.0176863210983357, 0.02483199792305473, 0.02381440689323566, 0.024170369483131067]}, "coverage": {"654_fri_c0_500_10": [0.06999999999999995, 0.07999999999999996, 0.03999999999999998, 0.07, 0.030000000000000027]}, "complexity": {"654_fri_c0_500_10": [10, 15, 11, 11, 11]}, "time_all": {"654_fri_c0_500_10": [105.55176782608032, 90.382164478302, 92.5225248336792, 93.37506914138794, 91.04841470718384]}, "time_fit": {"654_fri_c0_500_10": [105.55176782608032, 90.382164478302, 92.5225248336792, 93.37506914138794, 91.04841470718384]}, "sizes": {"654_fri_c0_500_10": []}, "tau": 0.5}, "LightGBM": {"losses": {"654_fri_c0_500_10": [0.03835346603117593, 0.04021127157832868, 0.036554313921639506, 0.03963871466624257, 0.03356972365741853]}, "coverage": {"654_fri_c0_500_10": [0.04999999999999999, 0.08999999999999997, 0.09999999999999998, 0.030000000000000027, 0.040000000000000036]}, "time_all": {"654_fri_c0_500_10": [0.28338623046875, 0.23414206504821777, 0.22356843948364258, 0.25298190116882324, 0.22816061973571777]}, "time_fit": {"654_fri_c0_500_10": [0.05420684814453125, 0.054604291915893555, 0.052274465560913086, 0.051728248596191406, 0.051537275314331055]}, "sizes": {"654_fri_c0_500_10": []}, "tau": 0.5}, "DecisionTree": {"losses": {"654_fri_c0_500_10": [0.04451136229636606, 0.042050486776219684, 0.04412207426725095, 0.045201722860192146, 0.04490961635632022]}, "coverage": {"654_fri_c0_500_10": [0.03999999999999998, 0.050000000000000044, 0.03999999999999998, 0.010000000000000009, 0.020000000000000018]}, "complexity": {"654_fri_c0_500_10": [73, 67, 69, 67, 71]}, "time_all": {"654_fri_c0_500_10": [0.0922548770904541, 0.08875918388366699, 0.08883881568908691, 0.08852005004882812, 0.09003162384033203]}, "time_fit": {"654_fri_c0_500_10": [0.009932279586791992, 0.009477853775024414, 0.009622573852539062, 0.009577512741088867, 0.009773015975952148]}, "sizes": {"654_fri_c0_500_10": []}, "tau": 0.5}, "LinearQuantile": {"losses": {"654_fri_c0_500_10": [0.04740813616546241, 0.039391810760075724, 0.0390026593941434, 0.042834950167186546, 0.03845895088232798]}, "coverage": {"654_fri_c0_500_10": [0.030000000000000027, 0.07, 0.04999999999999999, 0.06000000000000005, 0.010000000000000009]}, "complexity": {"654_fri_c0_500_10": [10, 10, 10, 10, 10]}, "time_all": {"654_fri_c0_500_10": [0.4047224521636963, 0.18050813674926758, 0.30144214630126953, 0.2709677219390869, 0.192887544631958]}, "time_fit": {"654_fri_c0_500_10": [0.03566431999206543, 0.015832185745239258, 0.026253938674926758, 0.02301502227783203, 0.016765117645263672]}, "sizes": {"654_fri_c0_500_10": []}, "tau": 0.5}}