{"SQR": {"losses": {"1191_BNG_pbc": [0.030069633206506956, 0.03014725230045278, 0.030148715178978998, 0.030039533645745384, 0.03017661238873734]}, "coverage": {"1191_BNG_pbc": [0.0005800000000000249, 0.0048399999999999554, 6.499999999998174e-05, 0.00031999999999998696, 0.0027650000000000174]}, "complexity": {"1191_BNG_pbc": [2, 2, 2, 2, 2]}, "time_all": {"1191_BNG_pbc": [593.5836360454559, 609.1582720279694, 544.9680051803589, 579.8407289981842, 574.5499212741852]}, "time_fit": {"1191_BNG_pbc": [593.5836360454559, 609.1582720279694, 544.9680051803589, 579.8407289981842, 574.5499212741852]}, "sizes": {"1191_BNG_pbc": []}, "tau": 0.9}, "LightGBM": {"losses": {"1191_BNG_pbc": [0.025585680411324405, 0.0256039472464014, 0.0255639678349075, 0.02554335331722917, 0.025571372033603466]}, "coverage": {"1191_BNG_pbc": [0.010589999999999988, 0.012444999999999928, 0.01130500000000001, 0.012194999999999956, 0.010804999999999954]}, "time_all": {"1191_BNG_pbc": [7.422714471817017, 7.224965333938599, 7.076305150985718, 7.114937782287598, 7.103253364562988]}, "time_fit": {"1191_BNG_pbc": [1.5495491027832031, 1.5619480609893799, 1.4969546794891357, 1.5002880096435547, 1.5432133674621582]}, "sizes": {"1191_BNG_pbc": []}, "tau": 0.9}, "DecisionTree": {"losses": {"1191_BNG_pbc": [0.02594244547943623, 0.025887111482196093, 0.02589528922717967, 0.025965407501695247, 0.02593231443439373]}, "coverage": {"1191_BNG_pbc": [0.030610000000000026, 0.02888500000000005, 0.031030000000000002, 0.02970499999999998, 0.03129500000000007]}, "complexity": {"1191_BNG_pbc": [25433, 25521, 25589, 25515, 25509]}, "time_all": {"1191_BNG_pbc": [408.0716516971588, 411.98516941070557, 408.75635528564453, 408.0078604221344, 408.7196111679077]}, "time_fit": {"1191_BNG_pbc": [25.0136616230011, 25.90034818649292, 25.058878660202026, 25.02416491508484, 24.9328556060791]}, "sizes": {"1191_BNG_pbc": []}, "tau": 0.9}, "LinearQuantile": {"losses": {"1191_BNG_pbc": [0.02682055020235206, 0.02687239688823474, 0.026843248803137296, 0.026804611370166168, 0.02686808500466323]}, "coverage": {"1191_BNG_pbc": [0.00019499999999994522, 0.0008850000000000247, 0.00014499999999995072, 0.00032999999999994145, 0.0016100000000000003]}, "complexity": {"1191_BNG_pbc": [29, 29, 29, 29, 29]}, "time_all": {"1191_BNG_pbc": [2333.841304063797, 2812.2784583568573, 618.5904097557068, 582.684285402298, 2344.3010754585266]}, "time_fit": {"1191_BNG_pbc": [207.74462747573853, 200.44082593917847, 55.72513031959534, 52.87710976600647, 213.76348423957825]}, "sizes": {"1191_BNG_pbc": []}, "tau": 0.9}}