{"SQR": {"losses": {"695_chatfield_4": [0.015037980898850558, 0.011937153523423904, 0.01214594931707863, 0.013478945861001748, 0.014696783232681384]}, "coverage": {"695_chatfield_4": [0.1127659574468085, 0.1127659574468085, 0.00638297872340432, 0.02765957446808509, 0.04893617021276597]}, "complexity": {"695_chatfield_4": [9, 4, 5, 7, 9]}, "time_all": {"695_chatfield_4": [89.24075531959534, 80.30581092834473, 75.77340960502625, 70.44889402389526, 73.30702424049377]}, "time_fit": {"695_chatfield_4": [89.24075531959534, 80.30581092834473, 75.77340960502625, 70.44889402389526, 73.30702424049377]}, "sizes": {"695_chatfield_4": []}, "tau": 0.9}, "LightGBM": {"losses": {"695_chatfield_4": [0.021745842468552917, 0.01845300643475614, 0.013843303500769389, 0.02144519235110109, 0.017624849445653915]}, "coverage": {"695_chatfield_4": [0.02765957446808509, 0.014893617021276562, 0.0787234042553191, 0.036170212765957444, 0.014893617021276562]}, "time_all": {"695_chatfield_4": [0.15101146697998047, 0.13355517387390137, 0.1241452693939209, 0.10224795341491699, 0.12742853164672852]}, "time_fit": {"695_chatfield_4": [0.023526668548583984, 0.029630661010742188, 0.02749776840209961, 0.021216630935668945, 0.02912592887878418]}, "sizes": {"695_chatfield_4": []}, "tau": 0.9}, "DecisionTree": {"losses": {"695_chatfield_4": [0.012694238575438744, 0.013144207736959505, 0.01243987613270352, 0.019114362901276643, 0.01684086019560105]}, "coverage": {"695_chatfield_4": [0.04893617021276597, 0.014893617021276562, 0.1340425531914894, 0.1127659574468085, 0.02765957446808509]}, "complexity": {"695_chatfield_4": [13, 7, 29, 13, 9]}, "time_all": {"695_chatfield_4": [0.05105900764465332, 0.04984927177429199, 0.05128931999206543, 0.04861140251159668, 0.05014491081237793]}, "time_fit": {"695_chatfield_4": [0.0033745765686035156, 0.002650737762451172, 0.0047321319580078125, 0.0031747817993164062, 0.0028676986694335938]}, "sizes": {"695_chatfield_4": []}, "tau": 0.9}, "LinearQuantile": {"losses": {"695_chatfield_4": [0.011848007581449669, 0.017626659891253307, 0.010016504546625074, 0.011461052698888093, 0.014548782863077139]}, "coverage": {"695_chatfield_4": [0.02765957446808509, 0.17659574468085104, 0.014893617021276562, 0.02765957446808509, 0.014893617021276562]}, "complexity": {"695_chatfield_4": [12, 12, 12, 12, 12]}, "time_all": {"695_chatfield_4": [0.23405933380126953, 0.20142030715942383, 0.4807579517364502, 0.35651564598083496, 0.20403814315795898]}, "time_fit": {"695_chatfield_4": [0.020179033279418945, 0.017657041549682617, 0.038346290588378906, 0.028842926025390625, 0.017642736434936523]}, "sizes": {"695_chatfield_4": []}, "tau": 0.9}}