{"SQR": {"losses": {"227_cpu_small": [0.015208290551977238, 0.013300060004007632, 0.012903170394167093, 0.015110326558343849, 0.020415981395453704]}, "coverage": {"227_cpu_small": [0.01250762660158633, 0.013727882855399609, 0.023199023199023228, 0.028083028083028094, 0.012820512820512775]}, "complexity": {"227_cpu_small": [6, 8, 8, 6, 4]}, "time_all": {"227_cpu_small": [486.0295045375824, 311.2701139450073, 400.4763894081116, 522.715722322464, 514.1251382827759]}, "time_fit": {"227_cpu_small": [486.0295045375824, 311.2701139450073, 400.4763894081116, 522.715722322464, 514.1251382827759]}, "sizes": {"227_cpu_small": []}, "tau": 0.5}, "LightGBM": {"losses": {"227_cpu_small": [0.01735260199448861, 0.01625765109822213, 0.01620251630673882, 0.01731988515167253, 0.01901439664209733]}, "coverage": {"227_cpu_small": [0.05399633923123853, 0.009456985967053078, 0.014041514041514047, 0.025030525030525053, 0.006715506715506692]}, "time_all": {"227_cpu_small": [1.1063098907470703, 1.051302433013916, 1.0508439540863037, 1.112800121307373, 1.0303890705108643]}, "time_fit": {"227_cpu_small": [0.14808249473571777, 0.1418306827545166, 0.14640545845031738, 0.14414310455322266, 0.144148588180542]}, "sizes": {"227_cpu_small": []}, "tau": 0.5}, "DecisionTree": {"losses": {"227_cpu_small": [0.011929853754136853, 0.01199918649583079, 0.012365720699054034, 0.011599511599511598, 0.012151428818095484]}, "coverage": {"227_cpu_small": [0.07352043929225138, 0.09914582062233068, 0.07448107448107444, 0.09645909645909645, 0.1141636141636142]}, "complexity": {"227_cpu_small": [483, 1133, 493, 499, 1113]}, "time_all": {"227_cpu_small": [1.555248498916626, 0.9973750114440918, 0.9559736251831055, 1.1858670711517334, 0.9684677124023438]}, "time_fit": {"227_cpu_small": [0.12809228897094727, 0.10228991508483887, 0.07106876373291016, 0.07005977630615234, 0.10257387161254883]}, "sizes": {"227_cpu_small": []}, "tau": 0.5}, "LinearQuantile": {"losses": {"227_cpu_small": [0.06366548436977396, 0.06420879046646258, 0.06451953322607999, 0.06412529771036268, 0.06355267141423879]}, "coverage": {"227_cpu_small": [0.0594874923733984, 0.04850518608907872, 0.057387057387057405, 0.06654456654456653, 0.05616605616605619]}, "complexity": {"227_cpu_small": [12, 12, 12, 12, 12]}, "time_all": {"227_cpu_small": [1.8349781036376953, 1.2252418994903564, 4.5032782554626465, 23.99529242515564, 1.466141700744629]}, "time_fit": {"227_cpu_small": [0.14433717727661133, 0.11147284507751465, 0.3077991008758545, 2.1188507080078125, 0.12784099578857422]}, "sizes": {"227_cpu_small": []}, "tau": 0.5}}