{"SQR": {"losses": {"574_house_16H": [0.01775498838446814, 0.018436077759230087, 0.02007339427826263, 0.021770491035425943, 0.018312042858032646]}, "coverage": {"574_house_16H": [0.009062980030722034, 0.014417379855167889, 0.005859117840684602, 0.011125740618828206, 0.007769973661106211]}, "complexity": {"574_house_16H": [6, 6, 5, 4, 7]}, "time_all": {"574_house_16H": [616.043616771698, 563.5405461788177, 630.6012058258057, 609.7737109661102, 606.4050500392914]}, "time_fit": {"574_house_16H": [616.043616771698, 563.5405461788177, 630.6012058258057, 609.7737109661102, 606.4050500392914]}, "sizes": {"574_house_16H": []}, "tau": 0.9}, "LightGBM": {"losses": {"574_house_16H": [0.01194148860447744, 0.012591902513301478, 0.011586542075019225, 0.012570303447057308, 0.012101341822671023]}, "coverage": {"574_house_16H": [0.03285055957867011, 0.03811718235681372, 0.033728330041694066, 0.03350888742593805, 0.032835820895522394]}, "time_all": {"574_house_16H": [1.6511902809143066, 1.569758653640747, 1.6313927173614502, 1.5995900630950928, 1.5704693794250488]}, "time_fit": {"574_house_16H": [0.426372766494751, 0.40355801582336426, 0.41539454460144043, 0.4173581600189209, 0.402179479598999]}, "sizes": {"574_house_16H": []}, "tau": 0.9}, "DecisionTree": {"losses": {"574_house_16H": [0.01240349715043383, 0.01257939565314637, 0.011583089561492592, 0.012281245799588716, 0.01217900957525565]}, "coverage": {"574_house_16H": [0.027715602369980274, 0.04110160193109502, 0.02201009436032475, 0.04175992977836296, 0.0356453028972783]}, "complexity": {"574_house_16H": [631, 775, 639, 757, 585]}, "time_all": {"574_house_16H": [4.269252061843872, 4.157948732376099, 4.267119407653809, 4.117866277694702, 4.165792465209961]}, "time_fit": {"574_house_16H": [0.2936675548553467, 0.31154799461364746, 0.2948143482208252, 0.30481648445129395, 0.28818702697753906]}, "sizes": {"574_house_16H": []}, "tau": 0.9}, "LinearQuantile": {"losses": {"574_house_16H": [0.01811505391260377, 0.018275623920936946, 0.017905175296696475, 0.0189754923525394, 0.018442570168359505]}, "coverage": {"574_house_16H": [0.0020408163265306367, 0.0005924950625411096, 0.002918586789554589, 0.0022602589422866526, 0.006892010535557547]}, "complexity": {"574_house_16H": [16, 16, 16, 16, 16]}, "time_all": {"574_house_16H": [90.69645380973816, 101.59298944473267, 103.1556806564331, 75.0037350654602, 102.3166036605835]}, "time_fit": {"574_house_16H": [4.53781795501709, 11.21145749092102, 13.014111757278442, 5.467626333236694, 12.796366930007935]}, "sizes": {"574_house_16H": []}, "tau": 0.9}}