{"SQR": {"losses": {"602_fri_c3_250_10": [0.012183844101204246, 0.016442676560566964, 0.010959550215539451, 0.008125445188217627, 0.010860746927960026]}, "coverage": {"602_fri_c3_250_10": [0.020000000000000018, 0.0, 0.08000000000000007, 0.16000000000000003, 0.08000000000000007]}, "complexity": {"602_fri_c3_250_10": [6, 9, 8, 14, 12]}, "time_all": {"602_fri_c3_250_10": [89.08928608894348, 75.34576201438904, 80.64711904525757, 76.99391841888428, 72.07675528526306]}, "time_fit": {"602_fri_c3_250_10": [89.08928608894348, 75.34576201438904, 80.64711904525757, 76.99391841888428, 72.07675528526306]}, "sizes": {"602_fri_c3_250_10": []}, "tau": 0.9}, "LightGBM": {"losses": {"602_fri_c3_250_10": [0.02873645622374976, 0.024495678809051447, 0.022134132363232386, 0.016270015069486974, 0.017822860476861786]}, "coverage": {"602_fri_c3_250_10": [0.039999999999999925, 0.039999999999999925, 0.08000000000000007, 0.020000000000000018, 0.039999999999999925]}, "time_all": {"602_fri_c3_250_10": [0.16836762428283691, 0.11696553230285645, 0.1253821849822998, 0.14528226852416992, 0.14882349967956543]}, "time_fit": {"602_fri_c3_250_10": [0.029526948928833008, 0.025893688201904297, 0.02886223793029785, 0.03326272964477539, 0.0343327522277832]}, "sizes": {"602_fri_c3_250_10": []}, "tau": 0.9}, "DecisionTree": {"losses": {"602_fri_c3_250_10": [0.020252961580782113, 0.020517729878022944, 0.020881390841761865, 0.025924323980248434, 0.020759128758839764]}, "coverage": {"602_fri_c3_250_10": [0.18000000000000005, 0.09999999999999998, 0.20000000000000007, 0.20000000000000007, 0.05999999999999994]}, "complexity": {"602_fri_c3_250_10": [81, 35, 35, 35, 9]}, "time_all": {"602_fri_c3_250_10": [0.06030154228210449, 0.05327892303466797, 0.05370044708251953, 0.05414390563964844, 0.05365729331970215]}, "time_fit": {"602_fri_c3_250_10": [0.009583711624145508, 0.0053043365478515625, 0.005304098129272461, 0.00519561767578125, 0.0029964447021484375]}, "sizes": {"602_fri_c3_250_10": []}, "tau": 0.9}, "LinearQuantile": {"losses": {"602_fri_c3_250_10": [0.06688286726747615, 0.06461254535152366, 0.08230125289568567, 0.0828974914733096, 0.060317107731581804]}, "coverage": {"602_fri_c3_250_10": [0.4, 0.4, 0.54, 0.56, 0.5800000000000001]}, "complexity": {"602_fri_c3_250_10": [10, 10, 10, 10, 10]}, "time_all": {"602_fri_c3_250_10": [0.9689562320709229, 0.25238680839538574, 0.31022000312805176, 0.7521288394927979, 0.2674884796142578]}, "time_fit": {"602_fri_c3_250_10": [0.08655333518981934, 0.021742582321166992, 0.02754378318786621, 0.05654191970825195, 0.022653818130493164]}, "sizes": {"602_fri_c3_250_10": []}, "tau": 0.9}}