{"SQR": {"losses": {"643_fri_c2_500_25": [0.008558941691589782, 0.008705106945580326, 0.011853811223098424, 0.01692622374611167, 0.01131161936243827]}, "coverage": {"643_fri_c2_500_25": [0.010000000000000009, 0.020000000000000018, 0.010000000000000009, 0.040000000000000036, 0.020000000000000018]}, "complexity": {"643_fri_c2_500_25": [15, 13, 11, 8, 10]}, "time_all": {"643_fri_c2_500_25": [111.20365929603577, 101.32978320121765, 101.78495335578918, 88.20420551300049, 82.57068204879761]}, "time_fit": {"643_fri_c2_500_25": [111.20365929603577, 101.32978320121765, 101.78495335578918, 88.20420551300049, 82.57068204879761]}, "sizes": {"643_fri_c2_500_25": []}, "tau": 0.9}, "LightGBM": {"losses": {"643_fri_c2_500_25": [0.02760912812636945, 0.02349751476376277, 0.02128634591755726, 0.020102007042447773, 0.021486302355511026]}, "coverage": {"643_fri_c2_500_25": [0.08000000000000007, 0.040000000000000036, 0.010000000000000009, 0.050000000000000044, 0.0]}, "time_all": {"643_fri_c2_500_25": [0.25437498092651367, 0.22328591346740723, 0.20070648193359375, 0.21700787544250488, 0.25966668128967285]}, "time_fit": {"643_fri_c2_500_25": [0.04787158966064453, 0.04734659194946289, 0.04510354995727539, 0.04900670051574707, 0.07226109504699707]}, "sizes": {"643_fri_c2_500_25": []}, "tau": 0.9}, "DecisionTree": {"losses": {"643_fri_c2_500_25": [0.021956557239522376, 0.017208239320999217, 0.018825389997543185, 0.02077663402167121, 0.018359491446491603]}, "coverage": {"643_fri_c2_500_25": [0.08000000000000007, 0.06000000000000005, 0.030000000000000027, 0.030000000000000027, 0.020000000000000018]}, "complexity": {"643_fri_c2_500_25": [29, 63, 19, 11, 29]}, "time_all": {"643_fri_c2_500_25": [0.13441729545593262, 0.12949681282043457, 0.12484550476074219, 0.1255505084991455, 0.12762856483459473]}, "time_fit": {"643_fri_c2_500_25": [0.010133743286132812, 0.01397562026977539, 0.008139371871948242, 0.006508827209472656, 0.009627103805541992]}, "sizes": {"643_fri_c2_500_25": []}, "tau": 0.9}, "LinearQuantile": {"losses": {"643_fri_c2_500_25": [0.09929103844150107, 0.08754994746243105, 0.07292531813189214, 0.07939218604326462, 0.07902340513000881]}, "coverage": {"643_fri_c2_500_25": [0.49000000000000005, 0.44, 0.45, 0.49000000000000005, 0.39]}, "complexity": {"643_fri_c2_500_25": [25, 25, 25, 25, 25]}, "time_all": {"643_fri_c2_500_25": [0.7438828945159912, 1.2887530326843262, 1.4529883861541748, 2.331907033920288, 0.8602457046508789]}, "time_fit": {"643_fri_c2_500_25": [0.06422209739685059, 0.08348989486694336, 0.09436559677124023, 0.18265485763549805, 0.0760493278503418]}, "sizes": {"643_fri_c2_500_25": []}, "tau": 0.9}}