{"SQR": {"losses": {"616_fri_c4_500_50": [0.006156213778949936, 0.01250279749555877, 0.011213537947334316, 0.006727191398776061, 0.01297792937641109]}, "coverage": {"616_fri_c4_500_50": [0.020000000000000018, 0.06000000000000005, 0.020000000000000018, 0.010000000000000009, 0.050000000000000044]}, "complexity": {"616_fri_c4_500_50": [14, 9, 9, 15, 6]}, "time_all": {"616_fri_c4_500_50": [109.65712189674377, 97.38618111610413, 90.19429802894592, 94.88865518569946, 86.64257264137268]}, "time_fit": {"616_fri_c4_500_50": [109.65712189674377, 97.38618111610413, 90.19429802894592, 94.88865518569946, 86.64257264137268]}, "sizes": {"616_fri_c4_500_50": []}, "tau": 0.9}, "LightGBM": {"losses": {"616_fri_c4_500_50": [0.019620682425559196, 0.023957337457769554, 0.01794582108039293, 0.02208378883836296, 0.018959842238151947]}, "coverage": {"616_fri_c4_500_50": [0.020000000000000018, 0.050000000000000044, 0.010000000000000009, 0.040000000000000036, 0.010000000000000009]}, "time_all": {"616_fri_c4_500_50": [0.25675058364868164, 0.20363926887512207, 0.2345283031463623, 0.23691320419311523, 0.22842168807983398]}, "time_fit": {"616_fri_c4_500_50": [0.04644513130187988, 0.04347848892211914, 0.04385995864868164, 0.04884934425354004, 0.044918060302734375]}, "sizes": {"616_fri_c4_500_50": []}, "tau": 0.9}, "DecisionTree": {"losses": {"616_fri_c4_500_50": [0.020969561210035563, 0.018525799838249344, 0.017416724000059215, 0.014222604823837423, 0.01675369795588411]}, "coverage": {"616_fri_c4_500_50": [0.12, 0.030000000000000027, 0.08999999999999997, 0.020000000000000018, 0.12]}, "complexity": {"616_fri_c4_500_50": [29, 23, 31, 31, 71]}, "time_all": {"616_fri_c4_500_50": [0.21503210067749023, 0.19431304931640625, 0.20337629318237305, 0.2025609016418457, 0.20501947402954102]}, "time_fit": {"616_fri_c4_500_50": [0.01912522315979004, 0.014501094818115234, 0.017169475555419922, 0.017349720001220703, 0.024018287658691406]}, "sizes": {"616_fri_c4_500_50": []}, "tau": 0.9}, "LinearQuantile": {"losses": {"616_fri_c4_500_50": [0.08662760500825788, 0.07303975382483444, 0.08468427057566967, 0.07578348837218545, 0.07059721952986793]}, "coverage": {"616_fri_c4_500_50": [0.46, 0.44, 0.46, 0.44, 0.4]}, "complexity": {"616_fri_c4_500_50": [50, 50, 50, 50, 50]}, "time_all": {"616_fri_c4_500_50": [11.086378574371338, 10.158710956573486, 4.494851350784302, 25.05021095275879, 5.457439184188843]}, "time_fit": {"616_fri_c4_500_50": [0.9777579307556152, 0.8617098331451416, 0.33222508430480957, 2.2129924297332764, 0.44151854515075684]}, "sizes": {"616_fri_c4_500_50": []}, "tau": 0.9}}