{"SQR": {"losses": {"605_fri_c2_250_25": [0.030085558622554125, 0.03807427895827096, 0.030622645667615838, 0.033218520462327185, 0.024671920345429227]}, "coverage": {"605_fri_c2_250_25": [0.020000000000000018, 0.040000000000000036, 0.07999999999999996, 0.06, 0.14]}, "complexity": {"605_fri_c2_250_25": [10, 11, 13, 11, 12]}, "time_all": {"605_fri_c2_250_25": [90.51082587242126, 73.6520607471466, 73.99330043792725, 75.3675274848938, 72.87088656425476]}, "time_fit": {"605_fri_c2_250_25": [90.51082587242126, 73.6520607471466, 73.99330043792725, 75.3675274848938, 72.87088656425476]}, "sizes": {"605_fri_c2_250_25": []}, "tau": 0.5}, "LightGBM": {"losses": {"605_fri_c2_250_25": [0.04620039459415324, 0.045413991611220075, 0.0563164823120134, 0.050023558284235534, 0.04927720702476482]}, "coverage": {"605_fri_c2_250_25": [0.020000000000000018, 0.040000000000000036, 0.03999999999999998, 0.03999999999999998, 0.020000000000000018]}, "time_all": {"605_fri_c2_250_25": [0.22092294692993164, 0.17638254165649414, 0.14738845825195312, 0.14854860305786133, 0.1492445468902588]}, "time_fit": {"605_fri_c2_250_25": [0.043904781341552734, 0.04282665252685547, 0.03507661819458008, 0.0349273681640625, 0.03618955612182617]}, "sizes": {"605_fri_c2_250_25": []}, "tau": 0.5}, "DecisionTree": {"losses": {"605_fri_c2_250_25": [0.045752149061518754, 0.050756116687534776, 0.05382932426900837, 0.049988014376812766, 0.0574513872709118]}, "coverage": {"605_fri_c2_250_25": [0.08000000000000002, 0.0, 0.020000000000000018, 0.06, 0.020000000000000018]}, "complexity": {"605_fri_c2_250_25": [37, 9, 15, 75, 35]}, "time_all": {"605_fri_c2_250_25": [0.0707709789276123, 0.06371951103210449, 0.06533074378967285, 0.07013082504272461, 0.0684208869934082]}, "time_fit": {"605_fri_c2_250_25": [0.007448911666870117, 0.003781557083129883, 0.0047223567962646484, 0.010610103607177734, 0.0070323944091796875]}, "sizes": {"605_fri_c2_250_25": []}, "tau": 0.5}, "LinearQuantile": {"losses": {"605_fri_c2_250_25": [0.08624831910375469, 0.07860214688238934, 0.10159786655882067, 0.07641637169397826, 0.07479504915397024]}, "coverage": {"605_fri_c2_250_25": [0.0, 0.020000000000000018, 0.03999999999999998, 0.06, 0.0]}, "complexity": {"605_fri_c2_250_25": [25, 25, 25, 25, 25]}, "time_all": {"605_fri_c2_250_25": [1.6763195991516113, 1.341395616531372, 0.9694762229919434, 0.7606861591339111, 0.6726820468902588]}, "time_fit": {"605_fri_c2_250_25": [0.11717939376831055, 0.09966731071472168, 0.06619024276733398, 0.05648612976074219, 0.0606539249420166]}, "sizes": {"605_fri_c2_250_25": []}, "tau": 0.5}}