{"SQR": {"losses": {"banana": [0.07862323838923908, 0.06712139339486382, 0.06390091796270271, 0.06491558155891279, 0.09009347606661754]}, "coverage": {"banana": [0.05283018867924527, 0.05094339622641508, 0.06886792452830193, 0.04622641509433967, 0.03962264150943395]}, "complexity": {"banana": [8, 10, 10, 10, 7]}, "time_all": {"banana": [346.65175914764404, 350.4232609272003, 334.54749059677124, 366.8894875049591, 264.8767817020416]}, "time_fit": {"banana": [346.65175914764404, 350.4232609272003, 334.54749059677124, 366.8894875049591, 264.8767817020416]}, "sizes": {"banana": []}, "tau": 0.5}, "LightGBM": {"losses": {"banana": [0.09055411788887856, 0.09149751411529365, 0.08292422887596283, 0.09075327604255376, 0.08821137650669514]}, "coverage": {"banana": [0.05283018867924527, 0.05094339622641508, 0.06886792452830193, 0.04622641509433967, 0.03962264150943395]}, "time_all": {"banana": [0.9274106025695801, 0.8516852855682373, 0.8842580318450928, 0.7838828563690186, 0.8835129737854004]}, "time_fit": {"banana": [0.21999096870422363, 0.1945648193359375, 0.20641088485717773, 0.11052560806274414, 0.2099301815032959]}, "sizes": {"banana": []}, "tau": 0.5}, "DecisionTree": {"losses": {"banana": [0.05566037735849057, 0.053537735849056606, 0.0544811320754717, 0.05919811320754717, 0.04905660377358491]}, "coverage": {"banana": [0.43679245283018864, 0.440566037735849, 0.4273584905660377, 0.4273584905660377, 0.4462264150943396]}, "complexity": {"banana": [121, 181, 191, 177, 317]}, "time_all": {"banana": [0.31763434410095215, 0.22020268440246582, 0.2293694019317627, 0.2903900146484375, 0.21432018280029297]}, "time_fit": {"banana": [0.020696163177490234, 0.016871929168701172, 0.01749396324157715, 0.021509408950805664, 0.022197961807250977]}, "sizes": {"banana": []}, "tau": 0.5}, "LinearQuantile": {"losses": {"banana": [0.2235849255886366, 0.2245283183185992, 0.21556605798558898, 0.2268868111752464, 0.23018869956307922]}, "coverage": {"banana": [0.22169811320754718, 0.22264150943396227, 0.2037735849056604, 0.24339622641509434, 0.2490566037735849]}, "complexity": {"banana": [2, 2, 2, 2, 2]}, "time_all": {"banana": [0.0825049877166748, 0.039856672286987305, 0.04023098945617676, 0.047724246978759766, 0.03773379325866699]}, "time_fit": {"banana": [0.006034135818481445, 0.0031638145446777344, 0.0032007694244384766, 0.003798246383666992, 0.003000974655151367]}, "sizes": {"banana": []}, "tau": 0.5}}