{"SQR": {"losses": {"647_fri_c1_250_10": [0.03345299895245654, 0.020354961746943224, 0.013486366534873997, 0.029271627639261083, 0.02442427888143823]}, "coverage": {"647_fri_c1_250_10": [0.03999999999999998, 0.07999999999999996, 0.09999999999999998, 0.040000000000000036, 0.12]}, "complexity": {"647_fri_c1_250_10": [8, 14, 12, 10, 14]}, "time_all": {"647_fri_c1_250_10": [91.29635572433472, 76.01481795310974, 78.20449256896973, 73.07082343101501, 74.79155445098877]}, "time_fit": {"647_fri_c1_250_10": [91.29635572433472, 76.01481795310974, 78.20449256896973, 73.07082343101501, 74.79155445098877]}, "sizes": {"647_fri_c1_250_10": []}, "tau": 0.5}, "LightGBM": {"losses": {"647_fri_c1_250_10": [0.04428316596890411, 0.05077612272843144, 0.03585025966100123, 0.049700387521695755, 0.040472807584263984]}, "coverage": {"647_fri_c1_250_10": [0.040000000000000036, 0.07999999999999996, 0.08000000000000002, 0.040000000000000036, 0.06000000000000005]}, "time_all": {"647_fri_c1_250_10": [0.1887369155883789, 0.13863372802734375, 0.14165568351745605, 0.1696033477783203, 0.1616344451904297]}, "time_fit": {"647_fri_c1_250_10": [0.03504014015197754, 0.032678842544555664, 0.033548593521118164, 0.04034590721130371, 0.03328537940979004]}, "sizes": {"647_fri_c1_250_10": []}, "tau": 0.5}, "DecisionTree": {"losses": {"647_fri_c1_250_10": [0.0489942682285823, 0.04530469384045427, 0.04277777891208232, 0.039643843668826735, 0.04126194455424958]}, "coverage": {"647_fri_c1_250_10": [0.07999999999999996, 0.020000000000000018, 0.040000000000000036, 0.06, 0.0]}, "complexity": {"647_fri_c1_250_10": [33, 33, 9, 81, 33]}, "time_all": {"647_fri_c1_250_10": [0.05368161201477051, 0.051018714904785156, 0.049959659576416016, 0.05700874328613281, 0.0511784553527832]}, "time_fit": {"647_fri_c1_250_10": [0.0050563812255859375, 0.00496220588684082, 0.002789735794067383, 0.008622884750366211, 0.004990577697753906]}, "sizes": {"647_fri_c1_250_10": []}, "tau": 0.5}, "LinearQuantile": {"losses": {"647_fri_c1_250_10": [0.0688028511960505, 0.08111824951023038, 0.08137688226710259, 0.07681694083905799, 0.09002411117087328]}, "coverage": {"647_fri_c1_250_10": [0.09999999999999998, 0.03999999999999998, 0.020000000000000018, 0.020000000000000018, 0.0]}, "complexity": {"647_fri_c1_250_10": [10, 10, 10, 10, 10]}, "time_all": {"647_fri_c1_250_10": [0.7204837799072266, 0.7535481452941895, 0.28191256523132324, 0.4003279209136963, 0.30104875564575195]}, "time_fit": {"647_fri_c1_250_10": [0.06413555145263672, 0.05626201629638672, 0.025017976760864258, 0.032627105712890625, 0.025731325149536133]}, "sizes": {"647_fri_c1_250_10": []}, "tau": 0.5}}