{"SQR": {"losses": {"712_chscase_geyser1": [0.045280926964222486, 0.047446550831220034, 0.044037417345309075, 0.04095692494059732, 0.06120309133929344]}, "coverage": {"712_chscase_geyser1": [0.18888888888888888, 0.07777777777777778, 0.20454545454545459, 0.15909090909090912, 0.20454545454545453]}, "complexity": {"712_chscase_geyser1": [4, 3, 3, 3, 3]}, "time_all": {"712_chscase_geyser1": [85.43882179260254, 74.53246426582336, 73.44942378997803, 68.26997399330139, 71.28818488121033]}, "time_fit": {"712_chscase_geyser1": [85.43882179260254, 74.53246426582336, 73.44942378997803, 68.26997399330139, 71.28818488121033]}, "sizes": {"712_chscase_geyser1": []}, "tau": 0.5}, "LightGBM": {"losses": {"712_chscase_geyser1": [0.04474488355441143, 0.047231903686814604, 0.0455057764176037, 0.0433969270828186, 0.06281985778770202]}, "coverage": {"712_chscase_geyser1": [0.09999999999999998, 0.033333333333333326, 0.25, 0.022727272727272707, 0.18181818181818182]}, "time_all": {"712_chscase_geyser1": [0.16839027404785156, 0.13925838470458984, 0.12418437004089355, 0.13596296310424805, 0.12665462493896484]}, "time_fit": {"712_chscase_geyser1": [0.02648186683654785, 0.031347036361694336, 0.026929140090942383, 0.03106975555419922, 0.02142930030822754]}, "sizes": {"712_chscase_geyser1": []}, "tau": 0.5}, "DecisionTree": {"losses": {"712_chscase_geyser1": [0.041614255765199164, 0.046226415094339626, 0.042774442538593485, 0.04309605488850772, 0.05874785591766724]}, "coverage": {"712_chscase_geyser1": [0.16666666666666663, 0.033333333333333326, 0.18181818181818177, 0.0, 0.18181818181818182]}, "complexity": {"712_chscase_geyser1": [27, 7, 11, 7, 7]}, "time_all": {"712_chscase_geyser1": [0.04120826721191406, 0.03951144218444824, 0.038974761962890625, 0.03989291191101074, 0.04019665718078613]}, "time_fit": {"712_chscase_geyser1": [0.0036106109619140625, 0.0019998550415039062, 0.0023193359375, 0.002010345458984375, 0.0020313262939453125]}, "sizes": {"712_chscase_geyser1": []}, "tau": 0.5}, "LinearQuantile": {"losses": {"712_chscase_geyser1": [0.07496156446633445, 0.10455371631578189, 0.0765691881434315, 0.08910974870802543, 0.09596011076885824]}, "coverage": {"712_chscase_geyser1": [0.011111111111111127, 0.07777777777777778, 0.022727272727272707, 0.18181818181818182, 0.15909090909090912]}, "complexity": {"712_chscase_geyser1": [2, 2, 2, 2, 2]}, "time_all": {"712_chscase_geyser1": [0.3807072639465332, 0.1722116470336914, 0.06675314903259277, 0.11893463134765625, 0.1112523078918457]}, "time_fit": {"712_chscase_geyser1": [0.03291916847229004, 0.014668703079223633, 0.005501508712768555, 0.010190963745117188, 0.00951242446899414]}, "sizes": {"712_chscase_geyser1": []}, "tau": 0.5}}