{"SQR": {"losses": {"590_fri_c0_1000_50": [0.021615495316755683, 0.02012324626683448, 0.016733673936444468, 0.024334402853933953, 0.01913500455839556]}, "coverage": {"590_fri_c0_1000_50": [0.034999999999999976, 0.040000000000000036, 0.06499999999999995, 0.0050000000000000044, 0.06999999999999995]}, "complexity": {"590_fri_c0_1000_50": [17, 10, 17, 13, 13]}, "time_all": {"590_fri_c0_1000_50": [100.36930704116821, 104.21214985847473, 94.86834740638733, 95.8678708076477, 108.28812289237976]}, "time_fit": {"590_fri_c0_1000_50": [100.36930704116821, 104.21214985847473, 94.86834740638733, 95.8678708076477, 108.28812289237976]}, "sizes": {"590_fri_c0_1000_50": []}, "tau": 0.5}, "LightGBM": {"losses": {"590_fri_c0_1000_50": [0.035220640804176286, 0.037408947225922785, 0.036767939341946033, 0.03471279071260466, 0.03603940939478664]}, "coverage": {"590_fri_c0_1000_50": [0.07500000000000001, 0.025000000000000022, 0.020000000000000018, 0.020000000000000018, 0.04500000000000004]}, "time_all": {"590_fri_c0_1000_50": [0.5129885673522949, 0.46663355827331543, 0.4684896469116211, 0.4752688407897949, 0.4530003070831299]}, "time_fit": {"590_fri_c0_1000_50": [0.08815288543701172, 0.08453488349914551, 0.08878636360168457, 0.08872652053833008, 0.08571505546569824]}, "sizes": {"590_fri_c0_1000_50": []}, "tau": 0.5}, "DecisionTree": {"losses": {"590_fri_c0_1000_50": [0.04435088537836503, 0.04557621101027588, 0.04762736316506091, 0.04449241565346931, 0.04585459177678423]}, "coverage": {"590_fri_c0_1000_50": [0.020000000000000018, 0.044999999999999984, 0.03500000000000003, 0.04999999999999999, 0.050000000000000044]}, "complexity": {"590_fri_c0_1000_50": [37, 65, 323, 61, 37]}, "time_all": {"590_fri_c0_1000_50": [0.45638298988342285, 0.4345362186431885, 0.46333885192871094, 0.4568169116973877, 0.43305277824401855]}, "time_fit": {"590_fri_c0_1000_50": [0.03424501419067383, 0.03498959541320801, 0.06452131271362305, 0.03991818428039551, 0.030336618423461914]}, "sizes": {"590_fri_c0_1000_50": []}, "tau": 0.5}, "LinearQuantile": {"losses": {"590_fri_c0_1000_50": [0.03858055447210962, 0.04142235513556466, 0.037590725370741, 0.035499782772697025, 0.039555950611215654]}, "coverage": {"590_fri_c0_1000_50": [0.06, 0.07, 0.010000000000000009, 0.044999999999999984, 0.03999999999999998]}, "complexity": {"590_fri_c0_1000_50": [50, 50, 50, 50, 50]}, "time_all": {"590_fri_c0_1000_50": [7.3222291469573975, 10.97304654121399, 5.163133859634399, 7.725149631500244, 17.908888339996338]}, "time_fit": {"590_fri_c0_1000_50": [0.6405296325683594, 0.9847290515899658, 0.31730079650878906, 0.6149616241455078, 1.5248985290527344]}, "sizes": {"590_fri_c0_1000_50": []}, "tau": 0.5}}