{"SQR": {"losses": {"613_fri_c3_250_5": [0.007034702480473757, 0.008389201727921496, 0.011591469882652607, 0.012590442298153615, 0.00908952747908289]}, "coverage": {"613_fri_c3_250_5": [0.08000000000000007, 0.06000000000000005, 0.040000000000000036, 0.06000000000000005, 0.020000000000000018]}, "complexity": {"613_fri_c3_250_5": [13, 11, 10, 11, 11]}, "time_all": {"613_fri_c3_250_5": [91.36888909339905, 76.35979390144348, 74.01210379600525, 77.96576046943665, 73.03145813941956]}, "time_fit": {"613_fri_c3_250_5": [91.36888909339905, 76.35979390144348, 74.01210379600525, 77.96576046943665, 73.03145813941956]}, "sizes": {"613_fri_c3_250_5": []}, "tau": 0.9}, "LightGBM": {"losses": {"613_fri_c3_250_5": [0.020079574864997847, 0.024755060003756442, 0.022645764773368552, 0.02041108057915603, 0.018866950627608008]}, "coverage": {"613_fri_c3_250_5": [0.14, 0.020000000000000018, 0.020000000000000018, 0.020000000000000018, 0.020000000000000018]}, "time_all": {"613_fri_c3_250_5": [0.17361164093017578, 0.1162412166595459, 0.12412714958190918, 0.15001535415649414, 0.12399005889892578]}, "time_fit": {"613_fri_c3_250_5": [0.029873132705688477, 0.02022075653076172, 0.029455184936523438, 0.03496289253234863, 0.028692245483398438]}, "sizes": {"613_fri_c3_250_5": []}, "tau": 0.9}, "DecisionTree": {"losses": {"613_fri_c3_250_5": [0.021123171556074506, 0.023975640618658065, 0.02279403968657638, 0.02577046253051413, 0.017795159980895033]}, "coverage": {"613_fri_c3_250_5": [0.08000000000000007, 0.26, 0.06000000000000005, 0.020000000000000018, 0.040000000000000036]}, "complexity": {"613_fri_c3_250_5": [37, 81, 29, 7, 17]}, "time_all": {"613_fri_c3_250_5": [0.0498356819152832, 0.05144786834716797, 0.046503543853759766, 0.047032833099365234, 0.04599332809448242]}, "time_fit": {"613_fri_c3_250_5": [0.004871368408203125, 0.008115530014038086, 0.004107952117919922, 0.0022499561309814453, 0.0031859874725341797]}, "sizes": {"613_fri_c3_250_5": []}, "tau": 0.9}, "LinearQuantile": {"losses": {"613_fri_c3_250_5": [0.06872576316832549, 0.07812482862216237, 0.05410103791790163, 0.08285728844315579, 0.054064046683560366]}, "coverage": {"613_fri_c3_250_5": [0.48000000000000004, 0.4, 0.36, 0.5, 0.36]}, "complexity": {"613_fri_c3_250_5": [5, 5, 5, 5, 5]}, "time_all": {"613_fri_c3_250_5": [0.14915871620178223, 0.3318619728088379, 0.1060020923614502, 0.30807018280029297, 0.16471433639526367]}, "time_fit": {"613_fri_c3_250_5": [0.012584686279296875, 0.02950763702392578, 0.009125471115112305, 0.0274350643157959, 0.014419078826904297]}, "sizes": {"613_fri_c3_250_5": []}, "tau": 0.9}}