{"SQR": {"losses": {"678_visualizing_environmental": [0.05791436713274925, 0.050913563824705875, 0.09362626485446784, 0.05973338950123396, 0.08193557394019108]}, "coverage": {"678_visualizing_environmental": [0.23913043478260865, 0.13636363636363635, 0.04545454545454547, 0.2272727272727273, 0.3181818181818182]}, "complexity": {"678_visualizing_environmental": [6, 6, 9, 3, 3]}, "time_all": {"678_visualizing_environmental": [80.66334676742554, 66.35586047172546, 67.94231152534485, 66.29904985427856, 66.8440158367157]}, "time_fit": {"678_visualizing_environmental": [80.66334676742554, 66.35586047172546, 67.94231152534485, 66.29904985427856, 66.8440158367157]}, "sizes": {"678_visualizing_environmental": []}, "tau": 0.5}, "LightGBM": {"losses": {"678_visualizing_environmental": [0.05130719906179341, 0.05444661939623448, 0.08506035052462348, 0.05906166295965191, 0.07634133853002037]}, "coverage": {"678_visualizing_environmental": [0.10869565217391308, 0.2272727272727273, 0.18181818181818182, 0.2272727272727273, 0.2727272727272727]}, "time_all": {"678_visualizing_environmental": [0.12405800819396973, 0.08123564720153809, 0.07673811912536621, 0.07938790321350098, 0.09360027313232422]}, "time_fit": {"678_visualizing_environmental": [0.016594886779785156, 0.016460657119750977, 0.01195669174194336, 0.016024112701416016, 0.01962113380432129]}, "sizes": {"678_visualizing_environmental": []}, "tau": 0.5}, "DecisionTree": {"losses": {"678_visualizing_environmental": [0.04849952493550937, 0.04446640296999707, 0.08399209057235885, 0.05447134194493272, 0.07756916442279436]}, "coverage": {"678_visualizing_environmental": [0.19565217391304346, 0.31818181818181823, 0.2272727272727273, 0.09090909090909094, 0.3181818181818182]}, "complexity": {"678_visualizing_environmental": [5, 5, 15, 1, 3]}, "time_all": {"678_visualizing_environmental": [0.03261137008666992, 0.03183102607727051, 0.03211545944213867, 0.030371427536010742, 0.03241729736328125]}, "time_fit": {"678_visualizing_environmental": [0.0019087791442871094, 0.0018777847290039062, 0.0025353431701660156, 0.001461029052734375, 0.0016565322875976562]}, "sizes": {"678_visualizing_environmental": []}, "tau": 0.5}, "LinearQuantile": {"losses": {"678_visualizing_environmental": [0.05840819564368756, 0.048261509026128656, 0.09051345719328209, 0.05508427488281226, 0.0804602521778761]}, "coverage": {"678_visualizing_environmental": [0.06521739130434778, 0.045454545454545414, 0.0, 0.13636363636363635, 0.2727272727272727]}, "complexity": {"678_visualizing_environmental": [3, 3, 3, 3, 3]}, "time_all": {"678_visualizing_environmental": [0.22888612747192383, 0.0487978458404541, 0.1560513973236084, 0.06523275375366211, 0.05772733688354492]}, "time_fit": {"678_visualizing_environmental": [0.0193021297454834, 0.0038552284240722656, 0.013113021850585938, 0.005302906036376953, 0.004647254943847656]}, "sizes": {"678_visualizing_environmental": []}, "tau": 0.5}}