{"SQR": {"losses": {"522_pm10": [0.03245936087900404, 0.02960088927511317, 0.026379777385859143, 0.02600120719481637, 0.03240545851416931]}, "coverage": {"522_pm10": [0.08000000000000007, 0.010000000000000009, 0.0, 0.0, 0.07000000000000006]}, "complexity": {"522_pm10": [7, 6, 5, 11, 8]}, "time_all": {"522_pm10": [95.68004298210144, 83.54528880119324, 82.57204937934875, 77.97997689247131, 74.29355645179749]}, "time_fit": {"522_pm10": [95.68004298210144, 83.54528880119324, 82.57204937934875, 77.97997689247131, 74.29355645179749]}, "sizes": {"522_pm10": []}, "tau": 0.9}, "LightGBM": {"losses": {"522_pm10": [0.027380217545612002, 0.0258021943581231, 0.028049791275078312, 0.0296546309541532, 0.027933312418681237]}, "coverage": {"522_pm10": [0.010000000000000009, 0.010000000000000009, 0.050000000000000044, 0.010000000000000009, 0.020000000000000018]}, "time_all": {"522_pm10": [0.24306249618530273, 0.21801519393920898, 0.1885533332824707, 0.21102285385131836, 0.2168262004852295]}, "time_fit": {"522_pm10": [0.04410886764526367, 0.04076814651489258, 0.04104471206665039, 0.03685903549194336, 0.03835892677307129]}, "sizes": {"522_pm10": []}, "tau": 0.9}, "DecisionTree": {"losses": {"522_pm10": [0.029763170632610414, 0.02659543365235596, 0.02974872180431868, 0.02864288651335237, 0.02796658348441039]}, "coverage": {"522_pm10": [0.020000000000000018, 0.020000000000000018, 0.08999999999999997, 0.030000000000000027, 0.07000000000000006]}, "complexity": {"522_pm10": [11, 19, 17, 13, 31]}, "time_all": {"522_pm10": [0.07721900939941406, 0.07407093048095703, 0.07413721084594727, 0.07266855239868164, 0.07499504089355469]}, "time_fit": {"522_pm10": [0.0033223628997802734, 0.004094600677490234, 0.003985881805419922, 0.0034317970275878906, 0.005212068557739258]}, "sizes": {"522_pm10": []}, "tau": 0.9}, "LinearQuantile": {"losses": {"522_pm10": [0.032507116124704374, 0.03401614801908336, 0.03320334021706717, 0.03384840081794292, 0.03472949639984479]}, "coverage": {"522_pm10": [0.06000000000000005, 0.010000000000000009, 0.020000000000000018, 0.010000000000000009, 0.0]}, "complexity": {"522_pm10": [7, 7, 7, 7, 7]}, "time_all": {"522_pm10": [0.5911862850189209, 0.3419973850250244, 0.4281928539276123, 0.23241758346557617, 0.5112926959991455]}, "time_fit": {"522_pm10": [0.052442312240600586, 0.0305178165435791, 0.03653693199157715, 0.019903898239135742, 0.0458979606628418]}, "sizes": {"522_pm10": []}, "tau": 0.9}}