{"SQR": {"losses": {"225_puma8NH": [0.023788570672918556, 0.02273088766643207, 0.02296743471357472, 0.022799305056052866, 0.022156073020903475]}, "coverage": {"225_puma8NH": [0.008602806589383838, 0.009701037217815678, 0.005372405372405353, 0.0013431013431013383, 0.0013431013431013383]}, "complexity": {"225_puma8NH": [4, 4, 4, 4, 4]}, "time_all": {"225_puma8NH": [563.1420590877533, 553.1263589859009, 553.8234391212463, 511.28769421577454, 512.7371642589569]}, "time_fit": {"225_puma8NH": [563.1420590877533, 553.1263589859009, 553.8234391212463, 511.28769421577454, 512.7371642589569]}, "sizes": {"225_puma8NH": []}, "tau": 0.9}, "LightGBM": {"losses": {"225_puma8NH": [0.023132288508212685, 0.02154698887868266, 0.022046278353045557, 0.021889797218510355, 0.021379763179558756]}, "coverage": {"225_puma8NH": [0.007382550335570448, 0.016412446613788823, 0.009645909645909612, 0.00073260073260073, 0.02063492063492056]}, "time_all": {"225_puma8NH": [1.1622350215911865, 1.107100248336792, 1.1444714069366455, 1.125406265258789, 1.114988088607788]}, "time_fit": {"225_puma8NH": [0.15336942672729492, 0.14767169952392578, 0.14931201934814453, 0.15042328834533691, 0.15157032012939453]}, "sizes": {"225_puma8NH": []}, "tau": 0.9}, "DecisionTree": {"losses": {"225_puma8NH": [0.02319822132459719, 0.02157296486329018, 0.022404537717621163, 0.02161349377369081, 0.02115872829678733]}, "coverage": {"225_puma8NH": [0.03239780353874311, 0.023245881635143406, 0.012942612942613008, 0.03308913308913308, 0.01904761904761909]}, "complexity": {"225_puma8NH": [203, 227, 203, 207, 211]}, "time_all": {"225_puma8NH": [1.2116825580596924, 0.8918395042419434, 1.1853785514831543, 0.9527227878570557, 0.8466603755950928]}, "time_fit": {"225_puma8NH": [0.051841020584106445, 0.051605224609375, 0.051512956619262695, 0.05235576629638672, 0.0515284538269043]}, "sizes": {"225_puma8NH": []}, "tau": 0.9}, "LinearQuantile": {"losses": {"225_puma8NH": [0.09738842154262958, 0.09610681267955579, 0.09220987794786278, 0.0933650188674428, 0.09496202612290405]}, "coverage": {"225_puma8NH": [0.5241610738255034, 0.5143990237949969, 0.4927960927960928, 0.4897435897435898, 0.5037851037851038]}, "complexity": {"225_puma8NH": [8, 8, 8, 8, 8]}, "time_all": {"225_puma8NH": [1.2400670051574707, 1.2736072540283203, 0.5527396202087402, 0.44761013984680176, 0.5241045951843262]}, "time_fit": {"225_puma8NH": [0.10939502716064453, 0.12109518051147461, 0.04970407485961914, 0.040669918060302734, 0.04739046096801758]}, "sizes": {"225_puma8NH": []}, "tau": 0.9}}