{"SQR": {"losses": {"344_mv": [0.0005381653439372588, 0.0006237232016233015, 0.0005901933687239954, 0.0005623993644975409, 0.0005840851694770582]}, "coverage": {"344_mv": [0.0919793966151582, 0.09725288202109394, 0.0003679175864605977, 0.0487550594873053, 0.11143137495400468]}, "complexity": {"344_mv": [10, 11, 11, 10, 10]}, "time_all": {"344_mv": [570.2248153686523, 521.2804474830627, 507.8387792110443, 574.1801476478577, 501.2284152507782]}, "time_fit": {"344_mv": [570.2248153686523, 521.2804474830627, 507.8387792110443, 574.1801476478577, 501.2284152507782]}, "sizes": {"344_mv": []}, "tau": 0.5}, "LightGBM": {"losses": {"344_mv": [0.01398658155378094, 0.014125755923593322, 0.01353366426152544, 0.013905363629330954, 0.014728250428330517]}, "coverage": {"344_mv": [0.053470689232278656, 0.058376257051753755, 0.05751778268334562, 0.058567398503618306, 0.05280264933153439]}, "time_all": {"344_mv": [2.1117002964019775, 1.89827299118042, 1.9106872081756592, 1.8322288990020752, 1.8477847576141357]}, "time_fit": {"344_mv": [0.3276965618133545, 0.28888487815856934, 0.29664134979248047, 0.2734200954437256, 0.28088879585266113]}, "sizes": {"344_mv": []}, "tau": 0.5}, "DecisionTree": {"losses": {"344_mv": [0.0009897259489131125, 0.00097896905748812, 0.00097598064282136, 0.001000537897392513, 0.0010083320290363554]}, "coverage": {"344_mv": [0.011405445180279639, 0.01116016678930587, 0.0053961246014225805, 0.01343063902857844, 0.011958788176131496]}, "complexity": {"344_mv": [12751, 12777, 12751, 12789, 12753]}, "time_all": {"344_mv": [5.058747053146362, 5.0398900508880615, 5.106418132781982, 5.038081884384155, 5.027624130249023]}, "time_fit": {"344_mv": [0.8666810989379883, 0.871281623840332, 0.8696510791778564, 0.8694076538085938, 0.8657093048095703]}, "sizes": {"344_mv": []}, "tau": 0.5}, "LinearQuantile": {"losses": {"344_mv": [0.029534728807083823, 0.030033693301681822, 0.03007368097155945, 0.029121286968322994, 0.030330947208815573]}, "coverage": {"344_mv": [0.00821682609762081, 0.006990434142752022, 0.0031886190826587724, 0.005335459340120252, 0.0071752729056788755]}, "complexity": {"344_mv": [14, 14, 14, 14, 14]}, "time_all": {"344_mv": [3.7579345703125, 4.063105344772339, 4.658611536026001, 4.559953451156616, 4.359508991241455]}, "time_fit": {"344_mv": [0.30569911003112793, 0.33580875396728516, 0.3757815361022949, 0.37113475799560547, 0.36416053771972656]}, "sizes": {"344_mv": []}, "tau": 0.5}}