{"SQR": {"losses": {"1203_BNG_pwLinear": [0.021859699032020917, 0.02150685758615822, 0.021552087432504405, 0.02201331006116519, 0.02160006899634823]}, "coverage": {"1203_BNG_pwLinear": [0.04067174710697152, 0.03217612193056729, 0.033478224053741346, 0.03661125067035487, 0.03757091648084909]}, "complexity": {"1203_BNG_pwLinear": [2, 2, 2, 2, 2]}, "time_all": {"1203_BNG_pwLinear": [540.5060498714447, 534.97736120224, 550.5985465049744, 540.8178322315216, 539.0770659446716]}, "time_fit": {"1203_BNG_pwLinear": [540.5060498714447, 534.97736120224, 550.5985465049744, 540.8178322315216, 539.0770659446716]}, "sizes": {"1203_BNG_pwLinear": []}, "tau": 0.9}, "LightGBM": {"losses": {"1203_BNG_pwLinear": [0.01781949420438275, 0.017720440676899776, 0.017741148267965565, 0.01796160873504195, 0.01783379136179723]}, "coverage": {"1203_BNG_pwLinear": [0.017866215071972835, 0.019333897826700475, 0.01837195517796153, 0.01786389680769984, 0.01732761297242369]}, "time_all": {"1203_BNG_pwLinear": [2.715554714202881, 2.6251449584960938, 2.6630778312683105, 2.6374542713165283, 2.5895767211914062]}, "time_fit": {"1203_BNG_pwLinear": [0.45096445083618164, 0.39133310317993164, 0.441317081451416, 0.4072763919830322, 0.429276704788208]}, "sizes": {"1203_BNG_pwLinear": []}, "tau": 0.9}, "DecisionTree": {"losses": {"1203_BNG_pwLinear": [0.017140002698734304, 0.017023136957532048, 0.017121241664630495, 0.01723788872290145, 0.01718757410635173]}, "coverage": {"1203_BNG_pwLinear": [0.015580016934801044, 0.013942986169912519, 0.012760732733071767, 0.016119563069801557, 0.015188122724321906]}, "complexity": {"1203_BNG_pwLinear": [4159, 4205, 4229, 4183, 4161]}, "time_all": {"1203_BNG_pwLinear": [13.152973890304565, 12.982728481292725, 12.89398455619812, 12.845340728759766, 12.858851432800293]}, "time_fit": {"1203_BNG_pwLinear": [0.6423585414886475, 0.6288082599639893, 0.6278693675994873, 0.6202824115753174, 0.6199767589569092]}, "sizes": {"1203_BNG_pwLinear": []}, "tau": 0.9}, "LinearQuantile": {"losses": {"1203_BNG_pwLinear": [0.019551741862947666, 0.019461199249385636, 0.019456756053195863, 0.0196969887466222, 0.01951421405147706]}, "coverage": {"1203_BNG_pwLinear": [0.0, 0.0003386960203217715, 0.0006181376838183539, 0.001837477772446361, 0.0012955488441671603]}, "complexity": {"1203_BNG_pwLinear": [29, 29, 29, 29, 29]}, "time_all": {"1203_BNG_pwLinear": [70.19090819358826, 115.14802646636963, 70.34283924102783, 88.23823189735413, 120.45043969154358]}, "time_fit": {"1203_BNG_pwLinear": [6.367543697357178, 10.382680892944336, 6.330109357833862, 7.951762676239014, 10.884781837463379]}, "sizes": {"1203_BNG_pwLinear": []}, "tau": 0.9}}