{"SQR": {"losses": {"529_pollen": [0.03154466968431314, 0.03282039934511103, 0.029487949072091464, 0.03251480895037177, 0.032949753903980084]}, "coverage": {"529_pollen": [0.0025974025974025983, 0.012987012987012991, 0.02987012987012988, 0.0019505851755526882, 0.0058517555266579535]}, "complexity": {"529_pollen": [4, 4, 4, 4, 4]}, "time_all": {"529_pollen": [247.61173629760742, 238.20977687835693, 252.9715838432312, 247.7889313697815, 260.870178937912]}, "time_fit": {"529_pollen": [247.61173629760742, 238.20977687835693, 252.9715838432312, 247.7889313697815, 260.870178937912]}, "sizes": {"529_pollen": []}, "tau": 0.5}, "LightGBM": {"losses": {"529_pollen": [0.03222726775524343, 0.030642207941978982, 0.03044408970070152, 0.030581670365215502, 0.03029704050504524]}, "coverage": {"529_pollen": [0.007792207792207795, 0.009090909090909094, 0.03506493506493508, 0.021456436931079348, 0.04616384915474647]}, "time_all": {"529_pollen": [1.0122594833374023, 0.9638998508453369, 0.9475924968719482, 0.9415733814239502, 1.0055835247039795]}, "time_fit": {"529_pollen": [0.22584915161132812, 0.22055983543395996, 0.22274231910705566, 0.22063875198364258, 0.2357633113861084]}, "sizes": {"529_pollen": []}, "tau": 0.5}, "DecisionTree": {"losses": {"529_pollen": [0.03193387745415234, 0.03072594367594815, 0.03044857675201946, 0.03129861086161488, 0.03121922118112947]}, "coverage": {"529_pollen": [0.02857142857142858, 0.02207792207792203, 0.006493506493506496, 0.0552665799739922, 0.02015604681404426]}, "complexity": {"529_pollen": [547, 541, 239, 527, 533]}, "time_all": {"529_pollen": [0.49342894554138184, 0.38619112968444824, 0.3594396114349365, 0.35420680046081543, 0.4616715908050537]}, "time_fit": {"529_pollen": [0.056574106216430664, 0.04057455062866211, 0.023910999298095703, 0.037465810775756836, 0.0485689640045166]}, "sizes": {"529_pollen": []}, "tau": 0.5}, "LinearQuantile": {"losses": {"529_pollen": [0.02542947635141799, 0.024346101407795136, 0.025129765166022156, 0.023686652082415584, 0.024904696900069027]}, "coverage": {"529_pollen": [0.006493506493506496, 0.0012987012987012436, 0.0025974025974025983, 0.024057217165149525, 0.011053315994798418]}, "complexity": {"529_pollen": [4, 4, 4, 4, 4]}, "time_all": {"529_pollen": [0.21388816833496094, 0.0995795726776123, 0.3332390785217285, 0.1386735439300537, 0.300584077835083]}, "time_fit": {"529_pollen": [0.015670061111450195, 0.008330583572387695, 0.02690911293029785, 0.011642694473266602, 0.024307966232299805]}, "sizes": {"529_pollen": []}, "tau": 0.5}}