{"SQR": {"losses": {"648_fri_c1_250_50": [0.03223586254452254, 0.023902147306557212, 0.012896337097649353, 0.012702133113544399, 0.02789382617198021]}, "coverage": {"648_fri_c1_250_50": [0.21999999999999997, 0.09999999999999998, 0.07999999999999996, 0.06, 0.06]}, "complexity": {"648_fri_c1_250_50": [10, 11, 12, 13, 10]}, "time_all": {"648_fri_c1_250_50": [87.74336338043213, 74.0775728225708, 74.76187515258789, 74.84754204750061, 73.50829911231995]}, "time_fit": {"648_fri_c1_250_50": [87.74336338043213, 74.0775728225708, 74.76187515258789, 74.84754204750061, 73.50829911231995]}, "sizes": {"648_fri_c1_250_50": []}, "tau": 0.5}, "LightGBM": {"losses": {"648_fri_c1_250_50": [0.04147334655598719, 0.04659473571750893, 0.041097326054273284, 0.041943242023291395, 0.038122460167773854]}, "coverage": {"648_fri_c1_250_50": [0.020000000000000018, 0.0, 0.07999999999999996, 0.020000000000000018, 0.06000000000000005]}, "time_all": {"648_fri_c1_250_50": [0.2130904197692871, 0.16489720344543457, 0.19648051261901855, 0.16277265548706055, 0.16103529930114746]}, "time_fit": {"648_fri_c1_250_50": [0.04204106330871582, 0.040805816650390625, 0.04972076416015625, 0.039365530014038086, 0.039865970611572266]}, "sizes": {"648_fri_c1_250_50": []}, "tau": 0.5}, "DecisionTree": {"losses": {"648_fri_c1_250_50": [0.05629809973218446, 0.039344532785639874, 0.046010880587833376, 0.04222723936108196, 0.04207823574588753]}, "coverage": {"648_fri_c1_250_50": [0.0, 0.14, 0.040000000000000036, 0.03999999999999998, 0.020000000000000018]}, "complexity": {"648_fri_c1_250_50": [35, 79, 35, 85, 33]}, "time_all": {"648_fri_c1_250_50": [0.09308648109436035, 0.09429812431335449, 0.09059500694274902, 0.09476208686828613, 0.0891866683959961]}, "time_fit": {"648_fri_c1_250_50": [0.010408639907836914, 0.014736175537109375, 0.010216951370239258, 0.015235662460327148, 0.009958982467651367]}, "sizes": {"648_fri_c1_250_50": []}, "tau": 0.5}, "LinearQuantile": {"losses": {"648_fri_c1_250_50": [0.07942622923570998, 0.0996642492575171, 0.0819311915464763, 0.08658266330904958, 0.08321893719736176]}, "coverage": {"648_fri_c1_250_50": [0.09999999999999998, 0.020000000000000018, 0.09999999999999998, 0.06, 0.14]}, "complexity": {"648_fri_c1_250_50": [50, 50, 50, 50, 50]}, "time_all": {"648_fri_c1_250_50": [12.831482648849487, 4.7273712158203125, 4.833804368972778, 4.229715585708618, 7.32109808921814]}, "time_fit": {"648_fri_c1_250_50": [1.1636064052581787, 0.3378148078918457, 0.34385037422180176, 0.3125777244567871, 0.5596468448638916]}, "sizes": {"648_fri_c1_250_50": []}, "tau": 0.5}}