{"SQR": {"losses": {"620_fri_c1_1000_25": [0.011408352086427756, 0.014251336251120232, 0.02524830892156625, 0.019189048939559524, 0.02167989166132844]}, "coverage": {"620_fri_c1_1000_25": [0.020000000000000018, 0.11499999999999999, 0.020000000000000018, 0.12, 0.020000000000000018]}, "complexity": {"620_fri_c1_1000_25": [14, 15, 11, 18, 14]}, "time_all": {"620_fri_c1_1000_25": [110.99772524833679, 104.60849523544312, 110.24582147598267, 106.73332047462463, 105.65518736839294]}, "time_fit": {"620_fri_c1_1000_25": [110.99772524833679, 104.60849523544312, 110.24582147598267, 106.73332047462463, 105.65518736839294]}, "sizes": {"620_fri_c1_1000_25": []}, "tau": 0.5}, "LightGBM": {"losses": {"620_fri_c1_1000_25": [0.03207007636514041, 0.03612779304907345, 0.0322484761682763, 0.027400719821977976, 0.03288213865282865]}, "coverage": {"620_fri_c1_1000_25": [0.025000000000000022, 0.06499999999999995, 0.020000000000000018, 0.010000000000000009, 0.010000000000000009]}, "time_all": {"620_fri_c1_1000_25": [0.47145748138427734, 0.4287564754486084, 0.46170639991760254, 0.40677666664123535, 0.41197848320007324]}, "time_fit": {"620_fri_c1_1000_25": [0.0821542739868164, 0.07536172866821289, 0.07938790321350098, 0.07781243324279785, 0.07703280448913574]}, "sizes": {"620_fri_c1_1000_25": []}, "tau": 0.5}, "DecisionTree": {"losses": {"620_fri_c1_1000_25": [0.0318616259131207, 0.03720723867630966, 0.03893365651322837, 0.03704395969957264, 0.035777486399824074]}, "coverage": {"620_fri_c1_1000_25": [0.06, 0.04500000000000004, 0.0, 0.030000000000000027, 0.015000000000000013]}, "complexity": {"620_fri_c1_1000_25": [135, 41, 135, 139, 61]}, "time_all": {"620_fri_c1_1000_25": [0.29775476455688477, 0.2828683853149414, 0.2924067974090576, 0.28905439376831055, 0.2825174331665039]}, "time_fit": {"620_fri_c1_1000_25": [0.03221774101257324, 0.019873857498168945, 0.03238725662231445, 0.03066277503967285, 0.022368907928466797]}, "sizes": {"620_fri_c1_1000_25": []}, "tau": 0.5}, "LinearQuantile": {"losses": {"620_fri_c1_1000_25": [0.06883512118882189, 0.0714323807088211, 0.06947665858010577, 0.06761916743187552, 0.07081987117059614]}, "coverage": {"620_fri_c1_1000_25": [0.015000000000000013, 0.020000000000000018, 0.015000000000000013, 0.030000000000000027, 0.03999999999999998]}, "complexity": {"620_fri_c1_1000_25": [25, 25, 25, 25, 25]}, "time_all": {"620_fri_c1_1000_25": [2.0481059551239014, 0.7546379566192627, 0.6156682968139648, 2.03865647315979, 2.083057165145874]}, "time_fit": {"620_fri_c1_1000_25": [0.13559174537658691, 0.06775355339050293, 0.05185532569885254, 0.12786054611206055, 0.12882590293884277]}, "sizes": {"620_fri_c1_1000_25": []}, "tau": 0.5}}