{"SQR": {"losses": {"593_fri_c1_1000_10": [0.0047125488854749716, 0.00462225488050603, 0.0050824366694640416, 0.009667836585035183, 0.010892735661511268]}, "coverage": {"593_fri_c1_1000_10": [0.03500000000000003, 0.010000000000000009, 0.06000000000000005, 0.05499999999999994, 0.0]}, "complexity": {"593_fri_c1_1000_10": [16, 15, 15, 9, 8]}, "time_all": {"593_fri_c1_1000_10": [108.89446783065796, 108.89755034446716, 105.84815382957458, 104.05722880363464, 94.21416735649109]}, "time_fit": {"593_fri_c1_1000_10": [108.89446783065796, 108.89755034446716, 105.84815382957458, 104.05722880363464, 94.21416735649109]}, "sizes": {"593_fri_c1_1000_10": []}, "tau": 0.9}, "LightGBM": {"losses": {"593_fri_c1_1000_10": [0.020747038934297038, 0.02066333792422235, 0.020483743907438384, 0.02024369412860812, 0.01983581856297443]}, "coverage": {"593_fri_c1_1000_10": [0.010000000000000009, 0.0050000000000000044, 0.025000000000000022, 0.020000000000000018, 0.0050000000000000044]}, "time_all": {"593_fri_c1_1000_10": [0.35645246505737305, 0.32584643363952637, 0.3251616954803467, 0.3049187660217285, 0.32925868034362793]}, "time_fit": {"593_fri_c1_1000_10": [0.06628036499023438, 0.06165671348571777, 0.06260275840759277, 0.06489014625549316, 0.062303781509399414]}, "sizes": {"593_fri_c1_1000_10": []}, "tau": 0.9}, "DecisionTree": {"losses": {"593_fri_c1_1000_10": [0.01768255292886754, 0.018613098483146875, 0.01814080451512811, 0.019062546510451465, 0.016244386541852614]}, "coverage": {"593_fri_c1_1000_10": [0.08999999999999997, 0.07000000000000006, 0.08999999999999997, 0.06000000000000005, 0.04500000000000004]}, "complexity": {"593_fri_c1_1000_10": [61, 61, 61, 63, 59]}, "time_all": {"593_fri_c1_1000_10": [0.1740121841430664, 0.1703939437866211, 0.1744697093963623, 0.17008328437805176, 0.17199277877807617]}, "time_fit": {"593_fri_c1_1000_10": [0.01327061653137207, 0.013163328170776367, 0.013417243957519531, 0.013275384902954102, 0.012992143630981445]}, "sizes": {"593_fri_c1_1000_10": []}, "tau": 0.9}, "LinearQuantile": {"losses": {"593_fri_c1_1000_10": [0.0726441582953503, 0.07069368290280506, 0.07539982110569439, 0.06830879150439009, 0.0705037238538148]}, "coverage": {"593_fri_c1_1000_10": [0.445, 0.41500000000000004, 0.47500000000000003, 0.445, 0.435]}, "complexity": {"593_fri_c1_1000_10": [10, 10, 10, 10, 10]}, "time_all": {"593_fri_c1_1000_10": [0.37895631790161133, 0.6275858879089355, 0.3444855213165283, 0.3123812675476074, 0.35077953338623047]}, "time_fit": {"593_fri_c1_1000_10": [0.03341531753540039, 0.056369781494140625, 0.02860856056213379, 0.026349782943725586, 0.03125572204589844]}, "sizes": {"593_fri_c1_1000_10": []}, "tau": 0.9}}