{"SQR": {"losses": {"1096_FacultySalaries": [0.0365967929476438, 0.03565267025261376, 0.014756932083133171, 0.010012168766375696, 0.0015336300861726853]}, "coverage": {"1096_FacultySalaries": [0.30000000000000004, 0.30000000000000004, 0.09999999999999998, 0.20000000000000007, 0.0]}, "complexity": {"1096_FacultySalaries": [6, 13, 5, 7, 13]}, "time_all": {"1096_FacultySalaries": [79.82109475135803, 66.39071488380432, 65.29628205299377, 66.05241799354553, 64.86026120185852]}, "time_fit": {"1096_FacultySalaries": [79.82109475135803, 66.39071488380432, 65.29628205299377, 66.05241799354553, 64.86026120185852]}, "sizes": {"1096_FacultySalaries": []}, "tau": 0.9}, "LightGBM": {"losses": {"1096_FacultySalaries": [0.04161137676386791, 0.06305213171949359, 0.03175354382625662, 0.03976303139314718, 0.061374404541188685]}, "coverage": {"1096_FacultySalaries": [0.09999999999999998, 0.0, 0.0, 0.09999999999999998, 0.0]}, "time_all": {"1096_FacultySalaries": [0.07699108123779297, 0.03283882141113281, 0.03565025329589844, 0.03469085693359375, 0.030663013458251953]}, "time_fit": {"1096_FacultySalaries": [0.004046916961669922, 0.003896951675415039, 0.004430532455444336, 0.004349231719970703, 0.0037200450897216797]}, "sizes": {"1096_FacultySalaries": []}, "tau": 0.9}, "DecisionTree": {"losses": {"1096_FacultySalaries": [0.016540278226993978, 0.024786729700162994, 0.020791469144616638, 0.021880561299195335, 0.024189564580377042]}, "coverage": {"1096_FacultySalaries": [0.09999999999999998, 0.30000000000000004, 0.09999999999999998, 0.20000000000000007, 0.20000000000000007]}, "complexity": {"1096_FacultySalaries": [3, 15, 3, 7, 15]}, "time_all": {"1096_FacultySalaries": [0.02848649024963379, 0.028537273406982422, 0.028372764587402344, 0.027733802795410156, 0.02959918975830078]}, "time_fit": {"1096_FacultySalaries": [0.0016651153564453125, 0.002533435821533203, 0.0016756057739257812, 0.0018870830535888672, 0.0025568008422851562]}, "sizes": {"1096_FacultySalaries": []}, "tau": 0.9}, "LinearQuantile": {"losses": {"1096_FacultySalaries": [0.0023976536898935087, 8.194979393291831e-05, 8.632940384348686e-05, 0.009839832752723142, 0.00010421619041775683]}, "coverage": {"1096_FacultySalaries": [0.20000000000000007, 0.09999999999999998, 0.09999999999999998, 0.09999999999999998, 0.30000000000000004]}, "complexity": {"1096_FacultySalaries": [5, 5, 5, 5, 5]}, "time_all": {"1096_FacultySalaries": [0.06319522857666016, 0.07973146438598633, 0.15291786193847656, 0.07422471046447754, 0.15626144409179688]}, "time_fit": {"1096_FacultySalaries": [0.0047075748443603516, 0.0066373348236083984, 0.013278484344482422, 0.0061016082763671875, 0.013623237609863281]}, "sizes": {"1096_FacultySalaries": []}, "tau": 0.9}}