{"SQR": {"losses": {"519_vinnie": [0.017423245614035084, 0.017344490131578946, 0.018529028859649122, 0.019761897885964917, 0.016860595921052626]}, "coverage": {"519_vinnie": [0.03421052631578947, 0.047368421052631504, 0.018421052631579005, 0.0052631578947368585, 0.047368421052631504]}, "complexity": {"519_vinnie": [2, 2, 2, 2, 2]}, "time_all": {"519_vinnie": [88.00101470947266, 79.88045477867126, 75.89818811416626, 80.66143918037415, 77.78474235534668]}, "time_fit": {"519_vinnie": [88.00101470947266, 79.88045477867126, 75.89818811416626, 80.66143918037415, 77.78474235534668]}, "sizes": {"519_vinnie": []}, "tau": 0.9}, "LightGBM": {"losses": {"519_vinnie": [0.020488143796085195, 0.018560292466408692, 0.01808342800334484, 0.020554319101720113, 0.019924632967371514]}, "coverage": {"519_vinnie": [0.007894736842105288, 0.021052631578947323, 0.018421052631579005, 0.0052631578947368585, 0.0052631578947368585]}, "time_all": {"519_vinnie": [0.1865839958190918, 0.16786718368530273, 0.15446805953979492, 0.16566872596740723, 0.16028380393981934]}, "time_fit": {"519_vinnie": [0.031610965728759766, 0.03681612014770508, 0.034423112869262695, 0.03731703758239746, 0.037844181060791016]}, "sizes": {"519_vinnie": []}, "tau": 0.9}, "DecisionTree": {"losses": {"519_vinnie": [0.02122807017543859, 0.017482456140350874, 0.01789473684210526, 0.01917543859649123, 0.01707017543859649]}, "coverage": {"519_vinnie": [0.021052631578947323, 0.03421052631578947, 0.03421052631578947, 0.0052631578947368585, 0.06052631578947365]}, "complexity": {"519_vinnie": [9, 9, 11, 93, 11]}, "time_all": {"519_vinnie": [0.04790830612182617, 0.04672956466674805, 0.04595017433166504, 0.052727699279785156, 0.04692435264587402]}, "time_fit": {"519_vinnie": [0.002302408218383789, 0.002251148223876953, 0.002381563186645508, 0.008136272430419922, 0.0023512840270996094]}, "sizes": {"519_vinnie": []}, "tau": 0.9}, "LinearQuantile": {"losses": {"519_vinnie": [0.01783627555737392, 0.016900584253278506, 0.0188596374264966, 0.020614035559686262, 0.0169298172928808]}, "coverage": {"519_vinnie": [0.05789473684210533, 0.0052631578947368585, 0.0052631578947368585, 0.0052631578947368585, 0.021052631578947323]}, "complexity": {"519_vinnie": [5, 5, 5, 5, 5]}, "time_all": {"519_vinnie": [0.3279263973236084, 0.2152702808380127, 0.2111656665802002, 0.11902451515197754, 0.18781399726867676]}, "time_fit": {"519_vinnie": [0.028456926345825195, 0.018993139266967773, 0.01865410804748535, 0.010255098342895508, 0.01653265953063965]}, "sizes": {"519_vinnie": []}, "tau": 0.9}}