{"SQR": {"losses": {"588_fri_c4_1000_100": [0.009695912820650594, 0.005848353592530508, 0.00905098745915484, 0.004901520571489581, 0.008302760971066423]}, "coverage": {"588_fri_c4_1000_100": [0.06000000000000005, 0.025000000000000022, 0.020000000000000018, 0.0, 0.010000000000000009]}, "complexity": {"588_fri_c4_1000_100": [12, 13, 11, 17, 10]}, "time_all": {"588_fri_c4_1000_100": [104.75289463996887, 103.15572834014893, 103.47393488883972, 113.63282799720764, 106.16394424438477]}, "time_fit": {"588_fri_c4_1000_100": [104.75289463996887, 103.15572834014893, 103.47393488883972, 113.63282799720764, 106.16394424438477]}, "sizes": {"588_fri_c4_1000_100": []}, "tau": 0.9}, "LightGBM": {"losses": {"588_fri_c4_1000_100": [0.015838302964089376, 0.014813735034627698, 0.017087693985067903, 0.014214587566461219, 0.01562324442178906]}, "coverage": {"588_fri_c4_1000_100": [0.030000000000000027, 0.0, 0.0050000000000000044, 0.010000000000000009, 0.010000000000000009]}, "time_all": {"588_fri_c4_1000_100": [0.44675612449645996, 0.39548611640930176, 0.40749430656433105, 0.38124704360961914, 0.3941645622253418]}, "time_fit": {"588_fri_c4_1000_100": [0.07381319999694824, 0.07028055191040039, 0.07008242607116699, 0.06835699081420898, 0.0663297176361084]}, "sizes": {"588_fri_c4_1000_100": []}, "tau": 0.9}, "DecisionTree": {"losses": {"588_fri_c4_1000_100": [0.014356965647227892, 0.014452364791585426, 0.012325404495736469, 0.0119042459310398, 0.01254390910658728]}, "coverage": {"588_fri_c4_1000_100": [0.08500000000000008, 0.08999999999999997, 0.015000000000000013, 0.08000000000000007, 0.030000000000000027]}, "complexity": {"588_fri_c4_1000_100": [61, 57, 61, 63, 37]}, "time_all": {"588_fri_c4_1000_100": [1.0091066360473633, 0.8377814292907715, 0.8286597728729248, 0.8536715507507324, 0.8648431301116943]}, "time_fit": {"588_fri_c4_1000_100": [0.08717608451843262, 0.05758309364318848, 0.05844831466674805, 0.05968165397644043, 0.049468040466308594]}, "sizes": {"588_fri_c4_1000_100": []}, "tau": 0.9}, "LinearQuantile": {"losses": {"588_fri_c4_1000_100": [0.06955366522596429, 0.06951749543706852, 0.06351016785823749, 0.06518888022309366, 0.06375724484879149]}, "coverage": {"588_fri_c4_1000_100": [0.465, 0.435, 0.47000000000000003, 0.44, 0.42000000000000004]}, "complexity": {"588_fri_c4_1000_100": [100, 100, 100, 100, 100]}, "time_all": {"588_fri_c4_1000_100": [79.54756999015808, 94.37973856925964, 61.900519609451294, 47.4543399810791, 109.41130065917969]}, "time_fit": {"588_fri_c4_1000_100": [7.218636512756348, 5.465516090393066, 5.412511110305786, 4.1942524909973145, 5.915667772293091]}, "sizes": {"588_fri_c4_1000_100": []}, "tau": 0.9}}