{"SQR": {"losses": {"646_fri_c3_500_10": [0.01094702961454374, 0.012375692499434921, 0.015785391418165703, 0.014623596691236548, 0.016323469708310973]}, "coverage": {"646_fri_c3_500_10": [0.050000000000000044, 0.050000000000000044, 0.06000000000000005, 0.030000000000000027, 0.0]}, "complexity": {"646_fri_c3_500_10": [13, 13, 12, 11, 11]}, "time_all": {"646_fri_c3_500_10": [106.25482368469238, 84.6160569190979, 92.25691175460815, 88.96240305900574, 86.16334056854248]}, "time_fit": {"646_fri_c3_500_10": [106.25482368469238, 84.6160569190979, 92.25691175460815, 88.96240305900574, 86.16334056854248]}, "sizes": {"646_fri_c3_500_10": []}, "tau": 0.5}, "LightGBM": {"losses": {"646_fri_c3_500_10": [0.025267644804339334, 0.03170696462400637, 0.030813545206809862, 0.027881601453571322, 0.030660605456004103]}, "coverage": {"646_fri_c3_500_10": [0.09999999999999998, 0.050000000000000044, 0.020000000000000018, 0.0, 0.07999999999999996]}, "time_all": {"646_fri_c3_500_10": [0.2831892967224121, 0.27472591400146484, 0.2778322696685791, 0.23007822036743164, 0.25478363037109375]}, "time_fit": {"646_fri_c3_500_10": [0.05490565299987793, 0.06166362762451172, 0.06296634674072266, 0.05104422569274902, 0.05020475387573242]}, "sizes": {"646_fri_c3_500_10": []}, "tau": 0.5}, "DecisionTree": {"losses": {"646_fri_c3_500_10": [0.03341464061082485, 0.0330121331661537, 0.035897818302127446, 0.03155117002707734, 0.03293353023789317]}, "coverage": {"646_fri_c3_500_10": [0.10999999999999999, 0.020000000000000018, 0.08999999999999997, 0.09000000000000002, 0.0]}, "complexity": {"646_fri_c3_500_10": [161, 165, 159, 165, 157]}, "time_all": {"646_fri_c3_500_10": [0.10238075256347656, 0.10226655006408691, 0.0997624397277832, 0.10281634330749512, 0.10276293754577637]}, "time_fit": {"646_fri_c3_500_10": [0.017437458038330078, 0.017997264862060547, 0.017004966735839844, 0.017656803131103516, 0.01744532585144043]}, "sizes": {"646_fri_c3_500_10": []}, "tau": 0.5}, "LinearQuantile": {"losses": {"646_fri_c3_500_10": [0.058037912742757006, 0.05672321856600153, 0.06375832727865134, 0.053591635494739574, 0.06363408661083722]}, "coverage": {"646_fri_c3_500_10": [0.010000000000000009, 0.040000000000000036, 0.04999999999999999, 0.03999999999999998, 0.020000000000000018]}, "complexity": {"646_fri_c3_500_10": [10, 10, 10, 10, 10]}, "time_all": {"646_fri_c3_500_10": [1.6906166076660156, 0.14852404594421387, 0.9004092216491699, 0.4713888168334961, 0.7457783222198486]}, "time_fit": {"646_fri_c3_500_10": [0.11243748664855957, 0.013134956359863281, 0.062451839447021484, 0.03879094123840332, 0.060898542404174805]}, "sizes": {"646_fri_c3_500_10": []}, "tau": 0.5}}