{"SQR": {"losses": {"582_fri_c1_500_25": [0.010269372230421353, 0.022520177257641754, 0.03409339341759683, 0.022258714263639345, 0.022344673962065822]}, "coverage": {"582_fri_c1_500_25": [0.010000000000000009, 0.17000000000000004, 0.010000000000000009, 0.07999999999999996, 0.020000000000000018]}, "complexity": {"582_fri_c1_500_25": [14, 12, 13, 14, 15]}, "time_all": {"582_fri_c1_500_25": [109.81358027458191, 88.36369466781616, 86.98706197738647, 85.0765323638916, 92.46319103240967]}, "time_fit": {"582_fri_c1_500_25": [109.81358027458191, 88.36369466781616, 86.98706197738647, 85.0765323638916, 92.46319103240967]}, "sizes": {"582_fri_c1_500_25": []}, "tau": 0.5}, "LightGBM": {"losses": {"582_fri_c1_500_25": [0.038370598762373774, 0.038863249394643966, 0.04131010111996539, 0.04353569540675095, 0.03515617640644032]}, "coverage": {"582_fri_c1_500_25": [0.09999999999999998, 0.020000000000000018, 0.030000000000000027, 0.030000000000000027, 0.030000000000000027]}, "time_all": {"582_fri_c1_500_25": [0.3066823482513428, 0.25505518913269043, 0.2746541500091553, 0.24925804138183594, 0.2678415775299072]}, "time_fit": {"582_fri_c1_500_25": [0.06168866157531738, 0.05950593948364258, 0.05884575843811035, 0.05821657180786133, 0.05866050720214844]}, "sizes": {"582_fri_c1_500_25": []}, "tau": 0.5}, "DecisionTree": {"losses": {"582_fri_c1_500_25": [0.04481702270712513, 0.039689164585580305, 0.04447461454068386, 0.043301610346803604, 0.042575513350506355]}, "coverage": {"582_fri_c1_500_25": [0.03999999999999998, 0.06000000000000005, 0.08999999999999997, 0.020000000000000018, 0.07]}, "complexity": {"582_fri_c1_500_25": [157, 171, 73, 161, 33]}, "time_all": {"582_fri_c1_500_25": [0.14064431190490723, 0.1387484073638916, 0.1307845115661621, 0.1391289234161377, 0.12713980674743652]}, "time_fit": {"582_fri_c1_500_25": [0.02268362045288086, 0.023379802703857422, 0.015092134475708008, 0.022724390029907227, 0.010516643524169922]}, "sizes": {"582_fri_c1_500_25": []}, "tau": 0.5}, "LinearQuantile": {"losses": {"582_fri_c1_500_25": [0.07541309060151163, 0.0810528214098457, 0.07606990121707302, 0.08420298111606904, 0.06867377156472064]}, "coverage": {"582_fri_c1_500_25": [0.020000000000000018, 0.0, 0.010000000000000009, 0.030000000000000027, 0.050000000000000044]}, "complexity": {"582_fri_c1_500_25": [25, 25, 25, 25, 25]}, "time_all": {"582_fri_c1_500_25": [2.2083089351654053, 3.7879693508148193, 1.3661212921142578, 1.538802146911621, 0.4704453945159912]}, "time_fit": {"582_fri_c1_500_25": [0.1367654800415039, 0.23963665962219238, 0.1114802360534668, 0.11868453025817871, 0.04194760322570801]}, "sizes": {"582_fri_c1_500_25": []}, "tau": 0.5}}