{"SQR": {"losses": {"606_fri_c2_1000_10": [0.00708610982512821, 0.0063593579380328055, 0.005251604716487594, 0.0052617570390604915, 0.011133252186226185]}, "coverage": {"606_fri_c2_1000_10": [0.0, 0.030000000000000027, 0.025000000000000022, 0.015000000000000013, 0.07500000000000007]}, "complexity": {"606_fri_c2_1000_10": [13, 14, 16, 16, 15]}, "time_all": {"606_fri_c2_1000_10": [134.79224514961243, 120.58315587043762, 118.39032626152039, 124.11776304244995, 117.7080545425415]}, "time_fit": {"606_fri_c2_1000_10": [134.79224514961243, 120.58315587043762, 118.39032626152039, 124.11776304244995, 117.7080545425415]}, "sizes": {"606_fri_c2_1000_10": []}, "tau": 0.9}, "LightGBM": {"losses": {"606_fri_c2_1000_10": [0.02375437030516184, 0.02009615842530988, 0.018181791700648993, 0.018312717723778786, 0.019075758214711927]}, "coverage": {"606_fri_c2_1000_10": [0.03500000000000003, 0.015000000000000013, 0.0050000000000000044, 0.025000000000000022, 0.050000000000000044]}, "time_all": {"606_fri_c2_1000_10": [0.41186070442199707, 0.35241055488586426, 0.34454917907714844, 0.34755706787109375, 0.33293652534484863]}, "time_fit": {"606_fri_c2_1000_10": [0.06959271430969238, 0.07008242607116699, 0.06632423400878906, 0.06531715393066406, 0.06350564956665039]}, "sizes": {"606_fri_c2_1000_10": []}, "tau": 0.9}, "DecisionTree": {"losses": {"606_fri_c2_1000_10": [0.01846966584618997, 0.019313943223060244, 0.016221138226477548, 0.01726960833306699, 0.0179254152657281]}, "coverage": {"606_fri_c2_1000_10": [0.030000000000000027, 0.06500000000000006, 0.050000000000000044, 0.06500000000000006, 0.03500000000000003]}, "complexity": {"606_fri_c2_1000_10": [35, 61, 31, 57, 33]}, "time_all": {"606_fri_c2_1000_10": [0.1743452548980713, 0.17013049125671387, 0.16590523719787598, 0.16867637634277344, 0.1702277660369873]}, "time_fit": {"606_fri_c2_1000_10": [0.010492563247680664, 0.013237237930297852, 0.009623527526855469, 0.01270747184753418, 0.01024937629699707]}, "sizes": {"606_fri_c2_1000_10": []}, "tau": 0.9}, "LinearQuantile": {"losses": {"606_fri_c2_1000_10": [0.067883510558973, 0.07426829882944073, 0.07241952506354431, 0.07110115732197975, 0.07638727215705343]}, "coverage": {"606_fri_c2_1000_10": [0.41500000000000004, 0.405, 0.47500000000000003, 0.4, 0.47500000000000003]}, "complexity": {"606_fri_c2_1000_10": [10, 10, 10, 10, 10]}, "time_all": {"606_fri_c2_1000_10": [0.410534143447876, 1.9240589141845703, 0.6496262550354004, 0.38804173469543457, 0.350064754486084]}, "time_fit": {"606_fri_c2_1000_10": [0.03622245788574219, 0.12132453918457031, 0.05867195129394531, 0.03473687171936035, 0.03125572204589844]}, "sizes": {"606_fri_c2_1000_10": []}, "tau": 0.9}}