{"SQR": {"losses": {"228_elusage": [0.08320242180917842, 0.07700736542982332, 0.040366275857324704, 0.055463496366812415, 0.05418379728084013]}, "coverage": {"228_elusage": [0.13636363636363635, 0.13636363636363635, 0.2272727272727273, 0.04545454545454547, 0.13636363636363635]}, "complexity": {"228_elusage": [8, 9, 9, 15, 10]}, "time_all": {"228_elusage": [77.65264892578125, 63.76130032539368, 64.3100004196167, 62.38081741333008, 63.40264320373535]}, "time_fit": {"228_elusage": [77.65264892578125, 63.76130032539368, 64.3100004196167, 62.38081741333008, 63.40264320373535]}, "sizes": {"228_elusage": []}, "tau": 0.5}, "LightGBM": {"losses": {"228_elusage": [0.036298590494629815, 0.08356486212617414, 0.11095497483784887, 0.04569475551768706, 0.07251931404386668]}, "coverage": {"228_elusage": [0.045454545454545414, 0.04545454545454547, 0.13636363636363635, 0.13636363636363635, 0.045454545454545414]}, "time_all": {"228_elusage": [0.09363102912902832, 0.06486296653747559, 0.05571126937866211, 0.0549924373626709, 0.04821157455444336]}, "time_fit": {"228_elusage": [0.012134313583374023, 0.014035940170288086, 0.013849973678588867, 0.01393580436706543, 0.01187443733215332]}, "sizes": {"228_elusage": []}, "tau": 0.5}, "DecisionTree": {"losses": {"228_elusage": [0.035589603718450394, 0.06277036948229402, 0.04665808526477348, 0.04850050890670103, 0.04354163566198637]}, "coverage": {"228_elusage": [0.04545454545454547, 0.13636363636363635, 0.3181818181818182, 0.13636363636363635, 0.045454545454545414]}, "complexity": {"228_elusage": [3, 17, 7, 7, 7]}, "time_all": {"228_elusage": [0.028519630432128906, 0.0283203125, 0.02899646759033203, 0.027295827865600586, 0.026605844497680664]}, "time_fit": {"228_elusage": [0.0016903877258300781, 0.002510547637939453, 0.0019490718841552734, 0.001834869384765625, 0.0018589496612548828]}, "sizes": {"228_elusage": []}, "tau": 0.5}, "LinearQuantile": {"losses": {"228_elusage": [0.16662442511261516, 0.15011295349105802, 0.13701763356282617, 0.07386543902065551, 0.16383004833088408]}, "coverage": {"228_elusage": [0.13636363636363635, 0.2272727272727273, 0.045454545454545414, 0.04545454545454547, 0.2272727272727273]}, "complexity": {"228_elusage": [2, 2, 2, 2, 2]}, "time_all": {"228_elusage": [0.08177304267883301, 0.06460261344909668, 0.47777867317199707, 0.08735918998718262, 0.10896563529968262]}, "time_fit": {"228_elusage": [0.006410121917724609, 0.005231380462646484, 0.03756213188171387, 0.007312774658203125, 0.009181737899780273]}, "sizes": {"228_elusage": []}, "tau": 0.5}}