{"SQR": {"losses": {"665_sleuth_case2002": [NaN, 0.05224642086377349, 0.04293098950130232, 0.052807093061455944, 0.04100078215842046]}, "coverage": {"665_sleuth_case2002": [0.1333333333333333, 0.20000000000000007, 0.31379310344827593, 0.0034482758620689724, 0.037931034482758696]}, "complexity": {"665_sleuth_case2002": [11, 7, 5, 4, 10]}, "time_all": {"665_sleuth_case2002": [81.00616192817688, 70.54572296142578, 65.62165546417236, 71.09289455413818, 66.72646498680115]}, "time_fit": {"665_sleuth_case2002": [81.00616192817688, 70.54572296142578, 65.62165546417236, 71.09289455413818, 66.72646498680115]}, "sizes": {"665_sleuth_case2002": []}, "tau": 0.9}, "LightGBM": {"losses": {"665_sleuth_case2002": [0.03439896120081774, 0.0322213848015586, 0.046288166370118955, 0.04109979932258582, 0.03905903233420326]}, "coverage": {"665_sleuth_case2002": [0.033333333333333326, 0.0, 0.10689655172413792, 0.03103448275862064, 0.03103448275862064]}, "time_all": {"665_sleuth_case2002": [0.14455199241638184, 0.10981988906860352, 0.10640168190002441, 0.10015487670898438, 0.09229135513305664]}, "time_fit": {"665_sleuth_case2002": [0.02329564094543457, 0.014645099639892578, 0.013909578323364258, 0.023801565170288086, 0.011981487274169922]}, "sizes": {"665_sleuth_case2002": []}, "tau": 0.9}, "DecisionTree": {"losses": {"665_sleuth_case2002": [0.0307037037037037, 0.033111111111111105, 0.0450038314176245, 0.031379310344827584, 0.03302681992337164]}, "coverage": {"665_sleuth_case2002": [0.0, 0.033333333333333326, 0.10689655172413792, 0.03103448275862064, 0.06551724137931036]}, "complexity": {"665_sleuth_case2002": [19, 3, 9, 21, 5]}, "time_all": {"665_sleuth_case2002": [0.03723859786987305, 0.03580355644226074, 0.03427839279174805, 0.03657102584838867, 0.03420257568359375]}, "time_fit": {"665_sleuth_case2002": [0.003020048141479492, 0.0017390251159667969, 0.002038717269897461, 0.003135204315185547, 0.0018787384033203125]}, "sizes": {"665_sleuth_case2002": []}, "tau": 0.9}, "LinearQuantile": {"losses": {"665_sleuth_case2002": [0.03074151515046576, 0.038065647721117195, 0.05373982942765303, 0.04780847477653504, 0.04474889150279248]}, "coverage": {"665_sleuth_case2002": [0.033333333333333326, 0.06666666666666665, 0.07241379310344831, 0.0034482758620689724, 0.03103448275862064]}, "complexity": {"665_sleuth_case2002": [10, 10, 10, 10, 10]}, "time_all": {"665_sleuth_case2002": [0.7711067199707031, 0.1791832447052002, 0.24916863441467285, 0.15590286254882812, 0.6358563899993896]}, "time_fit": {"665_sleuth_case2002": [0.06884098052978516, 0.015362977981567383, 0.02057170867919922, 0.013338327407836914, 0.04716324806213379]}, "sizes": {"665_sleuth_case2002": []}, "tau": 0.9}}