{"SQR": {"losses": {"192_vineyard": [Infinity, 0.05469815205610218, 0.0660277710198456, 0.06631099382537864, 0.050031469150581424]}, "coverage": {"192_vineyard": [0.13636363636363635, 0.04545454545454547, 0.09999999999999998, 0.0, 0.09999999999999998]}, "complexity": {"192_vineyard": [10, 9, 7, 10, 8]}, "time_all": {"192_vineyard": [78.6829149723053, 64.9595639705658, 63.870651960372925, 65.17017936706543, 64.1234381198883]}, "time_fit": {"192_vineyard": [78.6829149723053, 64.9595639705658, 63.870651960372925, 65.17017936706543, 64.1234381198883]}, "sizes": {"192_vineyard": []}, "tau": 0.5}, "LightGBM": {"losses": {"192_vineyard": [0.07640232108317214, 0.05705996131528046, 0.08829787234042553, 0.07340425531914894, 0.07765957446808511]}, "coverage": {"192_vineyard": [0.04545454545454547, 0.2272727272727273, 0.09999999999999998, 0.30000000000000004, 0.2]}, "time_all": {"192_vineyard": [0.0747368335723877, 0.034255266189575195, 0.035033464431762695, 0.03552055358886719, 0.03457355499267578]}, "time_fit": {"192_vineyard": [0.0039463043212890625, 0.0043697357177734375, 0.004419565200805664, 0.004483461380004883, 0.004467010498046875]}, "sizes": {"192_vineyard": []}, "tau": 0.5}, "DecisionTree": {"losses": {"192_vineyard": [0.041586073500967116, 0.046421663442940034, 0.05, 0.03723404255319149, 0.06170212765957447]}, "coverage": {"192_vineyard": [0.13636363636363635, 0.2272727272727273, 0.0, 0.09999999999999998, 0.0]}, "complexity": {"192_vineyard": [5, 5, 5, 5, 15]}, "time_all": {"192_vineyard": [0.02811884880065918, 0.02596879005432129, 0.026354551315307617, 0.02765178680419922, 0.027981996536254883]}, "time_fit": {"192_vineyard": [0.0018737316131591797, 0.0016541481018066406, 0.0016925334930419922, 0.0017671585083007812, 0.002373218536376953]}, "sizes": {"192_vineyard": []}, "tau": 0.5}, "LinearQuantile": {"losses": {"192_vineyard": [0.03987021662543623, 0.05121930179017233, 0.09146844701832392, 0.06326658754083472, 0.048031914461968486]}, "coverage": {"192_vineyard": [0.13636363636363635, 0.2272727272727273, 0.3, 0.19999999999999996, 0.0]}, "complexity": {"192_vineyard": [2, 2, 2, 2, 2]}, "time_all": {"192_vineyard": [0.05156874656677246, 0.1266312599182129, 0.17026662826538086, 0.05156731605529785, 0.10004472732543945]}, "time_fit": {"192_vineyard": [0.0037648677825927734, 0.010571718215942383, 0.014365911483764648, 0.004132986068725586, 0.008396625518798828]}, "sizes": {"192_vineyard": []}, "tau": 0.5}}