{"SQR": {"losses": {"654_fri_c0_500_10": [0.010264617576686619, 0.01474549258481077, 0.00933552765879291, 0.011293649214345253, 0.010253198702668012]}, "coverage": {"654_fri_c0_500_10": [0.0, 0.040000000000000036, 0.050000000000000044, 0.020000000000000018, 0.050000000000000044]}, "complexity": {"654_fri_c0_500_10": [9, 14, 13, 11, 9]}, "time_all": {"654_fri_c0_500_10": [109.55678224563599, 89.12059903144836, 92.9650993347168, 91.86727499961853, 86.84204626083374]}, "time_fit": {"654_fri_c0_500_10": [109.55678224563599, 89.12059903144836, 92.9650993347168, 91.86727499961853, 86.84204626083374]}, "sizes": {"654_fri_c0_500_10": []}, "tau": 0.9}, "LightGBM": {"losses": {"654_fri_c0_500_10": [0.02188899769322027, 0.024906230683734414, 0.018803667661953384, 0.021259096704336445, 0.0209710486093676]}, "coverage": {"654_fri_c0_500_10": [0.020000000000000018, 0.050000000000000044, 0.020000000000000018, 0.020000000000000018, 0.020000000000000018]}, "time_all": {"654_fri_c0_500_10": [0.22022652626037598, 0.20929288864135742, 0.17332887649536133, 0.1725325584411621, 0.2062058448791504]}, "time_fit": {"654_fri_c0_500_10": [0.03803682327270508, 0.04299759864807129, 0.03835940361022949, 0.03783059120178223, 0.04260849952697754]}, "sizes": {"654_fri_c0_500_10": []}, "tau": 0.9}, "DecisionTree": {"losses": {"654_fri_c0_500_10": [0.02081650279650364, 0.02258915617322881, 0.02158154148286335, 0.020425386737451715, 0.021508114636664653]}, "coverage": {"654_fri_c0_500_10": [0.030000000000000027, 0.020000000000000018, 0.08000000000000007, 0.020000000000000018, 0.030000000000000027]}, "complexity": {"654_fri_c0_500_10": [13, 15, 15, 31, 15]}, "time_all": {"654_fri_c0_500_10": [0.08753585815429688, 0.08307290077209473, 0.08329486846923828, 0.08497762680053711, 0.08482241630554199]}, "time_fit": {"654_fri_c0_500_10": [0.004253864288330078, 0.0045316219329833984, 0.004494667053222656, 0.006377696990966797, 0.0046041011810302734]}, "sizes": {"654_fri_c0_500_10": []}, "tau": 0.9}, "LinearQuantile": {"losses": {"654_fri_c0_500_10": [0.05011946463933891, 0.039072735934813925, 0.045361047666626665, 0.038511690540826995, 0.039501036834237974]}, "coverage": {"654_fri_c0_500_10": [0.45, 0.47000000000000003, 0.46, 0.36, 0.41000000000000003]}, "complexity": {"654_fri_c0_500_10": [10, 10, 10, 10, 10]}, "time_all": {"654_fri_c0_500_10": [0.5808987617492676, 0.2583446502685547, 0.17032837867736816, 0.36416196823120117, 0.49854493141174316]}, "time_fit": {"654_fri_c0_500_10": [0.05174136161804199, 0.02286982536315918, 0.014864683151245117, 0.03213095664978027, 0.04468512535095215]}, "sizes": {"654_fri_c0_500_10": []}, "tau": 0.9}}