{"SQR": {"losses": {"1196_BNG_pharynx": [0.04877256354152169, 0.04889518215043983, 0.04873052234542208, 0.048772743971362546, 0.048691615176829336]}, "coverage": {"1196_BNG_pharynx": [0.0011200000000000099, 0.0031849999999999934, 0.011824999999999974, 0.005435000000000023, 0.008085000000000009]}, "complexity": {"1196_BNG_pharynx": [3, 3, 3, 3, 3]}, "time_all": {"1196_BNG_pharynx": [552.117082118988, 533.3507413864136, 606.2902460098267, 545.205549955368, 520.3266701698303]}, "time_fit": {"1196_BNG_pharynx": [552.117082118988, 533.3507413864136, 606.2902460098267, 545.205549955368, 520.3266701698303]}, "sizes": {"1196_BNG_pharynx": []}, "tau": 0.5}, "LightGBM": {"losses": {"1196_BNG_pharynx": [0.042289298155022616, 0.042298335635750556, 0.04220183926530518, 0.04227364006656221, 0.042200290604854925]}, "coverage": {"1196_BNG_pharynx": [0.004334999999999978, 0.0021200000000000108, 0.0010299999999999754, 0.004170000000000007, 0.0023499999999999632]}, "time_all": {"1196_BNG_pharynx": [6.19587516784668, 5.9093077182769775, 5.80155348777771, 5.792150020599365, 5.768336296081543]}, "time_fit": {"1196_BNG_pharynx": [1.1021034717559814, 1.0635533332824707, 1.0602903366088867, 1.0723059177398682, 1.0658783912658691]}, "sizes": {"1196_BNG_pharynx": []}, "tau": 0.5}, "DecisionTree": {"losses": {"1196_BNG_pharynx": [0.04137511425040747, 0.041509460898994995, 0.04134732291937035, 0.04143815408760657, 0.041428359076058616]}, "coverage": {"1196_BNG_pharynx": [0.002334999999999976, 0.0004899999999999904, 0.0004950000000000232, 0.0032050000000000134, 0.0018049999999999455]}, "complexity": {"1196_BNG_pharynx": [25415, 25477, 25477, 25511, 25451]}, "time_all": {"1196_BNG_pharynx": [233.8888852596283, 233.78788208961487, 235.4829068183899, 232.86571669578552, 232.60391688346863]}, "time_fit": {"1196_BNG_pharynx": [9.868297100067139, 9.893488645553589, 9.95828914642334, 9.86940598487854, 9.82205080986023]}, "sizes": {"1196_BNG_pharynx": []}, "tau": 0.5}, "LinearQuantile": {"losses": {"1196_BNG_pharynx": [0.043827585084134396, 0.04391649908276147, 0.043713647594713946, 0.04378139989455898, 0.04372225009758242]}, "coverage": {"1196_BNG_pharynx": [0.0006950000000000012, 0.0007000000000000339, 0.0018799999999999928, 0.0008000000000000229, 0.0003850000000000242]}, "complexity": {"1196_BNG_pharynx": [32, 32, 32, 32, 32]}, "time_all": {"1196_BNG_pharynx": [720.9639267921448, 1088.9252173900604, 1430.6338834762573, 767.4216983318329, 1461.2925944328308]}, "time_fit": {"1196_BNG_pharynx": [65.48932981491089, 100.27097606658936, 129.6977412700653, 70.78592276573181, 132.56055784225464]}, "sizes": {"1196_BNG_pharynx": []}, "tau": 0.5}}