{"SQR": {"losses": {"608_fri_c3_1000_10": [0.01086905736197644, 0.011193124495387062, 0.020782109070780597, 0.015471915980303556, 0.010341614544166683]}, "coverage": {"608_fri_c3_1000_10": [0.07, 0.025000000000000022, 0.020000000000000018, 0.06, 0.034999999999999976]}, "complexity": {"608_fri_c3_1000_10": [12, 12, 8, 11, 15]}, "time_all": {"608_fri_c3_1000_10": [113.52656316757202, 107.73563408851624, 105.8770523071289, 102.09858703613281, 104.69398617744446]}, "time_fit": {"608_fri_c3_1000_10": [113.52656316757202, 107.73563408851624, 105.8770523071289, 102.09858703613281, 104.69398617744446]}, "sizes": {"608_fri_c3_1000_10": []}, "tau": 0.5}, "LightGBM": {"losses": {"608_fri_c3_1000_10": [0.019612188505492813, 0.02643766502392663, 0.025358468326149783, 0.024076743693100183, 0.019172701893787204]}, "coverage": {"608_fri_c3_1000_10": [0.044999999999999984, 0.07499999999999996, 0.04500000000000004, 0.030000000000000027, 0.04999999999999999]}, "time_all": {"608_fri_c3_1000_10": [0.44351935386657715, 0.40791940689086914, 0.44872450828552246, 0.4200265407562256, 0.4383237361907959]}, "time_fit": {"608_fri_c3_1000_10": [0.0769951343536377, 0.07851982116699219, 0.07435846328735352, 0.07723116874694824, 0.07757711410522461]}, "sizes": {"608_fri_c3_1000_10": []}, "tau": 0.5}, "DecisionTree": {"losses": {"608_fri_c3_1000_10": [0.02269416461361499, 0.027229421687444567, 0.022198610305999143, 0.02857533748020699, 0.025319583257690473]}, "coverage": {"608_fri_c3_1000_10": [0.0, 0.015000000000000013, 0.0, 0.03500000000000003, 0.0050000000000000044]}, "complexity": {"608_fri_c3_1000_10": [325, 323, 321, 333, 143]}, "time_all": {"608_fri_c3_1000_10": [0.1968235969543457, 0.19162583351135254, 0.19427967071533203, 0.1895763874053955, 0.1802978515625]}, "time_fit": {"608_fri_c3_1000_10": [0.03525543212890625, 0.03398013114929199, 0.034390926361083984, 0.0345609188079834, 0.020832061767578125]}, "sizes": {"608_fri_c3_1000_10": []}, "tau": 0.5}, "LinearQuantile": {"losses": {"608_fri_c3_1000_10": [0.05175759223513986, 0.06141646460826947, 0.05668786539562548, 0.05406855973101159, 0.04965271468868276]}, "coverage": {"608_fri_c3_1000_10": [0.04999999999999999, 0.04999999999999999, 0.010000000000000009, 0.015000000000000013, 0.04999999999999999]}, "complexity": {"608_fri_c3_1000_10": [10, 10, 10, 10, 10]}, "time_all": {"608_fri_c3_1000_10": [0.8691074848175049, 0.35196900367736816, 0.5948829650878906, 0.36078834533691406, 0.5604135990142822]}, "time_fit": {"608_fri_c3_1000_10": [0.07491016387939453, 0.03151249885559082, 0.04764246940612793, 0.02924060821533203, 0.0504148006439209]}, "sizes": {"608_fri_c3_1000_10": []}, "tau": 0.5}}