{"SQR": {"losses": {"1201_BNG_breastTumor": [0.026066175612129937, 0.026313650584238464, 0.026067944775926607, 0.02619220221419417, 0.02601736817985019]}, "coverage": {"1201_BNG_breastTumor": [0.008393347050754452, 0.003935185185185208, 0.007836076817558268, 0.0007201646090534419, 0.009979423868312742]}, "complexity": {"1201_BNG_breastTumor": [4, 4, 4, 4, 4]}, "time_all": {"1201_BNG_breastTumor": [578.8767640590668, 515.5965988636017, 523.7387928962708, 599.439804315567, 559.8743531703949]}, "time_fit": {"1201_BNG_breastTumor": [578.8767640590668, 515.5965988636017, 523.7387928962708, 599.439804315567, 559.8743531703949]}, "sizes": {"1201_BNG_breastTumor": []}, "tau": 0.9}, "LightGBM": {"losses": {"1201_BNG_breastTumor": [0.02460876598112213, 0.024803201436330417, 0.024495992584355787, 0.024717091979968242, 0.024594696180269878]}, "coverage": {"1201_BNG_breastTumor": [0.006507201646090532, 0.002777777777777768, 0.00753600823045264, 0.00449245541838128, 0.00912208504801093]}, "time_all": {"1201_BNG_breastTumor": [3.3836240768432617, 3.152620792388916, 3.1145100593566895, 3.1383397579193115, 3.2497198581695557]}, "time_fit": {"1201_BNG_breastTumor": [0.9123544692993164, 0.8538305759429932, 0.8227438926696777, 0.8693637847900391, 0.8896958827972412]}, "sizes": {"1201_BNG_breastTumor": []}, "tau": 0.9}, "DecisionTree": {"losses": {"1201_BNG_breastTumor": [0.02449325108711275, 0.024654171174590463, 0.02423242535915977, 0.02443580073320931, 0.024417061996969813]}, "coverage": {"1201_BNG_breastTumor": [0.002580589849108361, 0.0024091220850480655, 0.001320301783264699, 0.002066186556927363, 0.002734910836762694]}, "complexity": {"1201_BNG_breastTumor": [2991, 2967, 2941, 2927, 2979]}, "time_all": {"1201_BNG_breastTumor": [9.723206758499146, 9.660290241241455, 9.696630954742432, 9.64107871055603, 9.618489027023315]}, "time_fit": {"1201_BNG_breastTumor": [0.47952914237976074, 0.475247859954834, 0.47115635871887207, 0.4671926498413086, 0.47426772117614746]}, "sizes": {"1201_BNG_breastTumor": []}, "tau": 0.9}, "LinearQuantile": {"losses": {"1201_BNG_breastTumor": [0.02547021265381834, 0.02564207026412821, 0.025325303821042457, 0.02558693423693269, 0.025330756717029366]}, "coverage": {"1201_BNG_breastTumor": [0.0003943758573388134, 0.0036951303155007276, 0.0023062414266117326, 0.00266632373113862, 0.0037637174211248015]}, "complexity": {"1201_BNG_breastTumor": [21, 21, 21, 21, 21]}, "time_all": {"1201_BNG_breastTumor": [83.21746039390564, 70.74342679977417, 54.30491542816162, 57.89061975479126, 90.33867454528809]}, "time_fit": {"1201_BNG_breastTumor": [6.561954736709595, 5.271895408630371, 3.9891841411590576, 5.165598392486572, 8.167876482009888]}, "sizes": {"1201_BNG_breastTumor": []}, "tau": 0.9}}