{"SQR": {"losses": {"529_pollen": [0.013841905222047677, 0.01468978663192014, 0.013357498294063018, 0.01212514966253496, 0.014359505117568214]}, "coverage": {"529_pollen": [0.018181818181818188, 0.016883116883116944, 0.003896103896103953, 0.010533159947984427, 0.0053315994798439625]}, "complexity": {"529_pollen": [5, 5, 5, 8, 6]}, "time_all": {"529_pollen": [275.81019735336304, 257.76605129241943, 243.42156553268433, 269.46042823791504, 264.3576385974884]}, "time_fit": {"529_pollen": [275.81019735336304, 257.76605129241943, 243.42156553268433, 269.46042823791504, 264.3576385974884]}, "sizes": {"529_pollen": []}, "tau": 0.9}, "LightGBM": {"losses": {"529_pollen": [0.01516915257186542, 0.01529947901089294, 0.014665248842785446, 0.01513955260427273, 0.014799437803735974]}, "coverage": {"529_pollen": [0.0, 0.009090909090909038, 0.0012987012987013546, 0.027178153446033804, 0.03237971391417427]}, "time_all": {"529_pollen": [0.8144915103912354, 0.756716251373291, 0.8014445304870605, 0.7789626121520996, 0.728079080581665]}, "time_fit": {"529_pollen": [0.17160439491271973, 0.16581034660339355, 0.1755540370941162, 0.16512393951416016, 0.1620635986328125]}, "sizes": {"529_pollen": []}, "tau": 0.9}, "DecisionTree": {"losses": {"529_pollen": [0.01574724242757039, 0.014761671829959817, 0.014563810703846249, 0.01485644167321212, 0.014511129214932491]}, "coverage": {"529_pollen": [0.0714285714285714, 0.045454545454545525, 0.05974025974025976, 0.04954486345903775, 0.019635890767230157]}, "complexity": {"529_pollen": [107, 149, 239, 237, 153]}, "time_all": {"529_pollen": [0.4603917598724365, 0.4043283462524414, 0.38547563552856445, 0.4169349670410156, 0.4316072463989258]}, "time_fit": {"529_pollen": [0.02336716651916504, 0.021749258041381836, 0.025738954544067383, 0.028140783309936523, 0.023827075958251953]}, "sizes": {"529_pollen": []}, "tau": 0.9}, "LinearQuantile": {"losses": {"529_pollen": [0.026091667755701462, 0.02454788102345529, 0.025915273082067786, 0.023281951292334496, 0.02371896465504734]}, "coverage": {"529_pollen": [0.4103896103896104, 0.3974025974025974, 0.4038961038961039, 0.3733420026007802, 0.3889466840052016]}, "complexity": {"529_pollen": [4, 4, 4, 4, 4]}, "time_all": {"529_pollen": [0.1605532169342041, 0.4283931255340576, 0.3142712116241455, 0.20057058334350586, 0.19457554817199707]}, "time_fit": {"529_pollen": [0.011469364166259766, 0.033199310302734375, 0.02531290054321289, 0.01663827896118164, 0.016146421432495117]}, "sizes": {"529_pollen": []}, "tau": 0.9}}