{"SQR": {"losses": {"4544_GeographicalOriginalofMusic": [0.01529156124433575, 0.014035036866556355, 0.019526119976720192, 0.014630638823965075, 0.01592424359146509]}, "coverage": {"4544_GeographicalOriginalofMusic": [0.029245283018867863, 0.02264150943396226, 0.060377358490566024, 0.008490566037735903, 0.06113744075829386]}, "complexity": {"4544_GeographicalOriginalofMusic": [5, 5, 5, 5, 6]}, "time_all": {"4544_GeographicalOriginalofMusic": [117.07399773597717, 96.2016224861145, 98.69604325294495, 96.74318814277649, 95.51184868812561]}, "time_fit": {"4544_GeographicalOriginalofMusic": [117.07399773597717, 96.2016224861145, 98.69604325294495, 96.74318814277649, 95.51184868812561]}, "sizes": {"4544_GeographicalOriginalofMusic": []}, "tau": 0.9}, "LightGBM": {"losses": {"4544_GeographicalOriginalofMusic": [0.015613011368706747, 0.015498021980358039, 0.01864102956363321, 0.016738915230323413, 0.01522170621789009]}, "coverage": {"4544_GeographicalOriginalofMusic": [0.01981132075471692, 0.01037735849056598, 0.04150943396226414, 0.0037735849056603765, 0.03838862559241707]}, "time_all": {"4544_GeographicalOriginalofMusic": [0.4391515254974365, 0.41462111473083496, 0.38368821144104004, 0.38706302642822266, 0.39577627182006836]}, "time_fit": {"4544_GeographicalOriginalofMusic": [0.08129286766052246, 0.07715201377868652, 0.07857728004455566, 0.07951903343200684, 0.08635234832763672]}, "sizes": {"4544_GeographicalOriginalofMusic": []}, "tau": 0.9}, "DecisionTree": {"losses": {"4544_GeographicalOriginalofMusic": [0.015139331819428545, 0.016778472547376105, 0.020323909112814578, 0.01630090213840876, 0.018184982463192906]}, "coverage": {"4544_GeographicalOriginalofMusic": [0.017924528301886844, 0.013207547169811318, 0.14056603773584908, 0.04150943396226414, 0.02322274881516595]}, "complexity": {"4544_GeographicalOriginalofMusic": [35, 25, 67, 35, 27]}, "time_all": {"4544_GeographicalOriginalofMusic": [0.998279333114624, 0.9428815841674805, 0.8755035400390625, 0.8750612735748291, 0.8468689918518066]}, "time_fit": {"4544_GeographicalOriginalofMusic": [0.07316374778747559, 0.055051565170288086, 0.06187081336975098, 0.05185556411743164, 0.04495978355407715]}, "sizes": {"4544_GeographicalOriginalofMusic": []}, "tau": 0.9}, "LinearQuantile": {"losses": {"4544_GeographicalOriginalofMusic": [0.01412595750645473, 0.016493035890286438, 0.015676124180212324, 0.017635782950334526, 0.014210218879544762]}, "coverage": {"4544_GeographicalOriginalofMusic": [0.08396226415094343, 0.0792452830188679, 0.1264150943396226, 0.13584905660377355, 0.07061611374407584]}, "complexity": {"4544_GeographicalOriginalofMusic": [117, 117, 117, 117, 117]}, "time_all": {"4544_GeographicalOriginalofMusic": [28.223527431488037, 105.5320405960083, 59.822595834732056, 82.4273407459259, 69.63925409317017]}, "time_fit": {"4544_GeographicalOriginalofMusic": [2.6424319744110107, 8.584089517593384, 5.68583083152771, 7.678163528442383, 6.32564377784729]}, "sizes": {"4544_GeographicalOriginalofMusic": []}, "tau": 0.9}}