{"SQR": {"losses": {"523_analcatdata_neavote": [0.02777778194444443, 0.016666687222222223, 0.022222676666666653, 0.030555933333333347, 0.03611226333333334]}, "coverage": {"523_analcatdata_neavote": [0.19999999999999996, 0.19999999999999996, 0.35, 0.0, 0.09999999999999998]}, "complexity": {"523_analcatdata_neavote": [3, 3, 3, 4, 3]}, "time_all": {"523_analcatdata_neavote": [77.56928324699402, 63.42468976974487, 63.4876983165741, 63.19757413864136, 62.38925862312317]}, "time_fit": {"523_analcatdata_neavote": [77.56928324699402, 63.42468976974487, 63.4876983165741, 63.19757413864136, 62.38925862312317]}, "sizes": {"523_analcatdata_neavote": []}, "tau": 0.5}, "LightGBM": {"losses": {"523_analcatdata_neavote": [0.044130353408097685, 0.03847010084042631, 0.040210055415573924, 0.03927692922505947, 0.04755791405233503]}, "coverage": {"523_analcatdata_neavote": [0.19999999999999996, 0.2, 0.15000000000000002, 0.0, 0.09999999999999998]}, "time_all": {"523_analcatdata_neavote": [0.11521053314208984, 0.07695960998535156, 0.06478524208068848, 0.06508827209472656, 0.06649661064147949]}, "time_fit": {"523_analcatdata_neavote": [0.01210641860961914, 0.01733708381652832, 0.014159202575683594, 0.014392614364624023, 0.011946439743041992]}, "sizes": {"523_analcatdata_neavote": []}, "tau": 0.5}, "DecisionTree": {"losses": {"523_analcatdata_neavote": [0.027777777777777776, 0.016666666666666666, 0.022222222222222223, 0.030555555555555558, 0.036111111111111115]}, "coverage": {"523_analcatdata_neavote": [0.4, 0.4, 0.35, 0.35, 0.35]}, "complexity": {"523_analcatdata_neavote": [3, 3, 3, 3, 3]}, "time_all": {"523_analcatdata_neavote": [0.029325008392333984, 0.027796030044555664, 0.0258486270904541, 0.02664971351623535, 0.026793241500854492]}, "time_fit": {"523_analcatdata_neavote": [0.0017285346984863281, 0.0016682147979736328, 0.0016179084777832031, 0.0016543865203857422, 0.001657247543334961]}, "sizes": {"523_analcatdata_neavote": []}, "tau": 0.5}, "LinearQuantile": {"losses": {"523_analcatdata_neavote": [0.035000003422814494, 0.016666692459194096, 0.02222223269406296, 0.03166667142487539, 0.03611111628008171]}, "coverage": {"523_analcatdata_neavote": [0.15000000000000002, 0.4, 0.35, 0.15000000000000002, 0.2]}, "complexity": {"523_analcatdata_neavote": [6, 6, 6, 6, 6]}, "time_all": {"523_analcatdata_neavote": [0.05677390098571777, 0.042223453521728516, 0.05389070510864258, 0.05849123001098633, 0.05614018440246582]}, "time_fit": {"523_analcatdata_neavote": [0.00420379638671875, 0.0032367706298828125, 0.0043179988861083984, 0.004613161087036133, 0.004464149475097656]}, "sizes": {"523_analcatdata_neavote": []}, "tau": 0.5}}