{"SQR": {"losses": {"624_fri_c0_100_5": [0.01597626156331273, 0.014855222376155478, 0.014286092265765512, 0.03889193319942266, 0.017095106348357245]}, "coverage": {"624_fri_c0_100_5": [0.050000000000000044, 0.050000000000000044, 0.20000000000000007, 0.30000000000000004, 0.04999999999999993]}, "complexity": {"624_fri_c0_100_5": [9, 9, 9, 10, 9]}, "time_all": {"624_fri_c0_100_5": [83.97971057891846, 71.88325786590576, 70.29706954956055, 70.22184252738953, 67.75213170051575]}, "time_fit": {"624_fri_c0_100_5": [83.97971057891846, 71.88325786590576, 70.29706954956055, 70.22184252738953, 67.75213170051575]}, "sizes": {"624_fri_c0_100_5": []}, "tau": 0.9}, "LightGBM": {"losses": {"624_fri_c0_100_5": [0.030901555330205013, 0.03121501863022394, 0.025767561882234027, 0.024950751266239062, 0.028178837477059942]}, "coverage": {"624_fri_c0_100_5": [0.050000000000000044, 0.04999999999999993, 0.20000000000000007, 0.0, 0.050000000000000044]}, "time_all": {"624_fri_c0_100_5": [0.12163400650024414, 0.07169508934020996, 0.08817124366760254, 0.08608460426330566, 0.09542393684387207]}, "time_fit": {"624_fri_c0_100_5": [0.01580357551574707, 0.0170135498046875, 0.017307519912719727, 0.02062082290649414, 0.020410537719726562]}, "sizes": {"624_fri_c0_100_5": []}, "tau": 0.9}, "DecisionTree": {"losses": {"624_fri_c0_100_5": [0.01918382362254947, 0.029964398806103472, 0.028534558238948245, 0.026791214373538492, 0.03348619570539137]}, "coverage": {"624_fri_c0_100_5": [0.09999999999999998, 0.09999999999999998, 0.050000000000000044, 0.09999999999999998, 0.0]}, "complexity": {"624_fri_c0_100_5": [31, 5, 3, 3, 1]}, "time_all": {"624_fri_c0_100_5": [0.034633636474609375, 0.03131699562072754, 0.03101348876953125, 0.03170490264892578, 0.032810211181640625]}, "time_fit": {"624_fri_c0_100_5": [0.003975629806518555, 0.001901388168334961, 0.0017094612121582031, 0.0016748905181884766, 0.0015132427215576172]}, "sizes": {"624_fri_c0_100_5": []}, "tau": 0.9}, "LinearQuantile": {"losses": {"624_fri_c0_100_5": [0.05409655127437101, 0.03605058678484184, 0.05010355049199846, 0.048328469512556926, 0.04783770852161275]}, "coverage": {"624_fri_c0_100_5": [0.35, 0.45, 0.5, 0.65, 0.45]}, "complexity": {"624_fri_c0_100_5": [5, 5, 5, 5, 5]}, "time_all": {"624_fri_c0_100_5": [0.23563766479492188, 0.21697163581848145, 0.21191954612731934, 0.9332408905029297, 0.17080116271972656]}, "time_fit": {"624_fri_c0_100_5": [0.019897937774658203, 0.018406391143798828, 0.0187222957611084, 0.06396055221557617, 0.015146255493164062]}, "sizes": {"624_fri_c0_100_5": []}, "tau": 0.9}}