{"SQR": {"losses": {"598_fri_c0_1000_25": [0.017438327102897704, 0.027259675736954703, 0.029086188091175524, 0.02300808572150851, 0.02122680955379681]}, "coverage": {"598_fri_c0_1000_25": [0.0, 0.010000000000000009, 0.06, 0.050000000000000044, 0.020000000000000018]}, "complexity": {"598_fri_c0_1000_25": [15, 12, 10, 11, 17]}, "time_all": {"598_fri_c0_1000_25": [112.71978712081909, 103.47409963607788, 105.34322738647461, 98.87130761146545, 96.4106183052063]}, "time_fit": {"598_fri_c0_1000_25": [112.71978712081909, 103.47409963607788, 105.34322738647461, 98.87130761146545, 96.4106183052063]}, "sizes": {"598_fri_c0_1000_25": []}, "tau": 0.5}, "LightGBM": {"losses": {"598_fri_c0_1000_25": [0.03995192647213741, 0.03919064222254665, 0.04099124977844416, 0.039207989939893606, 0.037516189049396485]}, "coverage": {"598_fri_c0_1000_25": [0.015000000000000013, 0.010000000000000009, 0.034999999999999976, 0.015000000000000013, 0.025000000000000022]}, "time_all": {"598_fri_c0_1000_25": [0.45989537239074707, 0.4366779327392578, 0.40770721435546875, 0.44185757637023926, 0.4218173027038574]}, "time_fit": {"598_fri_c0_1000_25": [0.07919907569885254, 0.07466626167297363, 0.07891416549682617, 0.07722616195678711, 0.07655048370361328]}, "sizes": {"598_fri_c0_1000_25": []}, "tau": 0.5}, "DecisionTree": {"losses": {"598_fri_c0_1000_25": [0.04627845322108513, 0.0476905282773103, 0.04506078502003979, 0.04590231718748538, 0.044492774775009264]}, "coverage": {"598_fri_c0_1000_25": [0.020000000000000018, 0.020000000000000018, 0.09499999999999997, 0.015000000000000013, 0.044999999999999984]}, "complexity": {"598_fri_c0_1000_25": [139, 63, 59, 137, 145]}, "time_all": {"598_fri_c0_1000_25": [0.28843212127685547, 0.281766414642334, 0.27941274642944336, 0.2859375476837158, 0.28265857696533203]}, "time_fit": {"598_fri_c0_1000_25": [0.032082319259643555, 0.023293256759643555, 0.022092819213867188, 0.03142070770263672, 0.031366825103759766]}, "sizes": {"598_fri_c0_1000_25": []}, "tau": 0.5}, "LinearQuantile": {"losses": {"598_fri_c0_1000_25": [0.04462188610016354, 0.045588418599277335, 0.04126150671200698, 0.043451359937827255, 0.04540145850812777]}, "coverage": {"598_fri_c0_1000_25": [0.07500000000000001, 0.020000000000000018, 0.030000000000000027, 0.0050000000000000044, 0.015000000000000013]}, "complexity": {"598_fri_c0_1000_25": [25, 25, 25, 25, 25]}, "time_all": {"598_fri_c0_1000_25": [0.7709615230560303, 0.87892746925354, 0.9973006248474121, 1.3993608951568604, 1.4983108043670654]}, "time_fit": {"598_fri_c0_1000_25": [0.0646507740020752, 0.06813955307006836, 0.09199094772338867, 0.11694049835205078, 0.11702275276184082]}, "sizes": {"598_fri_c0_1000_25": []}, "tau": 0.5}}