{"SQR": {"losses": {"218_house_8L": [0.022678164175987184, 0.022717703343980936, 0.018410028154691234, 0.022968620671376665, 0.023018924810454217]}, "coverage": {"218_house_8L": [0.04180381830151414, 0.055848145709896824, 0.012837393021724819, 0.03456221198156684, 0.046312554872695366]}, "complexity": {"218_house_8L": [5, 5, 9, 5, 5]}, "time_all": {"218_house_8L": [529.1203653812408, 557.7307374477386, 464.7687203884125, 483.8853783607483, 476.95261311531067]}, "time_fit": {"218_house_8L": [529.1203653812408, 557.7307374477386, 464.7687203884125, 483.8853783607483, 476.95261311531067]}, "sizes": {"218_house_8L": []}, "tau": 0.5}, "LightGBM": {"losses": {"218_house_8L": [0.016687161250119, 0.016635156099036878, 0.01624939846591833, 0.01682479484985137, 0.01677521948314927]}, "coverage": {"218_house_8L": [0.01810401579986831, 0.020956769804696074, 0.033245556287030964, 0.0055957867017775165, 0.021729587357330993]}, "time_all": {"218_house_8L": [1.7893617153167725, 1.6649484634399414, 1.7073974609375, 1.7314486503601074, 1.7231128215789795]}, "time_fit": {"218_house_8L": [0.4702622890472412, 0.415130615234375, 0.4246864318847656, 0.4442012310028076, 0.4479250907897949]}, "sizes": {"218_house_8L": []}, "tau": 0.5}, "DecisionTree": {"losses": {"218_house_8L": [0.016367379268752546, 0.016342231963330674, 0.016308938086534622, 0.016644770089876103, 0.01653964404977248]}, "coverage": {"218_house_8L": [0.02205398288347593, 0.02797893350888747, 0.037634408602150504, 0.011740179942944962, 0.022827041264266934]}, "complexity": {"218_house_8L": [581, 785, 779, 587, 879]}, "time_all": {"218_house_8L": [2.5646603107452393, 2.5232770442962646, 2.455612897872925, 2.505331516265869, 2.5697784423828125]}, "time_fit": {"218_house_8L": [0.1564655303955078, 0.17390179634094238, 0.16729021072387695, 0.1522674560546875, 0.17264962196350098]}, "sizes": {"218_house_8L": []}, "tau": 0.5}, "LinearQuantile": {"losses": {"218_house_8L": [0.02297916391715242, 0.02297448920083437, 0.022595526629837794, 0.02327781631956177, 0.023478798957150188]}, "coverage": {"218_house_8L": [0.004718016238753564, 0.02797893350888747, 0.015031819179284645, 0.009545753785385136, 0.011413520632133412]}, "complexity": {"218_house_8L": [8, 8, 8, 8, 8]}, "time_all": {"218_house_8L": [22.413494110107422, 22.40006184577942, 23.927526235580444, 22.332834005355835, 22.62857675552368]}, "time_fit": {"218_house_8L": [2.225728988647461, 2.219418525695801, 3.1403605937957764, 2.2211806774139404, 2.5038528442382812]}, "sizes": {"218_house_8L": []}, "tau": 0.5}}