{"SQR": {"losses": {"659_sleuth_ex1714": [0.02986560683991967, 0.07486367733446304, 0.02218051327216973, 0.018667777615717366, 0.019566365993574773]}, "coverage": {"659_sleuth_ex1714": [0.4, 0.09999999999999998, 0.12222222222222223, 0.12222222222222223, 0.12222222222222223]}, "complexity": {"659_sleuth_ex1714": [12, 13, 14, 14, 15]}, "time_all": {"659_sleuth_ex1714": [78.53227305412292, 64.24880194664001, 64.76204919815063, 65.12231945991516, 64.63919234275818]}, "time_fit": {"659_sleuth_ex1714": [78.53227305412292, 64.24880194664001, 64.76204919815063, 65.12231945991516, 64.63919234275818]}, "sizes": {"659_sleuth_ex1714": []}, "tau": 0.9}, "LightGBM": {"losses": {"659_sleuth_ex1714": [0.036550926471975845, 0.0595999269712839, 0.020039070963773737, 0.029484460211089778, 0.01909388927003173]}, "coverage": {"659_sleuth_ex1714": [0.09999999999999998, 0.09999999999999998, 0.011111111111111183, 0.09999999999999998, 0.011111111111111183]}, "time_all": {"659_sleuth_ex1714": [0.07638072967529297, 0.03531312942504883, 0.032727718353271484, 0.03496837615966797, 0.03586220741271973]}, "time_fit": {"659_sleuth_ex1714": [0.003984928131103516, 0.004418849945068359, 0.004174470901489258, 0.004385232925415039, 0.004498004913330078]}, "sizes": {"659_sleuth_ex1714": []}, "tau": 0.9}, "DecisionTree": {"losses": {"659_sleuth_ex1714": [0.026891300245329305, 0.053078002138768315, 0.020039070963773737, 0.012528848909298047, 0.01909388913351925]}, "coverage": {"659_sleuth_ex1714": [0.4, 0.20000000000000007, 0.011111111111111183, 0.09999999999999998, 0.011111111111111183]}, "complexity": {"659_sleuth_ex1714": [15, 13, 1, 5, 1]}, "time_all": {"659_sleuth_ex1714": [0.029192209243774414, 0.027683496475219727, 0.026913166046142578, 0.027088642120361328, 0.028327226638793945]}, "time_fit": {"659_sleuth_ex1714": [0.0026798248291015625, 0.002279996871948242, 0.001466989517211914, 0.0017669200897216797, 0.0017480850219726562]}, "sizes": {"659_sleuth_ex1714": []}, "tau": 0.9}, "LinearQuantile": {"losses": {"659_sleuth_ex1714": [0.014222047395963697, 0.013608607052190838, 0.028416558147629282, 0.027127294421339283, 0.017577347999908274]}, "coverage": {"659_sleuth_ex1714": [0.09999999999999998, 0.09999999999999998, 0.011111111111111183, 0.2333333333333334, 0.011111111111111183]}, "complexity": {"659_sleuth_ex1714": [7, 7, 7, 7, 7]}, "time_all": {"659_sleuth_ex1714": [0.9610931873321533, 0.24148344993591309, 0.6377885341644287, 0.5535421371459961, 0.2613086700439453]}, "time_fit": {"659_sleuth_ex1714": [0.08613824844360352, 0.02018904685974121, 0.04724860191345215, 0.041910409927368164, 0.02247309684753418]}, "sizes": {"659_sleuth_ex1714": []}, "tau": 0.9}}