{"SQR": {"losses": {"503_wind": [0.03759909298121393, 0.038162206275786474, 0.03890958484734431, 0.037981322103057005, 0.037512116921281]}, "coverage": {"503_wind": [0.00798479087452475, 0.0019011406844106071, 0.03155893536121673, 0.027756653992395464, 0.0076103500761035]}, "complexity": {"503_wind": [2, 2, 2, 2, 3]}, "time_all": {"503_wind": [341.3288776874542, 327.98147916793823, 335.139607667923, 350.47362184524536, 412.38014793395996]}, "time_fit": {"503_wind": [341.3288776874542, 327.98147916793823, 335.139607667923, 350.47362184524536, 412.38014793395996]}, "sizes": {"503_wind": []}, "tau": 0.5}, "LightGBM": {"losses": {"503_wind": [0.030990790831084986, 0.031133778760912677, 0.03206123121230267, 0.03134200126627704, 0.03148900136792966]}, "coverage": {"503_wind": [0.0019011406844106626, 0.005703422053231932, 0.026996197718631154, 0.017110266159695797, 0.011415525114155223]}, "time_all": {"503_wind": [1.0472683906555176, 0.9974403381347656, 1.022251844406128, 0.9762201309204102, 1.012143611907959]}, "time_fit": {"503_wind": [0.13385796546936035, 0.13152766227722168, 0.13182687759399414, 0.123260498046875, 0.12888145446777344]}, "sizes": {"503_wind": []}, "tau": 0.5}, "DecisionTree": {"losses": {"503_wind": [0.03312725108986919, 0.032714875123149995, 0.034351936094371954, 0.03194715401190329, 0.03255887485269875]}, "coverage": {"503_wind": [0.006463878326996186, 0.02319391634980994, 0.02015209125475287, 0.00722433460076044, 0.022831050228310557]}, "complexity": {"503_wind": [185, 253, 257, 255, 257]}, "time_all": {"503_wind": [1.0534758567810059, 0.9647526741027832, 0.7636940479278564, 0.8240890502929688, 1.0046989917755127]}, "time_fit": {"503_wind": [0.04721665382385254, 0.04832744598388672, 0.043853759765625, 0.04486513137817383, 0.050132036209106445]}, "sizes": {"503_wind": []}, "tau": 0.5}, "LinearQuantile": {"losses": {"503_wind": [0.029830823032272552, 0.030692698588067713, 0.03181029190865377, 0.03143026609358804, 0.030635633533438216]}, "coverage": {"503_wind": [0.00722433460076044, 0.0019011406844106071, 0.012547528517110274, 0.024714828897338448, 0.013698630136986356]}, "complexity": {"503_wind": [14, 14, 14, 14, 14]}, "time_all": {"503_wind": [2.582005500793457, 2.3557958602905273, 1.0127387046813965, 2.1227073669433594, 1.8994596004486084]}, "time_fit": {"503_wind": [0.20606493949890137, 0.2307887077331543, 0.10078907012939453, 0.14425110816955566, 0.16013240814208984]}, "sizes": {"503_wind": []}, "tau": 0.5}}