{"SQR": {"losses": {"547_no2": [0.01789180387849591, 0.01751819081977837, 0.02161806612853553, 0.017141593229908575, 0.02505056488215677]}, "coverage": {"547_no2": [0.0, 0.020000000000000018, 0.07000000000000006, 0.010000000000000009, 0.050000000000000044]}, "complexity": {"547_no2": [8, 5, 6, 6, 5]}, "time_all": {"547_no2": [90.84734201431274, 79.35745143890381, 80.50431990623474, 79.40738797187805, 78.38941645622253]}, "time_fit": {"547_no2": [90.84734201431274, 79.35745143890381, 80.50431990623474, 79.40738797187805, 78.38941645622253]}, "sizes": {"547_no2": []}, "tau": 0.9}, "LightGBM": {"losses": {"547_no2": [0.017731803030591783, 0.015199642699673329, 0.017261567412353535, 0.016122522994889824, 0.021075467587173456]}, "coverage": {"547_no2": [0.010000000000000009, 0.030000000000000027, 0.010000000000000009, 0.0, 0.050000000000000044]}, "time_all": {"547_no2": [0.22544455528259277, 0.1777646541595459, 0.21428966522216797, 0.2120957374572754, 0.2165839672088623]}, "time_fit": {"547_no2": [0.03691840171813965, 0.037950754165649414, 0.04786324501037598, 0.049175262451171875, 0.044312477111816406]}, "sizes": {"547_no2": []}, "tau": 0.9}, "DecisionTree": {"losses": {"547_no2": [0.01763458630667297, 0.014777662832580831, 0.015758792822320598, 0.014838908219952405, 0.01955965776744646]}, "coverage": {"547_no2": [0.010000000000000009, 0.010000000000000009, 0.020000000000000018, 0.010000000000000009, 0.13]}, "complexity": {"547_no2": [27, 17, 31, 13, 71]}, "time_all": {"547_no2": [0.07547259330749512, 0.07157206535339355, 0.07361102104187012, 0.07256412506103516, 0.07693958282470703]}, "time_fit": {"547_no2": [0.004881143569946289, 0.0037856101989746094, 0.0050051212310791016, 0.0033822059631347656, 0.00853586196899414]}, "sizes": {"547_no2": []}, "tau": 0.9}, "LinearQuantile": {"losses": {"547_no2": [0.019250250550467217, 0.019097382516192973, 0.01925966752456636, 0.015172290306551843, 0.02308870615981448]}, "coverage": {"547_no2": [0.010000000000000009, 0.06000000000000005, 0.010000000000000009, 0.04999999999999993, 0.10999999999999999]}, "complexity": {"547_no2": [7, 7, 7, 7, 7]}, "time_all": {"547_no2": [0.7458934783935547, 0.34528470039367676, 0.1579885482788086, 0.25868988037109375, 0.11810708045959473]}, "time_fit": {"547_no2": [0.06648540496826172, 0.02880120277404785, 0.013776302337646484, 0.022162675857543945, 0.010193824768066406]}, "sizes": {"547_no2": []}, "tau": 0.9}}