{"SQR": {"losses": {"banana": [0.029919028790847662, 0.05039606208736878, 0.04679252440994107, 0.032860516369947426, 0.03414459606799733]}, "coverage": {"banana": [0.34716981132075475, 0.34905660377358494, 0.3311320754716981, 0.3528301886792453, 0.36037735849056607]}, "complexity": {"banana": [12, 10, 11, 11, 13]}, "time_all": {"banana": [191.1539900302887, 242.607266664505, 224.7962052822113, 187.3795931339264, 179.76126718521118]}, "time_fit": {"banana": [191.1539900302887, 242.607266664505, 224.7962052822113, 187.3795931339264, 179.76126718521118]}, "sizes": {"banana": []}, "tau": 0.9}, "LightGBM": {"losses": {"banana": [0.05528301886792451, 0.05509433962264149, 0.056886792452830175, 0.05462264150943395, 0.053962264150943386]}, "coverage": {"banana": [0.09999999999999998, 0.09999999999999998, 0.09999999999999998, 0.09999999999999998, 0.09999999999999998]}, "time_all": {"banana": [0.17950177192687988, 0.13333678245544434, 0.14747190475463867, 0.12829875946044922, 0.16909265518188477]}, "time_fit": {"banana": [0.03222393989562988, 0.02819347381591797, 0.031726837158203125, 0.027144670486450195, 0.03697085380554199]}, "sizes": {"banana": []}, "tau": 0.9}, "DecisionTree": {"losses": {"banana": [0.027132075471698106, 0.026349056603773582, 0.028735849056603775, 0.026433962264150936, 0.031037735849056603]}, "coverage": {"banana": [0.08396226415094332, 0.08867924528301885, 0.09056603773584904, 0.09245283018867922, 0.08207547169811313]}, "complexity": {"banana": [189, 181, 141, 99, 123]}, "time_all": {"banana": [0.32624292373657227, 0.3172595500946045, 0.31935715675354004, 0.30852746963500977, 0.30513501167297363]}, "time_fit": {"banana": [0.027158498764038086, 0.0260007381439209, 0.022748231887817383, 0.018915176391601562, 0.01979351043701172]}, "sizes": {"banana": []}, "tau": 0.9}, "LinearQuantile": {"losses": {"banana": [0.4024528658053571, 0.40415096940836914, 0.388018909162921, 0.4083962566669367, 0.4143396671611299]}, "coverage": {"banana": [0.6330188679245283, 0.6330188679245283, 0.6018867924528302, 0.6528301886792454, 0.6556603773584906]}, "complexity": {"banana": [2, 2, 2, 2, 2]}, "time_all": {"banana": [0.08785414695739746, 0.0646657943725586, 0.06528949737548828, 0.06156015396118164, 0.05979800224304199]}, "time_fit": {"banana": [0.006476879119873047, 0.005213499069213867, 0.00534367561340332, 0.005005598068237305, 0.004767179489135742]}, "sizes": {"banana": []}, "tau": 0.9}}