{"SQR": {"losses": {"637_fri_c1_500_50": [0.009907658569001646, 0.010344221238561005, 0.005141567076729948, 0.011702263555803772, 0.007266496332906393]}, "coverage": {"637_fri_c1_500_50": [0.08000000000000007, 0.030000000000000027, 0.0, 0.010000000000000009, 0.020000000000000018]}, "complexity": {"637_fri_c1_500_50": [13, 11, 13, 12, 12]}, "time_all": {"637_fri_c1_500_50": [105.52027797698975, 95.31876540184021, 95.22017335891724, 91.18565607070923, 94.17333698272705]}, "time_fit": {"637_fri_c1_500_50": [105.52027797698975, 95.31876540184021, 95.22017335891724, 91.18565607070923, 94.17333698272705]}, "sizes": {"637_fri_c1_500_50": []}, "tau": 0.9}, "LightGBM": {"losses": {"637_fri_c1_500_50": [0.02444777172868344, 0.023762663222317168, 0.023478469145615348, 0.026075518176642647, 0.02171400449768062]}, "coverage": {"637_fri_c1_500_50": [0.010000000000000009, 0.020000000000000018, 0.10999999999999999, 0.06000000000000005, 0.010000000000000009]}, "time_all": {"637_fri_c1_500_50": [0.27008581161499023, 0.24629998207092285, 0.24923968315124512, 0.2203388214111328, 0.25008463859558105]}, "time_fit": {"637_fri_c1_500_50": [0.04925084114074707, 0.04794454574584961, 0.05093574523925781, 0.04776716232299805, 0.049967050552368164]}, "sizes": {"637_fri_c1_500_50": []}, "tau": 0.9}, "DecisionTree": {"losses": {"637_fri_c1_500_50": [0.022825941444305196, 0.02231228724836007, 0.01779015866282847, 0.02018715375321133, 0.018776348968557302]}, "coverage": {"637_fri_c1_500_50": [0.06000000000000005, 0.13, 0.010000000000000009, 0.050000000000000044, 0.010000000000000009]}, "complexity": {"637_fri_c1_500_50": [31, 35, 31, 19, 17]}, "time_all": {"637_fri_c1_500_50": [0.19671988487243652, 0.20386910438537598, 0.1958158016204834, 0.19269752502441406, 0.18642735481262207]}, "time_fit": {"637_fri_c1_500_50": [0.016786813735961914, 0.017513275146484375, 0.016145706176757812, 0.013245820999145508, 0.012305974960327148]}, "sizes": {"637_fri_c1_500_50": []}, "tau": 0.9}, "LinearQuantile": {"losses": {"637_fri_c1_500_50": [0.06694930670934678, 0.0838097037667098, 0.09375095233747267, 0.11262871443267258, 0.08029173337099033]}, "coverage": {"637_fri_c1_500_50": [0.42000000000000004, 0.44, 0.45, 0.5, 0.42000000000000004]}, "complexity": {"637_fri_c1_500_50": [50, 50, 50, 50, 50]}, "time_all": {"637_fri_c1_500_50": [20.956472158432007, 20.2461895942688, 7.952991485595703, 8.314266443252563, 8.412752866744995]}, "time_fit": {"637_fri_c1_500_50": [1.8687312602996826, 1.7671821117401123, 0.6644868850708008, 0.6175637245178223, 0.6886346340179443]}, "sizes": {"637_fri_c1_500_50": []}, "tau": 0.9}}