{"SQR": {"losses": {"615_fri_c4_250_10": [0.016777161666699486, 0.026772423174358025, 0.017486462312782607, 0.021433735448188388, 0.022496851141858325]}, "coverage": {"615_fri_c4_250_10": [0.08000000000000002, 0.08000000000000002, 0.0, 0.08000000000000002, 0.020000000000000018]}, "complexity": {"615_fri_c4_250_10": [18, 12, 12, 8, 12]}, "time_all": {"615_fri_c4_250_10": [90.61222743988037, 75.96717095375061, 75.4127049446106, 75.92485475540161, 74.60644173622131]}, "time_fit": {"615_fri_c4_250_10": [90.61222743988037, 75.96717095375061, 75.4127049446106, 75.92485475540161, 74.60644173622131]}, "sizes": {"615_fri_c4_250_10": []}, "tau": 0.5}, "LightGBM": {"losses": {"615_fri_c4_250_10": [0.03309447103840885, 0.03650335349312032, 0.04054332195182838, 0.03543816805588443, 0.043568043763539836]}, "coverage": {"615_fri_c4_250_10": [0.0, 0.12, 0.020000000000000018, 0.09999999999999998, 0.03999999999999998]}, "time_all": {"615_fri_c4_250_10": [0.18798208236694336, 0.14216923713684082, 0.14090824127197266, 0.14289212226867676, 0.16836190223693848]}, "time_fit": {"615_fri_c4_250_10": [0.03332877159118652, 0.03425145149230957, 0.032990455627441406, 0.03412127494812012, 0.04012727737426758]}, "sizes": {"615_fri_c4_250_10": []}, "tau": 0.5}, "DecisionTree": {"losses": {"615_fri_c4_250_10": [0.03945406357918081, 0.03405094565366653, 0.04059770948567266, 0.03581947585705856, 0.04525949971015604]}, "coverage": {"615_fri_c4_250_10": [0.020000000000000018, 0.14, 0.07999999999999996, 0.06000000000000005, 0.020000000000000018]}, "complexity": {"615_fri_c4_250_10": [83, 79, 81, 77, 83]}, "time_all": {"615_fri_c4_250_10": [0.05896353721618652, 0.05566716194152832, 0.056259870529174805, 0.05572175979614258, 0.05683279037475586]}, "time_fit": {"615_fri_c4_250_10": [0.009283781051635742, 0.008747577667236328, 0.008829832077026367, 0.008505582809448242, 0.008764266967773438]}, "sizes": {"615_fri_c4_250_10": []}, "tau": 0.5}, "LinearQuantile": {"losses": {"615_fri_c4_250_10": [0.052544855902099626, 0.053791382348985124, 0.06337911547893557, 0.05666538805846216, 0.06565056816476326]}, "coverage": {"615_fri_c4_250_10": [0.08000000000000002, 0.12, 0.020000000000000018, 0.09999999999999998, 0.03999999999999998]}, "complexity": {"615_fri_c4_250_10": [10, 10, 10, 10, 10]}, "time_all": {"615_fri_c4_250_10": [0.4519972801208496, 0.11388850212097168, 0.15321803092956543, 0.5673441886901855, 0.2806260585784912]}, "time_fit": {"615_fri_c4_250_10": [0.039919137954711914, 0.009756803512573242, 0.013274192810058594, 0.04550671577453613, 0.0242767333984375]}, "sizes": {"615_fri_c4_250_10": []}, "tau": 0.5}}