{"SQR": {"losses": {"706_sleuth_case1202": [0.014844487744029307, 0.0269627377403503, 0.030068771510308567, 0.026941106961247595, 0.015956951012915267]}, "coverage": {"706_sleuth_case1202": [0.047368421052631504, 0.21578947368421053, 0.16315789473684217, 0.12222222222222223, 0.011111111111111183]}, "complexity": {"706_sleuth_case1202": [6, 16, 9, 5, 10]}, "time_all": {"706_sleuth_case1202": [84.80188035964966, 71.32034921646118, 68.31235241889954, 69.30243587493896, 70.07353210449219]}, "time_fit": {"706_sleuth_case1202": [84.80188035964966, 71.32034921646118, 68.31235241889954, 69.30243587493896, 70.07353210449219]}, "sizes": {"706_sleuth_case1202": []}, "tau": 0.9}, "LightGBM": {"losses": {"706_sleuth_case1202": [0.02507216011067906, 0.034583891198075624, 0.03281705877247571, 0.02834882972556222, 0.04293121774559713]}, "coverage": {"706_sleuth_case1202": [0.0052631578947368585, 0.047368421052631504, 0.0052631578947368585, 0.011111111111111183, 0.011111111111111183]}, "time_all": {"706_sleuth_case1202": [0.11358809471130371, 0.07787513732910156, 0.06488370895385742, 0.07916522026062012, 0.07072567939758301]}, "time_fit": {"706_sleuth_case1202": [0.014523983001708984, 0.017498493194580078, 0.013921022415161133, 0.017937183380126953, 0.0162656307220459]}, "sizes": {"706_sleuth_case1202": []}, "tau": 0.9}, "DecisionTree": {"losses": {"706_sleuth_case1202": [0.026488465257632272, 0.029875673435557398, 0.025576737118386515, 0.016867891513560804, 0.034449547973170014]}, "coverage": {"706_sleuth_case1202": [0.0052631578947368585, 0.05789473684210533, 0.047368421052631504, 0.0444444444444444, 0.06666666666666665]}, "complexity": {"706_sleuth_case1202": [3, 5, 5, 11, 3]}, "time_all": {"706_sleuth_case1202": [0.0316927433013916, 0.03107142448425293, 0.0302886962890625, 0.031854867935180664, 0.02924513816833496]}, "time_fit": {"706_sleuth_case1202": [0.0017719268798828125, 0.0018019676208496094, 0.0018439292907714844, 0.002312898635864258, 0.0016226768493652344]}, "sizes": {"706_sleuth_case1202": []}, "tau": 0.9}, "LinearQuantile": {"losses": {"706_sleuth_case1202": [0.016671518057014754, 0.024329620610700865, 0.03313938548240853, 0.019941931809363538, 0.026606691187226795]}, "coverage": {"706_sleuth_case1202": [0.0052631578947368585, 0.1105263157894737, 0.1105263157894737, 0.0444444444444444, 0.1777777777777778]}, "complexity": {"706_sleuth_case1202": [11, 11, 11, 11, 11]}, "time_all": {"706_sleuth_case1202": [0.125626802444458, 0.1915125846862793, 0.3002605438232422, 0.3217158317565918, 3.7756290435791016]}, "time_fit": {"706_sleuth_case1202": [0.01047062873840332, 0.016079425811767578, 0.024820804595947266, 0.02660226821899414, 0.3939168453216553]}, "sizes": {"706_sleuth_case1202": []}, "tau": 0.9}}