{"SQR": {"losses": {"596_fri_c2_250_5": [0.017285914708364932, 0.013493795002969948, 0.015621372493462411, 0.01170359102465096, 0.009814520764134747]}, "coverage": {"596_fri_c2_250_5": [0.06000000000000005, 0.05999999999999994, 0.06000000000000005, 0.020000000000000018, 0.039999999999999925]}, "complexity": {"596_fri_c2_250_5": [10, 11, 12, 12, 13]}, "time_all": {"596_fri_c2_250_5": [94.92513275146484, 76.23931932449341, 78.4239022731781, 70.73558115959167, 75.43635630607605]}, "time_fit": {"596_fri_c2_250_5": [94.92513275146484, 76.23931932449341, 78.4239022731781, 70.73558115959167, 75.43635630607605]}, "sizes": {"596_fri_c2_250_5": []}, "tau": 0.9}, "LightGBM": {"losses": {"596_fri_c2_250_5": [0.032366514084878006, 0.02259386352875769, 0.027522701440612345, 0.027646141882117788, 0.021680170490210468]}, "coverage": {"596_fri_c2_250_5": [0.12, 0.040000000000000036, 0.040000000000000036, 0.020000000000000018, 0.020000000000000018]}, "time_all": {"596_fri_c2_250_5": [0.17714476585388184, 0.1476438045501709, 0.13135743141174316, 0.1282052993774414, 0.12677645683288574]}, "time_fit": {"596_fri_c2_250_5": [0.0296173095703125, 0.034644126892089844, 0.029948711395263672, 0.030122041702270508, 0.029081106185913086]}, "sizes": {"596_fri_c2_250_5": []}, "tau": 0.9}, "DecisionTree": {"losses": {"596_fri_c2_250_5": [0.03496817877038302, 0.019746093861717506, 0.029988613037617542, 0.026149405987337664, 0.0203909699803361]}, "coverage": {"596_fri_c2_250_5": [0.18000000000000005, 0.05999999999999994, 0.18000000000000005, 0.020000000000000018, 0.020000000000000018]}, "complexity": {"596_fri_c2_250_5": [15, 9, 37, 9, 7]}, "time_all": {"596_fri_c2_250_5": [0.04674792289733887, 0.04693126678466797, 0.04815030097961426, 0.045787811279296875, 0.04523921012878418]}, "time_fit": {"596_fri_c2_250_5": [0.0029921531677246094, 0.0024576187133789062, 0.004669666290283203, 0.002435445785522461, 0.0022995471954345703]}, "sizes": {"596_fri_c2_250_5": []}, "tau": 0.9}, "LinearQuantile": {"losses": {"596_fri_c2_250_5": [0.09537767576482681, 0.08559104627894544, 0.08781585707729829, 0.06413495567647833, 0.09428282941144583]}, "coverage": {"596_fri_c2_250_5": [0.38, 0.42000000000000004, 0.4, 0.26, 0.52]}, "complexity": {"596_fri_c2_250_5": [5, 5, 5, 5, 5]}, "time_all": {"596_fri_c2_250_5": [0.0868837833404541, 0.17098116874694824, 0.2552502155303955, 0.23308730125427246, 0.15241718292236328]}, "time_fit": {"596_fri_c2_250_5": [0.00690460205078125, 0.014801263809204102, 0.021979808807373047, 0.02058553695678711, 0.01316213607788086]}, "sizes": {"596_fri_c2_250_5": []}, "tau": 0.9}}