{"SQR": {"losses": {"609_fri_c0_1000_5": [0.010985904553975405, 0.010541530450374016, 0.007011865670597195, 0.00748207868716558, 0.010732384510105471]}, "coverage": {"609_fri_c0_1000_5": [0.010000000000000009, 0.07500000000000007, 0.0050000000000000044, 0.010000000000000009, 0.040000000000000036]}, "complexity": {"609_fri_c0_1000_5": [11, 9, 13, 12, 9]}, "time_all": {"609_fri_c0_1000_5": [102.49055743217468, 91.59988713264465, 91.533536195755, 90.65136003494263, 91.65354466438293]}, "time_fit": {"609_fri_c0_1000_5": [102.49055743217468, 91.59988713264465, 91.533536195755, 90.65136003494263, 91.65354466438293]}, "sizes": {"609_fri_c0_1000_5": []}, "tau": 0.9}, "LightGBM": {"losses": {"609_fri_c0_1000_5": [0.021116423028491055, 0.021987380885169883, 0.018016620424565487, 0.0207266612222613, 0.019379958185681462]}, "coverage": {"609_fri_c0_1000_5": [0.040000000000000036, 0.030000000000000027, 0.020000000000000018, 0.040000000000000036, 0.0]}, "time_all": {"609_fri_c0_1000_5": [0.3587498664855957, 0.2976062297821045, 0.32851219177246094, 0.31470274925231934, 0.3013336658477783]}, "time_fit": {"609_fri_c0_1000_5": [0.06986188888549805, 0.06657195091247559, 0.06846141815185547, 0.06482529640197754, 0.06530237197875977]}, "sizes": {"609_fri_c0_1000_5": []}, "tau": 0.9}, "DecisionTree": {"losses": {"609_fri_c0_1000_5": [0.021522192527828478, 0.020951882159275823, 0.017788848984234343, 0.02211388242715255, 0.016724342233359703]}, "coverage": {"609_fri_c0_1000_5": [0.030000000000000027, 0.11499999999999999, 0.015000000000000013, 0.07000000000000006, 0.030000000000000027]}, "complexity": {"609_fri_c0_1000_5": [25, 61, 67, 63, 63]}, "time_all": {"609_fri_c0_1000_5": [0.12596535682678223, 0.12844467163085938, 0.12773799896240234, 0.12891054153442383, 0.12980890274047852]}, "time_fit": {"609_fri_c0_1000_5": [0.006098508834838867, 0.009246110916137695, 0.00956583023071289, 0.009323835372924805, 0.009477615356445312]}, "sizes": {"609_fri_c0_1000_5": []}, "tau": 0.9}, "LinearQuantile": {"losses": {"609_fri_c0_1000_5": [0.04032741613720165, 0.04498860688071328, 0.034315986836850255, 0.043355567710139424, 0.03530727358050141]}, "coverage": {"609_fri_c0_1000_5": [0.41000000000000003, 0.44, 0.32000000000000006, 0.445, 0.405]}, "complexity": {"609_fri_c0_1000_5": [5, 5, 5, 5, 5]}, "time_all": {"609_fri_c0_1000_5": [0.44231176376342773, 0.440082311630249, 0.242570161819458, 0.17988204956054688, 0.5391702651977539]}, "time_fit": {"609_fri_c0_1000_5": [0.03906702995300293, 0.037656307220458984, 0.021494388580322266, 0.015619039535522461, 0.045243024826049805]}, "sizes": {"609_fri_c0_1000_5": []}, "tau": 0.9}}