{"SQR": {"losses": {"527_analcatdata_election2000": [0.0, 0.0, 0.0, 0.0, 0.0]}, "coverage": {"527_analcatdata_election2000": [0.09999999999999998, 0.09999999999999998, 0.09999999999999998, 0.09999999999999998, 0.09999999999999998]}, "complexity": {"527_analcatdata_election2000": [15, 15, 19, 18, 18]}, "time_all": {"527_analcatdata_election2000": [77.9236695766449, 65.42301440238953, 63.19394254684448, 63.5542106628418, 63.375221967697144]}, "time_fit": {"527_analcatdata_election2000": [77.9236695766449, 65.42301440238953, 63.19394254684448, 63.5542106628418, 63.375221967697144]}, "sizes": {"527_analcatdata_election2000": []}, "tau": 0.9}, "LightGBM": {"losses": {"527_analcatdata_election2000": [0.09131087853320677, 0.014995553214059704, 0.014330981525265737, 0.029258181522249876, 0.02242656017608726]}, "coverage": {"527_analcatdata_election2000": [0.11428571428571432, 0.04285714285714293, 0.09999999999999998, 0.05384615384615388, 0.09999999999999998]}, "time_all": {"527_analcatdata_election2000": [0.10818195343017578, 0.059988975524902344, 0.05954146385192871, 0.05922365188598633, 0.05851030349731445]}, "time_fit": {"527_analcatdata_election2000": [0.012965917587280273, 0.012605428695678711, 0.012286901473999023, 0.012378692626953125, 0.01235818862915039]}, "sizes": {"527_analcatdata_election2000": []}, "tau": 0.9}, "DecisionTree": {"losses": {"527_analcatdata_election2000": [0.04925944128202184, 0.0029391728485135783, 0.012703206108696994, 0.006282995877945713, 0.013149145775542477]}, "coverage": {"527_analcatdata_election2000": [0.4, 0.04285714285714293, 0.05384615384615388, 0.20769230769230773, 0.13076923076923075]}, "complexity": {"527_analcatdata_election2000": [19, 9, 9, 21, 19]}, "time_all": {"527_analcatdata_election2000": [0.03139066696166992, 0.030051231384277344, 0.02918696403503418, 0.029940366744995117, 0.029086828231811523]}, "time_fit": {"527_analcatdata_election2000": [0.003117084503173828, 0.0023314952850341797, 0.0022535324096679688, 0.0031871795654296875, 0.0030002593994140625]}, "sizes": {"527_analcatdata_election2000": []}, "tau": 0.9}, "LinearQuantile": {"losses": {"527_analcatdata_election2000": [7.74758096227033e-13, 2.385079801897757e-13, 1.1037100967201342e-12, 1.876549724941228e-11, 3.283860095002843e-14]}, "coverage": {"527_analcatdata_election2000": [0.8285714285714286, 0.09999999999999998, 0.9, 0.9, 0.2846153846153846]}, "complexity": {"527_analcatdata_election2000": [14, 14, 14, 14, 14]}, "time_all": {"527_analcatdata_election2000": [0.03414511680603027, 0.02948307991027832, 0.02866196632385254, 0.028446197509765625, 0.028022289276123047]}, "time_fit": {"527_analcatdata_election2000": [0.0021195411682128906, 0.002093791961669922, 0.002016782760620117, 0.002003192901611328, 0.001970529556274414]}, "sizes": {"527_analcatdata_election2000": []}, "tau": 0.9}}