{"SQR": {"losses": {"505_tecator": [0.0029803236295999043, 0.0030852236292158454, 0.0028326348924253455, 0.0020814554943592214, 0.0019947143418308512]}, "coverage": {"505_tecator": [0.10833333333333339, 0.016666666666666607, 0.04583333333333339, 0.04583333333333339, 0.05833333333333335]}, "complexity": {"505_tecator": [5, 5, 5, 8, 5]}, "time_all": {"505_tecator": [92.45887756347656, 75.70094752311707, 77.7955801486969, 79.37597966194153, 76.91489934921265]}, "time_fit": {"505_tecator": [92.45887756347656, 75.70094752311707, 77.7955801486969, 79.37597966194153, 76.91489934921265]}, "sizes": {"505_tecator": []}, "tau": 0.9}, "LightGBM": {"losses": {"505_tecator": [0.026274070600867526, 0.023500298015549925, 0.02202255867177393, 0.027056189165898414, 0.027988965068823025]}, "coverage": {"505_tecator": [0.05833333333333335, 0.004166666666666652, 0.05833333333333335, 0.004166666666666652, 0.07916666666666661]}, "time_all": {"505_tecator": [0.16832995414733887, 0.13365745544433594, 0.11371564865112305, 0.13740849494934082, 0.11919331550598145]}, "time_fit": {"505_tecator": [0.026314973831176758, 0.02897500991821289, 0.023699522018432617, 0.029394865036010742, 0.026275157928466797]}, "sizes": {"505_tecator": []}, "tau": 0.9}, "DecisionTree": {"losses": {"505_tecator": [0.005736039923199333, 0.0049005359925603405, 0.010092231520171973, 0.007222583432520745, 0.006054324643870888]}, "coverage": {"505_tecator": [0.025000000000000022, 0.016666666666666607, 0.1708333333333334, 0.10833333333333339, 0.04583333333333339]}, "complexity": {"505_tecator": [35, 33, 73, 35, 33]}, "time_all": {"505_tecator": [0.13474798202514648, 0.1384263038635254, 0.14241766929626465, 0.13739728927612305, 0.13515734672546387]}, "time_fit": {"505_tecator": [0.015587806701660156, 0.015534400939941406, 0.022487163543701172, 0.015512466430664062, 0.01532435417175293]}, "sizes": {"505_tecator": []}, "tau": 0.9}, "LinearQuantile": {"losses": {"505_tecator": [0.003121103727164935, 0.002320295401687702, 0.004981988924921542, 0.003764145026796433, 0.001343279609035193]}, "coverage": {"505_tecator": [0.275, 0.08750000000000002, 0.15000000000000002, 0.21250000000000002, 0.025000000000000022]}, "complexity": {"505_tecator": [124, 124, 124, 124, 124]}, "time_all": {"505_tecator": [217.55324816703796, 194.2934319972992, 218.61239957809448, 212.42613744735718, 196.94911074638367]}, "time_fit": {"505_tecator": [23.94024634361267, 7.354475498199463, 24.06968092918396, 20.568305015563965, 7.497683763504028]}, "sizes": {"505_tecator": []}, "tau": 0.9}}