{"SQR": {"losses": {"1193_BNG_lowbwt": [0.019705986866021624, 0.01917098322968036, 0.01904587706026485, 0.01914444233313329, 0.01910118991095686]}, "coverage": {"1193_BNG_lowbwt": [0.002234367465037801, 0.0014306381610673657, 0.003038096769008236, 0.001784279054814264, 0.004180064308681675]}, "complexity": {"1193_BNG_lowbwt": [3, 3, 3, 3, 3]}, "time_all": {"1193_BNG_lowbwt": [548.4433987140656, 537.26478266716, 543.611159324646, 571.7877788543701, 528.1184601783752]}, "time_fit": {"1193_BNG_lowbwt": [548.4433987140656, 537.26478266716, 543.611159324646, 571.7877788543701, 528.1184601783752]}, "sizes": {"1193_BNG_lowbwt": []}, "tau": 0.9}, "LightGBM": {"losses": {"1193_BNG_lowbwt": [0.018685568744701567, 0.018074916946685175, 0.018144998890079193, 0.01824656525299991, 0.018345886794432973]}, "coverage": {"1193_BNG_lowbwt": [0.016251406526281875, 0.022681240958045357, 0.024610191287574357, 0.021395274071692616, 0.020739549839228322]}, "time_all": {"1193_BNG_lowbwt": [2.005340814590454, 2.2847089767456055, 2.379107713699341, 2.3601391315460205, 1.6197926998138428]}, "time_fit": {"1193_BNG_lowbwt": [0.2957925796508789, 0.3025031089782715, 0.2967526912689209, 0.25586509704589844, 0.24353909492492676]}, "sizes": {"1193_BNG_lowbwt": []}, "tau": 0.9}, "DecisionTree": {"losses": {"1193_BNG_lowbwt": [0.019185093286988888, 0.018442343315162986, 0.018836890779217245, 0.01855632709656452, 0.018716767022332798]}, "coverage": {"1193_BNG_lowbwt": [0.025221025558591847, 0.024578042115415588, 0.027792959331297218, 0.021041633177945718, 0.021061093247588425]}, "complexity": {"1193_BNG_lowbwt": [871, 789, 793, 793, 863]}, "time_all": {"1193_BNG_lowbwt": [2.3452677726745605, 2.2963454723358154, 2.295224905014038, 2.2941019535064697, 2.308948278427124]}, "time_fit": {"1193_BNG_lowbwt": [0.12526416778564453, 0.1201469898223877, 0.12105393409729004, 0.12022805213928223, 0.12487196922302246]}, "sizes": {"1193_BNG_lowbwt": []}, "tau": 0.9}, "LinearQuantile": {"losses": {"1193_BNG_lowbwt": [0.0186794099159748, 0.018038357058290204, 0.018162112346960784, 0.018216168850514355, 0.018214313924657784]}, "coverage": {"1193_BNG_lowbwt": [0.005288538820125366, 1.607458607943979e-05, 0.0011412956116380046, 0.001269892300273301, 0.0009646302250803096]}, "complexity": {"1193_BNG_lowbwt": [23, 23, 23, 23, 23]}, "time_all": {"1193_BNG_lowbwt": [228.47018766403198, 17.888049125671387, 12.267412662506104, 13.882711172103882, 54.17474865913391]}, "time_fit": {"1193_BNG_lowbwt": [30.646646738052368, 0.9281659126281738, 1.085803747177124, 1.1950039863586426, 3.667506217956543]}, "sizes": {"1193_BNG_lowbwt": []}, "tau": 0.9}}