{"SQR": {"losses": {"631_fri_c1_500_5": [0.009459978212371047, 0.009551546812993241, 0.008693140960713183, 0.005684266262395526, 0.005248988904406354]}, "coverage": {"631_fri_c1_500_5": [0.10999999999999999, 0.010000000000000009, 0.010000000000000009, 0.010000000000000009, 0.040000000000000036]}, "complexity": {"631_fri_c1_500_5": [17, 12, 15, 14, 16]}, "time_all": {"631_fri_c1_500_5": [106.24915957450867, 89.55946254730225, 92.99503302574158, 100.80253744125366, 94.27440166473389]}, "time_fit": {"631_fri_c1_500_5": [106.24915957450867, 89.55946254730225, 92.99503302574158, 100.80253744125366, 94.27440166473389]}, "sizes": {"631_fri_c1_500_5": []}, "tau": 0.9}, "LightGBM": {"losses": {"631_fri_c1_500_5": [0.023700785964070544, 0.02079134065020138, 0.023319008915872103, 0.02207771937329101, 0.023533075468224033]}, "coverage": {"631_fri_c1_500_5": [0.040000000000000036, 0.010000000000000009, 0.010000000000000009, 0.0, 0.08000000000000007]}, "time_all": {"631_fri_c1_500_5": [0.23444151878356934, 0.216353178024292, 0.21436429023742676, 0.19192099571228027, 0.21418094635009766]}, "time_fit": {"631_fri_c1_500_5": [0.04222750663757324, 0.042458295822143555, 0.04230213165283203, 0.04305911064147949, 0.041712284088134766]}, "sizes": {"631_fri_c1_500_5": []}, "tau": 0.9}, "DecisionTree": {"losses": {"631_fri_c1_500_5": [0.019199319918033773, 0.024892004066951152, 0.021101556021509905, 0.017283135492882025, 0.02498437938762462]}, "coverage": {"631_fri_c1_500_5": [0.020000000000000018, 0.06000000000000005, 0.050000000000000044, 0.07000000000000006, 0.040000000000000036]}, "complexity": {"631_fri_c1_500_5": [17, 17, 29, 69, 11]}, "time_all": {"631_fri_c1_500_5": [0.07439661026000977, 0.07106924057006836, 0.07260823249816895, 0.07509875297546387, 0.07103562355041504]}, "time_fit": {"631_fri_c1_500_5": [0.0038242340087890625, 0.0037343502044677734, 0.004883289337158203, 0.008126258850097656, 0.0032088756561279297]}, "sizes": {"631_fri_c1_500_5": []}, "tau": 0.9}, "LinearQuantile": {"losses": {"631_fri_c1_500_5": [0.08291092608917426, 0.07116668692054152, 0.06625461223046228, 0.06845582541558906, 0.07876298416149768]}, "coverage": {"631_fri_c1_500_5": [0.41000000000000003, 0.36, 0.39, 0.37, 0.42000000000000004]}, "complexity": {"631_fri_c1_500_5": [5, 5, 5, 5, 5]}, "time_all": {"631_fri_c1_500_5": [0.22350811958312988, 0.1273648738861084, 0.4973878860473633, 0.3283200263977051, 0.22374987602233887]}, "time_fit": {"631_fri_c1_500_5": [0.019334793090820312, 0.011009693145751953, 0.04194831848144531, 0.02931976318359375, 0.019503116607666016]}, "sizes": {"631_fri_c1_500_5": []}, "tau": 0.9}}