{"SQR": {"losses": {"635_fri_c0_250_10": [0.031054976009554338, 0.032906497514795026, 0.03286212496145341, 0.029382317147206034, 0.028398807916578617]}, "coverage": {"635_fri_c0_250_10": [0.03999999999999998, 0.06, 0.06, 0.03999999999999998, 0.03999999999999998]}, "complexity": {"635_fri_c0_250_10": [10, 9, 14, 9, 9]}, "time_all": {"635_fri_c0_250_10": [90.72973775863647, 77.1442883014679, 79.69556784629822, 74.13884115219116, 73.68308067321777]}, "time_fit": {"635_fri_c0_250_10": [90.72973775863647, 77.1442883014679, 79.69556784629822, 74.13884115219116, 73.68308067321777]}, "sizes": {"635_fri_c0_250_10": []}, "tau": 0.5}, "LightGBM": {"losses": {"635_fri_c0_250_10": [0.04807780463169818, 0.052476725114992566, 0.042514428840052056, 0.04428713341874916, 0.05061182500130854]}, "coverage": {"635_fri_c0_250_10": [0.09999999999999998, 0.020000000000000018, 0.03999999999999998, 0.020000000000000018, 0.020000000000000018]}, "time_all": {"635_fri_c0_250_10": [0.18569684028625488, 0.14383769035339355, 0.13701272010803223, 0.14514374732971191, 0.16222906112670898]}, "time_fit": {"635_fri_c0_250_10": [0.03505134582519531, 0.03297543525695801, 0.03223848342895508, 0.03413128852844238, 0.03760194778442383]}, "sizes": {"635_fri_c0_250_10": []}, "tau": 0.5}, "DecisionTree": {"losses": {"635_fri_c0_250_10": [0.05503714585770633, 0.05409506195828307, 0.05182082786322674, 0.05086761285765035, 0.056371572294319126]}, "coverage": {"635_fri_c0_250_10": [0.06000000000000005, 0.06, 0.040000000000000036, 0.040000000000000036, 0.040000000000000036]}, "complexity": {"635_fri_c0_250_10": [33, 15, 79, 15, 15]}, "time_all": {"635_fri_c0_250_10": [0.05444622039794922, 0.0518794059753418, 0.05544018745422363, 0.050818681716918945, 0.05040717124938965]}, "time_fit": {"635_fri_c0_250_10": [0.005131244659423828, 0.0034198760986328125, 0.008511066436767578, 0.0034308433532714844, 0.0034341812133789062]}, "sizes": {"635_fri_c0_250_10": []}, "tau": 0.5}, "LinearQuantile": {"losses": {"635_fri_c0_250_10": [0.05567713968448191, 0.05190056892271078, 0.04597582827522586, 0.04490638955563335, 0.04838359870200505]}, "coverage": {"635_fri_c0_250_10": [0.040000000000000036, 0.14, 0.020000000000000018, 0.0, 0.06]}, "complexity": {"635_fri_c0_250_10": [10, 10, 10, 10, 10]}, "time_all": {"635_fri_c0_250_10": [0.8099484443664551, 0.24137139320373535, 0.23333954811096191, 0.3392350673675537, 0.24425911903381348]}, "time_fit": {"635_fri_c0_250_10": [0.07271742820739746, 0.02147960662841797, 0.020501375198364258, 0.028904199600219727, 0.021055936813354492]}, "sizes": {"635_fri_c0_250_10": []}, "tau": 0.5}}