{"SQR": {"losses": {"613_fri_c3_250_5": [0.019667176943743373, 0.029427751591112414, 0.019074828162461848, 0.025978943177047853, 0.021549889097689557]}, "coverage": {"613_fri_c3_250_5": [0.18, 0.06, 0.07999999999999996, 0.06, 0.06]}, "complexity": {"613_fri_c3_250_5": [12, 8, 14, 10, 11]}, "time_all": {"613_fri_c3_250_5": [90.97194075584412, 77.05029535293579, 77.34528255462646, 75.36676120758057, 78.00312447547913]}, "time_fit": {"613_fri_c3_250_5": [90.97194075584412, 77.05029535293579, 77.34528255462646, 75.36676120758057, 78.00312447547913]}, "sizes": {"613_fri_c3_250_5": []}, "tau": 0.5}, "LightGBM": {"losses": {"613_fri_c3_250_5": [0.04038179753586549, 0.041946895547793246, 0.04022054637940068, 0.03750549598975663, 0.0332325262284176]}, "coverage": {"613_fri_c3_250_5": [0.0, 0.09999999999999998, 0.06000000000000005, 0.020000000000000018, 0.15999999999999998]}, "time_all": {"613_fri_c3_250_5": [0.184495210647583, 0.13318824768066406, 0.14404559135437012, 0.1664266586303711, 0.13870024681091309]}, "time_fit": {"613_fri_c3_250_5": [0.03397727012634277, 0.03130960464477539, 0.035511016845703125, 0.04122161865234375, 0.0322568416595459]}, "sizes": {"613_fri_c3_250_5": []}, "tau": 0.5}, "DecisionTree": {"losses": {"613_fri_c3_250_5": [0.04220445084825778, 0.03919346097847045, 0.05072505134707226, 0.043321839712150444, 0.0411318475789626]}, "coverage": {"613_fri_c3_250_5": [0.040000000000000036, 0.020000000000000018, 0.07999999999999996, 0.07999999999999996, 0.12]}, "complexity": {"613_fri_c3_250_5": [37, 81, 83, 79, 33]}, "time_all": {"613_fri_c3_250_5": [0.0497899055480957, 0.05101346969604492, 0.050174713134765625, 0.0513157844543457, 0.047176361083984375]}, "time_fit": {"613_fri_c3_250_5": [0.004744291305541992, 0.007992744445800781, 0.008060932159423828, 0.0077056884765625, 0.0044062137603759766]}, "sizes": {"613_fri_c3_250_5": []}, "tau": 0.5}, "LinearQuantile": {"losses": {"613_fri_c3_250_5": [0.06007721586339015, 0.07444114151514127, 0.06621023852692999, 0.06555855687827594, 0.05290093865436086]}, "coverage": {"613_fri_c3_250_5": [0.08000000000000002, 0.020000000000000018, 0.040000000000000036, 0.06, 0.020000000000000018]}, "complexity": {"613_fri_c3_250_5": [5, 5, 5, 5, 5]}, "time_all": {"613_fri_c3_250_5": [0.0885932445526123, 0.17620015144348145, 0.6726019382476807, 0.1366124153137207, 0.22011470794677734]}, "time_fit": {"613_fri_c3_250_5": [0.007034778594970703, 0.015189170837402344, 0.05141282081604004, 0.011982440948486328, 0.0191342830657959]}, "sizes": {"613_fri_c3_250_5": []}, "tau": 0.5}}