{"SQR": {"losses": {"542_pollution": [0.02810713093616167, 0.02597543434933421, 0.023702889767989545, 0.04696809028380322, 0.03839925427989853]}, "coverage": {"542_pollution": [0.016666666666666607, 0.06666666666666665, 0.15000000000000002, 0.15000000000000002, 0.06666666666666665]}, "complexity": {"542_pollution": [15, 10, 17, 12, 8]}, "time_all": {"542_pollution": [79.62430143356323, 64.82933950424194, 64.94829106330872, 65.92305612564087, 65.77866339683533]}, "time_fit": {"542_pollution": [79.62430143356323, 64.82933950424194, 64.94829106330872, 65.92305612564087, 65.77866339683533]}, "sizes": {"542_pollution": []}, "tau": 0.9}, "LightGBM": {"losses": {"542_pollution": [0.04850448261672113, 0.03233391782632777, 0.028404740058470178, 0.018128764504955402, 0.021439647037450285]}, "coverage": {"542_pollution": [0.06666666666666665, 0.15000000000000002, 0.016666666666666607, 0.016666666666666607, 0.016666666666666607]}, "time_all": {"542_pollution": [0.10434365272521973, 0.060631752014160156, 0.05918765068054199, 0.06851434707641602, 0.059824228286743164]}, "time_fit": {"542_pollution": [0.013721942901611328, 0.01267099380493164, 0.004587411880493164, 0.01479482650756836, 0.012548446655273438]}, "sizes": {"542_pollution": []}, "tau": 0.9}, "DecisionTree": {"losses": {"542_pollution": [0.04363540927010589, 0.024723776808007348, 0.021732949000857347, 0.0248287152922843, 0.018572792443488917]}, "coverage": {"542_pollution": [0.06666666666666665, 0.016666666666666607, 0.09999999999999998, 0.06666666666666665, 0.06666666666666665]}, "complexity": {"542_pollution": [7, 7, 3, 7, 3]}, "time_all": {"542_pollution": [0.030567646026611328, 0.026754140853881836, 0.03003406524658203, 0.030313491821289062, 0.028079748153686523]}, "time_fit": {"542_pollution": [0.0022373199462890625, 0.0019462108612060547, 0.0017790794372558594, 0.0021028518676757812, 0.0016880035400390625]}, "sizes": {"542_pollution": []}, "tau": 0.9}, "LinearQuantile": {"losses": {"542_pollution": [0.0292950605618401, 0.04521752089087726, 0.03597380127763947, 0.0341519807310676, 0.08185038027247137]}, "coverage": {"542_pollution": [0.06666666666666665, 0.15000000000000002, 0.06666666666666665, 0.31666666666666665, 0.15000000000000002]}, "complexity": {"542_pollution": [15, 15, 15, 15, 15]}, "time_all": {"542_pollution": [0.19141268730163574, 0.2865002155303955, 4.491500616073608, 1.1289806365966797, 4.024011135101318]}, "time_fit": {"542_pollution": [0.016487836837768555, 0.02332925796508789, 0.519545316696167, 0.07824134826660156, 0.19099783897399902]}, "sizes": {"542_pollution": []}, "tau": 0.9}}