{"SQR": {"losses": {"485_analcatdata_vehicle": [0.08213912961967516, 0.026658328019399075, 0.0473491997368024, 0.037452311075072756, 0.12090469385551748]}, "coverage": {"485_analcatdata_vehicle": [0.09999999999999998, 0.09999999999999998, 0.19999999999999996, 0.2777777777777778, 0.16666666666666669]}, "complexity": {"485_analcatdata_vehicle": [15, 21, 9, 17, 12]}, "time_all": {"485_analcatdata_vehicle": [78.61509966850281, 64.18774795532227, 62.34438753128052, 65.07452630996704, 64.57934403419495]}, "time_fit": {"485_analcatdata_vehicle": [78.61509966850281, 64.18774795532227, 62.34438753128052, 65.07452630996704, 64.57934403419495]}, "sizes": {"485_analcatdata_vehicle": []}, "tau": 0.5}, "LightGBM": {"losses": {"485_analcatdata_vehicle": [0.11625230202578268, 0.10211786372007367, 0.08743093922651934, 0.11535706977695927, 0.15080826683036627]}, "coverage": {"485_analcatdata_vehicle": [0.09999999999999998, 0.4, 0.0, 0.16666666666666669, 0.16666666666666669]}, "time_all": {"485_analcatdata_vehicle": [0.0775763988494873, 0.033446311950683594, 0.03515052795410156, 0.0350492000579834, 0.03444385528564453]}, "time_fit": {"485_analcatdata_vehicle": [0.004079103469848633, 0.004086017608642578, 0.004389762878417969, 0.00433349609375, 0.004334211349487305]}, "sizes": {"485_analcatdata_vehicle": []}, "tau": 0.5}, "DecisionTree": {"losses": {"485_analcatdata_vehicle": [0.07863720073664826, 0.02265193370165746, 0.037476979742173115, 0.06650296705545325, 0.09069981583793739]}, "coverage": {"485_analcatdata_vehicle": [0.09999999999999998, 0.0, 0.0, 0.05555555555555558, 0.16666666666666669]}, "complexity": {"485_analcatdata_vehicle": [13, 13, 13, 7, 13]}, "time_all": {"485_analcatdata_vehicle": [0.029237985610961914, 0.028563261032104492, 0.027874231338500977, 0.027350425720214844, 0.027295589447021484]}, "time_fit": {"485_analcatdata_vehicle": [0.002438783645629883, 0.0024700164794921875, 0.0022788047790527344, 0.0018463134765625, 0.0022497177124023438]}, "sizes": {"485_analcatdata_vehicle": []}, "tau": 0.5}, "LinearQuantile": {"losses": {"485_analcatdata_vehicle": [0.08232596189308479, 0.049130554022147395, 0.0471280681096278, 0.050997294287851144, 0.08931860008716976]}, "coverage": {"485_analcatdata_vehicle": [0.09999999999999998, 0.30000000000000004, 0.09999999999999998, 0.05555555555555558, 0.05555555555555558]}, "complexity": {"485_analcatdata_vehicle": [12, 12, 12, 12, 12]}, "time_all": {"485_analcatdata_vehicle": [0.06279182434082031, 0.07213640213012695, 0.05145597457885742, 0.055830955505371094, 0.13974571228027344]}, "time_fit": {"485_analcatdata_vehicle": [0.004760265350341797, 0.005889892578125, 0.004079580307006836, 0.0044634342193603516, 0.011680841445922852]}, "sizes": {"485_analcatdata_vehicle": []}, "tau": 0.5}}