{"SQR": {"losses": {"560_bodyfat": [0.0006007856704503193, 0.0017713968165791896, 0.004657503064599378, 0.0021485726178477145, 0.0003195554479976812]}, "coverage": {"560_bodyfat": [0.02941176470588236, 0.10784313725490197, 0.06000000000000005, 0.06, 0.14]}, "complexity": {"560_bodyfat": [10, 9, 4, 10, 10]}, "time_all": {"560_bodyfat": [93.19298267364502, 84.0200502872467, 73.5000650882721, 78.78661870956421, 79.91692471504211]}, "time_fit": {"560_bodyfat": [93.19298267364502, 84.0200502872467, 73.5000650882721, 78.78661870956421, 79.91692471504211]}, "sizes": {"560_bodyfat": []}, "tau": 0.5}, "LightGBM": {"losses": {"560_bodyfat": [0.007387417991616346, 0.015801926367918207, 0.008136193256368527, 0.016401345555053008, 0.014209140467340382]}, "coverage": {"560_bodyfat": [0.04901960784313725, 0.06862745098039214, 0.03999999999999998, 0.020000000000000018, 0.07999999999999996]}, "time_all": {"560_bodyfat": [0.1710803508758545, 0.12619829177856445, 0.1501309871673584, 0.14927077293395996, 0.15334224700927734]}, "time_fit": {"560_bodyfat": [0.030600309371948242, 0.030112266540527344, 0.033960819244384766, 0.033206939697265625, 0.03758668899536133]}, "sizes": {"560_bodyfat": []}, "tau": 0.5}, "DecisionTree": {"losses": {"560_bodyfat": [0.004189886077392706, 0.008926729668773727, 0.006210526115015932, 0.006357894608848974, 0.003894736189591258]}, "coverage": {"560_bodyfat": [0.06862745098039214, 0.0490196078431373, 0.06, 0.040000000000000036, 0.0]}, "complexity": {"560_bodyfat": [75, 81, 79, 83, 81]}, "time_all": {"560_bodyfat": [0.057579994201660156, 0.05728411674499512, 0.056921958923339844, 0.05654191970825195, 0.0599825382232666]}, "time_fit": {"560_bodyfat": [0.008714914321899414, 0.008800506591796875, 0.00876927375793457, 0.009057998657226562, 0.00882720947265625]}, "sizes": {"560_bodyfat": []}, "tau": 0.5}, "LinearQuantile": {"losses": {"560_bodyfat": [0.027682196836679898, 0.03764171496045298, 0.043789624331134834, 0.03387752863581792, 0.031448714327970986]}, "coverage": {"560_bodyfat": [0.08823529411764708, 0.06862745098039214, 0.14, 0.06, 0.14]}, "complexity": {"560_bodyfat": [14, 14, 14, 14, 14]}, "time_all": {"560_bodyfat": [0.8849923610687256, 3.085810661315918, 0.38411378860473633, 0.4628424644470215, 0.6414158344268799]}, "time_fit": {"560_bodyfat": [0.07887744903564453, 0.26960062980651855, 0.034981489181518555, 0.04141640663146973, 0.05744576454162598]}, "sizes": {"560_bodyfat": []}, "tau": 0.5}}