{"SQR": {"losses": {"557_analcatdata_apnea1": [0.006347798825786971, 0.00955342970174474, 0.009665403071467347, 0.006551106516775005, 0.007976476818459607]}, "coverage": {"557_analcatdata_apnea1": [0.13157894736842102, 0.13157894736842102, 0.0368421052631579, 0.14210526315789473, 0.1105263157894737]}, "complexity": {"557_analcatdata_apnea1": [10, 3, 6, 8, 8]}, "time_all": {"557_analcatdata_apnea1": [107.95571255683899, 93.38892078399658, 81.24184894561768, 91.48805356025696, 87.70683479309082]}, "time_fit": {"557_analcatdata_apnea1": [107.95571255683899, 93.38892078399658, 81.24184894561768, 91.48805356025696, 87.70683479309082]}, "sizes": {"557_analcatdata_apnea1": []}, "tau": 0.5}, "LightGBM": {"losses": {"557_analcatdata_apnea1": [0.020780767629590195, 0.01737076935755106, 0.01358374596970457, 0.01332673752832207, 0.012529137927089734]}, "coverage": {"557_analcatdata_apnea1": [0.09999999999999998, 0.15263157894736845, 0.05789473684210522, 0.23684210526315785, 0.12105263157894741]}, "time_all": {"557_analcatdata_apnea1": [0.2459268569946289, 0.19870424270629883, 0.2415943145751953, 0.19360637664794922, 0.21283960342407227]}, "time_fit": {"557_analcatdata_apnea1": [0.0552518367767334, 0.055288076400756836, 0.06789636611938477, 0.053765296936035156, 0.05738067626953125]}, "sizes": {"557_analcatdata_apnea1": []}, "tau": 0.5}, "DecisionTree": {"losses": {"557_analcatdata_apnea1": [0.005684259504562769, 0.006950792445773289, 0.005498698737029113, 0.004445555112772414, 0.0057228855311579575]}, "coverage": {"557_analcatdata_apnea1": [0.17368421052631577, 0.22631578947368425, 0.13157894736842102, 0.24736842105263157, 0.17368421052631577]}, "complexity": {"557_analcatdata_apnea1": [129, 53, 121, 53, 61]}, "time_all": {"557_analcatdata_apnea1": [0.06398653984069824, 0.06019854545593262, 0.06435322761535645, 0.05809450149536133, 0.059808969497680664]}, "time_fit": {"557_analcatdata_apnea1": [0.010895013809204102, 0.005688905715942383, 0.01038980484008789, 0.005730628967285156, 0.006169557571411133]}, "sizes": {"557_analcatdata_apnea1": []}, "tau": 0.5}, "LinearQuantile": {"losses": {"557_analcatdata_apnea1": [0.023437868787469004, 0.019588001020143665, 0.01650388820432486, 0.01551043311584955, 0.01375018314081932]}, "coverage": {"557_analcatdata_apnea1": [0.0368421052631579, 0.09999999999999998, 0.01578947368421052, 0.07894736842105265, 0.04736842105263156]}, "complexity": {"557_analcatdata_apnea1": [11, 11, 11, 11, 11]}, "time_all": {"557_analcatdata_apnea1": [0.16776490211486816, 0.49825191497802734, 0.18854808807373047, 0.2924537658691406, 0.20090079307556152]}, "time_fit": {"557_analcatdata_apnea1": [0.01418304443359375, 0.04366588592529297, 0.016593456268310547, 0.02598118782043457, 0.017408132553100586]}, "sizes": {"557_analcatdata_apnea1": []}, "tau": 0.5}}