{"SQR": {"losses": {"678_visualizing_environmental": [0.026509179334546003, 0.05101528733179243, 0.043720387005994905, 0.033884221991036405, 0.04553792989258804]}, "coverage": {"678_visualizing_environmental": [0.05652173913043479, 0.08181818181818179, 0.21818181818181825, 0.09999999999999998, 0.08181818181818179]}, "complexity": {"678_visualizing_environmental": [9, 10, 8, 6, 13]}, "time_all": {"678_visualizing_environmental": [78.04905843734741, 65.59943127632141, 66.05464220046997, 65.89862823486328, 64.24191164970398]}, "time_fit": {"678_visualizing_environmental": [78.04905843734741, 65.59943127632141, 66.05464220046997, 65.89862823486328, 64.24191164970398]}, "sizes": {"678_visualizing_environmental": []}, "tau": 0.9}, "LightGBM": {"losses": {"678_visualizing_environmental": [0.029420599313380275, 0.027076293950971997, 0.052369888193761, 0.0284559763119914, 0.05457940557828252]}, "coverage": {"678_visualizing_environmental": [0.09999999999999998, 0.054545454545454564, 0.21818181818181825, 0.054545454545454564, 0.12727272727272732]}, "time_all": {"678_visualizing_environmental": [0.13341689109802246, 0.09390115737915039, 0.07727527618408203, 0.07939887046813965, 0.09717416763305664]}, "time_fit": {"678_visualizing_environmental": [0.016799211502075195, 0.019339799880981445, 0.011868000030517578, 0.016203880310058594, 0.0211334228515625]}, "sizes": {"678_visualizing_environmental": []}, "tau": 0.9}, "DecisionTree": {"losses": {"678_visualizing_environmental": [0.02681946933760619, 0.026877469218746296, 0.05266798040873628, 0.02724802232651367, 0.0330928876022176]}, "coverage": {"678_visualizing_environmental": [0.09999999999999998, 0.09999999999999998, 0.17272727272727273, 0.054545454545454564, 0.036363636363636376]}, "complexity": {"678_visualizing_environmental": [3, 3, 1, 3, 3]}, "time_all": {"678_visualizing_environmental": [0.03303265571594238, 0.0338129997253418, 0.031821250915527344, 0.031571149826049805, 0.03133130073547363]}, "time_fit": {"678_visualizing_environmental": [0.0018014907836914062, 0.0017390251159667969, 0.001512765884399414, 0.001669168472290039, 0.0015981197357177734]}, "sizes": {"678_visualizing_environmental": []}, "tau": 0.9}, "LinearQuantile": {"losses": {"678_visualizing_environmental": [0.03161933303946625, 0.03647746443164653, 0.058282489284119186, 0.03478228602175782, 0.054013922943534014]}, "coverage": {"678_visualizing_environmental": [0.05652173913043479, 0.036363636363636376, 0.21818181818181825, 0.09999999999999998, 0.26363636363636367]}, "complexity": {"678_visualizing_environmental": [3, 3, 3, 3, 3]}, "time_all": {"678_visualizing_environmental": [0.1525261402130127, 0.14493632316589355, 0.11424732208251953, 0.09958457946777344, 0.07503938674926758]}, "time_fit": {"678_visualizing_environmental": [0.012842178344726562, 0.012343645095825195, 0.009668827056884766, 0.008309125900268555, 0.006185770034790039]}, "sizes": {"678_visualizing_environmental": []}, "tau": 0.9}}