{"SQR": {"losses": {"612_fri_c1_1000_5": [0.02573764747399894, 0.01926819043500517, 0.01761425188977199, 0.01901588261179686, 0.011443185776250815]}, "coverage": {"612_fri_c1_1000_5": [0.10999999999999999, 0.034999999999999976, 0.040000000000000036, 0.06000000000000005, 0.03999999999999998]}, "complexity": {"612_fri_c1_1000_5": [11, 13, 14, 16, 17]}, "time_all": {"612_fri_c1_1000_5": [110.91865730285645, 101.016930103302, 105.460622549057, 108.82636213302612, 103.30277800559998]}, "time_fit": {"612_fri_c1_1000_5": [110.91865730285645, 101.016930103302, 105.460622549057, 108.82636213302612, 103.30277800559998]}, "sizes": {"612_fri_c1_1000_5": []}, "tau": 0.5}, "LightGBM": {"losses": {"612_fri_c1_1000_5": [0.02847004071390983, 0.03470812896989297, 0.027923250719079397, 0.02892955099443274, 0.032901963249745814]}, "coverage": {"612_fri_c1_1000_5": [0.07, 0.0050000000000000044, 0.0, 0.04500000000000004, 0.040000000000000036]}, "time_all": {"612_fri_c1_1000_5": [0.42492008209228516, 0.3998556137084961, 0.4409830570220947, 0.400205135345459, 0.38045358657836914]}, "time_fit": {"612_fri_c1_1000_5": [0.07568907737731934, 0.07700228691101074, 0.07888340950012207, 0.07657337188720703, 0.07905149459838867]}, "sizes": {"612_fri_c1_1000_5": []}, "tau": 0.5}, "DecisionTree": {"losses": {"612_fri_c1_1000_5": [0.03208734667113608, 0.035022374240421816, 0.028591249363213538, 0.030649126268220542, 0.030816041745592743]}, "coverage": {"612_fri_c1_1000_5": [0.010000000000000009, 0.0, 0.020000000000000018, 0.04999999999999999, 0.015000000000000013]}, "complexity": {"612_fri_c1_1000_5": [135, 321, 331, 323, 323]}, "time_all": {"612_fri_c1_1000_5": [0.14283347129821777, 0.1501481533050537, 0.15213322639465332, 0.14955806732177734, 0.15124726295471191]}, "time_fit": {"612_fri_c1_1000_5": [0.016210079193115234, 0.02913975715637207, 0.030039310455322266, 0.029274940490722656, 0.029503345489501953]}, "sizes": {"612_fri_c1_1000_5": []}, "tau": 0.5}, "LinearQuantile": {"losses": {"612_fri_c1_1000_5": [0.07117162967110983, 0.06751899697500056, 0.0674298319571384, 0.07091410746727474, 0.06838430419147863]}, "coverage": {"612_fri_c1_1000_5": [0.07500000000000001, 0.0, 0.03999999999999998, 0.020000000000000018, 0.015000000000000013]}, "complexity": {"612_fri_c1_1000_5": [5, 5, 5, 5, 5]}, "time_all": {"612_fri_c1_1000_5": [0.12812399864196777, 0.1667635440826416, 0.13906574249267578, 0.5504121780395508, 0.3525235652923584]}, "time_fit": {"612_fri_c1_1000_5": [0.01055598258972168, 0.01439976692199707, 0.011770486831665039, 0.04949140548706055, 0.028931379318237305]}, "sizes": {"612_fri_c1_1000_5": []}, "tau": 0.5}}