{"SQR": {"losses": {"1029_LEV": [0.027375089374999995, 0.031125065999999996, 0.028000003, 0.033625011249999996, 0.030374999999999996]}, "coverage": {"1029_LEV": [0.06499999999999995, 0.05499999999999994, 0.05999999999999994, 0.04499999999999993, 0.04499999999999993]}, "complexity": {"1029_LEV": [4, 4, 4, 4, 4]}, "time_all": {"1029_LEV": [98.23461890220642, 87.98650670051575, 87.40637922286987, 86.84997200965881, 87.56410241127014]}, "time_fit": {"1029_LEV": [98.23461890220642, 87.98650670051575, 87.40637922286987, 86.84997200965881, 87.56410241127014]}, "sizes": {"1029_LEV": []}, "tau": 0.9}, "LightGBM": {"losses": {"1029_LEV": [0.027760094816986824, 0.030983229297781804, 0.029743355494453675, 0.028077458473769978, 0.031266653009890726]}, "coverage": {"1029_LEV": [0.015000000000000013, 0.025000000000000022, 0.0050000000000000044, 0.0050000000000000044, 0.015000000000000013]}, "time_all": {"1029_LEV": [0.3512699604034424, 0.3032708168029785, 0.25748491287231445, 0.30486488342285156, 0.31252288818359375]}, "time_fit": {"1029_LEV": [0.09454607963562012, 0.09013581275939941, 0.051904916763305664, 0.09523344039916992, 0.06609487533569336]}, "sizes": {"1029_LEV": []}, "tau": 0.9}, "DecisionTree": {"losses": {"1029_LEV": [0.027150000000000004, 0.026775000000000004, 0.025824999999999997, 0.0218375, 0.026037499999999998]}, "coverage": {"1029_LEV": [0.05999999999999994, 0.07499999999999996, 0.07999999999999996, 0.06499999999999995, 0.04999999999999993]}, "complexity": {"1029_LEV": [23, 57, 21, 117, 31]}, "time_all": {"1029_LEV": [0.0870048999786377, 0.08793973922729492, 0.08460593223571777, 0.0915226936340332, 0.08551025390625]}, "time_fit": {"1029_LEV": [0.004098653793334961, 0.006691455841064453, 0.003887176513671875, 0.010944843292236328, 0.004629611968994141]}, "sizes": {"1029_LEV": []}, "tau": 0.9}, "LinearQuantile": {"losses": {"1029_LEV": [0.02701982970506898, 0.031166536302070617, 0.03109367614213687, 0.029265484826624954, 0.02868748875176987]}, "coverage": {"1029_LEV": [0.04500000000000004, 0.040000000000000036, 0.025000000000000022, 0.04500000000000004, 0.0050000000000000044]}, "complexity": {"1029_LEV": [20, 20, 20, 20, 20]}, "time_all": {"1029_LEV": [2.2573392391204834, 1.0412733554840088, 0.6333389282226562, 1.4506645202636719, 0.41493701934814453]}, "time_fit": {"1029_LEV": [0.14004945755004883, 0.07085514068603516, 0.056296586990356445, 0.09113073348999023, 0.03679013252258301]}, "sizes": {"1029_LEV": []}, "tau": 0.9}}