{"SQR": {"losses": {"584_fri_c4_500_25": [0.014912250975526179, 0.013280101435697376, 0.018117559390492508, 0.017625459514034263, 0.01365663228197572]}, "coverage": {"584_fri_c4_500_25": [0.020000000000000018, 0.020000000000000018, 0.07999999999999996, 0.06000000000000005, 0.16000000000000003]}, "complexity": {"584_fri_c4_500_25": [12, 16, 11, 11, 10]}, "time_all": {"584_fri_c4_500_25": [104.72112989425659, 92.57967066764832, 95.87707710266113, 88.64632749557495, 92.1409637928009]}, "time_fit": {"584_fri_c4_500_25": [104.72112989425659, 92.57967066764832, 95.87707710266113, 88.64632749557495, 92.1409637928009]}, "sizes": {"584_fri_c4_500_25": []}, "tau": 0.5}, "LightGBM": {"losses": {"584_fri_c4_500_25": [0.02640957583388586, 0.040961058997594106, 0.034839204322959554, 0.024831311866279564, 0.029580902203311926]}, "coverage": {"584_fri_c4_500_25": [0.03999999999999998, 0.040000000000000036, 0.010000000000000009, 0.04999999999999999, 0.06000000000000005]}, "time_all": {"584_fri_c4_500_25": [0.29415178298950195, 0.2425086498260498, 0.27908802032470703, 0.2428743839263916, 0.2780137062072754]}, "time_fit": {"584_fri_c4_500_25": [0.058217525482177734, 0.0547480583190918, 0.057532310485839844, 0.05564475059509277, 0.05808544158935547]}, "sizes": {"584_fri_c4_500_25": []}, "tau": 0.5}, "DecisionTree": {"losses": {"584_fri_c4_500_25": [0.03067984724357596, 0.037152470775857975, 0.03768342252067415, 0.03424404670797923, 0.03682308108791273]}, "coverage": {"584_fri_c4_500_25": [0.020000000000000018, 0.06000000000000005, 0.0, 0.08000000000000002, 0.030000000000000027]}, "complexity": {"584_fri_c4_500_25": [71, 159, 155, 157, 161]}, "time_all": {"584_fri_c4_500_25": [0.1399211883544922, 0.1431739330291748, 0.1391007900238037, 0.14351701736450195, 0.14414644241333008]}, "time_fit": {"584_fri_c4_500_25": [0.01569390296936035, 0.023113012313842773, 0.02251577377319336, 0.023178577423095703, 0.02339029312133789]}, "sizes": {"584_fri_c4_500_25": []}, "tau": 0.5}, "LinearQuantile": {"losses": {"584_fri_c4_500_25": [0.06696756300281816, 0.07495773198656487, 0.0685833230120044, 0.05622341415634376, 0.06053774902378808]}, "coverage": {"584_fri_c4_500_25": [0.010000000000000009, 0.0, 0.03999999999999998, 0.020000000000000018, 0.0]}, "complexity": {"584_fri_c4_500_25": [25, 25, 25, 25, 25]}, "time_all": {"584_fri_c4_500_25": [1.1159498691558838, 1.9156057834625244, 0.9834737777709961, 1.034224033355713, 0.5632891654968262]}, "time_fit": {"584_fri_c4_500_25": [0.09231019020080566, 0.13316798210144043, 0.08314752578735352, 0.06855964660644531, 0.04838705062866211]}, "sizes": {"584_fri_c4_500_25": []}, "tau": 0.5}}