{"SQR": {"losses": {"712_chscase_geyser1": [0.02436426385271768, 0.03156424704626572, 0.02332674278095843, 0.023268034225549978, 0.02019762886478844]}, "coverage": {"712_chscase_geyser1": [0.011111111111111183, 0.16666666666666674, 0.07727272727272727, 0.036363636363636376, 0.036363636363636376]}, "complexity": {"712_chscase_geyser1": [3, 8, 4, 3, 3]}, "time_all": {"712_chscase_geyser1": [88.46711277961731, 72.35504364967346, 71.60328412055969, 70.24235272407532, 71.14278936386108]}, "time_fit": {"712_chscase_geyser1": [88.46711277961731, 72.35504364967346, 71.60328412055969, 70.24235272407532, 71.14278936386108]}, "sizes": {"712_chscase_geyser1": []}, "tau": 0.9}, "LightGBM": {"losses": {"712_chscase_geyser1": [0.02368813916834304, 0.019285172748223257, 0.022196024643542134, 0.02606634376791057, 0.024881656226534626]}, "coverage": {"712_chscase_geyser1": [0.011111111111111183, 0.033333333333333326, 0.07727272727272727, 0.036363636363636376, 0.24090909090909096]}, "time_all": {"712_chscase_geyser1": [0.15689539909362793, 0.11540579795837402, 0.1341853141784668, 0.13350677490234375, 0.11726999282836914]}, "time_fit": {"712_chscase_geyser1": [0.025249958038330078, 0.026302337646484375, 0.030492067337036133, 0.02872157096862793, 0.026232004165649414]}, "sizes": {"712_chscase_geyser1": []}, "tau": 0.9}, "DecisionTree": {"losses": {"712_chscase_geyser1": [0.022675052410901463, 0.0209769392033543, 0.02074185248713551, 0.02306603773584905, 0.021826758147512858]}, "coverage": {"712_chscase_geyser1": [0.011111111111111072, 0.033333333333333326, 0.013636363636363669, 0.08181818181818179, 0.05909090909090908]}, "complexity": {"712_chscase_geyser1": [11, 7, 69, 31, 5]}, "time_all": {"712_chscase_geyser1": [0.040215492248535156, 0.038645029067993164, 0.04403185844421387, 0.04014229774475098, 0.0385890007019043]}, "time_fit": {"712_chscase_geyser1": [0.002343893051147461, 0.002047300338745117, 0.006311655044555664, 0.003699779510498047, 0.0018482208251953125]}, "sizes": {"712_chscase_geyser1": []}, "tau": 0.9}, "LinearQuantile": {"losses": {"712_chscase_geyser1": [0.04818203114873775, 0.06661998400610239, 0.051250439709849153, 0.06080148645086241, 0.06951551139708424]}, "coverage": {"712_chscase_geyser1": [0.033333333333333326, 0.25555555555555554, 0.013636363636363669, 0.10454545454545461, 0.12727272727272732]}, "complexity": {"712_chscase_geyser1": [2, 2, 2, 2, 2]}, "time_all": {"712_chscase_geyser1": [0.12450313568115234, 0.09916138648986816, 0.09802770614624023, 0.06659221649169922, 0.10047316551208496]}, "time_fit": {"712_chscase_geyser1": [0.010193586349487305, 0.008326530456542969, 0.008275270462036133, 0.005438327789306641, 0.008453130722045898]}, "sizes": {"712_chscase_geyser1": []}, "tau": 0.9}}