{"SQR": {"losses": {"1089_USCrime": [0.04911744572999999, 0.0706786514837367, 0.04607473207146798, 0.07964138172202659, 0.09489209298696608]}, "coverage": {"1089_USCrime": [0.4, 0.09999999999999998, 0.05555555555555558, 0.05555555555555558, 0.2777777777777778]}, "complexity": {"1089_USCrime": [5, 15, 16, 11, 13]}, "time_all": {"1089_USCrime": [77.67120814323425, 64.5759711265564, 64.9669086933136, 64.50590348243713, 64.54310011863708]}, "time_fit": {"1089_USCrime": [77.67120814323425, 64.5759711265564, 64.9669086933136, 64.50590348243713, 64.54310011863708]}, "sizes": {"1089_USCrime": []}, "tau": 0.5}, "LightGBM": {"losses": {"1089_USCrime": [0.10200000000000001, 0.11233333333333334, 0.11703703703703705, 0.11111111111111112, 0.14666666666666667]}, "coverage": {"1089_USCrime": [0.0, 0.19999999999999996, 0.05555555555555558, 0.05555555555555558, 0.16666666666666669]}, "time_all": {"1089_USCrime": [0.07941436767578125, 0.03300809860229492, 0.03350567817687988, 0.03411388397216797, 0.03511857986450195]}, "time_fit": {"1089_USCrime": [0.0040378570556640625, 0.004040956497192383, 0.003992557525634766, 0.0041294097900390625, 0.004021406173706055]}, "sizes": {"1089_USCrime": []}, "tau": 0.5}, "DecisionTree": {"losses": {"1089_USCrime": [0.044333333333333336, 0.07966666666666666, 0.07351851851851852, 0.0637037037037037, 0.055]}, "coverage": {"1089_USCrime": [0.2, 0.30000000000000004, 0.05555555555555558, 0.05555555555555558, 0.16666666666666669]}, "complexity": {"1089_USCrime": [5, 5, 5, 5, 15]}, "time_all": {"1089_USCrime": [0.0282742977142334, 0.027654647827148438, 0.02797102928161621, 0.027676820755004883, 0.028107643127441406]}, "time_fit": {"1089_USCrime": [0.0018939971923828125, 0.0019087791442871094, 0.0019235610961914062, 0.0018863677978515625, 0.0026006698608398438]}, "sizes": {"1089_USCrime": []}, "tau": 0.5}, "LinearQuantile": {"losses": {"1089_USCrime": [0.05379547808195581, 0.05874983000667312, 0.04662101025186935, 0.0633516868351345, 0.06085119662583106]}, "coverage": {"1089_USCrime": [0.0, 0.0, 0.16666666666666663, 0.38888888888888884, 0.16666666666666669]}, "complexity": {"1089_USCrime": [14, 14, 14, 14, 14]}, "time_all": {"1089_USCrime": [2.180128335952759, 4.421224355697632, 0.4284970760345459, 1.5176677703857422, 3.0849220752716064]}, "time_fit": {"1089_USCrime": [0.125931978225708, 0.5412626266479492, 0.036199092864990234, 0.10719490051269531, 0.14287567138671875]}, "sizes": {"1089_USCrime": []}, "tau": 0.5}}