{"SQR": {"losses": {"1595_poker": [0.027739516314539227, 0.02762466050439161, 0.02765994522520792, 0.027706130049382483, 0.030922556114862096]}, "coverage": {"1595_poker": [0.08483819670051995, 0.08601867298855626, 0.08682842118613476, 0.08558940888381572, 0.08596989297665392]}, "complexity": {"1595_poker": [9, 9, 9, 9, 7]}, "time_all": {"1595_poker": [506.994642496109, 551.3867354393005, 512.5988676548004, 501.3313777446747, 518.318511724472]}, "time_fit": {"1595_poker": [506.994642496109, 551.3867354393005, 512.5988676548004, 501.3313777446747, 518.318511724472]}, "sizes": {"1595_poker": []}, "tau": 0.5}, "LightGBM": {"losses": {"1595_poker": [0.029965026305064344, 0.029868077487380344, 0.029599521702210505, 0.029991981396319305, 0.029917488826269392]}, "coverage": {"1595_poker": [0.0007073101725836306, 0.0021121745153706017, 0.004531663105725836, 0.0021463205237022276, 0.0018780304582394214]}, "time_all": {"1595_poker": [5.1429572105407715, 4.799556493759155, 4.917452812194824, 4.88662052154541, 4.992744445800781]}, "time_fit": {"1595_poker": [0.9845621585845947, 1.0168578624725342, 0.9837772846221924, 1.0083224773406982, 1.0439057350158691]}, "sizes": {"1595_poker": []}, "tau": 0.5}, "DecisionTree": {"losses": {"1595_poker": [0.023144354147222414, 0.023079043131286524, 0.023074300630129354, 0.02338730570650259, 0.022992729610226026]}, "coverage": {"1595_poker": [0.2830655310679896, 0.27245587847923436, 0.2721436864030595, 0.2809777465585701, 0.2737144027863143]}, "complexity": {"1595_poker": [128501, 59259, 59427, 128943, 59475]}, "time_all": {"1595_poker": [235.09947156906128, 221.34063243865967, 219.8706555366516, 234.23915076255798, 219.6995792388916]}, "time_fit": {"1595_poker": [30.983659982681274, 16.73077630996704, 16.734097003936768, 30.815903902053833, 16.792157649993896]}, "sizes": {"1595_poker": []}, "tau": 0.5}, "LinearQuantile": {"losses": {"1595_poker": [0.03450405880467547, 0.034293151784879544, 0.0343372559986975, 0.03440023857700005, 0.03425344995590266]}, "coverage": {"1595_poker": [0.001302426317792038, 0.0004878001190232739, 0.002239002546316593, 0.00045365411069164807, 0.0009999902439976616]}, "complexity": {"1595_poker": [25, 25, 25, 25, 25]}, "time_all": {"1595_poker": [4768.791206359863, 5173.47500705719, 5790.605796575546, 4697.61850976944, 5733.852257966995]}, "time_fit": {"1595_poker": [199.12918400764465, 196.09824585914612, 776.7290554046631, 199.60175395011902, 780.6780138015747]}, "sizes": {"1595_poker": []}, "tau": 0.5}}