{"SQR": {"losses": {"588_fri_c4_1000_100": [0.016033602691187903, 0.011537162606274253, 0.015222237208948518, 0.01928251510799506, 0.012311792486541337]}, "coverage": {"588_fri_c4_1000_100": [0.03500000000000003, 0.015000000000000013, 0.015000000000000013, 0.14, 0.06000000000000005]}, "complexity": {"588_fri_c4_1000_100": [11, 16, 11, 12, 10]}, "time_all": {"588_fri_c4_1000_100": [115.68731212615967, 99.43984532356262, 108.31021499633789, 109.76092958450317, 110.77862334251404]}, "time_fit": {"588_fri_c4_1000_100": [115.68731212615967, 99.43984532356262, 108.31021499633789, 109.76092958450317, 110.77862334251404]}, "sizes": {"588_fri_c4_1000_100": []}, "tau": 0.5}, "LightGBM": {"losses": {"588_fri_c4_1000_100": [0.024335802285693275, 0.023705921965063683, 0.023254371659546354, 0.02076903740065006, 0.02544597702254364]}, "coverage": {"588_fri_c4_1000_100": [0.015000000000000013, 0.07500000000000001, 0.06499999999999995, 0.030000000000000027, 0.030000000000000027]}, "time_all": {"588_fri_c4_1000_100": [0.6065473556518555, 0.5515568256378174, 0.553980827331543, 0.566216230392456, 0.5354325771331787]}, "time_fit": {"588_fri_c4_1000_100": [0.0947117805480957, 0.09006667137145996, 0.0930185317993164, 0.09351181983947754, 0.09461069107055664]}, "sizes": {"588_fri_c4_1000_100": []}, "tau": 0.5}, "DecisionTree": {"losses": {"588_fri_c4_1000_100": [0.026535402991547604, 0.030230297377343864, 0.024848229403018923, 0.02635480489108748, 0.0281555931601261]}, "coverage": {"588_fri_c4_1000_100": [0.010000000000000009, 0.030000000000000027, 0.06000000000000005, 0.040000000000000036, 0.015000000000000013]}, "complexity": {"588_fri_c4_1000_100": [133, 135, 141, 141, 143]}, "time_all": {"588_fri_c4_1000_100": [1.022113561630249, 0.7728466987609863, 0.8229591846466064, 0.8150653839111328, 0.9565114974975586]}, "time_fit": {"588_fri_c4_1000_100": [0.10197806358337402, 0.06459736824035645, 0.07127928733825684, 0.07036280632019043, 0.09735798835754395]}, "sizes": {"588_fri_c4_1000_100": []}, "tau": 0.5}, "LinearQuantile": {"losses": {"588_fri_c4_1000_100": [0.060488095944366264, 0.055767817885077405, 0.05780304507180705, 0.05839892721045889, 0.060815919737143516]}, "coverage": {"588_fri_c4_1000_100": [0.010000000000000009, 0.020000000000000018, 0.025000000000000022, 0.010000000000000009, 0.0050000000000000044]}, "complexity": {"588_fri_c4_1000_100": [100, 100, 100, 100, 100]}, "time_all": {"588_fri_c4_1000_100": [60.64068555831909, 21.984492301940918, 24.378750562667847, 51.99473834037781, 19.482125520706177]}, "time_fit": {"588_fri_c4_1000_100": [5.5418596267700195, 1.906299352645874, 2.1932647228240967, 4.630997657775879, 1.6968426704406738]}, "sizes": {"588_fri_c4_1000_100": []}, "tau": 0.5}}