{"SQR": {"losses": {"624_fri_c0_100_5": [0.029960430204466655, 0.035294456019814846, 0.025381652997121112, 0.06965570950667575, 0.035111585587320616]}, "coverage": {"624_fri_c0_100_5": [0.0, 0.19999999999999996, 0.09999999999999998, 0.0, 0.09999999999999998]}, "complexity": {"624_fri_c0_100_5": [18, 8, 12, 10, 13]}, "time_all": {"624_fri_c0_100_5": [82.31973719596863, 66.80972456932068, 67.92165565490723, 66.52751421928406, 67.37250781059265]}, "time_fit": {"624_fri_c0_100_5": [82.31973719596863, 66.80972456932068, 67.92165565490723, 66.52751421928406, 67.37250781059265]}, "sizes": {"624_fri_c0_100_5": []}, "tau": 0.5}, "LightGBM": {"losses": {"624_fri_c0_100_5": [0.059633701175204876, 0.0642822019637688, 0.06626238645151826, 0.053999533474342644, 0.05467896155718747]}, "coverage": {"624_fri_c0_100_5": [0.050000000000000044, 0.30000000000000004, 0.09999999999999998, 0.050000000000000044, 0.2]}, "time_all": {"624_fri_c0_100_5": [0.1276264190673828, 0.08128023147583008, 0.08087706565856934, 0.06961727142333984, 0.07927680015563965]}, "time_fit": {"624_fri_c0_100_5": [0.017241477966308594, 0.017795562744140625, 0.01675581932067871, 0.016277551651000977, 0.016392230987548828]}, "sizes": {"624_fri_c0_100_5": []}, "tau": 0.5}, "DecisionTree": {"losses": {"624_fri_c0_100_5": [0.05124339224364941, 0.060064648488451895, 0.05366679962731722, 0.052112688261885566, 0.05346493026433331]}, "coverage": {"624_fri_c0_100_5": [0.0, 0.19999999999999996, 0.04999999999999999, 0.09999999999999998, 0.09999999999999998]}, "complexity": {"624_fri_c0_100_5": [31, 11, 13, 13, 11]}, "time_all": {"624_fri_c0_100_5": [0.034468650817871094, 0.035375356674194336, 0.03157687187194824, 0.0318455696105957, 0.03182578086853027]}, "time_fit": {"624_fri_c0_100_5": [0.0038607120513916016, 0.0024001598358154297, 0.0025129318237304688, 0.002490520477294922, 0.0023894309997558594]}, "sizes": {"624_fri_c0_100_5": []}, "tau": 0.5}, "LinearQuantile": {"losses": {"624_fri_c0_100_5": [0.0444523240373745, 0.03664543133384573, 0.04625839240911072, 0.0345271233935236, 0.05381032625915783]}, "coverage": {"624_fri_c0_100_5": [0.15000000000000002, 0.15000000000000002, 0.15000000000000002, 0.15000000000000002, 0.050000000000000044]}, "complexity": {"624_fri_c0_100_5": [5, 5, 5, 5, 5]}, "time_all": {"624_fri_c0_100_5": [0.17691349983215332, 1.0096080303192139, 0.06456327438354492, 0.301624059677124, 0.7683653831481934]}, "time_fit": {"624_fri_c0_100_5": [0.015085220336914062, 0.07552385330200195, 0.005415678024291992, 0.025033950805664062, 0.05497097969055176]}, "sizes": {"624_fri_c0_100_5": []}, "tau": 0.5}}