{"SQR": {"losses": {"1096_FacultySalaries": [0.043203278739518194, 0.034871742086137435, 0.0004902713833780753, 0.04876243707412123, 0.00752313167049441]}, "coverage": {"1096_FacultySalaries": [0.09999999999999998, 0.19999999999999996, 0.09999999999999998, 0.2, 0.30000000000000004]}, "complexity": {"1096_FacultySalaries": [13, 10, 15, 7, 15]}, "time_all": {"1096_FacultySalaries": [77.75519752502441, 64.29387044906616, 65.66885352134705, 64.82222151756287, 66.03116655349731]}, "time_fit": {"1096_FacultySalaries": [77.75519752502441, 64.29387044906616, 65.66885352134705, 64.82222151756287, 66.03116655349731]}, "sizes": {"1096_FacultySalaries": []}, "tau": 0.5}, "LightGBM": {"losses": {"1096_FacultySalaries": [0.07654027424958494, 0.10962083721206045, 0.09194312522022641, 0.03720377116230195, 0.07890995127854716]}, "coverage": {"1096_FacultySalaries": [0.09999999999999998, 0.09999999999999998, 0.09999999999999998, 0.09999999999999998, 0.0]}, "time_all": {"1096_FacultySalaries": [0.07697248458862305, 0.03575921058654785, 0.034612417221069336, 0.03191018104553223, 0.03560471534729004]}, "time_fit": {"1096_FacultySalaries": [0.003952741622924805, 0.004508256912231445, 0.004338979721069336, 0.0038383007049560547, 0.004474639892578125]}, "sizes": {"1096_FacultySalaries": []}, "tau": 0.5}, "DecisionTree": {"losses": {"1096_FacultySalaries": [0.030568720679037733, 0.0445734445754378, 0.04905212014884909, 0.03139809633971701, 0.04419429353893406]}, "coverage": {"1096_FacultySalaries": [0.0, 0.09999999999999998, 0.30000000000000004, 0.09999999999999998, 0.19999999999999996]}, "complexity": {"1096_FacultySalaries": [7, 15, 5, 15, 15]}, "time_all": {"1096_FacultySalaries": [0.02912759780883789, 0.029949426651000977, 0.027384281158447266, 0.028635025024414062, 0.029917001724243164]}, "time_fit": {"1096_FacultySalaries": [0.002015352249145508, 0.002554178237915039, 0.0017457008361816406, 0.0025701522827148438, 0.002587556838989258]}, "sizes": {"1096_FacultySalaries": []}, "tau": 0.5}, "LinearQuantile": {"losses": {"1096_FacultySalaries": [0.011245794107004081, 0.00022584012635518287, 0.0002156123337349288, 0.0488647793725452, 0.0001907111795750156]}, "coverage": {"1096_FacultySalaries": [0.0, 0.09999999999999998, 0.09999999999999998, 0.0, 0.09999999999999998]}, "complexity": {"1096_FacultySalaries": [5, 5, 5, 5, 5]}, "time_all": {"1096_FacultySalaries": [0.13643693923950195, 0.09467411041259766, 0.27971601486206055, 0.17266201972961426, 0.11262011528015137]}, "time_fit": {"1096_FacultySalaries": [0.011421680450439453, 0.007851600646972656, 0.024991512298583984, 0.014908075332641602, 0.009515523910522461]}, "sizes": {"1096_FacultySalaries": []}, "tau": 0.5}}