{"SQR": {"losses": {"666_rmftsa_ladata": [0.019027521211648614, 0.012178845615079347, 0.014234586277358723, 0.014270694048581363, 0.023260777576473688]}, "coverage": {"666_rmftsa_ladata": [0.04705882352941182, 0.0019607843137254832, 0.0607843137254902, 0.000990099009900991, 0.07821782178217829]}, "complexity": {"666_rmftsa_ladata": [3, 3, 3, 3, 2]}, "time_all": {"666_rmftsa_ladata": [96.1807370185852, 80.17114448547363, 90.91024589538574, 88.65165424346924, 88.11268448829651]}, "time_fit": {"666_rmftsa_ladata": [96.1807370185852, 80.17114448547363, 90.91024589538574, 88.65165424346924, 88.11268448829651]}, "sizes": {"666_rmftsa_ladata": []}, "tau": 0.9}, "LightGBM": {"losses": {"666_rmftsa_ladata": [0.01617644490609788, 0.011840284497974437, 0.014705586337787464, 0.012343303705508925, 0.01657145928595773]}, "coverage": {"666_rmftsa_ladata": [0.03725490196078429, 0.007843137254901933, 0.0019607843137254832, 0.0108910891089109, 0.04851485148514856]}, "time_all": {"666_rmftsa_ladata": [0.22435641288757324, 0.18433809280395508, 0.16906189918518066, 0.2074730396270752, 0.18849825859069824]}, "time_fit": {"666_rmftsa_ladata": [0.04137539863586426, 0.04202723503112793, 0.03591322898864746, 0.047325849533081055, 0.04226350784301758]}, "sizes": {"666_rmftsa_ladata": []}, "tau": 0.9}, "DecisionTree": {"losses": {"666_rmftsa_ladata": [0.01378036628353388, 0.013847964681418959, 0.014621498133089578, 0.013313968634706226, 0.01589372683696059]}, "coverage": {"666_rmftsa_ladata": [0.1352941176470589, 0.06666666666666665, 0.01764705882352946, 0.03861386138613865, 0.04851485148514856]}, "complexity": {"666_rmftsa_ladata": [69, 19, 27, 19, 11]}, "time_all": {"666_rmftsa_ladata": [0.09682655334472656, 0.0885763168334961, 0.09203505516052246, 0.0926659107208252, 0.08894681930541992]}, "time_fit": {"666_rmftsa_ladata": [0.01018977165222168, 0.005340099334716797, 0.006521940231323242, 0.0055637359619140625, 0.004166364669799805]}, "sizes": {"666_rmftsa_ladata": []}, "tau": 0.9}, "LinearQuantile": {"losses": {"666_rmftsa_ladata": [0.018007327824608333, 0.014283371506312668, 0.01486334420752569, 0.012130821848130798, 0.016147899414702866]}, "coverage": {"666_rmftsa_ladata": [0.0862745098039216, 0.021568627450980316, 0.027450980392156876, 0.03069306930693072, 0.0108910891089109]}, "complexity": {"666_rmftsa_ladata": [10, 10, 10, 10, 10]}, "time_all": {"666_rmftsa_ladata": [0.4255077838897705, 0.250535249710083, 0.38027262687683105, 0.31897807121276855, 0.2999131679534912]}, "time_fit": {"666_rmftsa_ladata": [0.037447452545166016, 0.02196216583251953, 0.03311586380004883, 0.027846097946166992, 0.026685714721679688]}, "sizes": {"666_rmftsa_ladata": []}, "tau": 0.9}}