{"SQR": {"losses": {"294_satellite_image": [0.03519443959316313, 0.031289934293832235, 0.027913087962604114, 0.03934330576289308, 0.043342357703185695]}, "coverage": {"294_satellite_image": [0.018881118881118875, 0.008003108003107995, 0.009090909090909038, 0.005672105672105743, 0.0017871017871018413]}, "complexity": {"294_satellite_image": [5, 9, 15, 5, 4]}, "time_all": {"294_satellite_image": [411.08851957321167, 377.4873583316803, 339.87272810935974, 358.51046204566956, 351.52834701538086]}, "time_fit": {"294_satellite_image": [411.08851957321167, 377.4873583316803, 339.87272810935974, 358.51046204566956, 351.52834701538086]}, "sizes": {"294_satellite_image": []}, "tau": 0.9}, "LightGBM": {"losses": {"294_satellite_image": [0.027012705258054392, 0.04457812041106818, 0.046580994079767284, 0.038523299363419486, 0.04011111412951132]}, "coverage": {"294_satellite_image": [0.004895104895104918, 0.08756798756798756, 0.07824397824397822, 0.07280497280497278, 0.06814296814296816]}, "time_all": {"294_satellite_image": [0.8960452079772949, 0.32600879669189453, 0.33870553970336914, 0.6873660087585449, 0.45578885078430176]}, "time_fit": {"294_satellite_image": [0.12683653831481934, 0.11529421806335449, 0.07616925239562988, 0.16896820068359375, 0.16586637496948242]}, "sizes": {"294_satellite_image": []}, "tau": 0.9}, "DecisionTree": {"losses": {"294_satellite_image": [0.018578088578088577, 0.015360010360010357, 0.017280497280497277, 0.013899248899248899, 0.018829318829318827]}, "coverage": {"294_satellite_image": [0.0696969696969697, 0.07902097902097904, 0.06425796425796426, 0.08057498057498058, 0.06270396270396272]}, "complexity": {"294_satellite_image": [219, 133, 223, 225, 373]}, "time_all": {"294_satellite_image": [1.1668727397918701, 0.9238708019256592, 1.1624810695648193, 1.190866231918335, 1.0638856887817383]}, "time_fit": {"294_satellite_image": [0.07713460922241211, 0.052007436752319336, 0.07766103744506836, 0.08068060874938965, 0.08689069747924805]}, "sizes": {"294_satellite_image": []}, "tau": 0.9}, "LinearQuantile": {"losses": {"294_satellite_image": [0.04026033759302699, 0.04087924409555687, 0.04127038719624953, 0.04077263115905281, 0.03917070655910638]}, "coverage": {"294_satellite_image": [0.00878010878010882, 0.011888111888111896, 0.006759906759906786, 0.025874125874125853, 0.017327117327117336]}, "complexity": {"294_satellite_image": [36, 36, 36, 36, 36]}, "time_all": {"294_satellite_image": [16.854689359664917, 4.397816896438599, 8.588329792022705, 3.694927215576172, 5.943880796432495]}, "time_fit": {"294_satellite_image": [1.8061397075653076, 0.35544276237487793, 0.772197961807251, 0.343250036239624, 0.5095486640930176]}, "sizes": {"294_satellite_image": []}, "tau": 0.9}}