{"SQR": {"losses": {"582_fri_c1_500_25": [0.009978281720008648, 0.0059198787953503845, 0.015171001549417118, 0.010015078536051917, 0.00668490406172015]}, "coverage": {"582_fri_c1_500_25": [0.04999999999999993, 0.050000000000000044, 0.07000000000000006, 0.010000000000000009, 0.08000000000000007]}, "complexity": {"582_fri_c1_500_25": [10, 15, 8, 12, 14]}, "time_all": {"582_fri_c1_500_25": [107.03660416603088, 88.39389896392822, 93.28908276557922, 90.4507327079773, 93.87587451934814]}, "time_fit": {"582_fri_c1_500_25": [107.03660416603088, 88.39389896392822, 93.28908276557922, 90.4507327079773, 93.87587451934814]}, "sizes": {"582_fri_c1_500_25": []}, "tau": 0.9}, "LightGBM": {"losses": {"582_fri_c1_500_25": [0.022667511662561535, 0.0239531833464259, 0.023372635933813977, 0.0269667940320101, 0.021812873407987966]}, "coverage": {"582_fri_c1_500_25": [0.06000000000000005, 0.0, 0.020000000000000018, 0.020000000000000018, 0.010000000000000009]}, "time_all": {"582_fri_c1_500_25": [0.24861764907836914, 0.23036503791809082, 0.20907258987426758, 0.18918609619140625, 0.18739795684814453]}, "time_fit": {"582_fri_c1_500_25": [0.04483604431152344, 0.05102133750915527, 0.04814434051513672, 0.04009389877319336, 0.043198585510253906]}, "sizes": {"582_fri_c1_500_25": []}, "tau": 0.9}, "DecisionTree": {"losses": {"582_fri_c1_500_25": [0.02397976643512184, 0.018649135494505156, 0.019712979087229823, 0.018896526047479267, 0.01911626212619249]}, "coverage": {"582_fri_c1_500_25": [0.15000000000000002, 0.10999999999999999, 0.040000000000000036, 0.010000000000000009, 0.010000000000000009]}, "complexity": {"582_fri_c1_500_25": [69, 71, 31, 29, 17]}, "time_all": {"582_fri_c1_500_25": [0.13283920288085938, 0.13224411010742188, 0.12549972534179688, 0.12567353248596191, 0.12618684768676758]}, "time_fit": {"582_fri_c1_500_25": [0.014349699020385742, 0.014657020568847656, 0.010053873062133789, 0.009825468063354492, 0.00767970085144043]}, "sizes": {"582_fri_c1_500_25": []}, "tau": 0.9}, "LinearQuantile": {"losses": {"582_fri_c1_500_25": [0.09799522803569015, 0.08012443202547062, 0.07876516329254891, 0.07691792667179749, 0.0740950945802765]}, "coverage": {"582_fri_c1_500_25": [0.47000000000000003, 0.42000000000000004, 0.44, 0.39, 0.43000000000000005]}, "complexity": {"582_fri_c1_500_25": [25, 25, 25, 25, 25]}, "time_all": {"582_fri_c1_500_25": [0.6692526340484619, 0.8621790409088135, 1.081296443939209, 3.5038702487945557, 1.4254634380340576]}, "time_fit": {"582_fri_c1_500_25": [0.05749821662902832, 0.07712340354919434, 0.08664083480834961, 0.2861521244049072, 0.11535143852233887]}, "sizes": {"582_fri_c1_500_25": []}, "tau": 0.9}}