{"SQR": {"losses": {"618_fri_c3_1000_50": [0.015464679455945308, 0.013972148982239961, 0.01646104933668113, 0.014143248630684493, 0.016621461524363654]}, "coverage": {"618_fri_c3_1000_50": [0.06499999999999995, 0.06, 0.03500000000000003, 0.07499999999999996, 0.05500000000000005]}, "complexity": {"618_fri_c3_1000_50": [12, 12, 12, 13, 13]}, "time_all": {"618_fri_c3_1000_50": [113.0474259853363, 108.55642867088318, 108.37969255447388, 108.78061628341675, 105.25196051597595]}, "time_fit": {"618_fri_c3_1000_50": [113.0474259853363, 108.55642867088318, 108.37969255447388, 108.78061628341675, 105.25196051597595]}, "sizes": {"618_fri_c3_1000_50": []}, "tau": 0.5}, "LightGBM": {"losses": {"618_fri_c3_1000_50": [0.026966966914908103, 0.022593640734534657, 0.029203547324026347, 0.025770091288870357, 0.027220937950648613]}, "coverage": {"618_fri_c3_1000_50": [0.010000000000000009, 0.015000000000000013, 0.015000000000000013, 0.044999999999999984, 0.04500000000000004]}, "time_all": {"618_fri_c3_1000_50": [0.4918513298034668, 0.44962430000305176, 0.47357892990112305, 0.4578979015350342, 0.4823265075683594]}, "time_fit": {"618_fri_c3_1000_50": [0.08613777160644531, 0.0851593017578125, 0.07742547988891602, 0.08014035224914551, 0.08609294891357422]}, "sizes": {"618_fri_c3_1000_50": []}, "tau": 0.5}, "DecisionTree": {"losses": {"618_fri_c3_1000_50": [0.02954125186667555, 0.02893942271942694, 0.0299183995801126, 0.028140189444705817, 0.02969657547412064]}, "coverage": {"618_fri_c3_1000_50": [0.015000000000000013, 0.015000000000000013, 0.010000000000000009, 0.0, 0.06499999999999995]}, "complexity": {"618_fri_c3_1000_50": [133, 61, 135, 139, 61]}, "time_all": {"618_fri_c3_1000_50": [0.5586485862731934, 0.5422215461730957, 0.5262022018432617, 0.5502212047576904, 0.49358606338500977]}, "time_fit": {"618_fri_c3_1000_50": [0.06064271926879883, 0.0473325252532959, 0.051987648010253906, 0.05813241004943848, 0.03698444366455078]}, "sizes": {"618_fri_c3_1000_50": []}, "tau": 0.5}, "LinearQuantile": {"losses": {"618_fri_c3_1000_50": [0.062488147509241525, 0.05834118457513929, 0.06625175372078766, 0.06144569454697646, 0.06240008022087039]}, "coverage": {"618_fri_c3_1000_50": [0.04999999999999999, 0.010000000000000009, 0.020000000000000018, 0.05499999999999999, 0.010000000000000009]}, "complexity": {"618_fri_c3_1000_50": [50, 50, 50, 50, 50]}, "time_all": {"618_fri_c3_1000_50": [9.947163343429565, 5.256478309631348, 27.871448040008545, 7.575016975402832, 8.232079982757568]}, "time_fit": {"618_fri_c3_1000_50": [0.8975777626037598, 0.43699169158935547, 2.4226291179656982, 0.5871343612670898, 0.6318328380584717]}, "sizes": {"618_fri_c3_1000_50": []}, "tau": 0.5}}