{"SQR": {"losses": {"523_analcatdata_neavote": [0.016403396388888887, 0.013876998333333335, 0.012266114687969964, 0.013887059413844126, 0.02277928]}, "coverage": {"523_analcatdata_neavote": [0.04999999999999993, 0.04999999999999993, 0.09999999999999998, 0.09999999999999998, 0.09999999999999998]}, "complexity": {"523_analcatdata_neavote": [3, 3, 5, 3, 3]}, "time_all": {"523_analcatdata_neavote": [80.52936029434204, 64.13063549995422, 63.50063920021057, 64.35635113716125, 61.466336727142334]}, "time_fit": {"523_analcatdata_neavote": [80.52936029434204, 64.13063549995422, 63.50063920021057, 64.35635113716125, 61.466336727142334]}, "sizes": {"523_analcatdata_neavote": []}, "tau": 0.9}, "LightGBM": {"losses": {"523_analcatdata_neavote": [0.06888888888888887, 0.02999999999999999, 0.03888888888888888, 0.047222222222222214, 0.06166666666666666]}, "coverage": {"523_analcatdata_neavote": [0.09999999999999998, 0.09999999999999998, 0.09999999999999998, 0.09999999999999998, 0.09999999999999998]}, "time_all": {"523_analcatdata_neavote": [0.09049272537231445, 0.04752039909362793, 0.04727673530578613, 0.04644203186035156, 0.05018901824951172]}, "time_fit": {"523_analcatdata_neavote": [0.007216453552246094, 0.008485555648803711, 0.00829458236694336, 0.00821995735168457, 0.007808208465576172]}, "sizes": {"523_analcatdata_neavote": []}, "tau": 0.9}, "DecisionTree": {"losses": {"523_analcatdata_neavote": [0.018888888888888886, 0.013388888888888882, 0.015000000000000001, 0.013555555555555552, 0.02944444444444444]}, "coverage": {"523_analcatdata_neavote": [0.09999999999999998, 0.04999999999999993, 0.0, 0.09999999999999998, 0.0]}, "complexity": {"523_analcatdata_neavote": [3, 3, 3, 5, 3]}, "time_all": {"523_analcatdata_neavote": [0.027715444564819336, 0.027851343154907227, 0.027848243713378906, 0.027842283248901367, 0.0296785831451416]}, "time_fit": {"523_analcatdata_neavote": [0.0017600059509277344, 0.0016798973083496094, 0.0016624927520751953, 0.001786947250366211, 0.0016751289367675781]}, "sizes": {"523_analcatdata_neavote": []}, "tau": 0.9}, "LinearQuantile": {"losses": {"523_analcatdata_neavote": [0.02822222481336785, 0.014444425405547844, 0.015555557154309285, 0.013444441497553005, 0.029999998938523884]}, "coverage": {"523_analcatdata_neavote": [0.20000000000000007, 0.55, 0.55, 0.25, 0.25]}, "complexity": {"523_analcatdata_neavote": [6, 6, 6, 6, 6]}, "time_all": {"523_analcatdata_neavote": [0.0900735855102539, 0.09182047843933105, 0.06725740432739258, 0.07486414909362793, 0.06760001182556152]}, "time_fit": {"523_analcatdata_neavote": [0.007196187973022461, 0.007674217224121094, 0.005475759506225586, 0.0061528682708740234, 0.005560636520385742]}, "sizes": {"523_analcatdata_neavote": []}, "tau": 0.9}}