{"SQR": {"losses": {"537_houses": [0.04211583901747592, 0.04153951364230096, 0.03134804277920652, 0.03708829551644795, 0.03223955947815243]}, "coverage": {"537_houses": [0.04292635658914734, 0.034689922480620194, 0.006734496124030986, 0.006976744186046435, 0.005620155038759678]}, "complexity": {"537_houses": [2, 2, 7, 3, 6]}, "time_all": {"537_houses": [548.7809255123138, 541.9019804000854, 601.6933422088623, 571.0979888439178, 519.1468594074249]}, "time_fit": {"537_houses": [548.7809255123138, 541.9019804000854, 601.6933422088623, 571.0979888439178, 519.1468594074249]}, "sizes": {"537_houses": []}, "tau": 0.9}, "LightGBM": {"losses": {"537_houses": [0.03146068911121633, 0.030529391485857062, 0.030989890571288516, 0.029665746468258637, 0.03111200745940608]}, "coverage": {"537_houses": [0.0028585271317829175, 0.00876937984496129, 0.003585271317829486, 0.0038275193798449347, 0.0031976744186046346]}, "time_all": {"537_houses": [1.3223052024841309, 1.2524020671844482, 1.2511093616485596, 1.299109935760498, 1.2958176136016846]}, "time_fit": {"537_houses": [0.3277394771575928, 0.3082890510559082, 0.3091297149658203, 0.31918859481811523, 0.31913185119628906]}, "sizes": {"537_houses": []}, "tau": 0.9}, "DecisionTree": {"losses": {"537_houses": [0.023296933874027977, 0.023783620256149184, 0.022822127932206403, 0.02151092599486283, 0.02300950849791109]}, "coverage": {"537_houses": [0.04437984496124037, 0.04607558139534884, 0.020155038759689936, 0.04777131782945743, 0.014098837209302384]}, "complexity": {"537_houses": [1277, 1279, 589, 1265, 525]}, "time_all": {"537_houses": [2.26928973197937, 2.02602219581604, 2.0651745796203613, 2.2809219360351562, 2.0680229663848877]}, "time_fit": {"537_houses": [0.15999245643615723, 0.16555356979370117, 0.12200641632080078, 0.16284751892089844, 0.11525845527648926]}, "sizes": {"537_houses": []}, "tau": 0.9}, "LinearQuantile": {"losses": {"537_houses": [0.03205696960895811, 0.031623625975107546, 0.0313818204465408, 0.029659219124658062, 0.0330403077339989]}, "coverage": {"537_houses": [0.004408914728682212, 0.00019379844961242565, 0.0006782945736434343, 0.005038759689922512, 0.00029069767441858296]}, "complexity": {"537_houses": [8, 8, 8, 8, 8]}, "time_all": {"537_houses": [2.290203332901001, 2.842010974884033, 2.6430506706237793, 3.0458590984344482, 2.2381503582000732]}, "time_fit": {"537_houses": [0.212249755859375, 0.26020097732543945, 0.24142742156982422, 0.27684974670410156, 0.20868420600891113]}, "sizes": {"537_houses": []}, "tau": 0.9}}