{"SQR": {"losses": {"687_sleuth_ex1605": [0.07686502297070244, 0.0690346315726823, 0.09187270057253688, 0.05172078164322826, 0.06221837692531407]}, "coverage": {"687_sleuth_ex1605": [0.1923076923076923, 0.1923076923076923, 0.25, 0.08333333333333331, 0.08333333333333337]}, "complexity": {"687_sleuth_ex1605": [5, 7, 12, 7, 6]}, "time_all": {"687_sleuth_ex1605": [77.0711681842804, 63.918700218200684, 64.14054870605469, 63.84775376319885, 64.60860896110535]}, "time_fit": {"687_sleuth_ex1605": [77.0711681842804, 63.918700218200684, 64.14054870605469, 63.84775376319885, 64.60860896110535]}, "sizes": {"687_sleuth_ex1605": []}, "tau": 0.5}, "LightGBM": {"losses": {"687_sleuth_ex1605": [0.09937211747152526, 0.08329012953756279, 0.05622921342716718, 0.09779039725787113, 0.05899418919183581]}, "coverage": {"687_sleuth_ex1605": [0.038461538461538436, 0.038461538461538436, 0.16666666666666669, 0.0, 0.08333333333333337]}, "time_all": {"687_sleuth_ex1605": [0.10391426086425781, 0.06836771965026855, 0.06719207763671875, 0.06589913368225098, 0.06796383857727051]}, "time_fit": {"687_sleuth_ex1605": [0.012619733810424805, 0.014700174331665039, 0.014609098434448242, 0.014277935028076172, 0.014672279357910156]}, "sizes": {"687_sleuth_ex1605": []}, "tau": 0.5}, "DecisionTree": {"losses": {"687_sleuth_ex1605": [0.06701631701631702, 0.055944055944055944, 0.06376262626262626, 0.06439393939393939, 0.04071969696969697]}, "coverage": {"687_sleuth_ex1605": [0.11538461538461536, 0.11538461538461542, 0.16666666666666669, 0.08333333333333337, 0.0]}, "complexity": {"687_sleuth_ex1605": [17, 7, 3, 19, 7]}, "time_all": {"687_sleuth_ex1605": [0.030478477478027344, 0.028535842895507812, 0.026564359664916992, 0.02777409553527832, 0.030030488967895508]}, "time_fit": {"687_sleuth_ex1605": [0.0028388500213623047, 0.0019252300262451172, 0.0015192031860351562, 0.0026051998138427734, 0.0020270347595214844]}, "sizes": {"687_sleuth_ex1605": []}, "tau": 0.5}, "LinearQuantile": {"losses": {"687_sleuth_ex1605": [0.0682446646439557, 0.052506023894608865, 0.08162034253854036, 0.06282684204534665, 0.05919673304967348]}, "coverage": {"687_sleuth_ex1605": [0.1923076923076923, 0.038461538461538436, 0.25, 0.08333333333333331, 0.08333333333333331]}, "complexity": {"687_sleuth_ex1605": [5, 5, 5, 5, 5]}, "time_all": {"687_sleuth_ex1605": [0.07952427864074707, 0.31281304359436035, 0.07007074356079102, 0.09451460838317871, 0.18725037574768066]}, "time_fit": {"687_sleuth_ex1605": [0.006266355514526367, 0.025265932083129883, 0.005757570266723633, 0.007833242416381836, 0.015992403030395508]}, "sizes": {"687_sleuth_ex1605": []}, "tau": 0.5}}