{"SQR": {"losses": {"1201_BNG_breastTumor": [0.05618738039526812, 0.05621566509510449, 0.05649360112578592, 0.05542613347981956, 0.05623209380057234]}, "coverage": {"1201_BNG_breastTumor": [0.011659807956104273, 0.009730795610425225, 0.0018861454046639192, 0.009816529492455428, 0.007287379972565178]}, "complexity": {"1201_BNG_breastTumor": [3, 4, 3, 7, 3]}, "time_all": {"1201_BNG_breastTumor": [548.8267016410828, 520.44491147995, 534.966977596283, 546.4628353118896, 583.1376552581787]}, "time_fit": {"1201_BNG_breastTumor": [548.8267016410828, 520.44491147995, 534.966977596283, 546.4628353118896, 583.1376552581787]}, "sizes": {"1201_BNG_breastTumor": []}, "tau": 0.5}, "LightGBM": {"losses": {"1201_BNG_breastTumor": [0.05239310465007079, 0.052953146162567535, 0.052534538124692956, 0.0527961454201875, 0.05233945027649943]}, "coverage": {"1201_BNG_breastTumor": [0.018947187928669396, 0.015646433470507537, 0.010802469135802462, 0.0061299725651577375, 0.009173525377229097]}, "time_all": {"1201_BNG_breastTumor": [3.0729706287384033, 3.229804277420044, 3.0017342567443848, 3.097665786743164, 2.8662173748016357]}, "time_fit": {"1201_BNG_breastTumor": [0.70723557472229, 0.9033465385437012, 0.6844840049743652, 0.8855271339416504, 0.6861317157745361]}, "sizes": {"1201_BNG_breastTumor": []}, "tau": 0.5}, "DecisionTree": {"losses": {"1201_BNG_breastTumor": [0.05138486799588715, 0.05186898442306321, 0.05132292947963988, 0.05182663073180475, 0.05115500797521449]}, "coverage": {"1201_BNG_breastTumor": [0.046124828532235984, 0.049597050754458194, 0.057398834019204426, 0.059199245541838086, 0.05641289437585739]}, "complexity": {"1201_BNG_breastTumor": [2991, 2967, 2941, 2927, 2979]}, "time_all": {"1201_BNG_breastTumor": [9.820098638534546, 9.700466394424438, 9.746122121810913, 9.66403317451477, 9.72080659866333]}, "time_fit": {"1201_BNG_breastTumor": [0.484421968460083, 0.4729607105255127, 0.47852206230163574, 0.4701368808746338, 0.47721147537231445]}, "sizes": {"1201_BNG_breastTumor": []}, "tau": 0.5}, "LinearQuantile": {"losses": {"1201_BNG_breastTumor": [0.05447023343959278, 0.05493827788704041, 0.054598195139760136, 0.054777747991109745, 0.05440639569188133]}, "coverage": {"1201_BNG_breastTumor": [0.004115226337448541, 0.00462962962962965, 0.003300754458161914, 0.0011574074074074403, 0.004843964334705131]}, "complexity": {"1201_BNG_breastTumor": [21, 21, 21, 21, 21]}, "time_all": {"1201_BNG_breastTumor": [102.99719905853271, 89.64788126945496, 30.16556978225708, 95.34715700149536, 25.78984546661377]}, "time_fit": {"1201_BNG_breastTumor": [9.235554456710815, 8.090598106384277, 2.413700580596924, 7.225458145141602, 1.9746136665344238]}, "sizes": {"1201_BNG_breastTumor": []}, "tau": 0.5}}