{"SQR": {"losses": {"659_sleuth_ex1714": [0.024938639589409548, 0.0945147333920286, 0.038936172640852744, 0.03498852614069637, 0.046107177152028216]}, "coverage": {"659_sleuth_ex1714": [0.09999999999999998, 0.19999999999999996, 0.16666666666666663, 0.2777777777777778, 0.16666666666666663]}, "complexity": {"659_sleuth_ex1714": [15, 19, 10, 13, 10]}, "time_all": {"659_sleuth_ex1714": [81.30556678771973, 67.08928489685059, 67.30878949165344, 65.84175968170166, 66.01594877243042]}, "time_fit": {"659_sleuth_ex1714": [81.30556678771973, 67.08928489685059, 67.30878949165344, 65.84175968170166, 66.01594877243042]}, "sizes": {"659_sleuth_ex1714": []}, "tau": 0.5}, "LightGBM": {"losses": {"659_sleuth_ex1714": [0.05927848021639303, 0.06649682329999371, 0.06411062883982302, 0.08025972755166944, 0.054510634431374196]}, "coverage": {"659_sleuth_ex1714": [0.0, 0.2, 0.16666666666666669, 0.38888888888888884, 0.05555555555555558]}, "time_all": {"659_sleuth_ex1714": [0.07861781120300293, 0.03502607345581055, 0.03275609016418457, 0.034073591232299805, 0.034972429275512695]}, "time_fit": {"659_sleuth_ex1714": [0.004595518112182617, 0.00466156005859375, 0.003949165344238281, 0.004245758056640625, 0.0043849945068359375]}, "sizes": {"659_sleuth_ex1714": []}, "tau": 0.5}, "DecisionTree": {"losses": {"659_sleuth_ex1714": [0.02646883059696798, 0.04615493489337611, 0.04312658572896354, 0.02798571358677039, 0.031309191811173316]}, "coverage": {"659_sleuth_ex1714": [0.3, 0.19999999999999996, 0.05555555555555558, 0.38888888888888884, 0.05555555555555558]}, "complexity": {"659_sleuth_ex1714": [15, 7, 7, 15, 5]}, "time_all": {"659_sleuth_ex1714": [0.030760526657104492, 0.026696205139160156, 0.028232097625732422, 0.027257204055786133, 0.02789926528930664]}, "time_fit": {"659_sleuth_ex1714": [0.0026671886444091797, 0.0018200874328613281, 0.0020346641540527344, 0.0024068355560302734, 0.0017900466918945312]}, "sizes": {"659_sleuth_ex1714": []}, "tau": 0.5}, "LinearQuantile": {"losses": {"659_sleuth_ex1714": [0.035157446989154885, 0.03633973815441827, 0.052013617245379784, 0.04121853506124523, 0.03243696826198519]}, "coverage": {"659_sleuth_ex1714": [0.2, 0.0, 0.16666666666666663, 0.05555555555555558, 0.2777777777777778]}, "complexity": {"659_sleuth_ex1714": [7, 7, 7, 7, 7]}, "time_all": {"659_sleuth_ex1714": [0.3878450393676758, 1.1323914527893066, 0.24747133255004883, 0.7053077220916748, 0.13525056838989258]}, "time_fit": {"659_sleuth_ex1714": [0.033942461013793945, 0.08817529678344727, 0.021777629852294922, 0.050507307052612305, 0.011508941650390625]}, "sizes": {"659_sleuth_ex1714": []}, "tau": 0.5}}