{"SQR": {"losses": {"225_puma8NH": [0.06277061805662458, 0.06155167993910982, 0.0610875132618616, 0.06079070231566391, 0.06095921727829519]}, "coverage": {"225_puma8NH": [0.15771812080536912, 0.14429530201342283, 0.1562881562881563, 0.16117216117216115, 0.15567765567765568]}, "complexity": {"225_puma8NH": [3, 3, 3, 3, 3]}, "time_all": {"225_puma8NH": [595.1695647239685, 553.7779810428619, 588.8558118343353, 582.690582036972, 565.4882273674011]}, "time_fit": {"225_puma8NH": [595.1695647239685, 553.7779810428619, 588.8558118343353, 582.690582036972, 565.4882273674011]}, "sizes": {"225_puma8NH": []}, "tau": 0.5}, "LightGBM": {"losses": {"225_puma8NH": [0.053124956787688804, 0.052314492409147366, 0.0519484056217272, 0.05230992582033256, 0.05219983897855228]}, "coverage": {"225_puma8NH": [0.011287370347773051, 0.010067114093959773, 0.004273504273504258, 0.001831501831501825, 0.009768009768009789]}, "time_all": {"225_puma8NH": [1.131052017211914, 1.0734827518463135, 1.0958495140075684, 1.093409776687622, 1.1353752613067627]}, "time_fit": {"225_puma8NH": [0.15022850036621094, 0.1391468048095703, 0.1473541259765625, 0.14856839179992676, 0.1424565315246582]}, "sizes": {"225_puma8NH": []}, "tau": 0.5}, "DecisionTree": {"losses": {"225_puma8NH": [0.053280784423184104, 0.05144958504275905, 0.05161235381283065, 0.05081364869903513, 0.05155679970361867]}, "coverage": {"225_puma8NH": [0.0003050640634533197, 0.02593044539353262, 0.0030525030525030417, 0.0012210012210012167, 0.02564102564102566]}, "complexity": {"225_puma8NH": [227, 227, 283, 237, 289]}, "time_all": {"225_puma8NH": [1.2153863906860352, 0.8845338821411133, 0.9983518123626709, 1.0062506198883057, 1.0755865573883057]}, "time_fit": {"225_puma8NH": [0.05355238914489746, 0.051459550857543945, 0.056992292404174805, 0.05426383018493652, 0.05621790885925293]}, "sizes": {"225_puma8NH": []}, "tau": 0.5}, "LinearQuantile": {"losses": {"225_puma8NH": [0.07665553471745859, 0.07866911399947267, 0.07599212012634461, 0.07644532379403847, 0.07592060073246497]}, "coverage": {"225_puma8NH": [0.12477120195240998, 0.11256863941427697, 0.09340659340659341, 0.08852258852258854, 0.10439560439560441]}, "complexity": {"225_puma8NH": [8, 8, 8, 8, 8]}, "time_all": {"225_puma8NH": [0.7795710563659668, 0.9270577430725098, 1.9700555801391602, 0.7045919895172119, 0.8446624279022217]}, "time_fit": {"225_puma8NH": [0.06767463684082031, 0.08391714096069336, 0.1792306900024414, 0.06366157531738281, 0.07653379440307617]}, "sizes": {"225_puma8NH": []}, "tau": 0.5}}