{"SQR": {"losses": {"597_fri_c2_500_5": [0.01372128506641616, 0.013030961981345868, 0.013807348218616405, 0.005100080690348182, 0.018553001616688953]}, "coverage": {"597_fri_c2_500_5": [0.030000000000000027, 0.020000000000000018, 0.08999999999999997, 0.010000000000000009, 0.030000000000000027]}, "complexity": {"597_fri_c2_500_5": [9, 10, 12, 17, 6]}, "time_all": {"597_fri_c2_500_5": [113.6382999420166, 101.58805108070374, 100.67218041419983, 94.27664589881897, 83.9610321521759]}, "time_fit": {"597_fri_c2_500_5": [113.6382999420166, 101.58805108070374, 100.67218041419983, 94.27664589881897, 83.9610321521759]}, "sizes": {"597_fri_c2_500_5": []}, "tau": 0.9}, "LightGBM": {"losses": {"597_fri_c2_500_5": [0.021032466888065097, 0.023746409446968157, 0.020179694721962866, 0.01771209811956029, 0.021526502953704667]}, "coverage": {"597_fri_c2_500_5": [0.010000000000000009, 0.0, 0.020000000000000018, 0.040000000000000036, 0.040000000000000036]}, "time_all": {"597_fri_c2_500_5": [0.2299976348876953, 0.22799134254455566, 0.21771550178527832, 0.2164003849029541, 0.19256997108459473]}, "time_fit": {"597_fri_c2_500_5": [0.04392886161804199, 0.04625344276428223, 0.045804500579833984, 0.04367995262145996, 0.04677081108093262]}, "sizes": {"597_fri_c2_500_5": []}, "tau": 0.9}, "DecisionTree": {"losses": {"597_fri_c2_500_5": [0.01872812682359388, 0.021475894242056013, 0.020542103057746997, 0.019080749102685098, 0.0185189638184295]}, "coverage": {"597_fri_c2_500_5": [0.030000000000000027, 0.020000000000000018, 0.14, 0.010000000000000009, 0.06000000000000005]}, "complexity": {"597_fri_c2_500_5": [29, 27, 67, 11, 29]}, "time_all": {"597_fri_c2_500_5": [0.07617783546447754, 0.0729067325592041, 0.07623839378356934, 0.07134461402893066, 0.0730581283569336]}, "time_fit": {"597_fri_c2_500_5": [0.005065441131591797, 0.004698753356933594, 0.008068084716796875, 0.003164052963256836, 0.004906177520751953]}, "sizes": {"597_fri_c2_500_5": []}, "tau": 0.9}, "LinearQuantile": {"losses": {"597_fri_c2_500_5": [0.07583577632745195, 0.06952364089564707, 0.07930448490471974, 0.08595756413332294, 0.0879606785423769]}, "coverage": {"597_fri_c2_500_5": [0.36, 0.4, 0.43000000000000005, 0.46, 0.44]}, "complexity": {"597_fri_c2_500_5": [5, 5, 5, 5, 5]}, "time_all": {"597_fri_c2_500_5": [0.26424503326416016, 0.2722511291503906, 0.20951104164123535, 0.551954984664917, 0.43302083015441895]}, "time_fit": {"597_fri_c2_500_5": [0.022873401641845703, 0.024216175079345703, 0.018461227416992188, 0.0497133731842041, 0.03602933883666992]}, "sizes": {"597_fri_c2_500_5": []}, "tau": 0.9}}