{"SQR": {"losses": {"592_fri_c4_1000_25": [0.006412025803937613, 0.01019360006502476, 0.009437395007584157, 0.007182163690041601, 0.007029186091359555]}, "coverage": {"592_fri_c4_1000_25": [0.020000000000000018, 0.015000000000000013, 0.0, 0.03500000000000003, 0.03500000000000003]}, "complexity": {"592_fri_c4_1000_25": [13, 6, 12, 15, 14]}, "time_all": {"592_fri_c4_1000_25": [110.5371880531311, 100.5817506313324, 96.8187358379364, 102.05180668830872, 102.93195056915283]}, "time_fit": {"592_fri_c4_1000_25": [110.5371880531311, 100.5817506313324, 96.8187358379364, 102.05180668830872, 102.93195056915283]}, "sizes": {"592_fri_c4_1000_25": []}, "tau": 0.9}, "LightGBM": {"losses": {"592_fri_c4_1000_25": [0.014510865694160598, 0.016946142913617443, 0.018575567828445466, 0.017345473549287217, 0.01594138245273327]}, "coverage": {"592_fri_c4_1000_25": [0.04500000000000004, 0.030000000000000027, 0.04499999999999993, 0.020000000000000018, 0.030000000000000027]}, "time_all": {"592_fri_c4_1000_25": [0.3350377082824707, 0.30051541328430176, 0.2730123996734619, 0.3127913475036621, 0.3169522285461426]}, "time_fit": {"592_fri_c4_1000_25": [0.05584430694580078, 0.05206942558288574, 0.05223822593688965, 0.053610801696777344, 0.05302166938781738]}, "sizes": {"592_fri_c4_1000_25": []}, "tau": 0.9}, "DecisionTree": {"losses": {"592_fri_c4_1000_25": [0.014598700051847517, 0.01364220531714851, 0.012874177763055862, 0.018098029376221333, 0.015837351312573703]}, "coverage": {"592_fri_c4_1000_25": [0.08500000000000008, 0.020000000000000018, 0.020000000000000018, 0.09499999999999997, 0.05500000000000005]}, "complexity": {"592_fri_c4_1000_25": [63, 63, 59, 35, 41]}, "time_all": {"592_fri_c4_1000_25": [0.2905735969543457, 0.2859969139099121, 0.30692052841186523, 0.2827420234680176, 0.28513503074645996]}, "time_fit": {"592_fri_c4_1000_25": [0.02442169189453125, 0.024141788482666016, 0.02576923370361328, 0.019112586975097656, 0.020508766174316406]}, "sizes": {"592_fri_c4_1000_25": []}, "tau": 0.9}, "LinearQuantile": {"losses": {"592_fri_c4_1000_25": [0.0644553379740181, 0.0651225233943659, 0.0537812303440223, 0.056474052897859485, 0.07180302694106985]}, "coverage": {"592_fri_c4_1000_25": [0.49000000000000005, 0.445, 0.36, 0.395, 0.51]}, "complexity": {"592_fri_c4_1000_25": [25, 25, 25, 25, 25]}, "time_all": {"592_fri_c4_1000_25": [1.8482909202575684, 2.888740301132202, 1.1297836303710938, 2.621835470199585, 0.7576260566711426]}, "time_fit": {"592_fri_c4_1000_25": [0.11138415336608887, 0.17097020149230957, 0.08131146430969238, 0.19020462036132812, 0.06604433059692383]}, "sizes": {"592_fri_c4_1000_25": []}, "tau": 0.9}}