{"SQR": {"losses": {"603_fri_c0_250_50": [0.03375699846481089, 0.03235941093627602, 0.029804874880416287, 0.018907819312709677, 0.024973659286586108]}, "coverage": {"603_fri_c0_250_50": [0.18, 0.14, 0.08000000000000002, 0.020000000000000018, 0.03999999999999998]}, "complexity": {"603_fri_c0_250_50": [11, 13, 10, 18, 11]}, "time_all": {"603_fri_c0_250_50": [89.75874900817871, 78.5207667350769, 78.70664191246033, 75.40303063392639, 76.31727743148804]}, "time_fit": {"603_fri_c0_250_50": [89.75874900817871, 78.5207667350769, 78.70664191246033, 75.40303063392639, 76.31727743148804]}, "sizes": {"603_fri_c0_250_50": []}, "tau": 0.5}, "LightGBM": {"losses": {"603_fri_c0_250_50": [0.04058195352597704, 0.04597982856263371, 0.04059348156468066, 0.04152082052885249, 0.048060955575244306]}, "coverage": {"603_fri_c0_250_50": [0.09999999999999998, 0.06, 0.06, 0.12, 0.09999999999999998]}, "time_all": {"603_fri_c0_250_50": [0.2093658447265625, 0.16297531127929688, 0.18942546844482422, 0.18623638153076172, 0.15956926345825195]}, "time_fit": {"603_fri_c0_250_50": [0.037817955017089844, 0.040472984313964844, 0.042455196380615234, 0.04304361343383789, 0.036302804946899414]}, "sizes": {"603_fri_c0_250_50": []}, "tau": 0.5}, "DecisionTree": {"losses": {"603_fri_c0_250_50": [0.04870605779690845, 0.053260521452772255, 0.050475911065759056, 0.04832791190853977, 0.05312301661646266]}, "coverage": {"603_fri_c0_250_50": [0.03999999999999998, 0.03999999999999998, 0.020000000000000018, 0.09999999999999998, 0.040000000000000036]}, "complexity": {"603_fri_c0_250_50": [15, 13, 9, 9, 35]}, "time_all": {"603_fri_c0_250_50": [0.0914757251739502, 0.08704853057861328, 0.08720898628234863, 0.08698844909667969, 0.09308338165283203]}, "time_fit": {"603_fri_c0_250_50": [0.00733184814453125, 0.006587505340576172, 0.0054929256439208984, 0.005454063415527344, 0.010246038436889648]}, "sizes": {"603_fri_c0_250_50": []}, "tau": 0.5}, "LinearQuantile": {"losses": {"603_fri_c0_250_50": [0.03811357229167231, 0.045020349010248664, 0.04049175338626398, 0.04876608958888967, 0.050281119534400724]}, "coverage": {"603_fri_c0_250_50": [0.06, 0.09999999999999998, 0.03999999999999998, 0.06000000000000005, 0.06000000000000005]}, "complexity": {"603_fri_c0_250_50": [50, 50, 50, 50, 50]}, "time_all": {"603_fri_c0_250_50": [5.161422491073608, 6.73479700088501, 7.214573383331299, 1.8123576641082764, 5.887120246887207]}, "time_fit": {"603_fri_c0_250_50": [0.4088447093963623, 0.5530862808227539, 0.5743577480316162, 0.11414146423339844, 0.46882152557373047]}, "sizes": {"603_fri_c0_250_50": []}, "tau": 0.5}}