{"SQR": {"losses": {"1199_BNG_echoMonths": [0.05878008554785642, 0.05956959224044772, 0.05863559798935267, 0.0599268337069167, 0.05783507693278743]}, "coverage": {"1199_BNG_echoMonths": [0.1462857142857143, 0.15675907402114891, 0.16504715633038008, 0.15761646184624178, 0.16876250357244926]}, "complexity": {"1199_BNG_echoMonths": [2, 2, 2, 2, 2]}, "time_all": {"1199_BNG_echoMonths": [641.5771028995514, 537.2105722427368, 551.2484445571899, 560.8019762039185, 541.2210071086884]}, "time_fit": {"1199_BNG_echoMonths": [641.5771028995514, 537.2105722427368, 551.2484445571899, 560.8019762039185, 541.2210071086884]}, "sizes": {"1199_BNG_echoMonths": []}, "tau": 0.5}, "LightGBM": {"losses": {"1199_BNG_echoMonths": [0.05583611506348177, 0.05617528779030615, 0.0564405377239847, 0.05658784034067784, 0.05576422689878777]}, "coverage": {"1199_BNG_echoMonths": [0.04771428571428571, 0.039296941983423817, 0.031008859674192646, 0.030723063732495004, 0.018148042297799316]}, "time_all": {"1199_BNG_echoMonths": [1.637791395187378, 1.7023203372955322, 1.642693281173706, 1.6227447986602783, 1.6391055583953857]}, "time_fit": {"1199_BNG_echoMonths": [0.23433732986450195, 0.2168443202972412, 0.20612263679504395, 0.19228148460388184, 0.21668434143066406]}, "sizes": {"1199_BNG_echoMonths": []}, "tau": 0.5}, "DecisionTree": {"losses": {"1199_BNG_echoMonths": [0.054085022146128585, 0.05530489794428424, 0.05591421161707404, 0.056424332965172574, 0.0550125612673606]}, "coverage": {"1199_BNG_echoMonths": [0.020571428571428574, 0.003286653329522715, 0.010145755930265787, 0.0050014289797084555, 0.006430408688196609]}, "complexity": {"1199_BNG_echoMonths": [481, 485, 471, 453, 449]}, "time_all": {"1199_BNG_echoMonths": [1.8327767848968506, 1.6953849792480469, 1.710606336593628, 1.690495252609253, 1.8182287216186523]}, "time_fit": {"1199_BNG_echoMonths": [0.10281133651733398, 0.10280990600585938, 0.10324811935424805, 0.10021162033081055, 0.1005094051361084]}, "sizes": {"1199_BNG_echoMonths": []}, "tau": 0.5}, "LinearQuantile": {"losses": {"1199_BNG_echoMonths": [0.05665916007692556, 0.05735534464602305, 0.056914015099397516, 0.05785361091029575, 0.056423144903941874]}, "coverage": {"1199_BNG_echoMonths": [0.017714285714285682, 0.0007144898542440492, 0.001286081737639333, 0.006716204629894251, 0.014432695055730194]}, "complexity": {"1199_BNG_echoMonths": [12, 12, 12, 12, 12]}, "time_all": {"1199_BNG_echoMonths": [2.9008495807647705, 6.661842107772827, 4.239484548568726, 4.777547359466553, 3.772625684738159]}, "time_fit": {"1199_BNG_echoMonths": [0.23976683616638184, 0.5152852535247803, 0.33299708366394043, 0.39705753326416016, 0.30477476119995117]}, "sizes": {"1199_BNG_echoMonths": []}, "tau": 0.5}}