{"SQR": {"losses": {"650_fri_c0_500_50": [0.008131350213753786, 0.007459772590086926, 0.006501366599322078, 0.006476174202068786, 0.010574382901182098]}, "coverage": {"650_fri_c0_500_50": [0.030000000000000027, 0.030000000000000027, 0.010000000000000009, 0.039999999999999925, 0.020000000000000018]}, "complexity": {"650_fri_c0_500_50": [14, 15, 15, 13, 13]}, "time_all": {"650_fri_c0_500_50": [107.00510549545288, 89.48747253417969, 87.09170794487, 91.7326238155365, 93.35637998580933]}, "time_fit": {"650_fri_c0_500_50": [107.00510549545288, 89.48747253417969, 87.09170794487, 91.7326238155365, 93.35637998580933]}, "sizes": {"650_fri_c0_500_50": []}, "tau": 0.9}, "LightGBM": {"losses": {"650_fri_c0_500_50": [0.024617130658890082, 0.023951943313994153, 0.02061551252348671, 0.025540388986661673, 0.024744486418246326]}, "coverage": {"650_fri_c0_500_50": [0.0, 0.07000000000000006, 0.010000000000000009, 0.0, 0.030000000000000027]}, "time_all": {"650_fri_c0_500_50": [0.26345252990722656, 0.2503015995025635, 0.20852065086364746, 0.2078099250793457, 0.24280047416687012]}, "time_fit": {"650_fri_c0_500_50": [0.052925825119018555, 0.058836936950683594, 0.0512690544128418, 0.05050539970397949, 0.050098419189453125]}, "sizes": {"650_fri_c0_500_50": []}, "tau": 0.9}, "DecisionTree": {"losses": {"650_fri_c0_500_50": [0.02321261227019565, 0.02428672124471082, 0.017179950636115975, 0.022541624760189092, 0.021289647595325888]}, "coverage": {"650_fri_c0_500_50": [0.06000000000000005, 0.09999999999999998, 0.020000000000000018, 0.030000000000000027, 0.020000000000000018]}, "complexity": {"650_fri_c0_500_50": [33, 19, 17, 17, 19]}, "time_all": {"650_fri_c0_500_50": [0.194810152053833, 0.1946427822113037, 0.19438982009887695, 0.19682931900024414, 0.20029473304748535]}, "time_fit": {"650_fri_c0_500_50": [0.016453266143798828, 0.013728141784667969, 0.013406753540039062, 0.01329493522644043, 0.014370203018188477]}, "sizes": {"650_fri_c0_500_50": []}, "tau": 0.9}, "LinearQuantile": {"losses": {"650_fri_c0_500_50": [0.05159437110792376, 0.0440999390877978, 0.044698864081808405, 0.041471837337151506, 0.0439839474118962]}, "coverage": {"650_fri_c0_500_50": [0.51, 0.47000000000000003, 0.46, 0.42000000000000004, 0.44]}, "complexity": {"650_fri_c0_500_50": [50, 50, 50, 50, 50]}, "time_all": {"650_fri_c0_500_50": [4.189465761184692, 20.412559509277344, 6.656581878662109, 12.399658918380737, 24.723787307739258]}, "time_fit": {"650_fri_c0_500_50": [0.3381359577178955, 1.7599434852600098, 0.5148532390594482, 1.04960036277771, 1.7586338520050049]}, "sizes": {"650_fri_c0_500_50": []}, "tau": 0.9}}