{"SQR": {"losses": {"651_fri_c0_100_25": [0.06723819917940008, 0.03952221647126551, 0.06816251833174754, 0.053388322061004176, 0.07113393119360437]}, "coverage": {"651_fri_c0_100_25": [0.15000000000000002, 0.15000000000000002, 0.09999999999999998, 0.04999999999999999, 0.04999999999999999]}, "complexity": {"651_fri_c0_100_25": [10, 11, 13, 12, 11]}, "time_all": {"651_fri_c0_100_25": [82.37287306785583, 67.55215549468994, 66.96479368209839, 66.77748942375183, 68.4011390209198]}, "time_fit": {"651_fri_c0_100_25": [82.37287306785583, 67.55215549468994, 66.96479368209839, 66.77748942375183, 68.4011390209198]}, "sizes": {"651_fri_c0_100_25": []}, "tau": 0.5}, "LightGBM": {"losses": {"651_fri_c0_100_25": [0.0790884292918313, 0.08547999791267899, 0.083333983630285, 0.07769194922711631, 0.07071836864313619]}, "coverage": {"651_fri_c0_100_25": [0.050000000000000044, 0.0, 0.25, 0.25, 0.09999999999999998]}, "time_all": {"651_fri_c0_100_25": [0.14384102821350098, 0.09831523895263672, 0.08034539222717285, 0.08688092231750488, 0.10014629364013672]}, "time_fit": {"651_fri_c0_100_25": [0.020606517791748047, 0.02094888687133789, 0.01270151138305664, 0.01782083511352539, 0.021281003952026367]}, "sizes": {"651_fri_c0_100_25": []}, "tau": 0.5}, "DecisionTree": {"losses": {"651_fri_c0_100_25": [0.06828049588465293, 0.07279827169522966, 0.08783271587629997, 0.07775508361850664, 0.06318677684684033]}, "coverage": {"651_fri_c0_100_25": [0.050000000000000044, 0.050000000000000044, 0.15000000000000002, 0.04999999999999999, 0.0]}, "complexity": {"651_fri_c0_100_25": [11, 3, 13, 13, 3]}, "time_all": {"651_fri_c0_100_25": [0.03744244575500488, 0.033743858337402344, 0.0354008674621582, 0.03576064109802246, 0.03526139259338379]}, "time_fit": {"651_fri_c0_100_25": [0.00295257568359375, 0.0017848014831542969, 0.003086090087890625, 0.0030853748321533203, 0.0018589496612548828]}, "sizes": {"651_fri_c0_100_25": []}, "tau": 0.5}, "LinearQuantile": {"losses": {"651_fri_c0_100_25": [0.06629280209568471, 0.05174260224350461, 0.05173352840426638, 0.06649849279770333, 0.059352801563315016]}, "coverage": {"651_fri_c0_100_25": [0.09999999999999998, 0.0, 0.15000000000000002, 0.2, 0.09999999999999998]}, "complexity": {"651_fri_c0_100_25": [25, 25, 25, 25, 25]}, "time_all": {"651_fri_c0_100_25": [1.7472083568572998, 0.9872584342956543, 0.6343348026275635, 0.964707612991333, 0.4402039051055908]}, "time_fit": {"651_fri_c0_100_25": [0.11782550811767578, 0.07236909866333008, 0.047448158264160156, 0.06494951248168945, 0.03483986854553223]}, "sizes": {"651_fri_c0_100_25": []}, "tau": 0.5}}