{"SQR": {"losses": {"665_sleuth_case2002": [0.06335887499555558, 0.07203464879334166, 0.06281666132452107, 0.06321837770114941, 0.05563394934865901]}, "coverage": {"665_sleuth_case2002": [0.06666666666666665, 0.16666666666666669, 0.15517241379310343, 0.12068965517241381, 0.051724137931034475]}, "complexity": {"665_sleuth_case2002": [5, 7, 5, 2, 2]}, "time_all": {"665_sleuth_case2002": [82.76397609710693, 69.20514750480652, 68.04329371452332, 69.40969634056091, 68.74965834617615]}, "time_fit": {"665_sleuth_case2002": [82.76397609710693, 69.20514750480652, 68.04329371452332, 69.40969634056091, 68.74965834617615]}, "sizes": {"665_sleuth_case2002": []}, "tau": 0.5}, "LightGBM": {"losses": {"665_sleuth_case2002": [0.05762236137514878, 0.07166334306498102, 0.07195967370468011, 0.061334093734659104, 0.05075694250942783]}, "coverage": {"665_sleuth_case2002": [0.06666666666666665, 0.06666666666666665, 0.15517241379310343, 0.08620689655172409, 0.22413793103448276]}, "time_all": {"665_sleuth_case2002": [0.15169215202331543, 0.12608051300048828, 0.10083270072937012, 0.0976107120513916, 0.09459257125854492]}, "time_fit": {"665_sleuth_case2002": [0.023963451385498047, 0.031011581420898438, 0.013257265090942383, 0.022365093231201172, 0.020322799682617188]}, "sizes": {"665_sleuth_case2002": []}, "tau": 0.5}, "DecisionTree": {"losses": {"665_sleuth_case2002": [0.04925925925925926, 0.05333333333333333, 0.06283524904214559, 0.05421455938697318, 0.04827586206896552]}, "coverage": {"665_sleuth_case2002": [0.19999999999999996, 0.16666666666666663, 0.051724137931034475, 0.12068965517241381, 0.39655172413793105]}, "complexity": {"665_sleuth_case2002": [9, 19, 9, 21, 9]}, "time_all": {"665_sleuth_case2002": [0.03647589683532715, 0.03566741943359375, 0.03375864028930664, 0.03493070602416992, 0.03400588035583496]}, "time_fit": {"665_sleuth_case2002": [0.0022640228271484375, 0.0029468536376953125, 0.0020308494567871094, 0.002983570098876953, 0.0021653175354003906]}, "sizes": {"665_sleuth_case2002": []}, "tau": 0.5}, "LinearQuantile": {"losses": {"665_sleuth_case2002": [0.06115887296107888, 0.05977811674566879, 0.06667482146039258, 0.06084210751883942, 0.052366830231307816]}, "coverage": {"665_sleuth_case2002": [0.033333333333333326, 0.033333333333333326, 0.12068965517241381, 0.12068965517241381, 0.08620689655172409]}, "complexity": {"665_sleuth_case2002": [10, 10, 10, 10, 10]}, "time_all": {"665_sleuth_case2002": [0.22687768936157227, 1.934253215789795, 1.1865592002868652, 0.9578163623809814, 0.1603078842163086]}, "time_fit": {"665_sleuth_case2002": [0.019405126571655273, 0.12866902351379395, 0.09181022644042969, 0.0662539005279541, 0.013715744018554688]}, "sizes": {"665_sleuth_case2002": []}, "tau": 0.5}}