{"SQR": {"losses": {"621_fri_c0_100_10": [0.04150765882399299, 0.049633421501761574, 0.07268597255046137, 0.02292764272440803, 0.03013551079346609]}, "coverage": {"621_fri_c0_100_10": [0.04999999999999999, 0.09999999999999998, 0.09999999999999998, 0.15000000000000002, 0.050000000000000044]}, "complexity": {"621_fri_c0_100_10": [14, 10, 12, 11, 13]}, "time_all": {"621_fri_c0_100_10": [84.25246357917786, 68.15073442459106, 71.3757975101471, 69.1175765991211, 71.31490707397461]}, "time_fit": {"621_fri_c0_100_10": [84.25246357917786, 68.15073442459106, 71.3757975101471, 69.1175765991211, 71.31490707397461]}, "sizes": {"621_fri_c0_100_10": []}, "tau": 0.5}, "LightGBM": {"losses": {"621_fri_c0_100_10": [0.07381814441120757, 0.04997108748735687, 0.06720890506380375, 0.046701181257461664, 0.06919778411253971]}, "coverage": {"621_fri_c0_100_10": [0.19999999999999996, 0.0, 0.09999999999999998, 0.04999999999999999, 0.04999999999999999]}, "time_all": {"621_fri_c0_100_10": [0.12718701362609863, 0.06883835792541504, 0.08007407188415527, 0.0787653923034668, 0.07522821426391602]}, "time_fit": {"621_fri_c0_100_10": [0.016949176788330078, 0.016218900680541992, 0.015992164611816406, 0.015850067138671875, 0.014786481857299805]}, "sizes": {"621_fri_c0_100_10": []}, "tau": 0.5}, "DecisionTree": {"losses": {"621_fri_c0_100_10": [0.051237864366600584, 0.07179033725660504, 0.06439603157734823, 0.04523797221159005, 0.06994303028369908]}, "coverage": {"621_fri_c0_100_10": [0.09999999999999998, 0.050000000000000044, 0.050000000000000044, 0.09999999999999998, 0.15000000000000002]}, "complexity": {"621_fri_c0_100_10": [13, 13, 31, 13, 7]}, "time_all": {"621_fri_c0_100_10": [0.03406119346618652, 0.032175540924072266, 0.03456997871398926, 0.03208732604980469, 0.03269839286804199]}, "time_fit": {"621_fri_c0_100_10": [0.0027632713317871094, 0.002585172653198242, 0.004029750823974609, 0.0025587081909179688, 0.002162456512451172]}, "sizes": {"621_fri_c0_100_10": []}, "tau": 0.5}, "LinearQuantile": {"losses": {"621_fri_c0_100_10": [0.05167224041935723, 0.054638263071194584, 0.045234027403990205, 0.04421790449446356, 0.06156471724737359]}, "coverage": {"621_fri_c0_100_10": [0.050000000000000044, 0.15000000000000002, 0.09999999999999998, 0.0, 0.04999999999999999]}, "complexity": {"621_fri_c0_100_10": [10, 10, 10, 10, 10]}, "time_all": {"621_fri_c0_100_10": [0.13451766967773438, 0.152008056640625, 0.21756935119628906, 0.2012486457824707, 0.10703516006469727]}, "time_fit": {"621_fri_c0_100_10": [0.011309146881103516, 0.012750625610351562, 0.018630027770996094, 0.01685309410095215, 0.009022951126098633]}, "sizes": {"621_fri_c0_100_10": []}, "tau": 0.5}}