{"SQR": {"losses": {"229_pwLinear": [0.02354976193470463, 0.02382487390970816, 0.031441407047923406, 0.019020389007006862, 0.02478475209731184]}, "coverage": {"229_pwLinear": [0.050000000000000044, 0.125, 0.07500000000000007, 0.025000000000000022, 0.17500000000000004]}, "complexity": {"229_pwLinear": [19, 8, 12, 12, 18]}, "time_all": {"229_pwLinear": [89.16636919975281, 72.64746975898743, 72.14124274253845, 72.83900260925293, 70.95895409584045]}, "time_fit": {"229_pwLinear": [89.16636919975281, 72.64746975898743, 72.14124274253845, 72.83900260925293, 70.95895409584045]}, "sizes": {"229_pwLinear": []}, "tau": 0.9}, "LightGBM": {"losses": {"229_pwLinear": [0.0230256253476321, 0.0154811330327069, 0.024922237726296093, 0.021619945717744823, 0.026215333124555405]}, "coverage": {"229_pwLinear": [0.025000000000000022, 0.07499999999999996, 0.050000000000000044, 0.025000000000000022, 0.025000000000000022]}, "time_all": {"229_pwLinear": [0.1568770408630371, 0.13495469093322754, 0.10712862014770508, 0.11256170272827148, 0.12749338150024414]}, "time_fit": {"229_pwLinear": [0.024512767791748047, 0.03134942054748535, 0.023859024047851562, 0.025722503662109375, 0.02870774269104004]}, "sizes": {"229_pwLinear": []}, "tau": 0.9}, "DecisionTree": {"losses": {"229_pwLinear": [0.01731069799806691, 0.02177270667822051, 0.021115174766574485, 0.01775120079544459, 0.021017029911781403]}, "coverage": {"229_pwLinear": [0.04999999999999993, 0.25, 0.22499999999999998, 0.050000000000000044, 0.04999999999999993]}, "complexity": {"229_pwLinear": [11, 65, 25, 27, 9]}, "time_all": {"229_pwLinear": [0.04082489013671875, 0.04478788375854492, 0.040119171142578125, 0.041097402572631836, 0.04032254219055176]}, "time_fit": {"229_pwLinear": [0.0025424957275390625, 0.006520748138427734, 0.0035889148712158203, 0.003671407699584961, 0.0023224353790283203]}, "sizes": {"229_pwLinear": []}, "tau": 0.9}, "LinearQuantile": {"losses": {"229_pwLinear": [0.013947324673276095, 0.016892117105705838, 0.026285600007483128, 0.018335124535563293, 0.017894933041766904]}, "coverage": {"229_pwLinear": [0.07499999999999996, 0.09999999999999998, 0.17500000000000004, 0.050000000000000044, 0.0]}, "complexity": {"229_pwLinear": [29, 29, 29, 29, 29]}, "time_all": {"229_pwLinear": [0.7128880023956299, 0.6695101261138916, 1.1230778694152832, 0.4964451789855957, 0.7895505428314209]}, "time_fit": {"229_pwLinear": [0.063140869140625, 0.04985952377319336, 0.07482790946960449, 0.038747310638427734, 0.056084632873535156]}, "sizes": {"229_pwLinear": []}, "tau": 0.9}}