{"SQR": {"losses": {"228_elusage": [0.01928205652938642, 0.04601068646800529, 0.019694562554456493, 0.03151479790436842, 0.029446207225897275]}, "coverage": {"228_elusage": [0.09999999999999998, 0.17272727272727273, 0.26363636363636367, 0.26363636363636367, 0.08181818181818179]}, "complexity": {"228_elusage": [14, 9, 8, 14, 7]}, "time_all": {"228_elusage": [81.70162010192871, 67.01476240158081, 67.26139760017395, 65.89255666732788, 66.63423657417297]}, "time_fit": {"228_elusage": [81.70162010192871, 67.01476240158081, 67.26139760017395, 65.89255666732788, 66.63423657417297]}, "sizes": {"228_elusage": []}, "tau": 0.9}, "LightGBM": {"losses": {"228_elusage": [0.035848686983542384, 0.045548375140152364, 0.0638121563848852, 0.03196960246153261, 0.040622284175758853]}, "coverage": {"228_elusage": [0.09999999999999998, 0.08181818181818179, 0.08181818181818179, 0.09999999999999998, 0.009090909090909038]}, "time_all": {"228_elusage": [0.09445786476135254, 0.06638216972351074, 0.0452423095703125, 0.05500078201293945, 0.054853200912475586]}, "time_fit": {"228_elusage": [0.011957406997680664, 0.014434099197387695, 0.004305124282836914, 0.014355897903442383, 0.013845205307006836]}, "sizes": {"228_elusage": []}, "tau": 0.9}, "DecisionTree": {"losses": {"228_elusage": [0.01987274281533015, 0.027798994143323378, 0.024127105863302026, 0.02495496819187032, 0.0165832950540441]}, "coverage": {"228_elusage": [0.009090909090909038, 0.009090909090909038, 0.08181818181818179, 0.17272727272727273, 0.009090909090909038]}, "complexity": {"228_elusage": [17, 7, 3, 17, 7]}, "time_all": {"228_elusage": [0.029738664627075195, 0.02785778045654297, 0.026766061782836914, 0.027081012725830078, 0.02742624282836914]}, "time_fit": {"228_elusage": [0.002740144729614258, 0.0018568038940429688, 0.0015289783477783203, 0.0023827552795410156, 0.0018208026885986328]}, "sizes": {"228_elusage": []}, "tau": 0.9}, "LinearQuantile": {"losses": {"228_elusage": [0.05298144382669159, 0.13070516429687246, 0.1343569623183215, 0.10288558304178659, 0.11852600371067969]}, "coverage": {"228_elusage": [0.009090909090909038, 0.08181818181818179, 0.17272727272727273, 0.009090909090909038, 0.17272727272727273]}, "complexity": {"228_elusage": [2, 2, 2, 2, 2]}, "time_all": {"228_elusage": [0.08687257766723633, 0.328596830368042, 0.20708227157592773, 0.2798006534576416, 0.053559303283691406]}, "time_fit": {"228_elusage": [0.00702214241027832, 0.026641130447387695, 0.017283916473388672, 0.022854089736938477, 0.0043299198150634766]}, "sizes": {"228_elusage": []}, "tau": 0.9}}