{"SQR": {"losses": {"599_fri_c2_1000_5": [0.009952093149453682, 0.007962226375665656, 0.013289732261260366, 0.00870362236926708, 0.011347424909963547]}, "coverage": {"599_fri_c2_1000_5": [0.020000000000000018, 0.010000000000000009, 0.015000000000000013, 0.020000000000000018, 0.0050000000000000044]}, "complexity": {"599_fri_c2_1000_5": [14, 17, 11, 13, 15]}, "time_all": {"599_fri_c2_1000_5": [127.40652251243591, 102.9582998752594, 113.80568480491638, 103.16847586631775, 114.57284307479858]}, "time_fit": {"599_fri_c2_1000_5": [127.40652251243591, 102.9582998752594, 113.80568480491638, 103.16847586631775, 114.57284307479858]}, "sizes": {"599_fri_c2_1000_5": []}, "tau": 0.9}, "LightGBM": {"losses": {"599_fri_c2_1000_5": [0.019997708133851575, 0.02152221738871039, 0.019384804718176565, 0.019089191195590695, 0.0194041669024062]}, "coverage": {"599_fri_c2_1000_5": [0.0, 0.020000000000000018, 0.025000000000000022, 0.025000000000000022, 0.039999999999999925]}, "time_all": {"599_fri_c2_1000_5": [0.3596484661102295, 0.33356332778930664, 0.30399274826049805, 0.3053874969482422, 0.3343496322631836]}, "time_fit": {"599_fri_c2_1000_5": [0.06337451934814453, 0.06576728820800781, 0.06004047393798828, 0.0715029239654541, 0.0645449161529541]}, "sizes": {"599_fri_c2_1000_5": []}, "tau": 0.9}, "DecisionTree": {"losses": {"599_fri_c2_1000_5": [0.017971688134430338, 0.021401344522698252, 0.019333604863837152, 0.017581275810049805, 0.01734255441796321]}, "coverage": {"599_fri_c2_1000_5": [0.025000000000000022, 0.16500000000000004, 0.135, 0.040000000000000036, 0.020000000000000018]}, "complexity": {"599_fri_c2_1000_5": [41, 139, 137, 37, 35]}, "time_all": {"599_fri_c2_1000_5": [0.13555383682250977, 0.14019250869750977, 0.1384575366973877, 0.13164329528808594, 0.1305243968963623]}, "time_fit": {"599_fri_c2_1000_5": [0.007844924926757812, 0.015779733657836914, 0.01559758186340332, 0.007452726364135742, 0.007258892059326172]}, "sizes": {"599_fri_c2_1000_5": []}, "tau": 0.9}, "LinearQuantile": {"losses": {"599_fri_c2_1000_5": [0.07832804001909625, 0.07601364169970862, 0.07949967359286207, 0.0786307767130483, 0.07834912561172709]}, "coverage": {"599_fri_c2_1000_5": [0.455, 0.42000000000000004, 0.42500000000000004, 0.445, 0.43000000000000005]}, "complexity": {"599_fri_c2_1000_5": [5, 5, 5, 5, 5]}, "time_all": {"599_fri_c2_1000_5": [0.1416769027709961, 0.17501473426818848, 0.3706991672515869, 0.13683605194091797, 0.4098641872406006]}, "time_fit": {"599_fri_c2_1000_5": [0.011832952499389648, 0.01473855972290039, 0.03155064582824707, 0.011609315872192383, 0.036588191986083984]}, "sizes": {"599_fri_c2_1000_5": []}, "tau": 0.9}}