{"SQR": {"losses": {"604_fri_c4_500_10": [0.010671038035444997, 0.006022278150237907, 0.0069587501736567995, 0.006680716869441024, 0.0061969188515648525]}, "coverage": {"604_fri_c4_500_10": [0.010000000000000009, 0.04999999999999993, 0.050000000000000044, 0.040000000000000036, 0.010000000000000009]}, "complexity": {"604_fri_c4_500_10": [14, 12, 13, 12, 14]}, "time_all": {"604_fri_c4_500_10": [113.01253890991211, 91.17122030258179, 95.07208013534546, 99.43472790718079, 96.2477695941925]}, "time_fit": {"604_fri_c4_500_10": [113.01253890991211, 91.17122030258179, 95.07208013534546, 99.43472790718079, 96.2477695941925]}, "sizes": {"604_fri_c4_500_10": []}, "tau": 0.9}, "LightGBM": {"losses": {"604_fri_c4_500_10": [0.018657951528648496, 0.01996370930138989, 0.019302529453103835, 0.017571619799577044, 0.017479060288086153]}, "coverage": {"604_fri_c4_500_10": [0.010000000000000009, 0.06000000000000005, 0.039999999999999925, 0.07000000000000006, 0.010000000000000009]}, "time_all": {"604_fri_c4_500_10": [0.2271425724029541, 0.1787416934967041, 0.17885231971740723, 0.2082655429840088, 0.1972506046295166]}, "time_fit": {"604_fri_c4_500_10": [0.042142391204833984, 0.04155254364013672, 0.03952980041503906, 0.04143047332763672, 0.04295015335083008]}, "sizes": {"604_fri_c4_500_10": []}, "tau": 0.9}, "DecisionTree": {"losses": {"604_fri_c4_500_10": [0.015476433644293222, 0.017010281234250305, 0.019909139514445638, 0.02285028465753376, 0.014909622944049183]}, "coverage": {"604_fri_c4_500_10": [0.08000000000000007, 0.08999999999999997, 0.06000000000000005, 0.20000000000000007, 0.050000000000000044]}, "complexity": {"604_fri_c4_500_10": [65, 69, 65, 73, 67]}, "time_all": {"604_fri_c4_500_10": [0.09110617637634277, 0.09046745300292969, 0.08878087997436523, 0.08910942077636719, 0.08892178535461426]}, "time_fit": {"604_fri_c4_500_10": [0.009608030319213867, 0.009838104248046875, 0.009396553039550781, 0.009950876235961914, 0.009481191635131836]}, "sizes": {"604_fri_c4_500_10": []}, "tau": 0.9}, "LinearQuantile": {"losses": {"604_fri_c4_500_10": [0.06431164987454699, 0.06391742431131549, 0.05590006575998233, 0.07129504642528849, 0.06753032467732362]}, "coverage": {"604_fri_c4_500_10": [0.43000000000000005, 0.43000000000000005, 0.42000000000000004, 0.56, 0.48000000000000004]}, "complexity": {"604_fri_c4_500_10": [10, 10, 10, 10, 10]}, "time_all": {"604_fri_c4_500_10": [0.36405277252197266, 2.77016019821167, 0.37380480766296387, 0.8236339092254639, 0.5174126625061035]}, "time_fit": {"604_fri_c4_500_10": [0.03198814392089844, 0.14828181266784668, 0.03370070457458496, 0.07410931587219238, 0.04546236991882324]}, "sizes": {"604_fri_c4_500_10": []}, "tau": 0.9}}