{"SQR": {"losses": {"678_visualizing_environmental": [0.029013008357144553, 0.024003525055259437, 0.05571635812504919, 0.028958870953549445, 0.04270176171017175]}, "coverage": {"678_visualizing_environmental": [0.05652173913043479, 0.054545454545454564, 0.26363636363636367, 0.054545454545454564, 0.12727272727272732]}, "complexity": {"678_visualizing_environmental": [4, 3, 3, 3, 3]}, "time_all": {"678_visualizing_environmental": [81.59370946884155, 66.16323375701904, 65.42142367362976, 65.96253800392151, 65.25308632850647]}, "time_fit": {"678_visualizing_environmental": [81.59370946884155, 66.16323375701904, 65.42142367362976, 65.96253800392151, 65.25308632850647]}, "sizes": {"678_visualizing_environmental": []}, "tau": 0.9}, "LightGBM": {"losses": {"678_visualizing_environmental": [0.029420599313380275, 0.027076293950971997, 0.052369888193761, 0.0284559763119914, 0.05457940557828252]}, "coverage": {"678_visualizing_environmental": [0.09999999999999998, 0.054545454545454564, 0.21818181818181825, 0.054545454545454564, 0.12727272727272732]}, "time_all": {"678_visualizing_environmental": [0.12531352043151855, 0.08075428009033203, 0.0802001953125, 0.09542393684387207, 0.09723162651062012]}, "time_fit": {"678_visualizing_environmental": [0.016762256622314453, 0.016490697860717773, 0.011835098266601562, 0.02017951011657715, 0.021492958068847656]}, "sizes": {"678_visualizing_environmental": []}, "tau": 0.9}, "DecisionTree": {"losses": {"678_visualizing_environmental": [0.02681946933760619, 0.026877469218746296, 0.05266798040873628, 0.02724802232651367, 0.0330928876022176]}, "coverage": {"678_visualizing_environmental": [0.09999999999999998, 0.09999999999999998, 0.17272727272727273, 0.054545454545454564, 0.036363636363636376]}, "complexity": {"678_visualizing_environmental": [3, 3, 1, 3, 3]}, "time_all": {"678_visualizing_environmental": [0.03257942199707031, 0.03143715858459473, 0.03219175338745117, 0.03281402587890625, 0.03291821479797363]}, "time_fit": {"678_visualizing_environmental": [0.0017697811126708984, 0.0016944408416748047, 0.0015273094177246094, 0.0016808509826660156, 0.0016930103302001953]}, "sizes": {"678_visualizing_environmental": []}, "tau": 0.9}, "LinearQuantile": {"losses": {"678_visualizing_environmental": [0.03161933303946625, 0.03647746443164653, 0.058282489284119186, 0.03478228602175782, 0.054013922943534014]}, "coverage": {"678_visualizing_environmental": [0.05652173913043479, 0.036363636363636376, 0.21818181818181825, 0.09999999999999998, 0.26363636363636367]}, "complexity": {"678_visualizing_environmental": [3, 3, 3, 3, 3]}, "time_all": {"678_visualizing_environmental": [0.15146446228027344, 0.13994908332824707, 0.11768770217895508, 0.10173368453979492, 0.08211636543273926]}, "time_fit": {"678_visualizing_environmental": [0.012812137603759766, 0.011747360229492188, 0.010109424591064453, 0.008581161499023438, 0.006924629211425781]}, "sizes": {"678_visualizing_environmental": []}, "tau": 0.9}}