{"SQR": {"losses": {"618_fri_c3_1000_50": [0.009405046436409829, 0.006083608297994774, 0.008296890695221288, 0.011015578777659591, 0.008100808766467895]}, "coverage": {"618_fri_c3_1000_50": [0.010000000000000009, 0.0050000000000000044, 0.020000000000000018, 0.020000000000000018, 0.025000000000000022]}, "complexity": {"618_fri_c3_1000_50": [11, 13, 11, 11, 12]}, "time_all": {"618_fri_c3_1000_50": [116.56825113296509, 98.16628813743591, 111.84653353691101, 108.85834527015686, 110.25988698005676]}, "time_fit": {"618_fri_c3_1000_50": [116.56825113296509, 98.16628813743591, 111.84653353691101, 108.85834527015686, 110.25988698005676]}, "sizes": {"618_fri_c3_1000_50": []}, "tau": 0.9}, "LightGBM": {"losses": {"618_fri_c3_1000_50": [0.017744794296314762, 0.015469215978965258, 0.017854266476497176, 0.015010188061036184, 0.017652682723150733]}, "coverage": {"618_fri_c3_1000_50": [0.03500000000000003, 0.010000000000000009, 0.015000000000000013, 0.010000000000000009, 0.020000000000000018]}, "time_all": {"618_fri_c3_1000_50": [0.37230753898620605, 0.3409457206726074, 0.3229656219482422, 0.354297399520874, 0.3475158214569092]}, "time_fit": {"618_fri_c3_1000_50": [0.059540748596191406, 0.057300567626953125, 0.05478096008300781, 0.05233144760131836, 0.05605626106262207]}, "sizes": {"618_fri_c3_1000_50": []}, "tau": 0.9}, "DecisionTree": {"losses": {"618_fri_c3_1000_50": [0.013164590837219613, 0.01245869766463852, 0.014253330642484791, 0.013925368370506584, 0.01552593290805745]}, "coverage": {"618_fri_c3_1000_50": [0.04500000000000004, 0.03500000000000003, 0.015000000000000013, 0.0050000000000000044, 0.050000000000000044]}, "complexity": {"618_fri_c3_1000_50": [65, 61, 37, 33, 35]}, "time_all": {"618_fri_c3_1000_50": [0.5500781536102295, 0.5386550426483154, 0.5409407615661621, 0.5361423492431641, 0.53456711769104]}, "time_fit": {"618_fri_c3_1000_50": [0.04778695106506348, 0.04713773727416992, 0.039220571517944336, 0.03908419609069824, 0.038855552673339844]}, "sizes": {"618_fri_c3_1000_50": []}, "tau": 0.9}, "LinearQuantile": {"losses": {"618_fri_c3_1000_50": [0.0722283646459623, 0.06100256310802815, 0.06837277404201672, 0.06800140034621595, 0.0676357700043127]}, "coverage": {"618_fri_c3_1000_50": [0.47500000000000003, 0.405, 0.43000000000000005, 0.47500000000000003, 0.435]}, "complexity": {"618_fri_c3_1000_50": [50, 50, 50, 50, 50]}, "time_all": {"618_fri_c3_1000_50": [35.32135987281799, 22.859771490097046, 23.831414937973022, 6.12690806388855, 7.6693713665008545]}, "time_fit": {"618_fri_c3_1000_50": [2.288663148880005, 2.028878927230835, 2.1493544578552246, 0.47767210006713867, 0.6202774047851562]}, "sizes": {"618_fri_c3_1000_50": []}, "tau": 0.9}}