{"SQR": {"losses": {"344_mv": [0.00014827420262928688, 0.0002211001858463154, 0.00021385432944650009, 0.000207200505547547, 0.00014730870255377646]}, "coverage": {"344_mv": [0.08211920529801331, 0.09278881530537164, 0.08506254598969831, 0.03246657672022568, 0.10397399730160684]}, "complexity": {"344_mv": [12, 9, 9, 9, 11]}, "time_all": {"344_mv": [1509.6196501255035, 1455.760712146759, 1442.845664024353, 1486.894799232483, 1466.0598487854004]}, "time_fit": {"344_mv": [1509.6196501255035, 1455.760712146759, 1442.845664024353, 1486.894799232483, 1466.0598487854004]}, "sizes": {"344_mv": []}, "tau": 0.9}, "LightGBM": {"losses": {"344_mv": [0.01831206876679618, 0.01779299401191591, 0.01847100165113926, 0.01800036072193728, 0.01817810375067125]}, "coverage": {"344_mv": [0.05082168260976205, 0.03107677213637472, 0.045180279617365704, 0.04897583711517228, 0.032049552312032326]}, "time_all": {"344_mv": [1.9059126377105713, 1.786930799484253, 1.7361443042755127, 1.7489538192749023, 1.7816307544708252]}, "time_fit": {"344_mv": [0.27275943756103516, 0.26465463638305664, 0.26618432998657227, 0.2660491466522217, 0.29748034477233887]}, "sizes": {"344_mv": []}, "tau": 0.9}, "DecisionTree": {"losses": {"344_mv": [0.0005864500803808902, 0.0006012278323092076, 0.0005969214323429284, 0.0006066636395911552, 0.0005825161405842853]}, "coverage": {"344_mv": [0.09033603139563406, 0.18513612950699043, 0.17618346823644837, 0.17793450263706612, 0.1721697534649822]}, "complexity": {"344_mv": [5507, 12777, 12751, 12789, 12753]}, "time_all": {"344_mv": [4.758685827255249, 5.062896728515625, 5.055006504058838, 5.145962715148926, 5.048508405685425]}, "time_fit": {"344_mv": [0.5319564342498779, 0.8763439655303955, 0.8778109550476074, 0.9004242420196533, 0.8813233375549316]}, "sizes": {"344_mv": []}, "tau": 0.9}, "LinearQuantile": {"losses": {"344_mv": [0.011771042896152618, 0.012326780175454372, 0.011959498364177309, 0.011701368770990836, 0.011773875424257892]}, "coverage": {"344_mv": [0.004488594554819758, 0.0007848908511159935, 0.0016678930586215834, 0.0024162884827670927, 0.006218569851588418]}, "complexity": {"344_mv": [14, 14, 14, 14, 14]}, "time_all": {"344_mv": [6.655528783798218, 4.763994455337524, 5.278787136077881, 4.852756023406982, 3.837047576904297]}, "time_fit": {"344_mv": [0.5366294384002686, 0.3780972957611084, 0.41448450088500977, 0.41356921195983887, 0.31461215019226074]}, "sizes": {"344_mv": []}, "tau": 0.9}}