{"SQR": {"losses": {"579_fri_c0_250_5": [0.011158275976115252, 0.010194754880832475, 0.014308023473264393, 0.011632135446757237, 0.008977674122754565]}, "coverage": {"579_fri_c0_250_5": [0.020000000000000018, 0.08000000000000007, 0.06000000000000005, 0.040000000000000036, 0.06000000000000005]}, "complexity": {"579_fri_c0_250_5": [9, 16, 12, 9, 14]}, "time_all": {"579_fri_c0_250_5": [90.92086219787598, 76.43241286277771, 76.78315949440002, 76.32925295829773, 76.14609599113464]}, "time_fit": {"579_fri_c0_250_5": [90.92086219787598, 76.43241286277771, 76.78315949440002, 76.32925295829773, 76.14609599113464]}, "sizes": {"579_fri_c0_250_5": []}, "tau": 0.9}, "LightGBM": {"losses": {"579_fri_c0_250_5": [0.02234423137875488, 0.030217441077129207, 0.029213657884309196, 0.026840486321433675, 0.029792419116087213]}, "coverage": {"579_fri_c0_250_5": [0.040000000000000036, 0.020000000000000018, 0.040000000000000036, 0.020000000000000018, 0.0]}, "time_all": {"579_fri_c0_250_5": [0.1638505458831787, 0.12440896034240723, 0.12068724632263184, 0.14308810234069824, 0.1122283935546875]}, "time_fit": {"579_fri_c0_250_5": [0.019071578979492188, 0.027428388595581055, 0.027739524841308594, 0.03164267539978027, 0.01920914649963379]}, "sizes": {"579_fri_c0_250_5": []}, "tau": 0.9}, "DecisionTree": {"losses": {"579_fri_c0_250_5": [0.024407078559304237, 0.029283698889141917, 0.03781087985346462, 0.02802694903498265, 0.026101897618370402]}, "coverage": {"579_fri_c0_250_5": [0.09999999999999998, 0.040000000000000036, 0.09999999999999998, 0.06000000000000005, 0.040000000000000036]}, "complexity": {"579_fri_c0_250_5": [33, 33, 5, 33, 9]}, "time_all": {"579_fri_c0_250_5": [0.048474788665771484, 0.04673171043395996, 0.044579267501831055, 0.046855926513671875, 0.04580211639404297]}, "time_fit": {"579_fri_c0_250_5": [0.0045626163482666016, 0.004413127899169922, 0.002062082290649414, 0.004454851150512695, 0.002485513687133789]}, "sizes": {"579_fri_c0_250_5": []}, "tau": 0.9}, "LinearQuantile": {"losses": {"579_fri_c0_250_5": [0.05245004934261034, 0.048511285299686395, 0.05766569166282957, 0.03947524411879031, 0.042914602955644705]}, "coverage": {"579_fri_c0_250_5": [0.5, 0.44, 0.42000000000000004, 0.42000000000000004, 0.5]}, "complexity": {"579_fri_c0_250_5": [5, 5, 5, 5, 5]}, "time_all": {"579_fri_c0_250_5": [0.11208415031433105, 0.46210741996765137, 0.2624032497406006, 0.19523334503173828, 0.12312793731689453]}, "time_fit": {"579_fri_c0_250_5": [0.009161710739135742, 0.03740501403808594, 0.0226290225982666, 0.01712799072265625, 0.010646343231201172]}, "sizes": {"579_fri_c0_250_5": []}, "tau": 0.9}}