{"SQR": {"losses": {"645_fri_c3_500_50": [0.007892670473061804, 0.009311206318479433, 0.00748719817108943, 0.008562048343957884, 0.010618315225510683]}, "coverage": {"645_fri_c3_500_50": [0.030000000000000027, 0.010000000000000009, 0.010000000000000009, 0.030000000000000027, 0.050000000000000044]}, "complexity": {"645_fri_c3_500_50": [8, 10, 10, 12, 9]}, "time_all": {"645_fri_c3_500_50": [109.76416110992432, 87.88967084884644, 85.53553771972656, 89.47023820877075, 87.13242983818054]}, "time_fit": {"645_fri_c3_500_50": [109.76416110992432, 87.88967084884644, 85.53553771972656, 89.47023820877075, 87.13242983818054]}, "sizes": {"645_fri_c3_500_50": []}, "tau": 0.9}, "LightGBM": {"losses": {"645_fri_c3_500_50": [0.01399546893399872, 0.016869308719064554, 0.016910903538118253, 0.015601597620558239, 0.019629102403702043]}, "coverage": {"645_fri_c3_500_50": [0.030000000000000027, 0.06000000000000005, 0.020000000000000018, 0.030000000000000027, 0.010000000000000009]}, "time_all": {"645_fri_c3_500_50": [0.2675807476043701, 0.21451568603515625, 0.23562240600585938, 0.21140193939208984, 0.23260760307312012]}, "time_fit": {"645_fri_c3_500_50": [0.04988884925842285, 0.04766249656677246, 0.04588937759399414, 0.046391963958740234, 0.04457807540893555]}, "sizes": {"645_fri_c3_500_50": []}, "tau": 0.9}, "DecisionTree": {"losses": {"645_fri_c3_500_50": [0.015465215664977713, 0.016464401634290138, 0.014832938714041647, 0.017767476937809182, 0.01432812718925216]}, "coverage": {"645_fri_c3_500_50": [0.10999999999999999, 0.20000000000000007, 0.09999999999999998, 0.020000000000000018, 0.010000000000000009]}, "complexity": {"645_fri_c3_500_50": [67, 67, 31, 15, 29]}, "time_all": {"645_fri_c3_500_50": [0.22179508209228516, 0.21761226654052734, 0.21025824546813965, 0.2095167636871338, 0.21286773681640625]}, "time_fit": {"645_fri_c3_500_50": [0.02609419822692871, 0.02575993537902832, 0.019618511199951172, 0.012526750564575195, 0.018331050872802734]}, "sizes": {"645_fri_c3_500_50": []}, "tau": 0.9}, "LinearQuantile": {"losses": {"645_fri_c3_500_50": [0.06481180052456921, 0.06809116278824803, 0.07138477155943992, 0.049393631772344335, 0.05393633195459643]}, "coverage": {"645_fri_c3_500_50": [0.49000000000000005, 0.52, 0.54, 0.47000000000000003, 0.4]}, "complexity": {"645_fri_c3_500_50": [50, 50, 50, 50, 50]}, "time_all": {"645_fri_c3_500_50": [8.786204814910889, 13.439433574676514, 12.178831815719604, 7.809131622314453, 9.960071325302124]}, "time_fit": {"645_fri_c3_500_50": [0.7665848731994629, 1.0952675342559814, 1.0218794345855713, 0.6418700218200684, 0.8499131202697754]}, "sizes": {"645_fri_c3_500_50": []}, "tau": 0.9}}