{"SQR": {"losses": {"557_analcatdata_apnea1": [0.004330635939020203, 0.007034654498812851, 0.007348512348083949, 0.002899204167933642, 0.00561674087979187]}, "coverage": {"557_analcatdata_apnea1": [0.21578947368421053, 0.13157894736842113, 0.13157894736842113, 0.1842105263157895, 0.1842105263157895]}, "complexity": {"557_analcatdata_apnea1": [8, 9, 7, 9, 8]}, "time_all": {"557_analcatdata_apnea1": [112.55005383491516, 94.61025595664978, 94.90211296081543, 97.89013576507568, 98.24006676673889]}, "time_fit": {"557_analcatdata_apnea1": [112.55005383491516, 94.61025595664978, 94.90211296081543, 97.89013576507568, 98.24006676673889]}, "sizes": {"557_analcatdata_apnea1": []}, "tau": 0.9}, "LightGBM": {"losses": {"557_analcatdata_apnea1": [0.019916587922556864, 0.017328766277949298, 0.01834264319598934, 0.017144713035319042, 0.018347412242517357]}, "coverage": {"557_analcatdata_apnea1": [0.0368421052631579, 0.0368421052631579, 0.015789473684210464, 0.0368421052631579, 0.0052631578947368585]}, "time_all": {"557_analcatdata_apnea1": [0.20935559272766113, 0.17528152465820312, 0.18871593475341797, 0.1956319808959961, 0.15465307235717773]}, "time_fit": {"557_analcatdata_apnea1": [0.03644824028015137, 0.03441429138183594, 0.03342843055725098, 0.043756961822509766, 0.03052973747253418]}, "sizes": {"557_analcatdata_apnea1": []}, "tau": 0.9}, "DecisionTree": {"losses": {"557_analcatdata_apnea1": [0.0032275061835036803, 0.006140946037103249, 0.003756106140313772, 0.0028468873210902557, 0.004724722215419686]}, "coverage": {"557_analcatdata_apnea1": [0.0052631578947368585, 0.02631578947368418, 0.13157894736842113, 0.015789473684210575, 0.015789473684210575]}, "complexity": {"557_analcatdata_apnea1": [57, 123, 121, 53, 61]}, "time_all": {"557_analcatdata_apnea1": [0.060553789138793945, 0.061922550201416016, 0.062119483947753906, 0.05717039108276367, 0.060996055603027344]}, "time_fit": {"557_analcatdata_apnea1": [0.006149768829345703, 0.010488271713256836, 0.010273456573486328, 0.0055963993072509766, 0.0061566829681396484]}, "sizes": {"557_analcatdata_apnea1": []}, "tau": 0.9}, "LinearQuantile": {"losses": {"557_analcatdata_apnea1": [0.017900213479691438, 0.018678255216886066, 0.019709033020014855, 0.01775821794665213, 0.018087659760504835]}, "coverage": {"557_analcatdata_apnea1": [0.015789473684210575, 0.09999999999999998, 0.02631578947368418, 0.0368421052631579, 0.0368421052631579]}, "complexity": {"557_analcatdata_apnea1": [11, 11, 11, 11, 11]}, "time_all": {"557_analcatdata_apnea1": [4.815470933914185, 0.21244525909423828, 0.3342583179473877, 0.4824702739715576, 0.23958039283752441]}, "time_fit": {"557_analcatdata_apnea1": [0.15550589561462402, 0.019019126892089844, 0.02981400489807129, 0.043385982513427734, 0.02120351791381836]}, "sizes": {"557_analcatdata_apnea1": []}, "tau": 0.9}}