{"SQR": {"losses": {"1089_USCrime": [0.015011591414618915, 0.03512515111202783, 0.01209288397366302, 0.026875212109796737, 0.023902792459844793]}, "coverage": {"1089_USCrime": [0.20000000000000007, 0.09999999999999998, 0.011111111111111183, 0.011111111111111183, 0.12222222222222223]}, "complexity": {"1089_USCrime": [8, 14, 12, 17, 10]}, "time_all": {"1089_USCrime": [79.49176955223083, 65.00087881088257, 64.35349154472351, 64.64763760566711, 65.15670275688171]}, "time_fit": {"1089_USCrime": [79.49176955223083, 65.00087881088257, 64.35349154472351, 64.64763760566711, 65.15670275688171]}, "sizes": {"1089_USCrime": []}, "tau": 0.9}, "LightGBM": {"losses": {"1089_USCrime": [0.04319999999999999, 0.04086666463216146, 0.046718518292462374, 0.054992600052445016, 0.043829627143012154]}, "coverage": {"1089_USCrime": [0.0, 0.09999999999999998, 0.011111111111111183, 0.12222222222222223, 0.12222222222222223]}, "time_all": {"1089_USCrime": [0.07390952110290527, 0.03645515441894531, 0.035918235778808594, 0.034761905670166016, 0.03549504280090332]}, "time_fit": {"1089_USCrime": [0.003995418548583984, 0.004737377166748047, 0.00437164306640625, 0.004433631896972656, 0.004506587982177734]}, "sizes": {"1089_USCrime": []}, "tau": 0.9}, "DecisionTree": {"losses": {"1089_USCrime": [0.012859999999999998, 0.025053333333333327, 0.024488888888888886, 0.03047407407407407, 0.02065185185185185]}, "coverage": {"1089_USCrime": [0.09999999999999998, 0.09999999999999998, 0.2333333333333334, 0.12222222222222223, 0.12222222222222223]}, "complexity": {"1089_USCrime": [5, 5, 5, 5, 15]}, "time_all": {"1089_USCrime": [0.02846240997314453, 0.028722047805786133, 0.03133893013000488, 0.028261184692382812, 0.029765844345092773]}, "time_fit": {"1089_USCrime": [0.001960277557373047, 0.0018906593322753906, 0.0019173622131347656, 0.0018241405487060547, 0.002694368362426758]}, "sizes": {"1089_USCrime": []}, "tau": 0.9}, "LinearQuantile": {"losses": {"1089_USCrime": [0.07222041525636232, 0.08585168140606533, 0.02462621330333153, 0.01893169198339781, 0.08550066933283651]}, "coverage": {"1089_USCrime": [0.30000000000000004, 0.4, 0.011111111111111183, 0.09999999999999998, 0.34444444444444444]}, "complexity": {"1089_USCrime": [14, 14, 14, 14, 14]}, "time_all": {"1089_USCrime": [0.6433091163635254, 1.8376803398132324, 0.9756438732147217, 0.14507412910461426, 0.19417762756347656]}, "time_fit": {"1089_USCrime": [0.05731558799743652, 0.14264750480651855, 0.07467770576477051, 0.012291193008422852, 0.016492605209350586]}, "sizes": {"1089_USCrime": []}, "tau": 0.9}}