{"SQR": {"losses": {"659_sleuth_ex1714": [0.025390404835221047, 0.06769733272588772, 0.01664651336222574, 0.022683905872494862, 0.009649279876094655]}, "coverage": {"659_sleuth_ex1714": [0.09999999999999998, 0.09999999999999998, 0.12222222222222223, 0.34444444444444444, 0.12222222222222223]}, "complexity": {"659_sleuth_ex1714": [9, 11, 11, 13, 10]}, "time_all": {"659_sleuth_ex1714": [78.92043781280518, 65.51682877540588, 64.10542297363281, 65.72722554206848, 64.48887753486633]}, "time_fit": {"659_sleuth_ex1714": [78.92043781280518, 65.51682877540588, 64.10542297363281, 65.72722554206848, 64.48887753486633]}, "sizes": {"659_sleuth_ex1714": []}, "tau": 0.9}, "LightGBM": {"losses": {"659_sleuth_ex1714": [0.036550926471975845, 0.0595999269712839, 0.020039070963773737, 0.029484460211089778, 0.01909388927003173]}, "coverage": {"659_sleuth_ex1714": [0.09999999999999998, 0.09999999999999998, 0.011111111111111183, 0.09999999999999998, 0.011111111111111183]}, "time_all": {"659_sleuth_ex1714": [0.07485342025756836, 0.03125, 0.03670811653137207, 0.031290531158447266, 0.03115987777709961]}, "time_fit": {"659_sleuth_ex1714": [0.004121065139770508, 0.003841400146484375, 0.00479435920715332, 0.003844022750854492, 0.003895282745361328]}, "sizes": {"659_sleuth_ex1714": []}, "tau": 0.9}, "DecisionTree": {"losses": {"659_sleuth_ex1714": [0.026891300245329305, 0.053078002138768315, 0.020039070963773737, 0.012528848909298047, 0.01909388913351925]}, "coverage": {"659_sleuth_ex1714": [0.4, 0.20000000000000007, 0.011111111111111183, 0.09999999999999998, 0.011111111111111183]}, "complexity": {"659_sleuth_ex1714": [15, 13, 1, 5, 1]}, "time_all": {"659_sleuth_ex1714": [0.02949237823486328, 0.026734352111816406, 0.029027223587036133, 0.026454687118530273, 0.026215791702270508]}, "time_fit": {"659_sleuth_ex1714": [0.0026581287384033203, 0.0023038387298583984, 0.0015473365783691406, 0.0017960071563720703, 0.0014390945434570312]}, "sizes": {"659_sleuth_ex1714": []}, "tau": 0.9}, "LinearQuantile": {"losses": {"659_sleuth_ex1714": [0.014222047395963697, 0.013608607052190838, 0.028416558147629282, 0.027127294421339283, 0.017577347999908274]}, "coverage": {"659_sleuth_ex1714": [0.09999999999999998, 0.09999999999999998, 0.011111111111111183, 0.2333333333333334, 0.011111111111111183]}, "complexity": {"659_sleuth_ex1714": [7, 7, 7, 7, 7]}, "time_all": {"659_sleuth_ex1714": [0.9764752388000488, 0.24471092224121094, 0.7110247611999512, 0.5651650428771973, 0.23853826522827148]}, "time_fit": {"659_sleuth_ex1714": [0.08737444877624512, 0.020256519317626953, 0.05278158187866211, 0.04245615005493164, 0.019835710525512695]}, "sizes": {"659_sleuth_ex1714": []}, "tau": 0.9}}