{"SQR": {"losses": {"687_sleuth_ex1605": [0.0335148360179054, 0.03161511472157011, 0.04709202854865058, 0.030947843130041088, 0.025639359708397712]}, "coverage": {"687_sleuth_ex1605": [0.05384615384615388, 0.05384615384615388, 0.06666666666666665, 0.06666666666666665, 0.06666666666666665]}, "complexity": {"687_sleuth_ex1605": [6, 5, 4, 7, 6]}, "time_all": {"687_sleuth_ex1605": [76.92069363594055, 62.5992968082428, 61.532254219055176, 63.26626181602478, 62.84968829154968]}, "time_fit": {"687_sleuth_ex1605": [76.92069363594055, 62.5992968082428, 61.532254219055176, 63.26626181602478, 62.84968829154968]}, "sizes": {"687_sleuth_ex1605": []}, "tau": 0.9}, "LightGBM": {"losses": {"687_sleuth_ex1605": [0.030927669362671925, 0.03135198135198135, 0.030328284369574646, 0.04049910876329961, 0.026662638146328698]}, "coverage": {"687_sleuth_ex1605": [0.023076923076923106, 0.023076923076923106, 0.06666666666666665, 0.06666666666666665, 0.09999999999999998]}, "time_all": {"687_sleuth_ex1605": [0.10398745536804199, 0.05529332160949707, 0.04775643348693848, 0.0676732063293457, 0.06541967391967773]}, "time_fit": {"687_sleuth_ex1605": [0.012322664260864258, 0.004384517669677734, 0.0036017894744873047, 0.014646291732788086, 0.014491796493530273]}, "sizes": {"687_sleuth_ex1605": []}, "tau": 0.9}, "DecisionTree": {"losses": {"687_sleuth_ex1605": [0.02934731934731934, 0.025641025641025626, 0.03032828282828284, 0.029608585858585848, 0.020934343434343427]}, "coverage": {"687_sleuth_ex1605": [0.05384615384615388, 0.05384615384615388, 0.06666666666666665, 0.2333333333333334, 0.09999999999999998]}, "complexity": {"687_sleuth_ex1605": [7, 7, 1, 7, 7]}, "time_all": {"687_sleuth_ex1605": [0.029269933700561523, 0.02694845199584961, 0.02148294448852539, 0.028989076614379883, 0.027302980422973633]}, "time_fit": {"687_sleuth_ex1605": [0.00208282470703125, 0.0018389225006103516, 0.0011069774627685547, 0.0019609928131103516, 0.0018482208251953125]}, "sizes": {"687_sleuth_ex1605": []}, "tau": 0.9}, "LinearQuantile": {"losses": {"687_sleuth_ex1605": [0.028021346358086296, 0.03340834379427016, 0.05038736346830453, 0.029958960611360216, 0.028399606001323706]}, "coverage": {"687_sleuth_ex1605": [0.05384615384615388, 0.05384615384615388, 0.06666666666666665, 0.016666666666666607, 0.016666666666666607]}, "complexity": {"687_sleuth_ex1605": [5, 5, 5, 5, 5]}, "time_all": {"687_sleuth_ex1605": [0.27074575424194336, 0.1600818634033203, 0.21066880226135254, 0.19195175170898438, 0.10988306999206543]}, "time_fit": {"687_sleuth_ex1605": [0.023026227951049805, 0.013413667678833008, 0.01778554916381836, 0.01614212989807129, 0.009202241897583008]}, "sizes": {"687_sleuth_ex1605": []}, "tau": 0.9}}