{"SQR": {"losses": {"665_sleuth_case2002": [Infinity, 0.029150085269042055, 0.056006321294865914, 0.042493226806130255, 0.03677082969642802]}, "coverage": {"665_sleuth_case2002": [0.033333333333333326, 0.033333333333333326, 0.17586206896551726, 0.03103448275862064, 0.03103448275862064]}, "complexity": {"665_sleuth_case2002": [6, 8, 7, 4, 8]}, "time_all": {"665_sleuth_case2002": [80.24006414413452, 68.5876202583313, 67.9393994808197, 66.96726679801941, 69.29466819763184]}, "time_fit": {"665_sleuth_case2002": [80.24006414413452, 68.5876202583313, 67.9393994808197, 66.96726679801941, 69.29466819763184]}, "sizes": {"665_sleuth_case2002": []}, "tau": 0.9}, "LightGBM": {"losses": {"665_sleuth_case2002": [0.03439896120081774, 0.0322213848015586, 0.046288166370118955, 0.04109979932258582, 0.03905903233420326]}, "coverage": {"665_sleuth_case2002": [0.033333333333333326, 0.0, 0.10689655172413792, 0.03103448275862064, 0.03103448275862064]}, "time_all": {"665_sleuth_case2002": [0.15106940269470215, 0.10564184188842773, 0.10744643211364746, 0.09636139869689941, 0.10573387145996094]}, "time_fit": {"665_sleuth_case2002": [0.02333354949951172, 0.014158010482788086, 0.013998031616210938, 0.02197742462158203, 0.01417398452758789]}, "sizes": {"665_sleuth_case2002": []}, "tau": 0.9}, "DecisionTree": {"losses": {"665_sleuth_case2002": [0.0307037037037037, 0.033111111111111105, 0.0450038314176245, 0.031379310344827584, 0.03302681992337164]}, "coverage": {"665_sleuth_case2002": [0.0, 0.033333333333333326, 0.10689655172413792, 0.03103448275862064, 0.06551724137931036]}, "complexity": {"665_sleuth_case2002": [19, 3, 9, 21, 5]}, "time_all": {"665_sleuth_case2002": [0.036780357360839844, 0.03546500205993652, 0.03438973426818848, 0.03533816337585449, 0.03563809394836426]}, "time_fit": {"665_sleuth_case2002": [0.003040790557861328, 0.0017366409301757812, 0.0020661354064941406, 0.0030450820922851562, 0.0018939971923828125]}, "sizes": {"665_sleuth_case2002": []}, "tau": 0.9}, "LinearQuantile": {"losses": {"665_sleuth_case2002": [0.03074151515046576, 0.038065647721117195, 0.05373982942765303, 0.04780847477653504, 0.04474889150279248]}, "coverage": {"665_sleuth_case2002": [0.033333333333333326, 0.06666666666666665, 0.07241379310344831, 0.0034482758620689724, 0.03103448275862064]}, "complexity": {"665_sleuth_case2002": [10, 10, 10, 10, 10]}, "time_all": {"665_sleuth_case2002": [0.7618308067321777, 0.18405914306640625, 0.25573301315307617, 0.15041708946228027, 0.7060084342956543]}, "time_fit": {"665_sleuth_case2002": [0.06770110130310059, 0.016066312789916992, 0.021024465560913086, 0.012745857238769531, 0.05455803871154785]}, "sizes": {"665_sleuth_case2002": []}, "tau": 0.9}}