{"SQR": {"losses": {"627_fri_c2_500_10": [0.010543430651337615, 0.010572154751125072, 0.007613822596279266, 0.009590149417207951, 0.011639985584380026]}, "coverage": {"627_fri_c2_500_10": [0.020000000000000018, 0.020000000000000018, 0.010000000000000009, 0.010000000000000009, 0.040000000000000036]}, "complexity": {"627_fri_c2_500_10": [13, 12, 17, 14, 13]}, "time_all": {"627_fri_c2_500_10": [115.26957821846008, 92.4080114364624, 102.26339793205261, 99.78705024719238, 93.85224986076355]}, "time_fit": {"627_fri_c2_500_10": [115.26957821846008, 92.4080114364624, 102.26339793205261, 99.78705024719238, 93.85224986076355]}, "sizes": {"627_fri_c2_500_10": []}, "tau": 0.9}, "LightGBM": {"losses": {"627_fri_c2_500_10": [0.022128652800092814, 0.020482054024174686, 0.019551932498728143, 0.02129492620413779, 0.021908265670483783]}, "coverage": {"627_fri_c2_500_10": [0.08000000000000007, 0.020000000000000018, 0.010000000000000009, 0.010000000000000009, 0.050000000000000044]}, "time_all": {"627_fri_c2_500_10": [0.2370624542236328, 0.2160050868988037, 0.19733047485351562, 0.215256929397583, 0.21663141250610352]}, "time_fit": {"627_fri_c2_500_10": [0.04410409927368164, 0.042024850845336914, 0.045647621154785156, 0.04299759864807129, 0.04359173774719238]}, "sizes": {"627_fri_c2_500_10": []}, "tau": 0.9}, "DecisionTree": {"losses": {"627_fri_c2_500_10": [0.022625277304820956, 0.017324158362393722, 0.015650434155926488, 0.01792039561481153, 0.024501198407280773]}, "coverage": {"627_fri_c2_500_10": [0.08999999999999997, 0.020000000000000018, 0.12, 0.0, 0.08000000000000007]}, "complexity": {"627_fri_c2_500_10": [13, 29, 71, 21, 31]}, "time_all": {"627_fri_c2_500_10": [0.08749151229858398, 0.08841562271118164, 0.09150981903076172, 0.08557987213134766, 0.0877523422241211]}, "time_fit": {"627_fri_c2_500_10": [0.004212379455566406, 0.006212472915649414, 0.009942293167114258, 0.005169391632080078, 0.006355762481689453]}, "sizes": {"627_fri_c2_500_10": []}, "tau": 0.9}, "LinearQuantile": {"losses": {"627_fri_c2_500_10": [0.07922308557112054, 0.06794355355581763, 0.07323744030759567, 0.06731971484406274, 0.08515134531425919]}, "coverage": {"627_fri_c2_500_10": [0.45, 0.43000000000000005, 0.4, 0.4, 0.47000000000000003]}, "complexity": {"627_fri_c2_500_10": [10, 10, 10, 10, 10]}, "time_all": {"627_fri_c2_500_10": [0.3951413631439209, 0.41238927841186523, 0.3358154296875, 1.081294298171997, 0.2279963493347168]}, "time_fit": {"627_fri_c2_500_10": [0.0347287654876709, 0.03502082824707031, 0.028916358947753906, 0.09100770950317383, 0.0202791690826416]}, "sizes": {"627_fri_c2_500_10": []}, "tau": 0.9}}