{"SQR": {"losses": {"560_bodyfat": [0.000365122365995859, 0.0019334727641796346, 0.007949881274320047, 0.001061869387484496, 0.000167509620306258]}, "coverage": {"560_bodyfat": [0.0607843137254902, 0.03725490196078429, 0.040000000000000036, 0.020000000000000018, 0.07999999999999996]}, "complexity": {"560_bodyfat": [11, 17, 11, 13, 16]}, "time_all": {"560_bodyfat": [96.26773190498352, 76.54146075248718, 74.32827591896057, 75.63032126426697, 75.6331729888916]}, "time_fit": {"560_bodyfat": [96.26773190498352, 76.54146075248718, 74.32827591896057, 75.63032126426697, 75.6331729888916]}, "sizes": {"560_bodyfat": []}, "tau": 0.9}, "LightGBM": {"losses": {"560_bodyfat": [0.017385827259112936, 0.021663519813585864, 0.01372594547770319, 0.016956325362542133, 0.016873279095891057]}, "coverage": {"560_bodyfat": [0.0607843137254902, 0.056862745098039236, 0.07999999999999996, 0.07999999999999996, 0.020000000000000018]}, "time_all": {"560_bodyfat": [0.13189148902893066, 0.10300612449645996, 0.08610296249389648, 0.08752942085266113, 0.08743476867675781]}, "time_fit": {"560_bodyfat": [0.017020463943481445, 0.020810365676879883, 0.01700282096862793, 0.017225265502929688, 0.017096757888793945]}, "sizes": {"560_bodyfat": []}, "tau": 0.9}, "DecisionTree": {"losses": {"560_bodyfat": [0.0028928809997590065, 0.009112486267483517, 0.006246315757349918, 0.0032901041236676662, 0.0021637874482807367]}, "coverage": {"560_bodyfat": [0.27254901960784317, 0.1941176470588235, 0.14, 0.20000000000000007, 0.12]}, "complexity": {"560_bodyfat": [75, 81, 33, 83, 81]}, "time_all": {"560_bodyfat": [0.05712437629699707, 0.058615684509277344, 0.05309343338012695, 0.05611872673034668, 0.05735468864440918]}, "time_fit": {"560_bodyfat": [0.008681058883666992, 0.008836507797241211, 0.005128383636474609, 0.008922576904296875, 0.008803606033325195]}, "sizes": {"560_bodyfat": []}, "tau": 0.9}, "LinearQuantile": {"losses": {"560_bodyfat": [0.012188515533091604, 0.013300459102908608, 0.023099252075744196, 0.013025391932124052, 0.016285722566226787]}, "coverage": {"560_bodyfat": [0.0607843137254902, 0.0019607843137254832, 0.06000000000000005, 0.08000000000000007, 0.020000000000000018]}, "complexity": {"560_bodyfat": [14, 14, 14, 14, 14]}, "time_all": {"560_bodyfat": [1.1713273525238037, 1.1325883865356445, 0.5701642036437988, 1.156174659729004, 0.7778065204620361]}, "time_fit": {"560_bodyfat": [0.10413813591003418, 0.07348871231079102, 0.04639887809753418, 0.08001399040222168, 0.05654788017272949]}, "sizes": {"560_bodyfat": []}, "tau": 0.9}}