{"SQR": {"losses": {"529_pollen": [0.013792624863732448, 0.014627145455922141, 0.013357107047680554, 0.01214432785694861, 0.01432407756149413]}, "coverage": {"529_pollen": [0.010389610389610393, 0.0025974025974025983, 0.0051948051948051965, 0.0014304291287386972, 0.0053315994798439625]}, "complexity": {"529_pollen": [5, 5, 5, 7, 5]}, "time_all": {"529_pollen": [231.20597791671753, 269.22887325286865, 241.29353737831116, 227.70361351966858, 249.9321265220642]}, "time_fit": {"529_pollen": [231.20597791671753, 269.22887325286865, 241.29353737831116, 227.70361351966858, 249.9321265220642]}, "sizes": {"529_pollen": []}, "tau": 0.9}, "LightGBM": {"losses": {"529_pollen": [0.01516915257186542, 0.01529947901089294, 0.014665248842785446, 0.01513955260427273, 0.014799437803735974]}, "coverage": {"529_pollen": [0.0, 0.009090909090909038, 0.0012987012987013546, 0.027178153446033804, 0.03237971391417427]}, "time_all": {"529_pollen": [0.8037693500518799, 0.7954733371734619, 0.7193746566772461, 0.7677631378173828, 0.7712829113006592]}, "time_fit": {"529_pollen": [0.16759634017944336, 0.17070412635803223, 0.1637721061706543, 0.16420602798461914, 0.17188096046447754]}, "sizes": {"529_pollen": []}, "tau": 0.9}, "DecisionTree": {"losses": {"529_pollen": [0.01574724242757039, 0.014761671829959817, 0.014563810703846249, 0.01485644167321212, 0.014511129214932491]}, "coverage": {"529_pollen": [0.0714285714285714, 0.045454545454545525, 0.05974025974025976, 0.04954486345903775, 0.019635890767230157]}, "complexity": {"529_pollen": [107, 149, 239, 237, 153]}, "time_all": {"529_pollen": [0.45737218856811523, 0.46216917037963867, 0.44091248512268066, 0.4157416820526123, 0.3946068286895752]}, "time_fit": {"529_pollen": [0.023540019989013672, 0.027824878692626953, 0.030604124069213867, 0.028337717056274414, 0.02165699005126953]}, "sizes": {"529_pollen": []}, "tau": 0.9}, "LinearQuantile": {"losses": {"529_pollen": [0.026091667755701462, 0.02454788102345529, 0.025915273082067786, 0.023281951292334496, 0.02371896465504734]}, "coverage": {"529_pollen": [0.4103896103896104, 0.3974025974025974, 0.4038961038961039, 0.3733420026007802, 0.3889466840052016]}, "complexity": {"529_pollen": [4, 4, 4, 4, 4]}, "time_all": {"529_pollen": [0.15991663932800293, 0.5531315803527832, 0.36592888832092285, 0.19930601119995117, 0.17599892616271973]}, "time_fit": {"529_pollen": [0.011388540267944336, 0.042223215103149414, 0.029172658920288086, 0.01652216911315918, 0.014644861221313477]}, "sizes": {"529_pollen": []}, "tau": 0.9}}