{"SQR": {"losses": {"712_chscase_geyser1": [0.024196899072596575, 0.020425301489640578, 0.022952269544230942, 0.023279920933422092, 0.024631847320572064]}, "coverage": {"712_chscase_geyser1": [0.011111111111111072, 0.011111111111111072, 0.054545454545454564, 0.036363636363636376, 0.15000000000000002]}, "complexity": {"712_chscase_geyser1": [3, 3, 3, 3, 3]}, "time_all": {"712_chscase_geyser1": [83.15187358856201, 74.90247821807861, 74.99721622467041, 73.67844533920288, 70.71158504486084]}, "time_fit": {"712_chscase_geyser1": [83.15187358856201, 74.90247821807861, 74.99721622467041, 73.67844533920288, 70.71158504486084]}, "sizes": {"712_chscase_geyser1": []}, "tau": 0.9}, "LightGBM": {"losses": {"712_chscase_geyser1": [0.02368813916834304, 0.019285172748223257, 0.022196024643542134, 0.02606634376791057, 0.024881656226534626]}, "coverage": {"712_chscase_geyser1": [0.011111111111111183, 0.033333333333333326, 0.07727272727272727, 0.036363636363636376, 0.24090909090909096]}, "time_all": {"712_chscase_geyser1": [0.16112279891967773, 0.14028549194335938, 0.13579773902893066, 0.13631415367126465, 0.13882184028625488]}, "time_fit": {"712_chscase_geyser1": [0.025357961654663086, 0.03227829933166504, 0.030947446823120117, 0.031111717224121094, 0.03174281120300293]}, "sizes": {"712_chscase_geyser1": []}, "tau": 0.9}, "DecisionTree": {"losses": {"712_chscase_geyser1": [0.022675052410901463, 0.0209769392033543, 0.02074185248713551, 0.02306603773584905, 0.021826758147512858]}, "coverage": {"712_chscase_geyser1": [0.011111111111111072, 0.033333333333333326, 0.013636363636363669, 0.08181818181818179, 0.05909090909090908]}, "complexity": {"712_chscase_geyser1": [11, 7, 69, 31, 5]}, "time_all": {"712_chscase_geyser1": [0.0400087833404541, 0.039887428283691406, 0.04405546188354492, 0.041639089584350586, 0.03986239433288574]}, "time_fit": {"712_chscase_geyser1": [0.0024085044860839844, 0.002019166946411133, 0.0063762664794921875, 0.0037412643432617188, 0.0018720626831054688]}, "sizes": {"712_chscase_geyser1": []}, "tau": 0.9}, "LinearQuantile": {"losses": {"712_chscase_geyser1": [0.04818203114873775, 0.06661998400610239, 0.051250439709849153, 0.06080148645086241, 0.06951551139708424]}, "coverage": {"712_chscase_geyser1": [0.033333333333333326, 0.25555555555555554, 0.013636363636363669, 0.10454545454545461, 0.12727272727272732]}, "complexity": {"712_chscase_geyser1": [2, 2, 2, 2, 2]}, "time_all": {"712_chscase_geyser1": [0.12403512001037598, 0.09882831573486328, 0.09869527816772461, 0.06619668006896973, 0.10100650787353516]}, "time_fit": {"712_chscase_geyser1": [0.010176897048950195, 0.008261919021606445, 0.00837850570678711, 0.005383491516113281, 0.008626461029052734]}, "sizes": {"712_chscase_geyser1": []}, "tau": 0.9}}