{"SQR": {"losses": {"609_fri_c0_1000_5": [0.006669995265506301, 0.010230141325252823, 0.008004365295628318, 0.012415365783195994, 0.011698119569723036]}, "coverage": {"609_fri_c0_1000_5": [0.03500000000000003, 0.08000000000000007, 0.0050000000000000044, 0.020000000000000018, 0.0]}, "complexity": {"609_fri_c0_1000_5": [15, 9, 12, 8, 8]}, "time_all": {"609_fri_c0_1000_5": [97.49248218536377, 88.25179815292358, 87.921879529953, 89.99788403511047, 90.3764579296112]}, "time_fit": {"609_fri_c0_1000_5": [97.49248218536377, 88.25179815292358, 87.921879529953, 89.99788403511047, 90.3764579296112]}, "sizes": {"609_fri_c0_1000_5": []}, "tau": 0.9}, "LightGBM": {"losses": {"609_fri_c0_1000_5": [0.021116423028491055, 0.021987380885169883, 0.018016620424565487, 0.0207266612222613, 0.019379958185681462]}, "coverage": {"609_fri_c0_1000_5": [0.040000000000000036, 0.030000000000000027, 0.020000000000000018, 0.040000000000000036, 0.0]}, "time_all": {"609_fri_c0_1000_5": [0.35473036766052246, 0.3191101551055908, 0.29707884788513184, 0.29558658599853516, 0.3500998020172119]}, "time_fit": {"609_fri_c0_1000_5": [0.06876015663146973, 0.06597685813903809, 0.06517982482910156, 0.06627488136291504, 0.07582330703735352]}, "sizes": {"609_fri_c0_1000_5": []}, "tau": 0.9}, "DecisionTree": {"losses": {"609_fri_c0_1000_5": [0.021522192527828478, 0.020951882159275823, 0.017788848984234343, 0.02211388242715255, 0.016724342233359703]}, "coverage": {"609_fri_c0_1000_5": [0.030000000000000027, 0.11499999999999999, 0.015000000000000013, 0.07000000000000006, 0.030000000000000027]}, "complexity": {"609_fri_c0_1000_5": [25, 61, 67, 63, 63]}, "time_all": {"609_fri_c0_1000_5": [0.12303400039672852, 0.12783312797546387, 0.12861299514770508, 0.12729501724243164, 0.12992072105407715]}, "time_fit": {"609_fri_c0_1000_5": [0.005986928939819336, 0.009279489517211914, 0.009678363800048828, 0.009350776672363281, 0.009511709213256836]}, "sizes": {"609_fri_c0_1000_5": []}, "tau": 0.9}, "LinearQuantile": {"losses": {"609_fri_c0_1000_5": [0.04032741613720165, 0.04498860688071328, 0.034315986836850255, 0.043355567710139424, 0.03530727358050141]}, "coverage": {"609_fri_c0_1000_5": [0.41000000000000003, 0.44, 0.32000000000000006, 0.445, 0.405]}, "complexity": {"609_fri_c0_1000_5": [5, 5, 5, 5, 5]}, "time_all": {"609_fri_c0_1000_5": [0.44162464141845703, 0.452481746673584, 0.24219155311584473, 0.17862224578857422, 0.5168066024780273]}, "time_fit": {"609_fri_c0_1000_5": [0.03885626792907715, 0.04013800621032715, 0.02106475830078125, 0.015591144561767578, 0.04169464111328125]}, "sizes": {"609_fri_c0_1000_5": []}, "tau": 0.9}}