{"SQR": {"losses": {"banana": [0.031240103248733192, 0.037040155449274775, 0.036419106124503074, 0.0390473992515455, 0.03082586009932188]}, "coverage": {"banana": [0.3462264150943396, 0.23018867924528308, 0.3311320754716981, 0.35377358490566035, 0.36037735849056607]}, "complexity": {"banana": [13, 7, 11, 11, 11]}, "time_all": {"banana": [243.3214774131775, 241.6503245830536, 187.71928572654724, 232.53917956352234, 207.04696989059448]}, "time_fit": {"banana": [243.3214774131775, 241.6503245830536, 187.71928572654724, 232.53917956352234, 207.04696989059448]}, "sizes": {"banana": []}, "tau": 0.9}, "LightGBM": {"losses": {"banana": [0.05528301886792451, 0.05509433962264149, 0.056886792452830175, 0.05462264150943395, 0.053962264150943386]}, "coverage": {"banana": [0.09999999999999998, 0.09999999999999998, 0.09999999999999998, 0.09999999999999998, 0.09999999999999998]}, "time_all": {"banana": [0.16988205909729004, 0.12538743019104004, 0.1279613971710205, 0.1238393783569336, 0.15044927597045898]}, "time_fit": {"banana": [0.027113676071166992, 0.026819944381713867, 0.02704024314880371, 0.026357412338256836, 0.032811880111694336]}, "sizes": {"banana": []}, "tau": 0.9}, "DecisionTree": {"losses": {"banana": [0.027132075471698106, 0.026349056603773582, 0.028735849056603775, 0.026433962264150936, 0.031037735849056603]}, "coverage": {"banana": [0.08396226415094332, 0.08867924528301885, 0.09056603773584904, 0.09245283018867922, 0.08207547169811313]}, "complexity": {"banana": [189, 181, 141, 99, 123]}, "time_all": {"banana": [0.3239564895629883, 0.31560826301574707, 0.3160419464111328, 0.27989816665649414, 0.3146631717681885]}, "time_fit": {"banana": [0.027149438858032227, 0.02576613426208496, 0.02195000648498535, 0.01602339744567871, 0.02119159698486328]}, "sizes": {"banana": []}, "tau": 0.9}, "LinearQuantile": {"losses": {"banana": [0.4024528658053571, 0.40415096940836914, 0.388018909162921, 0.4083962566669367, 0.4143396671611299]}, "coverage": {"banana": [0.6330188679245283, 0.6330188679245283, 0.6018867924528302, 0.6528301886792454, 0.6556603773584906]}, "complexity": {"banana": [2, 2, 2, 2, 2]}, "time_all": {"banana": [0.08878040313720703, 0.06429791450500488, 0.0621647834777832, 0.05164790153503418, 0.06529569625854492]}, "time_fit": {"banana": [0.0064814090728759766, 0.005180835723876953, 0.0049932003021240234, 0.004114389419555664, 0.005334615707397461]}, "sizes": {"banana": []}, "tau": 0.9}}