{"SQR": {"losses": {"651_fri_c0_100_25": [0.01671426352230743, 0.0166111934668177, 0.01397374285990631, 0.010586722337483787, 0.01291192138782955]}, "coverage": {"651_fri_c0_100_25": [0.15000000000000002, 0.20000000000000007, 0.15000000000000002, 0.09999999999999998, 0.04999999999999993]}, "complexity": {"651_fri_c0_100_25": [10, 8, 16, 9, 9]}, "time_all": {"651_fri_c0_100_25": [82.10004568099976, 69.11719393730164, 68.36296033859253, 68.44803023338318, 67.54382991790771]}, "time_fit": {"651_fri_c0_100_25": [82.10004568099976, 69.11719393730164, 68.36296033859253, 68.44803023338318, 67.54382991790771]}, "sizes": {"651_fri_c0_100_25": []}, "tau": 0.9}, "LightGBM": {"losses": {"651_fri_c0_100_25": [0.03692435155120072, 0.03314200349576284, 0.03874666927340925, 0.02478014250692201, 0.03637210382763692]}, "coverage": {"651_fri_c0_100_25": [0.09999999999999998, 0.04999999999999993, 0.04999999999999993, 0.0, 0.050000000000000044]}, "time_all": {"651_fri_c0_100_25": [0.12415790557861328, 0.09141373634338379, 0.09265589714050293, 0.08313179016113281, 0.09569144248962402]}, "time_fit": {"651_fri_c0_100_25": [0.012666940689086914, 0.018851518630981445, 0.01995086669921875, 0.017435550689697266, 0.020281553268432617]}, "sizes": {"651_fri_c0_100_25": []}, "tau": 0.9}, "DecisionTree": {"losses": {"651_fri_c0_100_25": [0.035921420368216814, 0.02860905956744585, 0.038579007728209595, 0.028635673044776967, 0.033661413413885]}, "coverage": {"651_fri_c0_100_25": [0.09999999999999998, 0.04999999999999993, 0.04999999999999993, 0.0, 0.0]}, "complexity": {"651_fri_c0_100_25": [11, 3, 1, 1, 3]}, "time_all": {"651_fri_c0_100_25": [0.036759376525878906, 0.03729367256164551, 0.034224748611450195, 0.0338444709777832, 0.03427600860595703]}, "time_fit": {"651_fri_c0_100_25": [0.0029675960540771484, 0.0018994808197021484, 0.0014543533325195312, 0.0015206336975097656, 0.0018320083618164062]}, "sizes": {"651_fri_c0_100_25": []}, "tau": 0.9}, "LinearQuantile": {"losses": {"651_fri_c0_100_25": [0.09383891073963532, 0.08243961960293406, 0.06863919431540436, 0.1108765701002289, 0.0749827633347239]}, "coverage": {"651_fri_c0_100_25": [0.5, 0.55, 0.35, 0.65, 0.5]}, "complexity": {"651_fri_c0_100_25": [25, 25, 25, 25, 25]}, "time_all": {"651_fri_c0_100_25": [0.5430335998535156, 3.545893430709839, 1.80299711227417, 2.5517990589141846, 0.6066930294036865]}, "time_fit": {"651_fri_c0_100_25": [0.047858238220214844, 0.23279118537902832, 0.1439216136932373, 0.20170187950134277, 0.04545903205871582]}, "sizes": {"651_fri_c0_100_25": []}, "tau": 0.9}}