{"SQR": {"losses": {"591_fri_c1_100_10": [0.03175427460612358, 0.013243672434734509, 0.0067092049194106, 0.013320751833630521, 0.00519567699139618]}, "coverage": {"591_fri_c1_100_10": [0.0, 0.0, 0.0, 0.09999999999999998, 0.04999999999999993]}, "complexity": {"591_fri_c1_100_10": [14, 7, 14, 10, 15]}, "time_all": {"591_fri_c1_100_10": [81.50613832473755, 65.53237915039062, 66.65028715133667, 64.53339314460754, 66.52114224433899]}, "time_fit": {"591_fri_c1_100_10": [81.50613832473755, 65.53237915039062, 66.65028715133667, 64.53339314460754, 66.52114224433899]}, "sizes": {"591_fri_c1_100_10": []}, "tau": 0.9}, "LightGBM": {"losses": {"591_fri_c1_100_10": [0.022936255918204567, 0.03188503174822285, 0.02765026113204239, 0.026435881871857535, 0.03385492502009127]}, "coverage": {"591_fri_c1_100_10": [0.04999999999999993, 0.09999999999999998, 0.09999999999999998, 0.050000000000000044, 0.15000000000000002]}, "time_all": {"591_fri_c1_100_10": [0.12357020378112793, 0.07964396476745605, 0.09509992599487305, 0.08999514579772949, 0.0708322525024414]}, "time_fit": {"591_fri_c1_100_10": [0.01618337631225586, 0.01631307601928711, 0.02079033851623535, 0.014346599578857422, 0.01627969741821289]}, "sizes": {"591_fri_c1_100_10": []}, "tau": 0.9}, "DecisionTree": {"losses": {"591_fri_c1_100_10": [0.02053507710174883, 0.02898421195818153, 0.02730573545616307, 0.03442356999705362, 0.04191404321491161]}, "coverage": {"591_fri_c1_100_10": [0.050000000000000044, 0.09999999999999998, 0.09999999999999998, 0.0, 0.15000000000000002]}, "complexity": {"591_fri_c1_100_10": [33, 5, 3, 1, 1]}, "time_all": {"591_fri_c1_100_10": [0.036246299743652344, 0.03136944770812988, 0.03357505798339844, 0.0330653190612793, 0.03195834159851074]}, "time_fit": {"591_fri_c1_100_10": [0.004277706146240234, 0.0018973350524902344, 0.0017719268798828125, 0.0015192031860351562, 0.0015070438385009766]}, "sizes": {"591_fri_c1_100_10": []}, "tau": 0.9}, "LinearQuantile": {"losses": {"591_fri_c1_100_10": [0.0527658345143786, 0.13202098181076866, 0.11161036509975757, 0.08828694728194211, 0.10153712000822132]}, "coverage": {"591_fri_c1_100_10": [0.35, 0.45, 0.35, 0.4, 0.45]}, "complexity": {"591_fri_c1_100_10": [10, 10, 10, 10, 10]}, "time_all": {"591_fri_c1_100_10": [0.9488635063171387, 0.1452770233154297, 0.19471168518066406, 0.758291482925415, 0.5445475578308105]}, "time_fit": {"591_fri_c1_100_10": [0.08491110801696777, 0.012328624725341797, 0.016692161560058594, 0.05595803260803223, 0.04404783248901367]}, "sizes": {"591_fri_c1_100_10": []}, "tau": 0.9}}