{"SQR": {"losses": {"4544_GeographicalOriginalofMusic": [0.015235093902849337, 0.013966069339861024, 0.011815175530046906, 0.014654556010206083, 0.015249023061878305]}, "coverage": {"4544_GeographicalOriginalofMusic": [0.024528301886792447, 0.0009433962264150386, 0.03396226415094339, 0.017924528301886844, 0.03270142180094793]}, "complexity": {"4544_GeographicalOriginalofMusic": [6, 5, 5, 5, 6]}, "time_all": {"4544_GeographicalOriginalofMusic": [103.00216460227966, 95.35051894187927, 96.47147154808044, 98.75386810302734, 95.57713031768799]}, "time_fit": {"4544_GeographicalOriginalofMusic": [103.00216460227966, 95.35051894187927, 96.47147154808044, 98.75386810302734, 95.57713031768799]}, "sizes": {"4544_GeographicalOriginalofMusic": []}, "tau": 0.9}, "LightGBM": {"losses": {"4544_GeographicalOriginalofMusic": [0.015613011368706747, 0.015498021980358039, 0.01864102956363321, 0.016738915230323413, 0.01522170621789009]}, "coverage": {"4544_GeographicalOriginalofMusic": [0.01981132075471692, 0.01037735849056598, 0.04150943396226414, 0.0037735849056603765, 0.03838862559241707]}, "time_all": {"4544_GeographicalOriginalofMusic": [0.4646124839782715, 0.42133116722106934, 0.39246201515197754, 0.4108455181121826, 0.447735071182251]}, "time_fit": {"4544_GeographicalOriginalofMusic": [0.0842740535736084, 0.07651877403259277, 0.07746624946594238, 0.07616209983825684, 0.08677554130554199]}, "sizes": {"4544_GeographicalOriginalofMusic": []}, "tau": 0.9}, "DecisionTree": {"losses": {"4544_GeographicalOriginalofMusic": [0.015139331819428545, 0.016778472547376105, 0.020323909112814578, 0.01630090213840876, 0.018184982463192906]}, "coverage": {"4544_GeographicalOriginalofMusic": [0.017924528301886844, 0.013207547169811318, 0.14056603773584908, 0.04150943396226414, 0.02322274881516595]}, "complexity": {"4544_GeographicalOriginalofMusic": [35, 25, 67, 35, 27]}, "time_all": {"4544_GeographicalOriginalofMusic": [0.9975192546844482, 0.978661298751831, 0.8692641258239746, 0.8550183773040771, 0.9796550273895264]}, "time_fit": {"4544_GeographicalOriginalofMusic": [0.06998586654663086, 0.06186223030090332, 0.06005239486694336, 0.04942893981933594, 0.06550741195678711]}, "sizes": {"4544_GeographicalOriginalofMusic": []}, "tau": 0.9}, "LinearQuantile": {"losses": {"4544_GeographicalOriginalofMusic": [0.01412595750645473, 0.016493035890286438, 0.015676124180212324, 0.017635782950334526, 0.014210218879544762]}, "coverage": {"4544_GeographicalOriginalofMusic": [0.08396226415094343, 0.0792452830188679, 0.1264150943396226, 0.13584905660377355, 0.07061611374407584]}, "complexity": {"4544_GeographicalOriginalofMusic": [117, 117, 117, 117, 117]}, "time_all": {"4544_GeographicalOriginalofMusic": [27.047497272491455, 103.52619910240173, 59.02347207069397, 80.60985469818115, 61.61760926246643]}, "time_fit": {"4544_GeographicalOriginalofMusic": [2.431572437286377, 8.972117185592651, 5.262847185134888, 7.166900873184204, 5.524085521697998]}, "sizes": {"4544_GeographicalOriginalofMusic": []}, "tau": 0.9}}