{"SQR": {"losses": {"649_fri_c0_500_5": [0.008174014563290328, 0.013063404945357295, 0.011030452330218835, 0.010851808752393052, 0.01157602860710432]}, "coverage": {"649_fri_c0_500_5": [0.040000000000000036, 0.12, 0.030000000000000027, 0.10999999999999999, 0.07000000000000006]}, "complexity": {"649_fri_c0_500_5": [15, 9, 9, 8, 8]}, "time_all": {"649_fri_c0_500_5": [101.32582664489746, 88.56351375579834, 87.29468512535095, 84.90789127349854, 87.12142133712769]}, "time_fit": {"649_fri_c0_500_5": [101.32582664489746, 88.56351375579834, 87.29468512535095, 84.90789127349854, 87.12142133712769]}, "sizes": {"649_fri_c0_500_5": []}, "tau": 0.9}, "LightGBM": {"losses": {"649_fri_c0_500_5": [0.019364609705849627, 0.02357301478568815, 0.019698485649585443, 0.017743881893675897, 0.018637455553862654]}, "coverage": {"649_fri_c0_500_5": [0.12, 0.020000000000000018, 0.020000000000000018, 0.020000000000000018, 0.010000000000000009]}, "time_all": {"649_fri_c0_500_5": [0.22712016105651855, 0.19078516960144043, 0.1749873161315918, 0.16721272468566895, 0.18024611473083496]}, "time_fit": {"649_fri_c0_500_5": [0.042385101318359375, 0.037117719650268555, 0.039810895919799805, 0.03658795356750488, 0.042325735092163086]}, "sizes": {"649_fri_c0_500_5": []}, "tau": 0.9}, "DecisionTree": {"losses": {"649_fri_c0_500_5": [0.020980182680925698, 0.02015325292624409, 0.017921266736746155, 0.016197120654350885, 0.017873762713211113]}, "coverage": {"649_fri_c0_500_5": [0.08000000000000007, 0.050000000000000044, 0.07000000000000006, 0.020000000000000018, 0.09999999999999998]}, "complexity": {"649_fri_c0_500_5": [17, 29, 71, 33, 65]}, "time_all": {"649_fri_c0_500_5": [0.07283854484558105, 0.07109999656677246, 0.07509946823120117, 0.07231378555297852, 0.07431197166442871]}, "time_fit": {"649_fri_c0_500_5": [0.003843069076538086, 0.004842042922973633, 0.008145809173583984, 0.005196332931518555, 0.0076732635498046875]}, "sizes": {"649_fri_c0_500_5": []}, "tau": 0.9}, "LinearQuantile": {"losses": {"649_fri_c0_500_5": [0.037962196932425724, 0.03763209137133427, 0.03228662891199697, 0.030753741812048204, 0.03135871537624574]}, "coverage": {"649_fri_c0_500_5": [0.48000000000000004, 0.47000000000000003, 0.38, 0.41000000000000003, 0.41000000000000003]}, "complexity": {"649_fri_c0_500_5": [5, 5, 5, 5, 5]}, "time_all": {"649_fri_c0_500_5": [0.20979928970336914, 0.14344024658203125, 0.5455524921417236, 0.12105941772460938, 1.7813310623168945]}, "time_fit": {"649_fri_c0_500_5": [0.018004894256591797, 0.012442350387573242, 0.045996904373168945, 0.010533809661865234, 0.12632536888122559]}, "sizes": {"649_fri_c0_500_5": []}, "tau": 0.9}}