{"SQR": {"losses": {"192_vineyard": [0.09974569409263549, 0.027155442437652357, 0.03470647968580217, 0.01904410529116407, 0.037541017163211635]}, "coverage": {"192_vineyard": [0.17272727272727273, 0.009090909090909038, 0.30000000000000004, 0.0, 0.20000000000000007]}, "complexity": {"192_vineyard": [10, 10, 10, 5, 11]}, "time_all": {"192_vineyard": [76.34721946716309, 62.52895212173462, 62.83079814910889, 62.08892560005188, 62.67335057258606]}, "time_fit": {"192_vineyard": [76.34721946716309, 62.52895212173462, 62.83079814910889, 62.08892560005188, 62.67335057258606]}, "sizes": {"192_vineyard": []}, "tau": 0.9}, "LightGBM": {"losses": {"192_vineyard": [0.023017408123791102, 0.023791102514506765, 0.03893617021276595, 0.023191489361702126, 0.020638297872340415]}, "coverage": {"192_vineyard": [0.09999999999999998, 0.009090909090909038, 0.20000000000000007, 0.09999999999999998, 0.09999999999999998]}, "time_all": {"192_vineyard": [0.07506823539733887, 0.03271293640136719, 0.032164573669433594, 0.03488612174987793, 0.031415700912475586]}, "time_fit": {"192_vineyard": [0.003954172134399414, 0.003995418548583984, 0.0038788318634033203, 0.004417896270751953, 0.0037860870361328125]}, "sizes": {"192_vineyard": []}, "tau": 0.9}, "DecisionTree": {"losses": {"192_vineyard": [0.014487427466150872, 0.023791102514506765, 0.033723404255319146, 0.011574468085106381, 0.020638297872340415]}, "coverage": {"192_vineyard": [0.09999999999999998, 0.009090909090909038, 0.09999999999999998, 0.09999999999999998, 0.09999999999999998]}, "complexity": {"192_vineyard": [5, 1, 5, 13, 1]}, "time_all": {"192_vineyard": [0.028282642364501953, 0.027115821838378906, 0.027313709259033203, 0.028220653533935547, 0.026440143585205078]}, "time_fit": {"192_vineyard": [0.0019021034240722656, 0.0015380382537841797, 0.001814126968383789, 0.0023026466369628906, 0.001466512680053711]}, "sizes": {"192_vineyard": []}, "tau": 0.9}, "LinearQuantile": {"losses": {"192_vineyard": [0.025764008577945783, 0.02119148778792962, 0.06417693835315302, 0.02778720213606455, 0.023387256291053874]}, "coverage": {"192_vineyard": [0.09999999999999998, 0.009090909090909038, 0.30000000000000004, 0.09999999999999998, 0.0]}, "complexity": {"192_vineyard": [2, 2, 2, 2, 2]}, "time_all": {"192_vineyard": [0.15713715553283691, 0.0694723129272461, 0.06757044792175293, 0.18410849571228027, 0.1839287281036377]}, "time_fit": {"192_vineyard": [0.01328420639038086, 0.005672931671142578, 0.0055828094482421875, 0.015530109405517578, 0.01550149917602539]}, "sizes": {"192_vineyard": []}, "tau": 0.9}}