{"SQR": {"losses": {"titanic": [0.0683333333333333, 0.06857142857142856, 0.06357142857142856, 0.06619047619047617, 0.06181384248210022]}, "coverage": {"titanic": [0.09999999999999998, 0.0976190476190476, 0.09999999999999998, 0.09523809523809523, 0.09999999999999998]}, "complexity": {"titanic": [3, 3, 3, 3, 4]}, "time_all": {"titanic": [120.31097888946533, 115.42613434791565, 109.26530981063843, 109.55607557296753, 111.9039397239685]}, "time_fit": {"titanic": [120.31097888946533, 115.42613434791565, 109.26530981063843, 109.55607557296753, 111.9039397239685]}, "sizes": {"titanic": []}, "tau": 0.9}, "LightGBM": {"losses": {"titanic": [0.07047619047619046, 0.06880952380952379, 0.06666666666666665, 0.06404761904761903, 0.06778042959427205]}, "coverage": {"titanic": [0.09999999999999998, 0.09999999999999998, 0.09999999999999998, 0.09999999999999998, 0.09999999999999998]}, "time_all": {"titanic": [0.17316675186157227, 0.09340500831604004, 0.12152600288391113, 0.08942961692810059, 0.14409685134887695]}, "time_fit": {"titanic": [0.025699615478515625, 0.018629074096679688, 0.025433778762817383, 0.017717599868774414, 0.029890060424804688]}, "sizes": {"titanic": []}, "tau": 0.9}, "DecisionTree": {"losses": {"titanic": [0.07292857142857141, 0.060428571428571415, 0.06842857142857141, 0.0788095238095238, 0.07050119331742244]}, "coverage": {"titanic": [0.06428571428571428, 0.08333333333333326, 0.06904761904761902, 0.06428571428571428, 0.06420047732696899]}, "complexity": {"titanic": [77, 77, 117, 53, 113]}, "time_all": {"titanic": [0.18492603302001953, 0.18835234642028809, 0.1863870620727539, 0.17982697486877441, 0.1880025863647461]}, "time_fit": {"titanic": [0.01159358024597168, 0.01150655746459961, 0.014574766159057617, 0.009323358535766602, 0.014415502548217773]}, "sizes": {"titanic": []}, "tau": 0.9}, "LinearQuantile": {"losses": {"titanic": [0.06666670890331652, 0.06761906742512895, 0.06261909657394356, 0.06785719796096912, 0.06300723810902417]}, "coverage": {"titanic": [0.0976190476190476, 0.09999999999999998, 0.1071428571428572, 0.15476190476190477, 0.1386634844868735]}, "complexity": {"titanic": [31, 31, 31, 31, 31]}, "time_all": {"titanic": [0.8623752593994141, 0.4582343101501465, 0.4866786003112793, 0.9496395587921143, 2.3531899452209473]}, "time_fit": {"titanic": [0.07550358772277832, 0.04007554054260254, 0.04326272010803223, 0.0765228271484375, 0.1957252025604248]}, "sizes": {"titanic": []}, "tau": 0.9}}