{"SQR": {"losses": {"1028_SWD": [0.03783333333333332, 0.031833333333333325, 0.028833333333333325, 0.033499999999999995, 0.033499999999999995]}, "coverage": {"1028_SWD": [0.07499999999999996, 0.09499999999999997, 0.09999999999999998, 0.08499999999999996, 0.09499999999999997]}, "complexity": {"1028_SWD": [3, 3, 3, 3, 3]}, "time_all": {"1028_SWD": [94.16492652893066, 86.20665574073792, 85.27314162254333, 84.21875476837158, 85.9393515586853]}, "time_fit": {"1028_SWD": [94.16492652893066, 86.20665574073792, 85.27314162254333, 84.21875476837158, 85.9393515586853]}, "sizes": {"1028_SWD": []}, "tau": 0.9}, "LightGBM": {"losses": {"1028_SWD": [0.03849999999999999, 0.040666666666666657, 0.039666666666666656, 0.039666666666666656, 0.041333333333333326]}, "coverage": {"1028_SWD": [0.09999999999999998, 0.09999999999999998, 0.09999999999999998, 0.09999999999999998, 0.09999999999999998]}, "time_all": {"1028_SWD": [0.1054232120513916, 0.05878424644470215, 0.06100130081176758, 0.06002497673034668, 0.05907034873962402]}, "time_fit": {"1028_SWD": [0.009398221969604492, 0.010543107986450195, 0.010534048080444336, 0.010708332061767578, 0.010416507720947266]}, "sizes": {"1028_SWD": []}, "tau": 0.9}, "DecisionTree": {"losses": {"1028_SWD": [0.03285, 0.03333333333333333, 0.027666666666666662, 0.030933333333333327, 0.028333333333333325]}, "coverage": {"1028_SWD": [0.039999999999999925, 0.04999999999999993, 0.08499999999999996, 0.06999999999999995, 0.08499999999999996]}, "complexity": {"1028_SWD": [129, 119, 31, 25, 23]}, "time_all": {"1028_SWD": [0.10827517509460449, 0.1034231185913086, 0.09799671173095703, 0.0963129997253418, 0.10169458389282227]}, "time_fit": {"1028_SWD": [0.012952089309692383, 0.012104272842407227, 0.00518798828125, 0.0046596527099609375, 0.004523038864135742]}, "sizes": {"1028_SWD": []}, "tau": 0.9}, "LinearQuantile": {"losses": {"1028_SWD": [0.033781457635514586, 0.03513226033944309, 0.031567838673704135, 0.03247679228637388, 0.03180382457313125]}, "coverage": {"1028_SWD": [0.040000000000000036, 0.040000000000000036, 0.04500000000000004, 0.07500000000000007, 0.0]}, "complexity": {"1028_SWD": [31, 31, 31, 31, 31]}, "time_all": {"1028_SWD": [1.4803249835968018, 2.041165590286255, 0.976294755935669, 4.2623419761657715, 2.4134292602539062]}, "time_fit": {"1028_SWD": [0.12103605270385742, 0.14868426322937012, 0.08760285377502441, 0.31287097930908203, 0.16911077499389648]}, "sizes": {"1028_SWD": []}, "tau": 0.9}}