{"SQR": {"losses": {"633_fri_c0_500_25": [0.01485812033847908, 0.008980035735119782, 0.01086423852968102, 0.011865379027538326, 0.014380294829557886]}, "coverage": {"633_fri_c0_500_25": [0.12, 0.030000000000000027, 0.0, 0.039999999999999925, 0.050000000000000044]}, "complexity": {"633_fri_c0_500_25": [8, 15, 8, 8, 9]}, "time_all": {"633_fri_c0_500_25": [106.57077884674072, 85.6617956161499, 87.57658195495605, 87.16815614700317, 91.62874102592468]}, "time_fit": {"633_fri_c0_500_25": [106.57077884674072, 85.6617956161499, 87.57658195495605, 87.16815614700317, 91.62874102592468]}, "sizes": {"633_fri_c0_500_25": []}, "tau": 0.9}, "LightGBM": {"losses": {"633_fri_c0_500_25": [0.020757689508668922, 0.0218177820517369, 0.018794972309737396, 0.022223121705430636, 0.02528663100583866]}, "coverage": {"633_fri_c0_500_25": [0.0, 0.030000000000000027, 0.020000000000000018, 0.050000000000000044, 0.030000000000000027]}, "time_all": {"633_fri_c0_500_25": [0.24222683906555176, 0.22406530380249023, 0.22356009483337402, 0.19303131103515625, 0.2194969654083252]}, "time_fit": {"633_fri_c0_500_25": [0.04466414451599121, 0.04579782485961914, 0.04429435729980469, 0.04387640953063965, 0.044881582260131836]}, "sizes": {"633_fri_c0_500_25": []}, "tau": 0.9}, "DecisionTree": {"losses": {"633_fri_c0_500_25": [0.018256907695134418, 0.021313212152869212, 0.019553907569148907, 0.021100981142154827, 0.021096580287667234]}, "coverage": {"633_fri_c0_500_25": [0.06000000000000005, 0.030000000000000027, 0.020000000000000018, 0.10999999999999999, 0.08999999999999997]}, "complexity": {"633_fri_c0_500_25": [31, 15, 15, 31, 31]}, "time_all": {"633_fri_c0_500_25": [0.1268453598022461, 0.12497568130493164, 0.127577543258667, 0.12629055976867676, 0.12969136238098145]}, "time_fit": {"633_fri_c0_500_25": [0.010260343551635742, 0.007322788238525391, 0.007745265960693359, 0.010203123092651367, 0.010421276092529297]}, "sizes": {"633_fri_c0_500_25": []}, "tau": 0.9}, "LinearQuantile": {"losses": {"633_fri_c0_500_25": [0.040647479252546935, 0.04824733542893932, 0.037966002575868775, 0.047869480048225777, 0.048875299162949415]}, "coverage": {"633_fri_c0_500_25": [0.44, 0.5900000000000001, 0.42000000000000004, 0.44, 0.48000000000000004]}, "complexity": {"633_fri_c0_500_25": [25, 25, 25, 25, 25]}, "time_all": {"633_fri_c0_500_25": [2.077619791030884, 0.554863691329956, 3.1194162368774414, 0.5807638168334961, 0.5763089656829834]}, "time_fit": {"633_fri_c0_500_25": [0.1213688850402832, 0.04679226875305176, 0.2532064914703369, 0.05241227149963379, 0.04571795463562012]}, "sizes": {"633_fri_c0_500_25": []}, "tau": 0.9}}