{"SQR": {"losses": {"1203_BNG_pwLinear": [0.021853408166936115, 0.02150397969460281, 0.021550670581951002, 0.02201311038019918, 0.021598884135021017]}, "coverage": {"1203_BNG_pwLinear": [0.038780694326841725, 0.03330510866497316, 0.03531287927968618, 0.03720398543566006, 0.034748369979395455]}, "complexity": {"1203_BNG_pwLinear": [2, 2, 2, 2, 2]}, "time_all": {"1203_BNG_pwLinear": [9174.544517278671, 8759.474925518036, 8821.909911632538, 9638.75326871872, 9627.578332185745]}, "time_fit": {"1203_BNG_pwLinear": [9174.544517278671, 8759.474925518036, 8821.909911632538, 9638.75326871872, 9627.578332185745]}, "sizes": {"1203_BNG_pwLinear": []}, "tau": 0.9}, "LightGBM": {"losses": {"1203_BNG_pwLinear": [0.01781949420438275, 0.017720440676899776, 0.017741148267965565, 0.01796160873504195, 0.01783379136179723]}, "coverage": {"1203_BNG_pwLinear": [0.017866215071972835, 0.019333897826700475, 0.01837195517796153, 0.01786389680769984, 0.01732761297242369]}, "time_all": {"1203_BNG_pwLinear": [2.796058416366577, 2.4719016551971436, 2.6742327213287354, 2.593379259109497, 2.720505475997925]}, "time_fit": {"1203_BNG_pwLinear": [0.4425992965698242, 0.44644641876220703, 0.389711856842041, 0.36873841285705566, 0.4547429084777832]}, "sizes": {"1203_BNG_pwLinear": []}, "tau": 0.9}, "DecisionTree": {"losses": {"1203_BNG_pwLinear": [0.017140002698734304, 0.017023136957532048, 0.017121241664630495, 0.01723788872290145, 0.01718757410635173]}, "coverage": {"1203_BNG_pwLinear": [0.015580016934801044, 0.013942986169912519, 0.012760732733071767, 0.016119563069801557, 0.015188122724321906]}, "complexity": {"1203_BNG_pwLinear": [4159, 4205, 4229, 4183, 4161]}, "time_all": {"1203_BNG_pwLinear": [13.057823419570923, 12.845901012420654, 12.869267463684082, 12.941516399383545, 12.873945951461792]}, "time_fit": {"1203_BNG_pwLinear": [0.6360599994659424, 0.6195018291473389, 0.6222963333129883, 0.6223347187042236, 0.620025634765625]}, "sizes": {"1203_BNG_pwLinear": []}, "tau": 0.9}, "LinearQuantile": {"losses": {"1203_BNG_pwLinear": [0.019551741862947666, 0.019461199249385636, 0.019456756053195863, 0.0196969887466222, 0.01951421405147706]}, "coverage": {"1203_BNG_pwLinear": [0.0, 0.0003386960203217715, 0.0006181376838183539, 0.001837477772446361, 0.0012955488441671603]}, "complexity": {"1203_BNG_pwLinear": [29, 29, 29, 29, 29]}, "time_all": {"1203_BNG_pwLinear": [69.69954657554626, 116.34304618835449, 71.19839882850647, 90.18588781356812, 122.54111003875732]}, "time_fit": {"1203_BNG_pwLinear": [6.288914203643799, 10.504436254501343, 6.431964874267578, 8.123708486557007, 11.113221645355225]}, "sizes": {"1203_BNG_pwLinear": []}, "tau": 0.9}}