{"SQR": {"losses": {"210_cloud": [0.006290895308743091, 0.006664485845764124, 0.009323045491041326, 0.01720891950091768, 0.024162059792488116]}, "coverage": {"210_cloud": [0.08181818181818179, 0.054545454545454564, 0.009090909090909038, 0.13809523809523816, 0.04285714285714293]}, "complexity": {"210_cloud": [8, 9, 7, 14, 3]}, "time_all": {"210_cloud": [86.33827018737793, 69.17906284332275, 69.54140162467957, 68.23290944099426, 70.5362651348114]}, "time_fit": {"210_cloud": [86.33827018737793, 69.17906284332275, 69.54140162467957, 68.23290944099426, 70.5362651348114]}, "sizes": {"210_cloud": []}, "tau": 0.9}, "LightGBM": {"losses": {"210_cloud": [0.029429669465383262, 0.014835771290195109, 0.013327559361143168, 0.038041850886680384, 0.02737420824431655]}, "coverage": {"210_cloud": [0.036363636363636376, 0.09999999999999998, 0.09999999999999998, 0.04285714285714293, 0.052380952380952306]}, "time_all": {"210_cloud": [0.12621092796325684, 0.08337926864624023, 0.09526610374450684, 0.0908811092376709, 0.08815598487854004]}, "time_fit": {"210_cloud": [0.017422199249267578, 0.01733684539794922, 0.019479036331176758, 0.018411874771118164, 0.014368057250976562]}, "sizes": {"210_cloud": []}, "tau": 0.9}, "DecisionTree": {"losses": {"210_cloud": [0.009665152045587698, 0.011451514942402189, 0.014788635749031198, 0.029490477417906124, 0.025685712583954367]}, "coverage": {"210_cloud": [0.08181818181818179, 0.08181818181818179, 0.09999999999999998, 0.13809523809523816, 0.004761904761904745]}, "complexity": {"210_cloud": [15, 13, 7, 15, 5]}, "time_all": {"210_cloud": [0.034212350845336914, 0.03250932693481445, 0.03436899185180664, 0.03442025184631348, 0.033048391342163086]}, "time_fit": {"210_cloud": [0.0027570724487304688, 0.0025594234466552734, 0.0020999908447265625, 0.0026977062225341797, 0.0018835067749023438]}, "sizes": {"210_cloud": []}, "tau": 0.9}, "LinearQuantile": {"losses": {"210_cloud": [0.009813306998412444, 0.007901627725191157, 0.014608706467129478, 0.01432590603203185, 0.022847374995674245]}, "coverage": {"210_cloud": [0.12727272727272732, 0.036363636363636376, 0.036363636363636376, 0.09047619047619049, 0.09047619047619049]}, "complexity": {"210_cloud": [9, 9, 9, 9, 9]}, "time_all": {"210_cloud": [0.16935181617736816, 0.15239238739013672, 0.15424108505249023, 0.24825572967529297, 0.6846327781677246]}, "time_fit": {"210_cloud": [0.014392852783203125, 0.012950420379638672, 0.013195037841796875, 0.022007465362548828, 0.049852848052978516]}, "sizes": {"210_cloud": []}, "tau": 0.9}}