{"SQR": {"losses": {"561_cpu": [0.0009145634985665148, 0.002784157143411915, 0.0014482497289461916, 0.0015268163298675593, 0.0014908066054190095]}, "coverage": {"561_cpu": [0.02857142857142858, 0.04285714285714293, 0.052380952380952306, 0.01904761904761909, 0.02195121951219514]}, "complexity": {"561_cpu": [14, 11, 8, 10, 8]}, "time_all": {"561_cpu": [95.46804690361023, 78.31462454795837, 76.37473440170288, 75.81970739364624, 76.58931946754456]}, "time_fit": {"561_cpu": [95.46804690361023, 78.31462454795837, 76.37473440170288, 75.81970739364624, 76.58931946754456]}, "sizes": {"561_cpu": []}, "tau": 0.9}, "LightGBM": {"losses": {"561_cpu": [0.025381227799747944, 0.013612922826735895, 0.00904751932017986, 0.01109884752035595, 0.006424048036117435]}, "coverage": {"561_cpu": [0.02857142857142858, 0.052380952380952306, 0.052380952380952306, 0.07619047619047614, 0.09999999999999998]}, "time_all": {"561_cpu": [0.1470189094543457, 0.09726667404174805, 0.10059499740600586, 0.08369684219360352, 0.08532404899597168]}, "time_fit": {"561_cpu": [0.01906275749206543, 0.019013166427612305, 0.02056741714477539, 0.015248537063598633, 0.016413211822509766]}, "sizes": {"561_cpu": []}, "tau": 0.9}, "DecisionTree": {"losses": {"561_cpu": [0.015651598333528013, 0.0032692831834287266, 0.005753027294319201, 0.005788264610832068, 0.004145144885627106]}, "coverage": {"561_cpu": [0.11428571428571432, 0.04285714285714293, 0.13809523809523816, 0.11428571428571432, 0.04634146341463419]}, "complexity": {"561_cpu": [69, 69, 63, 63, 29]}, "time_all": {"561_cpu": [0.04716134071350098, 0.046185970306396484, 0.04581141471862793, 0.04422116279602051, 0.04271435737609863]}, "time_fit": {"561_cpu": [0.006766796112060547, 0.0066776275634765625, 0.006228446960449219, 0.0062754154205322266, 0.0038309097290039062]}, "sizes": {"561_cpu": []}, "tau": 0.9}, "LinearQuantile": {"losses": {"561_cpu": [0.012009287048673102, 0.006164703124059404, 0.006183199450815106, 0.007219987350686099, 0.004822895901458507]}, "coverage": {"561_cpu": [0.01904761904761909, 0.02857142857142858, 0.004761904761904745, 0.052380952380952306, 0.02195121951219514]}, "complexity": {"561_cpu": [7, 7, 7, 7, 7]}, "time_all": {"561_cpu": [2.1347544193267822, 0.21562886238098145, 0.35701441764831543, 1.0111818313598633, 1.8149139881134033]}, "time_fit": {"561_cpu": [0.12307572364807129, 0.019330739974975586, 0.029308080673217773, 0.06773686408996582, 0.12378430366516113]}, "sizes": {"561_cpu": []}, "tau": 0.9}}