{"SQR": {"losses": {"644_fri_c4_250_25": [0.013057448984006305, 0.008992569323002552, 0.013031611633790822, 0.00809338414559952, 0.01775469211482357]}, "coverage": {"644_fri_c4_250_25": [0.0, 0.08000000000000007, 0.0, 0.040000000000000036, 0.06000000000000005]}, "complexity": {"644_fri_c4_250_25": [9, 9, 11, 13, 8]}, "time_all": {"644_fri_c4_250_25": [91.31483626365662, 77.11805653572083, 76.12724614143372, 77.0683102607727, 78.0694887638092]}, "time_fit": {"644_fri_c4_250_25": [91.31483626365662, 77.11805653572083, 76.12724614143372, 77.0683102607727, 78.0694887638092]}, "sizes": {"644_fri_c4_250_25": []}, "tau": 0.9}, "LightGBM": {"losses": {"644_fri_c4_250_25": [0.017772465132169984, 0.02119718248668477, 0.023544997523870397, 0.026489381656404565, 0.02038533511645675]}, "coverage": {"644_fri_c4_250_25": [0.020000000000000018, 0.020000000000000018, 0.06000000000000005, 0.08000000000000007, 0.040000000000000036]}, "time_all": {"644_fri_c4_250_25": [0.17299652099609375, 0.1447441577911377, 0.12573003768920898, 0.14292120933532715, 0.14493036270141602]}, "time_fit": {"644_fri_c4_250_25": [0.02934718132019043, 0.03306841850280762, 0.029002904891967773, 0.02897191047668457, 0.032824039459228516]}, "sizes": {"644_fri_c4_250_25": []}, "tau": 0.9}, "DecisionTree": {"losses": {"644_fri_c4_250_25": [0.018101860448064274, 0.022496601792533957, 0.02014259074295624, 0.02416517029125144, 0.020323906863765017]}, "coverage": {"644_fri_c4_250_25": [0.040000000000000036, 0.0, 0.0, 0.040000000000000036, 0.14]}, "complexity": {"644_fri_c4_250_25": [7, 7, 9, 9, 39]}, "time_all": {"644_fri_c4_250_25": [0.06637954711914062, 0.06560254096984863, 0.06521749496459961, 0.06582355499267578, 0.06853199005126953]}, "time_fit": {"644_fri_c4_250_25": [0.0035784244537353516, 0.003382444381713867, 0.003820657730102539, 0.003876209259033203, 0.0074765682220458984]}, "sizes": {"644_fri_c4_250_25": []}, "tau": 0.9}, "LinearQuantile": {"losses": {"644_fri_c4_250_25": [0.08369150705834759, 0.06686325172082205, 0.09169705222630442, 0.09690907256875815, 0.07533725352255209]}, "coverage": {"644_fri_c4_250_25": [0.54, 0.4, 0.4, 0.4, 0.38]}, "complexity": {"644_fri_c4_250_25": [25, 25, 25, 25, 25]}, "time_all": {"644_fri_c4_250_25": [3.4964711666107178, 0.4035508632659912, 2.0744924545288086, 0.8083450794219971, 0.8977773189544678]}, "time_fit": {"644_fri_c4_250_25": [0.24548935890197754, 0.034914493560791016, 0.15438222885131836, 0.057927846908569336, 0.0623021125793457]}, "sizes": {"644_fri_c4_250_25": []}, "tau": 0.9}}