{"SQR": {"losses": {"637_fri_c1_500_50": [0.0048420204930125, 0.004803133978774528, 0.007909902470549374, 0.008878476585568092, 0.010392274675908567]}, "coverage": {"637_fri_c1_500_50": [0.010000000000000009, 0.04999999999999993, 0.030000000000000027, 0.040000000000000036, 0.0]}, "complexity": {"637_fri_c1_500_50": [17, 15, 14, 12, 8]}, "time_all": {"637_fri_c1_500_50": [111.07857394218445, 91.21760439872742, 98.52071857452393, 98.74341154098511, 81.30360984802246]}, "time_fit": {"637_fri_c1_500_50": [111.07857394218445, 91.21760439872742, 98.52071857452393, 98.74341154098511, 81.30360984802246]}, "sizes": {"637_fri_c1_500_50": []}, "tau": 0.9}, "LightGBM": {"losses": {"637_fri_c1_500_50": [0.02444777172868344, 0.023762663222317168, 0.023478469145615348, 0.026075518176642647, 0.02171400449768062]}, "coverage": {"637_fri_c1_500_50": [0.010000000000000009, 0.020000000000000018, 0.10999999999999999, 0.06000000000000005, 0.010000000000000009]}, "time_all": {"637_fri_c1_500_50": [0.2961761951446533, 0.2647824287414551, 0.26943516731262207, 0.24597740173339844, 0.26570725440979004]}, "time_fit": {"637_fri_c1_500_50": [0.058284759521484375, 0.05607438087463379, 0.05605196952819824, 0.05422377586364746, 0.05630612373352051]}, "sizes": {"637_fri_c1_500_50": []}, "tau": 0.9}, "DecisionTree": {"losses": {"637_fri_c1_500_50": [0.022825941444305196, 0.02231228724836007, 0.01779015866282847, 0.02018715375321133, 0.018776348968557302]}, "coverage": {"637_fri_c1_500_50": [0.06000000000000005, 0.13, 0.010000000000000009, 0.050000000000000044, 0.010000000000000009]}, "complexity": {"637_fri_c1_500_50": [31, 35, 31, 19, 17]}, "time_all": {"637_fri_c1_500_50": [0.1978015899658203, 0.2012786865234375, 0.1941065788269043, 0.190476655960083, 0.18637943267822266]}, "time_fit": {"637_fri_c1_500_50": [0.017574071884155273, 0.017976760864257812, 0.016263484954833984, 0.013278961181640625, 0.012527704238891602]}, "sizes": {"637_fri_c1_500_50": []}, "tau": 0.9}, "LinearQuantile": {"losses": {"637_fri_c1_500_50": [0.06694930670934678, 0.0838097037667098, 0.09375095233747267, 0.11262871443267258, 0.08029173337099033]}, "coverage": {"637_fri_c1_500_50": [0.42000000000000004, 0.44, 0.45, 0.5, 0.42000000000000004]}, "complexity": {"637_fri_c1_500_50": [50, 50, 50, 50, 50]}, "time_all": {"637_fri_c1_500_50": [21.296009302139282, 20.04639506340027, 7.632153511047363, 7.033421754837036, 8.082621574401855]}, "time_fit": {"637_fri_c1_500_50": [1.893866777420044, 1.8189544677734375, 0.6641948223114014, 0.5890085697174072, 0.7137613296508789]}, "sizes": {"637_fri_c1_500_50": []}, "tau": 0.9}}