{"SQR": {"losses": {"608_fri_c3_1000_10": [0.0076012485782875235, 0.005011377135881169, 0.010302514005415793, 0.0056861901512371875, 0.007745094161341747]}, "coverage": {"608_fri_c3_1000_10": [0.010000000000000009, 0.020000000000000018, 0.015000000000000013, 0.025000000000000022, 0.0050000000000000044]}, "complexity": {"608_fri_c3_1000_10": [10, 16, 11, 14, 11]}, "time_all": {"608_fri_c3_1000_10": [104.16143441200256, 101.92079997062683, 101.68504309654236, 108.19447445869446, 98.21244835853577]}, "time_fit": {"608_fri_c3_1000_10": [104.16143441200256, 101.92079997062683, 101.68504309654236, 108.19447445869446, 98.21244835853577]}, "sizes": {"608_fri_c3_1000_10": []}, "tau": 0.9}, "LightGBM": {"losses": {"608_fri_c3_1000_10": [0.013304287771521232, 0.015704824701940286, 0.015442867016512452, 0.016538136119286624, 0.011929213069320804]}, "coverage": {"608_fri_c3_1000_10": [0.015000000000000013, 0.030000000000000027, 0.03500000000000003, 0.0, 0.0050000000000000044]}, "time_all": {"608_fri_c3_1000_10": [0.3296241760253906, 0.3029625415802002, 0.2843294143676758, 0.29445910453796387, 0.29784607887268066]}, "time_fit": {"608_fri_c3_1000_10": [0.05773019790649414, 0.05411410331726074, 0.05445528030395508, 0.050106048583984375, 0.056946754455566406]}, "sizes": {"608_fri_c3_1000_10": []}, "tau": 0.9}, "DecisionTree": {"losses": {"608_fri_c3_1000_10": [0.012057071065642008, 0.014566211998080277, 0.011481973426105043, 0.018518423333657674, 0.011833963200890652]}, "coverage": {"608_fri_c3_1000_10": [0.06000000000000005, 0.05500000000000005, 0.03500000000000003, 0.040000000000000036, 0.04500000000000004]}, "complexity": {"608_fri_c3_1000_10": [61, 67, 63, 37, 37]}, "time_all": {"608_fri_c3_1000_10": [0.1717844009399414, 0.17230677604675293, 0.17444682121276855, 0.16527962684631348, 0.17140507698059082]}, "time_fit": {"608_fri_c3_1000_10": [0.013159751892089844, 0.013698101043701172, 0.013613700866699219, 0.010074377059936523, 0.01052713394165039]}, "sizes": {"608_fri_c3_1000_10": []}, "tau": 0.9}, "LinearQuantile": {"losses": {"608_fri_c3_1000_10": [0.056865362740850134, 0.05959510838517853, 0.05265956237343607, 0.054976413255088896, 0.05293263600194808]}, "coverage": {"608_fri_c3_1000_10": [0.47500000000000003, 0.445, 0.41500000000000004, 0.41500000000000004, 0.47000000000000003]}, "complexity": {"608_fri_c3_1000_10": [10, 10, 10, 10, 10]}, "time_all": {"608_fri_c3_1000_10": [1.9083621501922607, 0.3007032871246338, 0.5755460262298584, 0.48699426651000977, 0.9824025630950928]}, "time_fit": {"608_fri_c3_1000_10": [0.1142122745513916, 0.025689363479614258, 0.04702568054199219, 0.0395510196685791, 0.06668758392333984]}, "sizes": {"608_fri_c3_1000_10": []}, "tau": 0.9}}