{"SQR": {"losses": {"599_fri_c2_1000_5": [0.009343308429185232, 0.018560203811072363, 0.00969858137862956, 0.006860113098726392, 0.0069313553726153086]}, "coverage": {"599_fri_c2_1000_5": [0.010000000000000009, 0.07000000000000006, 0.04500000000000004, 0.06000000000000005, 0.039999999999999925]}, "complexity": {"599_fri_c2_1000_5": [13, 7, 15, 18, 16]}, "time_all": {"599_fri_c2_1000_5": [121.43587613105774, 99.51665759086609, 108.5010461807251, 99.69449353218079, 109.28083777427673]}, "time_fit": {"599_fri_c2_1000_5": [121.43587613105774, 99.51665759086609, 108.5010461807251, 99.69449353218079, 109.28083777427673]}, "sizes": {"599_fri_c2_1000_5": []}, "tau": 0.9}, "LightGBM": {"losses": {"599_fri_c2_1000_5": [0.019997708133851575, 0.02152221738871039, 0.019384804718176565, 0.019089191195590695, 0.0194041669024062]}, "coverage": {"599_fri_c2_1000_5": [0.0, 0.020000000000000018, 0.025000000000000022, 0.025000000000000022, 0.039999999999999925]}, "time_all": {"599_fri_c2_1000_5": [0.3548879623413086, 0.30111217498779297, 0.2880415916442871, 0.31482911109924316, 0.32359981536865234]}, "time_fit": {"599_fri_c2_1000_5": [0.06196188926696777, 0.06287074089050293, 0.054886579513549805, 0.06744575500488281, 0.0636441707611084]}, "sizes": {"599_fri_c2_1000_5": []}, "tau": 0.9}, "DecisionTree": {"losses": {"599_fri_c2_1000_5": [0.017971688134430338, 0.021401344522698252, 0.019333604863837152, 0.017581275810049805, 0.01734255441796321]}, "coverage": {"599_fri_c2_1000_5": [0.025000000000000022, 0.16500000000000004, 0.135, 0.040000000000000036, 0.020000000000000018]}, "complexity": {"599_fri_c2_1000_5": [41, 139, 137, 37, 35]}, "time_all": {"599_fri_c2_1000_5": [0.13344717025756836, 0.1400463581085205, 0.1378462314605713, 0.13065552711486816, 0.13043713569641113]}, "time_fit": {"599_fri_c2_1000_5": [0.007744312286376953, 0.016116619110107422, 0.01563429832458496, 0.0074808597564697266, 0.0072557926177978516]}, "sizes": {"599_fri_c2_1000_5": []}, "tau": 0.9}, "LinearQuantile": {"losses": {"599_fri_c2_1000_5": [0.07832804001909625, 0.07601364169970862, 0.07949967359286207, 0.0786307767130483, 0.07834912561172709]}, "coverage": {"599_fri_c2_1000_5": [0.455, 0.42000000000000004, 0.42500000000000004, 0.445, 0.43000000000000005]}, "complexity": {"599_fri_c2_1000_5": [5, 5, 5, 5, 5]}, "time_all": {"599_fri_c2_1000_5": [0.1418755054473877, 0.18146014213562012, 0.3653533458709717, 0.13944792747497559, 0.4119129180908203]}, "time_fit": {"599_fri_c2_1000_5": [0.01195836067199707, 0.015227556228637695, 0.0304567813873291, 0.011944770812988281, 0.036811113357543945]}, "sizes": {"599_fri_c2_1000_5": []}, "tau": 0.9}}