{"SQR": {"losses": {"588_fri_c4_1000_100": [0.012182888322353104, 0.007726947358232662, 0.009162272894724884, 0.009536061868613754, 0.004662238145352699]}, "coverage": {"588_fri_c4_1000_100": [0.0050000000000000044, 0.015000000000000013, 0.025000000000000022, 0.025000000000000022, 0.030000000000000027]}, "complexity": {"588_fri_c4_1000_100": [9, 14, 10, 8, 14]}, "time_all": {"588_fri_c4_1000_100": [105.5315260887146, 109.75701761245728, 95.56608462333679, 106.92984890937805, 114.89693307876587]}, "time_fit": {"588_fri_c4_1000_100": [105.5315260887146, 109.75701761245728, 95.56608462333679, 106.92984890937805, 114.89693307876587]}, "sizes": {"588_fri_c4_1000_100": []}, "tau": 0.9}, "LightGBM": {"losses": {"588_fri_c4_1000_100": [0.015838302964089376, 0.014813735034627698, 0.017087693985067903, 0.014214587566461219, 0.01562324442178906]}, "coverage": {"588_fri_c4_1000_100": [0.030000000000000027, 0.0, 0.0050000000000000044, 0.010000000000000009, 0.010000000000000009]}, "time_all": {"588_fri_c4_1000_100": [0.45305418968200684, 0.43406128883361816, 0.4063572883605957, 0.41551995277404785, 0.37690186500549316]}, "time_fit": {"588_fri_c4_1000_100": [0.07357025146484375, 0.0693209171295166, 0.06959223747253418, 0.0669562816619873, 0.06416440010070801]}, "sizes": {"588_fri_c4_1000_100": []}, "tau": 0.9}, "DecisionTree": {"losses": {"588_fri_c4_1000_100": [0.014356965647227892, 0.014452364791585426, 0.012325404495736469, 0.0119042459310398, 0.01254390910658728]}, "coverage": {"588_fri_c4_1000_100": [0.08500000000000008, 0.08999999999999997, 0.015000000000000013, 0.08000000000000007, 0.030000000000000027]}, "complexity": {"588_fri_c4_1000_100": [61, 57, 61, 63, 37]}, "time_all": {"588_fri_c4_1000_100": [1.0044007301330566, 0.8242154121398926, 0.8117160797119141, 0.9300017356872559, 0.8340926170349121]}, "time_fit": {"588_fri_c4_1000_100": [0.08980131149291992, 0.05826115608215332, 0.05986475944519043, 0.07277607917785645, 0.047812700271606445]}, "sizes": {"588_fri_c4_1000_100": []}, "tau": 0.9}, "LinearQuantile": {"losses": {"588_fri_c4_1000_100": [0.06955366522596429, 0.06951749543706852, 0.06351016785823749, 0.06518888022309366, 0.06375724484879149]}, "coverage": {"588_fri_c4_1000_100": [0.465, 0.435, 0.47000000000000003, 0.44, 0.42000000000000004]}, "complexity": {"588_fri_c4_1000_100": [100, 100, 100, 100, 100]}, "time_all": {"588_fri_c4_1000_100": [74.81423139572144, 99.94665384292603, 64.15601873397827, 45.87215232849121, 104.50895285606384]}, "time_fit": {"588_fri_c4_1000_100": [6.921612739562988, 5.833954095840454, 5.748991966247559, 4.077906847000122, 5.782033920288086]}, "sizes": {"588_fri_c4_1000_100": []}, "tau": 0.9}}