{"SQR": {"losses": {"584_fri_c4_500_25": [0.011365012106210442, 0.006462978749796284, 0.008759234280088542, 0.007823989595675603, 0.00624902063666905]}, "coverage": {"584_fri_c4_500_25": [0.010000000000000009, 0.06000000000000005, 0.010000000000000009, 0.030000000000000027, 0.04999999999999993]}, "complexity": {"584_fri_c4_500_25": [12, 17, 10, 13, 12]}, "time_all": {"584_fri_c4_500_25": [102.38305497169495, 95.00961875915527, 86.58949780464172, 88.29168319702148, 96.72991895675659]}, "time_fit": {"584_fri_c4_500_25": [102.38305497169495, 95.00961875915527, 86.58949780464172, 88.29168319702148, 96.72991895675659]}, "sizes": {"584_fri_c4_500_25": []}, "tau": 0.9}, "LightGBM": {"losses": {"584_fri_c4_500_25": [0.01412846471178622, 0.021204597981092883, 0.024528770245090915, 0.016228255431653908, 0.017569540430136532]}, "coverage": {"584_fri_c4_500_25": [0.010000000000000009, 0.06000000000000005, 0.050000000000000044, 0.030000000000000027, 0.030000000000000027]}, "time_all": {"584_fri_c4_500_25": [0.23149633407592773, 0.19741129875183105, 0.20951247215270996, 0.18559741973876953, 0.2063441276550293]}, "time_fit": {"584_fri_c4_500_25": [0.03975343704223633, 0.04359745979309082, 0.0391392707824707, 0.03978228569030762, 0.0386805534362793]}, "sizes": {"584_fri_c4_500_25": []}, "tau": 0.9}, "DecisionTree": {"losses": {"584_fri_c4_500_25": [0.01666680298278017, 0.019901174991088014, 0.0238237232156153, 0.015112530327178632, 0.019303362748123457]}, "coverage": {"584_fri_c4_500_25": [0.0, 0.17000000000000004, 0.20000000000000007, 0.06000000000000005, 0.13]}, "complexity": {"584_fri_c4_500_25": [21, 69, 29, 27, 67]}, "time_all": {"584_fri_c4_500_25": [0.13054704666137695, 0.13396120071411133, 0.12671780586242676, 0.12896013259887695, 0.13341021537780762]}, "time_fit": {"584_fri_c4_500_25": [0.008648872375488281, 0.01484370231628418, 0.009905576705932617, 0.009734630584716797, 0.01471567153930664]}, "sizes": {"584_fri_c4_500_25": []}, "tau": 0.9}, "LinearQuantile": {"losses": {"584_fri_c4_500_25": [0.06939912736427523, 0.0743781804908854, 0.07753940947578608, 0.06610255870180366, 0.062386174114552405]}, "coverage": {"584_fri_c4_500_25": [0.43000000000000005, 0.43000000000000005, 0.46, 0.42000000000000004, 0.42000000000000004]}, "complexity": {"584_fri_c4_500_25": [25, 25, 25, 25, 25]}, "time_all": {"584_fri_c4_500_25": [1.540773630142212, 6.1334075927734375, 3.4177539348602295, 3.020709276199341, 0.760653018951416]}, "time_fit": {"584_fri_c4_500_25": [0.10878276824951172, 0.2714419364929199, 0.21810030937194824, 0.17073726654052734, 0.06767463684082031]}, "sizes": {"584_fri_c4_500_25": []}, "tau": 0.9}}