{"SQR": {"losses": {"594_fri_c2_100_5": [0.028418336567871058, 0.00869625178343256, 0.007454952949932093, 0.0184356268934104, 0.008005070625688187]}, "coverage": {"594_fri_c2_100_5": [0.20000000000000007, 0.04999999999999993, 0.0, 0.09999999999999998, 0.04999999999999993]}, "complexity": {"594_fri_c2_100_5": [11, 16, 15, 14, 16]}, "time_all": {"594_fri_c2_100_5": [81.2987413406372, 68.624582529068, 67.78586745262146, 69.42448234558105, 68.3188693523407]}, "time_fit": {"594_fri_c2_100_5": [81.2987413406372, 68.624582529068, 67.78586745262146, 69.42448234558105, 68.3188693523407]}, "sizes": {"594_fri_c2_100_5": []}, "tau": 0.9}, "LightGBM": {"losses": {"594_fri_c2_100_5": [0.034154922814534604, 0.028023668379082812, 0.01895364131027241, 0.030256256382700273, 0.029362490104393603]}, "coverage": {"594_fri_c2_100_5": [0.0, 0.0, 0.050000000000000044, 0.09999999999999998, 0.04999999999999993]}, "time_all": {"594_fri_c2_100_5": [0.1254417896270752, 0.08710598945617676, 0.08145689964294434, 0.09700584411621094, 0.08498167991638184]}, "time_fit": {"594_fri_c2_100_5": [0.01705145835876465, 0.019174814224243164, 0.01671600341796875, 0.020754098892211914, 0.020266056060791016]}, "sizes": {"594_fri_c2_100_5": []}, "tau": 0.9}, "DecisionTree": {"losses": {"594_fri_c2_100_5": [0.020290060476459575, 0.02810267210090657, 0.014827885976587588, 0.026980049703639843, 0.031061185910847843]}, "coverage": {"594_fri_c2_100_5": [0.050000000000000044, 0.050000000000000044, 0.0, 0.050000000000000044, 0.04999999999999993]}, "complexity": {"594_fri_c2_100_5": [33, 1, 1, 5, 5]}, "time_all": {"594_fri_c2_100_5": [0.03508567810058594, 0.03157186508178711, 0.03123641014099121, 0.032949209213256836, 0.032515525817871094]}, "time_fit": {"594_fri_c2_100_5": [0.004126071929931641, 0.0014500617980957031, 0.00152587890625, 0.0019099712371826172, 0.0019016265869140625]}, "sizes": {"594_fri_c2_100_5": []}, "tau": 0.9}, "LinearQuantile": {"losses": {"594_fri_c2_100_5": [0.0608523775297252, 0.13155675659079216, 0.15273574660039502, 0.1158614260663608, 0.06784670008013839]}, "coverage": {"594_fri_c2_100_5": [0.20000000000000007, 0.75, 0.7, 0.45, 0.35]}, "complexity": {"594_fri_c2_100_5": [5, 5, 5, 5, 5]}, "time_all": {"594_fri_c2_100_5": [0.3525376319885254, 0.7904253005981445, 0.6018517017364502, 0.11303448677062988, 0.15198564529418945]}, "time_fit": {"594_fri_c2_100_5": [0.030707120895385742, 0.055539846420288086, 0.04859757423400879, 0.009685039520263672, 0.01318216323852539]}, "sizes": {"594_fri_c2_100_5": []}, "tau": 0.9}}