{"SQR": {"losses": {"1199_BNG_echoMonths": [0.029516708724251564, 0.029800511343156658, 0.029880483227715644, 0.029984146971020344, 0.029274797042484767]}, "coverage": {"1199_BNG_echoMonths": [0.0002857142857142225, 0.003458130894541278, 0.003400971706201794, 0.0028865390111461053, 0.0022577879394112266]}, "complexity": {"1199_BNG_echoMonths": [3, 3, 3, 4, 4]}, "time_all": {"1199_BNG_echoMonths": [830.2873661518097, 729.5130276679993, 798.4486265182495, 704.1409590244293, 693.447224855423]}, "time_fit": {"1199_BNG_echoMonths": [830.2873661518097, 729.5130276679993, 798.4486265182495, 704.1409590244293, 693.447224855423]}, "sizes": {"1199_BNG_echoMonths": []}, "tau": 0.9}, "LightGBM": {"losses": {"1199_BNG_echoMonths": [0.027710650666943476, 0.02760116146332616, 0.02801446428914458, 0.02827204645423486, 0.027217221627201717]}, "coverage": {"1199_BNG_echoMonths": [0.013142857142857123, 0.0031151757645041522, 0.007973706773363842, 0.0028293798228065103, 0.006258931123177991]}, "time_all": {"1199_BNG_echoMonths": [1.734466314315796, 1.6031489372253418, 1.5893092155456543, 1.5821588039398193, 1.5379669666290283]}, "time_fit": {"1199_BNG_echoMonths": [0.23838472366333008, 0.23201274871826172, 0.21831583976745605, 0.23102307319641113, 0.23186445236206055]}, "sizes": {"1199_BNG_echoMonths": []}, "tau": 0.9}, "DecisionTree": {"losses": {"1199_BNG_echoMonths": [0.027875493174197956, 0.02831542468420348, 0.029632219601642994, 0.02924817714526475, 0.028190652151146182]}, "coverage": {"1199_BNG_echoMonths": [0.011714285714285788, 0.022034867104887113, 0.028608173763932543, 0.03346670477279223, 0.02946556158902547]}, "complexity": {"1199_BNG_echoMonths": [451, 485, 447, 453, 449]}, "time_all": {"1199_BNG_echoMonths": [1.8347349166870117, 2.036130428314209, 1.7309672832489014, 1.6994178295135498, 1.719104290008545]}, "time_fit": {"1199_BNG_echoMonths": [0.10078120231628418, 0.10268568992614746, 0.10549783706665039, 0.10058164596557617, 0.10081267356872559]}, "sizes": {"1199_BNG_echoMonths": []}, "tau": 0.9}, "LinearQuantile": {"losses": {"1199_BNG_echoMonths": [0.028071273740688046, 0.028301206080561147, 0.02825484827225244, 0.0283913748243473, 0.027745148975742942]}, "coverage": {"1199_BNG_echoMonths": [0.006000000000000005, 0.005172906544727129, 0.0025435838811088685, 0.007745070020005684, 0.0019719919977135847]}, "complexity": {"1199_BNG_echoMonths": [12, 12, 12, 12, 12]}, "time_all": {"1199_BNG_echoMonths": [1.849991798400879, 11.98727035522461, 1.639007806777954, 2.752289056777954, 3.198478937149048]}, "time_fit": {"1199_BNG_echoMonths": [0.15703463554382324, 0.9195663928985596, 0.14005017280578613, 0.22464442253112793, 0.23801445960998535]}, "sizes": {"1199_BNG_echoMonths": []}, "tau": 0.9}}