{"SQR": {"losses": {"607_fri_c4_1000_50": [0.005335595932771315, 0.010004274136254251, 0.004597481062385858, 0.008239811507274623, 0.00768788375894404]}, "coverage": {"607_fri_c4_1000_50": [0.03500000000000003, 0.025000000000000022, 0.0, 0.015000000000000013, 0.06500000000000006]}, "complexity": {"607_fri_c4_1000_50": [12, 9, 16, 11, 12]}, "time_all": {"607_fri_c4_1000_50": [121.32184481620789, 107.31303334236145, 111.22163939476013, 108.5486969947815, 109.01643657684326]}, "time_fit": {"607_fri_c4_1000_50": [121.32184481620789, 107.31303334236145, 111.22163939476013, 108.5486969947815, 109.01643657684326]}, "sizes": {"607_fri_c4_1000_50": []}, "tau": 0.9}, "LightGBM": {"losses": {"607_fri_c4_1000_50": [0.012640556345580773, 0.016334030766541847, 0.013643703040670935, 0.01360224756723629, 0.01645308698566694]}, "coverage": {"607_fri_c4_1000_50": [0.015000000000000013, 0.025000000000000022, 0.0050000000000000044, 0.030000000000000027, 0.025000000000000022]}, "time_all": {"607_fri_c4_1000_50": [0.37875914573669434, 0.3295750617980957, 0.3423140048980713, 0.3483760356903076, 0.34362125396728516]}, "time_fit": {"607_fri_c4_1000_50": [0.06189227104187012, 0.05741095542907715, 0.06367707252502441, 0.059082746505737305, 0.05744338035583496]}, "sizes": {"607_fri_c4_1000_50": []}, "tau": 0.9}, "DecisionTree": {"losses": {"607_fri_c4_1000_50": [0.013430338590151051, 0.013567944824074465, 0.014100298224044018, 0.011432749691536495, 0.013499976851743698]}, "coverage": {"607_fri_c4_1000_50": [0.08500000000000008, 0.07000000000000006, 0.14500000000000002, 0.015000000000000013, 0.08000000000000007]}, "complexity": {"607_fri_c4_1000_50": [65, 61, 137, 33, 61]}, "time_all": {"607_fri_c4_1000_50": [0.5003671646118164, 0.460205078125, 0.48593926429748535, 0.4575531482696533, 0.46329283714294434]}, "time_fit": {"607_fri_c4_1000_50": [0.042867183685302734, 0.03925633430480957, 0.05096077919006348, 0.03129863739013672, 0.038265228271484375]}, "sizes": {"607_fri_c4_1000_50": []}, "tau": 0.9}, "LinearQuantile": {"losses": {"607_fri_c4_1000_50": [0.05762861036067733, 0.0617795809394848, 0.05994850268018668, 0.05471161560079202, 0.056570083065946096]}, "coverage": {"607_fri_c4_1000_50": [0.435, 0.41000000000000003, 0.42500000000000004, 0.42500000000000004, 0.385]}, "complexity": {"607_fri_c4_1000_50": [50, 50, 50, 50, 50]}, "time_all": {"607_fri_c4_1000_50": [29.6353702545166, 4.996302843093872, 211.52304458618164, 6.425721645355225, 9.71488332748413]}, "time_fit": {"607_fri_c4_1000_50": [2.191922187805176, 0.3749198913574219, 1.3083837032318115, 0.46584510803222656, 0.7889790534973145]}, "sizes": {"607_fri_c4_1000_50": []}, "tau": 0.9}}