{"SQR": {"losses": {"519_vinnie": [0.017423213795614033, 0.016721435043859645, 0.018529007105263156, 0.019851559684210523, 0.016637426964912272]}, "coverage": {"519_vinnie": [0.021052631578947323, 0.021052631578947323, 0.018421052631579005, 0.018421052631579005, 0.021052631578947323]}, "complexity": {"519_vinnie": [2, 2, 2, 2, 2]}, "time_all": {"519_vinnie": [91.65203881263733, 79.31602621078491, 73.07750606536865, 75.17048645019531, 73.5407567024231]}, "time_fit": {"519_vinnie": [91.65203881263733, 79.31602621078491, 73.07750606536865, 75.17048645019531, 73.5407567024231]}, "sizes": {"519_vinnie": []}, "tau": 0.9}, "LightGBM": {"losses": {"519_vinnie": [0.020488143796085195, 0.018560292466408692, 0.01808342800334484, 0.020554319101720113, 0.019924632967371514]}, "coverage": {"519_vinnie": [0.007894736842105288, 0.021052631578947323, 0.018421052631579005, 0.0052631578947368585, 0.0052631578947368585]}, "time_all": {"519_vinnie": [0.18738365173339844, 0.14063525199890137, 0.1542501449584961, 0.14072775840759277, 0.15733814239501953]}, "time_fit": {"519_vinnie": [0.031514883041381836, 0.03199934959411621, 0.03415513038635254, 0.032745361328125, 0.03744935989379883]}, "sizes": {"519_vinnie": []}, "tau": 0.9}, "DecisionTree": {"losses": {"519_vinnie": [0.02122807017543859, 0.017482456140350874, 0.01789473684210526, 0.01917543859649123, 0.01707017543859649]}, "coverage": {"519_vinnie": [0.021052631578947323, 0.03421052631578947, 0.03421052631578947, 0.0052631578947368585, 0.06052631578947365]}, "complexity": {"519_vinnie": [9, 9, 11, 93, 11]}, "time_all": {"519_vinnie": [0.04753279685974121, 0.04538083076477051, 0.046590328216552734, 0.05174398422241211, 0.04644894599914551]}, "time_fit": {"519_vinnie": [0.0023386478424072266, 0.0022497177124023438, 0.002393960952758789, 0.008008241653442383, 0.002343416213989258]}, "sizes": {"519_vinnie": []}, "tau": 0.9}, "LinearQuantile": {"losses": {"519_vinnie": [0.01783627555737392, 0.016900584253278506, 0.0188596374264966, 0.020614035559686262, 0.0169298172928808]}, "coverage": {"519_vinnie": [0.05789473684210533, 0.0052631578947368585, 0.0052631578947368585, 0.0052631578947368585, 0.021052631578947323]}, "complexity": {"519_vinnie": [5, 5, 5, 5, 5]}, "time_all": {"519_vinnie": [0.3225834369659424, 0.21036386489868164, 0.2074747085571289, 0.11627030372619629, 0.1851184368133545]}, "time_fit": {"519_vinnie": [0.028015613555908203, 0.018414974212646484, 0.018258094787597656, 0.009981393814086914, 0.016199588775634766]}, "sizes": {"519_vinnie": []}, "tau": 0.9}}