{"SQR": {"losses": {"581_fri_c3_500_25": [0.006431863231564841, 0.006161976423357658, 0.007513976366818407, 0.010842255602815593, 0.011632987640500327]}, "coverage": {"581_fri_c3_500_25": [0.010000000000000009, 0.0, 0.030000000000000027, 0.010000000000000009, 0.08000000000000007]}, "complexity": {"581_fri_c3_500_25": [13, 15, 15, 10, 11]}, "time_all": {"581_fri_c3_500_25": [109.27792406082153, 101.08275532722473, 96.70823550224304, 86.84987711906433, 94.3704719543457]}, "time_fit": {"581_fri_c3_500_25": [109.27792406082153, 101.08275532722473, 96.70823550224304, 86.84987711906433, 94.3704719543457]}, "sizes": {"581_fri_c3_500_25": []}, "tau": 0.9}, "LightGBM": {"losses": {"581_fri_c3_500_25": [0.021079626239548496, 0.02218639160929171, 0.016628968085244698, 0.01843827981451382, 0.020015172909007364]}, "coverage": {"581_fri_c3_500_25": [0.06000000000000005, 0.050000000000000044, 0.0, 0.030000000000000027, 0.0]}, "time_all": {"581_fri_c3_500_25": [0.23152446746826172, 0.19443726539611816, 0.22008466720581055, 0.19774675369262695, 0.18210792541503906]}, "time_fit": {"581_fri_c3_500_25": [0.04487013816833496, 0.0445556640625, 0.04422140121459961, 0.04360532760620117, 0.04218864440917969]}, "sizes": {"581_fri_c3_500_25": []}, "tau": 0.9}, "DecisionTree": {"losses": {"581_fri_c3_500_25": [0.020219340019663662, 0.01832554410715176, 0.017357513792978018, 0.020802590814454427, 0.016707498898470986]}, "coverage": {"581_fri_c3_500_25": [0.16000000000000003, 0.10999999999999999, 0.020000000000000018, 0.12, 0.15000000000000002]}, "complexity": {"581_fri_c3_500_25": [65, 69, 17, 65, 69]}, "time_all": {"581_fri_c3_500_25": [0.14056706428527832, 0.13650918006896973, 0.12588214874267578, 0.1316213607788086, 0.13579106330871582]}, "time_fit": {"581_fri_c3_500_25": [0.015208959579467773, 0.015426874160766602, 0.007844686508178711, 0.014580965042114258, 0.015817642211914062]}, "sizes": {"581_fri_c3_500_25": []}, "tau": 0.9}, "LinearQuantile": {"losses": {"581_fri_c3_500_25": [0.07501051665189667, 0.0750500884837195, 0.06791697841048804, 0.06948361181703587, 0.06016071996199198]}, "coverage": {"581_fri_c3_500_25": [0.46, 0.52, 0.49000000000000005, 0.45, 0.39]}, "complexity": {"581_fri_c3_500_25": [25, 25, 25, 25, 25]}, "time_all": {"581_fri_c3_500_25": [1.9461512565612793, 0.7416901588439941, 1.3031632900238037, 2.371371269226074, 1.1318089962005615]}, "time_fit": {"581_fri_c3_500_25": [0.11513257026672363, 0.0558316707611084, 0.1096036434173584, 0.1372666358947754, 0.07446885108947754]}, "sizes": {"581_fri_c3_500_25": []}, "tau": 0.9}}