{"SQR": {"losses": {"1193_BNG_lowbwt": [0.045957815958612334, 0.04539975520005664, 0.0456529260196451, 0.04535468422524651, 0.045561327671799816]}, "coverage": {"1193_BNG_lowbwt": [0.003938273589455088, 0.0044205111718372825, 0.002973798424690588, 0.0020093232599260324, 0.002893890675241151]}, "complexity": {"1193_BNG_lowbwt": [3, 4, 3, 3, 4]}, "time_all": {"1193_BNG_lowbwt": [11630.010133504868, 10869.839361190796, 12678.826377868652, 11486.070759773254, 11745.393136024475]}, "time_fit": {"1193_BNG_lowbwt": [11630.010133504868, 10869.839361190796, 12678.826377868652, 11486.070759773254, 11745.393136024475]}, "sizes": {"1193_BNG_lowbwt": []}, "tau": 0.5}, "LightGBM": {"losses": {"1193_BNG_lowbwt": [0.041186450145140475, 0.04076657601532037, 0.040879872108229375, 0.04053524847641885, 0.04087006425101578]}, "coverage": {"1193_BNG_lowbwt": [0.011493329046777023, 0.013422279376306023, 0.0007233563735733473, 0.0007233563735733473, 0.0014469453376205754]}, "time_all": {"1193_BNG_lowbwt": [2.062842845916748, 1.8175432682037354, 2.134279489517212, 2.237950086593628, 2.0049262046813965]}, "time_fit": {"1193_BNG_lowbwt": [0.35727834701538086, 0.2854151725769043, 0.35016965866088867, 0.2662510871887207, 0.2885756492614746]}, "sizes": {"1193_BNG_lowbwt": []}, "tau": 0.5}, "DecisionTree": {"losses": {"1193_BNG_lowbwt": [0.041430983469135874, 0.040961212622519866, 0.041049888603325625, 0.04089893527109655, 0.04118101002416486]}, "coverage": {"1193_BNG_lowbwt": [0.013100787654717894, 0.007153190805336718, 0.004099019450249153, 0.007474682526924958, 0.0036977491961414644]}, "complexity": {"1193_BNG_lowbwt": [797, 789, 793, 793, 767]}, "time_all": {"1193_BNG_lowbwt": [2.3152096271514893, 2.319570779800415, 2.3186864852905273, 2.316279411315918, 2.3148257732391357]}, "time_fit": {"1193_BNG_lowbwt": [0.12116694450378418, 0.12067985534667969, 0.12218427658081055, 0.12155818939208984, 0.11991477012634277]}, "sizes": {"1193_BNG_lowbwt": []}, "tau": 0.5}, "LinearQuantile": {"losses": {"1193_BNG_lowbwt": [0.04319578675733636, 0.0427653309104585, 0.04312379769124666, 0.04245049721302124, 0.042969360933994415]}, "coverage": {"1193_BNG_lowbwt": [0.0004018646519852176, 0.006670953222954523, 0.006831699083748588, 0.00024111879119115276, 0.0003215434083601032]}, "complexity": {"1193_BNG_lowbwt": [23, 23, 23, 23, 23]}, "time_all": {"1193_BNG_lowbwt": [19.30757188796997, 54.58567547798157, 21.935267686843872, 31.604090213775635, 43.839210510253906]}, "time_fit": {"1193_BNG_lowbwt": [1.7219440937042236, 3.8145039081573486, 1.3686931133270264, 2.8189854621887207, 3.529751777648926]}, "sizes": {"1193_BNG_lowbwt": []}, "tau": 0.5}}