{"SQR": {"losses": {"611_fri_c3_100_5": [0.028074889618703268, 0.007266610468768768, 0.01446563091853482, 0.00702224019391909, 0.028037638095110895]}, "coverage": {"611_fri_c3_100_5": [0.09999999999999998, 0.0, 0.050000000000000044, 0.04999999999999993, 0.4]}, "complexity": {"611_fri_c3_100_5": [8, 13, 12, 15, 12]}, "time_all": {"611_fri_c3_100_5": [80.75547313690186, 68.00559043884277, 67.76716327667236, 67.97924423217773, 66.95692133903503]}, "time_fit": {"611_fri_c3_100_5": [80.75547313690186, 68.00559043884277, 67.76716327667236, 67.97924423217773, 66.95692133903503]}, "sizes": {"611_fri_c3_100_5": []}, "tau": 0.9}, "LightGBM": {"losses": {"611_fri_c3_100_5": [0.021466805379950417, 0.02676987718320027, 0.01891962507744006, 0.021873678115192995, 0.06796268396723597]}, "coverage": {"611_fri_c3_100_5": [0.04999999999999993, 0.09999999999999998, 0.20000000000000007, 0.09999999999999998, 0.20000000000000007]}, "time_all": {"611_fri_c3_100_5": [0.11618542671203613, 0.07233166694641113, 0.08281993865966797, 0.0944662094116211, 0.07498741149902344]}, "time_fit": {"611_fri_c3_100_5": [0.017244815826416016, 0.01669764518737793, 0.01700758934020996, 0.019849538803100586, 0.0170440673828125]}, "sizes": {"611_fri_c3_100_5": []}, "tau": 0.9}, "DecisionTree": {"losses": {"611_fri_c3_100_5": [0.021996863840880666, 0.023442580325033494, 0.016462538462624573, 0.01742948105561394, 0.05148104980467854]}, "coverage": {"611_fri_c3_100_5": [0.04999999999999993, 0.04999999999999993, 0.050000000000000044, 0.0, 0.25]}, "complexity": {"611_fri_c3_100_5": [3, 3, 3, 13, 35]}, "time_all": {"611_fri_c3_100_5": [0.032482147216796875, 0.030526399612426758, 0.03123784065246582, 0.03305554389953613, 0.03416562080383301]}, "time_fit": {"611_fri_c3_100_5": [0.00176239013671875, 0.0016727447509765625, 0.0017123222351074219, 0.002499103546142578, 0.0040700435638427734]}, "sizes": {"611_fri_c3_100_5": []}, "tau": 0.9}, "LinearQuantile": {"losses": {"611_fri_c3_100_5": [0.0831313760226142, 0.06895854298100246, 0.09853983450918721, 0.05338251044580325, 0.15103475020871882]}, "coverage": {"611_fri_c3_100_5": [0.4, 0.4, 0.5, 0.45, 0.45]}, "complexity": {"611_fri_c3_100_5": [5, 5, 5, 5, 5]}, "time_all": {"611_fri_c3_100_5": [0.13901281356811523, 0.3013887405395508, 0.0797262191772461, 0.4609236717224121, 0.2542397975921631]}, "time_fit": {"611_fri_c3_100_5": [0.01147150993347168, 0.02481675148010254, 0.006727695465087891, 0.03679823875427246, 0.022539377212524414]}, "sizes": {"611_fri_c3_100_5": []}, "tau": 0.9}}