{"SQR": {"losses": {"505_tecator": [0.002231000990343941, 0.003085242726438061, 0.0028327542500641775, 0.002216180449950676, 0.001994774658287514]}, "coverage": {"505_tecator": [0.04583333333333339, 0.016666666666666607, 0.04583333333333339, 0.03749999999999998, 0.07916666666666661]}, "complexity": {"505_tecator": [10, 5, 5, 5, 5]}, "time_all": {"505_tecator": [87.29408407211304, 79.13450312614441, 73.7514533996582, 76.38867783546448, 77.89091348648071]}, "time_fit": {"505_tecator": [87.29408407211304, 79.13450312614441, 73.7514533996582, 76.38867783546448, 77.89091348648071]}, "sizes": {"505_tecator": []}, "tau": 0.9}, "LightGBM": {"losses": {"505_tecator": [0.026274070600867526, 0.023500298015549925, 0.02202255867177393, 0.027056189165898414, 0.027988965068823025]}, "coverage": {"505_tecator": [0.05833333333333335, 0.004166666666666652, 0.05833333333333335, 0.004166666666666652, 0.07916666666666661]}, "time_all": {"505_tecator": [0.1692211627960205, 0.1333024501800537, 0.11647200584411621, 0.11883258819580078, 0.13318300247192383]}, "time_fit": {"505_tecator": [0.026446819305419922, 0.028881311416625977, 0.024505615234375, 0.02473902702331543, 0.026295185089111328]}, "sizes": {"505_tecator": []}, "tau": 0.9}, "DecisionTree": {"losses": {"505_tecator": [0.005736039923199333, 0.0049005359925603405, 0.010092231520171973, 0.007222583432520745, 0.006054324643870888]}, "coverage": {"505_tecator": [0.025000000000000022, 0.016666666666666607, 0.1708333333333334, 0.10833333333333339, 0.04583333333333339]}, "complexity": {"505_tecator": [35, 33, 73, 35, 33]}, "time_all": {"505_tecator": [0.1379702091217041, 0.13720130920410156, 0.14054417610168457, 0.13712096214294434, 0.13527417182922363]}, "time_fit": {"505_tecator": [0.016131162643432617, 0.016129732131958008, 0.021181344985961914, 0.01616191864013672, 0.015196561813354492]}, "sizes": {"505_tecator": []}, "tau": 0.9}, "LinearQuantile": {"losses": {"505_tecator": [0.003121103727164935, 0.002320295401687702, 0.004981988924921542, 0.003764145026796433, 0.001343279609035193]}, "coverage": {"505_tecator": [0.275, 0.08750000000000002, 0.15000000000000002, 0.21250000000000002, 0.025000000000000022]}, "complexity": {"505_tecator": [124, 124, 124, 124, 124]}, "time_all": {"505_tecator": [213.55169081687927, 197.93807291984558, 209.74950289726257, 210.3181221485138, 192.85682773590088]}, "time_fit": {"505_tecator": [25.082711935043335, 7.735056161880493, 24.083847045898438, 21.337051391601562, 7.42620849609375]}, "sizes": {"505_tecator": []}, "tau": 0.9}}