{"SQR": {"losses": {"562_cpu_small": [0.006389967870891441, 0.006529075274080118, 0.00648662688039612, 0.0064346017197484725, 0.006567651837364061]}, "coverage": {"562_cpu_small": [0.005430140329469202, 0.00555216595485053, 0.00805860805860803, 0.004761904761904745, 0.008424908424908395]}, "complexity": {"562_cpu_small": [4, 4, 4, 4, 4]}, "time_all": {"562_cpu_small": [545.8313493728638, 563.7464942932129, 525.2828431129456, 370.473021030426, 504.63464188575745]}, "time_fit": {"562_cpu_small": [545.8313493728638, 563.7464942932129, 525.2828431129456, 370.473021030426, 504.63464188575745]}, "sizes": {"562_cpu_small": []}, "tau": 0.9}, "LightGBM": {"losses": {"562_cpu_small": [0.008710242803357566, 0.00916250504074613, 0.009165276715070976, 0.009599249798530395, 0.010202332670121318]}, "coverage": {"562_cpu_small": [0.006162294081757169, 0.011531421598535707, 0.0031746031746031633, 0.018803418803418737, 0.03284493284493284]}, "time_all": {"562_cpu_small": [0.9690642356872559, 0.9291126728057861, 0.8988282680511475, 0.9232954978942871, 0.9218568801879883]}, "time_fit": {"562_cpu_small": [0.14242124557495117, 0.14069557189941406, 0.1408374309539795, 0.14604496955871582, 0.14491772651672363]}, "sizes": {"562_cpu_small": []}, "tau": 0.9}, "DecisionTree": {"losses": {"562_cpu_small": [0.005075711353929779, 0.0047612796667098065, 0.004859461526128192, 0.004578384578384578, 0.004772511439178105]}, "coverage": {"562_cpu_small": [0.007382550335570448, 0.001159243441122615, 0.007814407814407787, 0.01819291819291813, 0.02124542124542117]}, "complexity": {"562_cpu_small": [209, 313, 215, 225, 277]}, "time_all": {"562_cpu_small": [1.2886238098144531, 0.8895828723907471, 0.8817958831787109, 0.9991106986999512, 1.1740798950195312]}, "time_fit": {"562_cpu_small": [0.056565046310424805, 0.059442996978759766, 0.052552223205566406, 0.05369901657104492, 0.05834794044494629]}, "sizes": {"562_cpu_small": []}, "tau": 0.9}, "LinearQuantile": {"losses": {"562_cpu_small": [0.033895035216421954, 0.03230507291279727, 0.03167368482457748, 0.032113803835288425, 0.031219120916313008]}, "coverage": {"562_cpu_small": [0.02934716290420991, 0.03239780353874311, 0.039804639804639774, 0.04285714285714293, 0.025763125763125783]}, "complexity": {"562_cpu_small": [12, 12, 12, 12, 12]}, "time_all": {"562_cpu_small": [13.138131856918335, 25.332200050354004, 22.54812216758728, 26.01928997039795, 2.185290575027466]}, "time_fit": {"562_cpu_small": [0.7360992431640625, 2.9229085445404053, 0.7803099155426025, 2.115417718887329, 0.16260719299316406]}, "sizes": {"562_cpu_small": []}, "tau": 0.9}}