{"SQR": {"losses": {"503_wind": [0.018900892255112333, 0.01837749231281307, 0.01836159649968073, 0.01944520276124398, 0.01891765571177565]}, "coverage": {"503_wind": [0.004942965779467734, 0.0041825095057034245, 0.005703422053231932, 0.0019011406844107182, 0.0019786910197869823]}, "complexity": {"503_wind": [2, 2, 2, 2, 2]}, "time_all": {"503_wind": [368.6140766143799, 342.25779938697815, 342.7219614982605, 353.5198428630829, 365.0243754386902]}, "time_fit": {"503_wind": [368.6140766143799, 342.25779938697815, 342.7219614982605, 353.5198428630829, 365.0243754386902]}, "sizes": {"503_wind": []}, "tau": 0.9}, "LightGBM": {"losses": {"503_wind": [0.01574702647201056, 0.015533077423269518, 0.01581350717416323, 0.016157617401009693, 0.01584371685544411]}, "coverage": {"503_wind": [0.01558935361216729, 0.017870722433460107, 0.011026615969581766, 0.018631178707224305, 0.018569254185692552]}, "time_all": {"503_wind": [0.8702712059020996, 0.8800253868103027, 0.8529129028320312, 0.8162937164306641, 0.8325924873352051]}, "time_fit": {"503_wind": [0.12146306037902832, 0.12125921249389648, 0.11854195594787598, 0.11716413497924805, 0.11701273918151855]}, "sizes": {"503_wind": []}, "tau": 0.9}, "DecisionTree": {"losses": {"503_wind": [0.01546163387971215, 0.01663879219853655, 0.01655104799798837, 0.01670880761275119, 0.016280145262808764]}, "coverage": {"503_wind": [0.025475285171102646, 0.040684410646387836, 0.04448669201520916, 0.042965779467680654, 0.027853881278538828]}, "complexity": {"503_wind": [185, 253, 185, 219, 181]}, "time_all": {"503_wind": [1.1073548793792725, 0.9764699935913086, 0.8464281558990479, 0.9164285659790039, 0.8367166519165039]}, "time_fit": {"503_wind": [0.05213141441345215, 0.04918265342712402, 0.03854489326477051, 0.044354915618896484, 0.038107872009277344]}, "sizes": {"503_wind": []}, "tau": 0.9}, "LinearQuantile": {"losses": {"503_wind": [0.014388399090132436, 0.014364533232151722, 0.015212865492558618, 0.014809387691366908, 0.014789693968774711]}, "coverage": {"503_wind": [0.01558935361216729, 0.0041825095057034245, 0.008745247148288948, 0.013307984790874583, 0.0012176560121766045]}, "complexity": {"503_wind": [14, 14, 14, 14, 14]}, "time_all": {"503_wind": [0.9625787734985352, 11.164589643478394, 2.3422365188598633, 3.4332215785980225, 2.775846242904663]}, "time_fit": {"503_wind": [0.08124804496765137, 0.8086960315704346, 0.19515085220336914, 0.24449515342712402, 0.19514799118041992]}, "sizes": {"503_wind": []}, "tau": 0.9}}