{"SQR": {"losses": {"650_fri_c0_500_50": [0.011155875466221958, 0.010875518335723687, 0.014690747956552374, 0.007915976538724346, 0.007150188161703787]}, "coverage": {"650_fri_c0_500_50": [0.010000000000000009, 0.010000000000000009, 0.07000000000000006, 0.010000000000000009, 0.0]}, "complexity": {"650_fri_c0_500_50": [10, 10, 10, 13, 15]}, "time_all": {"650_fri_c0_500_50": [106.44156050682068, 88.62756776809692, 93.11481547355652, 86.24680972099304, 88.99926733970642]}, "time_fit": {"650_fri_c0_500_50": [106.44156050682068, 88.62756776809692, 93.11481547355652, 86.24680972099304, 88.99926733970642]}, "sizes": {"650_fri_c0_500_50": []}, "tau": 0.9}, "LightGBM": {"losses": {"650_fri_c0_500_50": [0.024617130658890082, 0.023951943313994153, 0.02061551252348671, 0.025540388986661673, 0.024744486418246326]}, "coverage": {"650_fri_c0_500_50": [0.0, 0.07000000000000006, 0.010000000000000009, 0.0, 0.030000000000000027]}, "time_all": {"650_fri_c0_500_50": [0.2680227756500244, 0.23871588706970215, 0.21584105491638184, 0.21834754943847656, 0.2520756721496582]}, "time_fit": {"650_fri_c0_500_50": [0.05572009086608887, 0.05076098442077637, 0.05240750312805176, 0.053658246994018555, 0.05282163619995117]}, "sizes": {"650_fri_c0_500_50": []}, "tau": 0.9}, "DecisionTree": {"losses": {"650_fri_c0_500_50": [0.02321261227019565, 0.02428672124471082, 0.017179950636115975, 0.022541624760189092, 0.021289647595325888]}, "coverage": {"650_fri_c0_500_50": [0.06000000000000005, 0.09999999999999998, 0.020000000000000018, 0.030000000000000027, 0.020000000000000018]}, "complexity": {"650_fri_c0_500_50": [33, 19, 17, 17, 19]}, "time_all": {"650_fri_c0_500_50": [0.19786405563354492, 0.19482755661010742, 0.19626116752624512, 0.19744014739990234, 0.20117831230163574]}, "time_fit": {"650_fri_c0_500_50": [0.01631760597229004, 0.013710737228393555, 0.01302647590637207, 0.013098716735839844, 0.014251232147216797]}, "sizes": {"650_fri_c0_500_50": []}, "tau": 0.9}, "LinearQuantile": {"losses": {"650_fri_c0_500_50": [0.05159437110792376, 0.0440999390877978, 0.044698864081808405, 0.041471837337151506, 0.0439839474118962]}, "coverage": {"650_fri_c0_500_50": [0.51, 0.47000000000000003, 0.46, 0.42000000000000004, 0.44]}, "complexity": {"650_fri_c0_500_50": [50, 50, 50, 50, 50]}, "time_all": {"650_fri_c0_500_50": [4.287254810333252, 20.6776282787323, 6.719853639602661, 12.168678522109985, 27.526257276535034]}, "time_fit": {"650_fri_c0_500_50": [0.3456237316131592, 1.7950539588928223, 0.5334343910217285, 1.0463645458221436, 1.8498668670654297]}, "sizes": {"650_fri_c0_500_50": []}, "tau": 0.9}}