{"SQR": {"losses": {"631_fri_c1_500_5": [0.013226298476010638, 0.005323583354592377, 0.010965778714756607, 0.009424964717840906, 0.005009030044929627]}, "coverage": {"631_fri_c1_500_5": [0.010000000000000009, 0.020000000000000018, 0.06000000000000005, 0.040000000000000036, 0.010000000000000009]}, "complexity": {"631_fri_c1_500_5": [12, 13, 13, 15, 14]}, "time_all": {"631_fri_c1_500_5": [104.6982593536377, 100.92965412139893, 87.3434407711029, 92.07860660552979, 102.19579434394836]}, "time_fit": {"631_fri_c1_500_5": [104.6982593536377, 100.92965412139893, 87.3434407711029, 92.07860660552979, 102.19579434394836]}, "sizes": {"631_fri_c1_500_5": []}, "tau": 0.9}, "LightGBM": {"losses": {"631_fri_c1_500_5": [0.023700785964070544, 0.02079134065020138, 0.023319008915872103, 0.02207771937329101, 0.023533075468224033]}, "coverage": {"631_fri_c1_500_5": [0.040000000000000036, 0.010000000000000009, 0.010000000000000009, 0.0, 0.08000000000000007]}, "time_all": {"631_fri_c1_500_5": [0.23482251167297363, 0.20085787773132324, 0.17920970916748047, 0.1967005729675293, 0.17380475997924805]}, "time_fit": {"631_fri_c1_500_5": [0.04268932342529297, 0.03772306442260742, 0.03766369819641113, 0.03874611854553223, 0.035768985748291016]}, "sizes": {"631_fri_c1_500_5": []}, "tau": 0.9}, "DecisionTree": {"losses": {"631_fri_c1_500_5": [0.019199319918033773, 0.024892004066951152, 0.021101556021509905, 0.017283135492882025, 0.02498437938762462]}, "coverage": {"631_fri_c1_500_5": [0.020000000000000018, 0.06000000000000005, 0.050000000000000044, 0.07000000000000006, 0.040000000000000036]}, "complexity": {"631_fri_c1_500_5": [17, 17, 29, 69, 11]}, "time_all": {"631_fri_c1_500_5": [0.07268333435058594, 0.07136797904968262, 0.07221508026123047, 0.07508611679077148, 0.07038235664367676]}, "time_fit": {"631_fri_c1_500_5": [0.003793954849243164, 0.0037353038787841797, 0.004843711853027344, 0.008093595504760742, 0.003173828125]}, "sizes": {"631_fri_c1_500_5": []}, "tau": 0.9}, "LinearQuantile": {"losses": {"631_fri_c1_500_5": [0.08291092608917426, 0.07116668692054152, 0.06625461223046228, 0.06845582541558906, 0.07876298416149768]}, "coverage": {"631_fri_c1_500_5": [0.41000000000000003, 0.36, 0.39, 0.37, 0.42000000000000004]}, "complexity": {"631_fri_c1_500_5": [5, 5, 5, 5, 5]}, "time_all": {"631_fri_c1_500_5": [0.22317934036254883, 0.12654590606689453, 0.4825301170349121, 0.32381701469421387, 0.22396183013916016]}, "time_fit": {"631_fri_c1_500_5": [0.01922321319580078, 0.010919332504272461, 0.039504289627075195, 0.028371095657348633, 0.019717693328857422]}, "sizes": {"631_fri_c1_500_5": []}, "tau": 0.9}}