{"SQR": {"losses": {"690_visualizing_galaxy": [0.009864144201374143, 0.011639405359351141, 0.009667392216546444, 0.00794265629686547, 0.010464545857609612]}, "coverage": {"690_visualizing_galaxy": [0.038461538461538436, 0.05384615384615388, 0.023076923076923106, 0.009375000000000022, 0.03749999999999998]}, "complexity": {"690_visualizing_galaxy": [10, 8, 9, 9, 13]}, "time_all": {"690_visualizing_galaxy": [98.48706936836243, 81.4661009311676, 79.56428980827332, 79.23328256607056, 79.6133782863617]}, "time_fit": {"690_visualizing_galaxy": [98.48706936836243, 81.4661009311676, 79.56428980827332, 79.23328256607056, 79.6133782863617]}, "sizes": {"690_visualizing_galaxy": []}, "tau": 0.9}, "LightGBM": {"losses": {"690_visualizing_galaxy": [0.019904864298771124, 0.01976715095625097, 0.019076978139829132, 0.017896923936239005, 0.018861676418304836]}, "coverage": {"690_visualizing_galaxy": [0.007692307692307665, 0.038461538461538436, 0.007692307692307665, 0.009375000000000022, 0.06874999999999998]}, "time_all": {"690_visualizing_galaxy": [0.15731239318847656, 0.13011574745178223, 0.11370015144348145, 0.11091089248657227, 0.11862301826477051]}, "time_fit": {"690_visualizing_galaxy": [0.02380824089050293, 0.03178811073303223, 0.0251920223236084, 0.023699045181274414, 0.0273895263671875]}, "sizes": {"690_visualizing_galaxy": []}, "tau": 0.9}, "DecisionTree": {"losses": {"690_visualizing_galaxy": [0.008767969735182861, 0.013576712904581763, 0.011983186212694414, 0.008199709699453552, 0.00695525956284153]}, "coverage": {"690_visualizing_galaxy": [0.038461538461538436, 0.08461538461538465, 0.023076923076923106, 0.15000000000000002, 0.05625000000000002]}, "complexity": {"690_visualizing_galaxy": [43, 45, 11, 103, 97]}, "time_all": {"690_visualizing_galaxy": [0.05465221405029297, 0.05459022521972656, 0.05012106895446777, 0.05785703659057617, 0.05667591094970703]}, "time_fit": {"690_visualizing_galaxy": [0.005324363708496094, 0.005278587341308594, 0.002622842788696289, 0.009531736373901367, 0.009114980697631836]}, "sizes": {"690_visualizing_galaxy": []}, "tau": 0.9}, "LinearQuantile": {"losses": {"690_visualizing_galaxy": [0.013602818243293381, 0.013804617876439804, 0.012487842982715032, 0.01037225561394264, 0.011010563490538494]}, "coverage": {"690_visualizing_galaxy": [0.007692307692307665, 0.0692307692307692, 0.038461538461538436, 0.04062500000000002, 0.03749999999999998]}, "complexity": {"690_visualizing_galaxy": [10, 10, 10, 10, 10]}, "time_all": {"690_visualizing_galaxy": [1.0076982975006104, 0.4057610034942627, 0.8547918796539307, 0.2536604404449463, 0.519423246383667]}, "time_fit": {"690_visualizing_galaxy": [0.09046578407287598, 0.03623342514038086, 0.06296038627624512, 0.022603988647460938, 0.04465436935424805]}, "sizes": {"690_visualizing_galaxy": []}, "tau": 0.9}}