{"SQR": {"losses": {"646_fri_c3_500_10": [0.010381652067580573, 0.0082194670321414, 0.01013904003579192, 0.00860450494808817, 0.01422828138269763]}, "coverage": {"646_fri_c3_500_10": [0.0, 0.0, 0.0, 0.09999999999999998, 0.0]}, "complexity": {"646_fri_c3_500_10": [11, 11, 12, 10, 8]}, "time_all": {"646_fri_c3_500_10": [107.13629984855652, 90.90341114997864, 88.1314148902893, 80.87688398361206, 91.97387337684631]}, "time_fit": {"646_fri_c3_500_10": [107.13629984855652, 90.90341114997864, 88.1314148902893, 80.87688398361206, 91.97387337684631]}, "sizes": {"646_fri_c3_500_10": []}, "tau": 0.9}, "LightGBM": {"losses": {"646_fri_c3_500_10": [0.014443240868719615, 0.018245658468215267, 0.017591099758752903, 0.016954376270822136, 0.020668823122341293]}, "coverage": {"646_fri_c3_500_10": [0.04999999999999993, 0.010000000000000009, 0.010000000000000009, 0.010000000000000009, 0.08000000000000007]}, "time_all": {"646_fri_c3_500_10": [0.22497773170471191, 0.21524763107299805, 0.17855501174926758, 0.16948890686035156, 0.18640804290771484]}, "time_fit": {"646_fri_c3_500_10": [0.04012703895568848, 0.04210352897644043, 0.04085850715637207, 0.0362551212310791, 0.049599647521972656]}, "sizes": {"646_fri_c3_500_10": []}, "tau": 0.9}, "DecisionTree": {"losses": {"646_fri_c3_500_10": [0.020639908984799754, 0.016252545055195765, 0.018982276631605934, 0.015754122600819216, 0.015555291034518349]}, "coverage": {"646_fri_c3_500_10": [0.06000000000000005, 0.15000000000000002, 0.040000000000000036, 0.06000000000000005, 0.09999999999999998]}, "complexity": {"646_fri_c3_500_10": [17, 67, 21, 19, 69]}, "time_all": {"646_fri_c3_500_10": [0.08730530738830566, 0.09203219413757324, 0.085113525390625, 0.0881953239440918, 0.09210515022277832]}, "time_fit": {"646_fri_c3_500_10": [0.004803180694580078, 0.010058403015136719, 0.0052204132080078125, 0.0054166316986083984, 0.010134696960449219]}, "sizes": {"646_fri_c3_500_10": []}, "tau": 0.9}, "LinearQuantile": {"losses": {"646_fri_c3_500_10": [0.06157500154080219, 0.05536755414333968, 0.06887114340344397, 0.0572991013435339, 0.06261650843932243]}, "coverage": {"646_fri_c3_500_10": [0.4, 0.36, 0.47000000000000003, 0.45, 0.4]}, "complexity": {"646_fri_c3_500_10": [10, 10, 10, 10, 10]}, "time_all": {"646_fri_c3_500_10": [0.8841254711151123, 0.29685211181640625, 0.33382320404052734, 0.21136879920959473, 0.12800383567810059]}, "time_fit": {"646_fri_c3_500_10": [0.07906341552734375, 0.026426315307617188, 0.02896285057067871, 0.018622875213623047, 0.011066436767578125]}, "sizes": {"646_fri_c3_500_10": []}, "tau": 0.9}}