{"SQR": {"losses": {"601_fri_c1_250_5": [0.011851477222888408, 0.006608434684742821, 0.0071761940636862155, 0.01970040808390552, 0.005762845877947015]}, "coverage": {"601_fri_c1_250_5": [0.040000000000000036, 0.18000000000000005, 0.020000000000000018, 0.09999999999999998, 0.039999999999999925]}, "complexity": {"601_fri_c1_250_5": [9, 14, 14, 11, 16]}, "time_all": {"601_fri_c1_250_5": [89.50203847885132, 76.20462012290955, 75.51180911064148, 76.35387015342712, 80.30306077003479]}, "time_fit": {"601_fri_c1_250_5": [89.50203847885132, 76.20462012290955, 75.51180911064148, 76.35387015342712, 80.30306077003479]}, "sizes": {"601_fri_c1_250_5": []}, "tau": 0.9}, "LightGBM": {"losses": {"601_fri_c1_250_5": [0.031646606260695834, 0.0259295459200643, 0.02177072913904126, 0.025461727221831584, 0.026275765223026302]}, "coverage": {"601_fri_c1_250_5": [0.06000000000000005, 0.039999999999999925, 0.039999999999999925, 0.020000000000000018, 0.06000000000000005]}, "time_all": {"601_fri_c1_250_5": [0.1607358455657959, 0.12819957733154297, 0.14164376258850098, 0.12728428840637207, 0.14520692825317383]}, "time_fit": {"601_fri_c1_250_5": [0.020509958267211914, 0.02919793128967285, 0.024327516555786133, 0.029002904891967773, 0.03336834907531738]}, "sizes": {"601_fri_c1_250_5": []}, "tau": 0.9}, "DecisionTree": {"losses": {"601_fri_c1_250_5": [0.03248492300115433, 0.02461040942856811, 0.020079357487037486, 0.019671425488553752, 0.016771834650592513]}, "coverage": {"601_fri_c1_250_5": [0.09999999999999998, 0.0, 0.0, 0.06000000000000005, 0.040000000000000036]}, "complexity": {"601_fri_c1_250_5": [7, 9, 15, 15, 37]}, "time_all": {"601_fri_c1_250_5": [0.04662609100341797, 0.04508781433105469, 0.0464322566986084, 0.04558277130126953, 0.049401283264160156]}, "time_fit": {"601_fri_c1_250_5": [0.0023012161254882812, 0.002474546432495117, 0.0029935836791992188, 0.00299835205078125, 0.004706859588623047]}, "sizes": {"601_fri_c1_250_5": []}, "tau": 0.9}, "LinearQuantile": {"losses": {"601_fri_c1_250_5": [0.09365181502577716, 0.0680385620004487, 0.08242399942173093, 0.06551448000158118, 0.07682229925189936]}, "coverage": {"601_fri_c1_250_5": [0.46, 0.4, 0.5, 0.4, 0.44]}, "complexity": {"601_fri_c1_250_5": [5, 5, 5, 5, 5]}, "time_all": {"601_fri_c1_250_5": [0.11797070503234863, 0.2333974838256836, 0.34587979316711426, 0.1307821273803711, 0.29236435890197754]}, "time_fit": {"601_fri_c1_250_5": [0.009799718856811523, 0.020481586456298828, 0.030049800872802734, 0.011264801025390625, 0.025025606155395508]}, "sizes": {"601_fri_c1_250_5": []}, "tau": 0.9}}