{"SQR": {"losses": {"556_analcatdata_apnea2": [0.004715395246962002, 0.007119948198052813, 0.005963233181100979, 0.003999684341075499, 0.005809810177019116]}, "coverage": {"556_analcatdata_apnea2": [0.23684210526315796, 0.1105263157894737, 0.06842105263157894, 0.1842105263157895, 0.2894736842105263]}, "complexity": {"556_analcatdata_apnea2": [9, 8, 6, 8, 8]}, "time_all": {"556_analcatdata_apnea2": [114.73320865631104, 92.02429270744324, 92.73526000976562, 92.27162623405457, 100.54866600036621]}, "time_fit": {"556_analcatdata_apnea2": [114.73320865631104, 92.02429270744324, 92.73526000976562, 92.27162623405457, 100.54866600036621]}, "sizes": {"556_analcatdata_apnea2": []}, "tau": 0.9}, "LightGBM": {"losses": {"556_analcatdata_apnea2": [0.020223560242471954, 0.01730960172407954, 0.016211415665274554, 0.019582281869646966, 0.014365603484901573]}, "coverage": {"556_analcatdata_apnea2": [0.02631578947368418, 0.0052631578947368585, 0.0368421052631579, 0.047368421052631504, 0.05789473684210522]}, "time_all": {"556_analcatdata_apnea2": [0.2012038230895996, 0.18690919876098633, 0.1485731601715088, 0.1874830722808838, 0.16907167434692383]}, "time_fit": {"556_analcatdata_apnea2": [0.03246021270751953, 0.04061388969421387, 0.027774333953857422, 0.04147171974182129, 0.04592251777648926]}, "sizes": {"556_analcatdata_apnea2": []}, "tau": 0.9}, "DecisionTree": {"losses": {"556_analcatdata_apnea2": [0.0038643323872268875, 0.00545389475484889, 0.0038595875996281603, 0.003517908872167589, 0.005309583885728947]}, "coverage": {"556_analcatdata_apnea2": [0.09999999999999998, 0.08947368421052637, 0.0368421052631579, 0.0368421052631579, 0.0368421052631579]}, "complexity": {"556_analcatdata_apnea2": [135, 55, 57, 135, 57]}, "time_all": {"556_analcatdata_apnea2": [0.06707453727722168, 0.05866646766662598, 0.059416770935058594, 0.06450605392456055, 0.059947967529296875]}, "time_fit": {"556_analcatdata_apnea2": [0.011715173721313477, 0.0057408809661865234, 0.005932807922363281, 0.011482954025268555, 0.005872249603271484]}, "sizes": {"556_analcatdata_apnea2": []}, "tau": 0.9}, "LinearQuantile": {"losses": {"556_analcatdata_apnea2": [0.01868721895477238, 0.01693470496456458, 0.01730888610945663, 0.018994366098456762, 0.01796755627862777]}, "coverage": {"556_analcatdata_apnea2": [0.0368421052631579, 0.08947368421052637, 0.047368421052631504, 0.02631578947368418, 0.015789473684210575]}, "complexity": {"556_analcatdata_apnea2": [11, 11, 11, 11, 11]}, "time_all": {"556_analcatdata_apnea2": [5.277956247329712, 0.14550256729125977, 0.5863430500030518, 1.1638052463531494, 0.3268468379974365]}, "time_fit": {"556_analcatdata_apnea2": [0.6048028469085693, 0.014002799987792969, 0.048964500427246094, 0.07721233367919922, 0.02920055389404297]}, "sizes": {"556_analcatdata_apnea2": []}, "tau": 0.9}}