{"SQR": {"losses": {"229_pwLinear": [0.01904131801175522, 0.017208639151629845, 0.022804294711407404, 0.02154918084106271, 0.015261187603444004]}, "coverage": {"229_pwLinear": [0.025000000000000022, 0.025000000000000022, 0.17500000000000004, 0.025000000000000022, 0.025000000000000022]}, "complexity": {"229_pwLinear": [12, 10, 13, 13, 14]}, "time_all": {"229_pwLinear": [88.88099980354309, 73.42258191108704, 73.65956330299377, 74.96175384521484, 73.26965594291687]}, "time_fit": {"229_pwLinear": [88.88099980354309, 73.42258191108704, 73.65956330299377, 74.96175384521484, 73.26965594291687]}, "sizes": {"229_pwLinear": []}, "tau": 0.9}, "LightGBM": {"losses": {"229_pwLinear": [0.0230256253476321, 0.0154811330327069, 0.024922237726296093, 0.021619945717744823, 0.026215333124555405]}, "coverage": {"229_pwLinear": [0.025000000000000022, 0.07499999999999996, 0.050000000000000044, 0.025000000000000022, 0.025000000000000022]}, "time_all": {"229_pwLinear": [0.15847039222717285, 0.13790321350097656, 0.10809326171875, 0.13918066024780273, 0.1288003921508789]}, "time_fit": {"229_pwLinear": [0.024007320404052734, 0.032694101333618164, 0.023011207580566406, 0.032672882080078125, 0.028487682342529297]}, "sizes": {"229_pwLinear": []}, "tau": 0.9}, "DecisionTree": {"losses": {"229_pwLinear": [0.01731069799806691, 0.02177270667822051, 0.021115174766574485, 0.01775120079544459, 0.021017029911781403]}, "coverage": {"229_pwLinear": [0.04999999999999993, 0.25, 0.22499999999999998, 0.050000000000000044, 0.04999999999999993]}, "complexity": {"229_pwLinear": [11, 65, 25, 27, 9]}, "time_all": {"229_pwLinear": [0.041588783264160156, 0.04576826095581055, 0.04112434387207031, 0.042093515396118164, 0.04064655303955078]}, "time_fit": {"229_pwLinear": [0.002560138702392578, 0.0066339969635009766, 0.0036520957946777344, 0.0037994384765625, 0.0023381710052490234]}, "sizes": {"229_pwLinear": []}, "tau": 0.9}, "LinearQuantile": {"losses": {"229_pwLinear": [0.013947324673276095, 0.016892117105705838, 0.026285600007483128, 0.018335124535563293, 0.017894933041766904]}, "coverage": {"229_pwLinear": [0.07499999999999996, 0.09999999999999998, 0.17500000000000004, 0.050000000000000044, 0.0]}, "complexity": {"229_pwLinear": [29, 29, 29, 29, 29]}, "time_all": {"229_pwLinear": [0.7011187076568604, 0.6601603031158447, 1.1675386428833008, 0.5503487586975098, 0.7766363620758057]}, "time_fit": {"229_pwLinear": [0.06221318244934082, 0.049239397048950195, 0.07477831840515137, 0.04943966865539551, 0.05529928207397461]}, "sizes": {"229_pwLinear": []}, "tau": 0.9}}