{"SQR": {"losses": {"586_fri_c3_1000_25": [0.004619887708736251, 0.006913564654592404, 0.007564967528238271, 0.011949254224967941, 0.008637846828386544]}, "coverage": {"586_fri_c3_1000_25": [0.010000000000000009, 0.0050000000000000044, 0.010000000000000009, 0.05500000000000005, 0.0]}, "complexity": {"586_fri_c3_1000_25": [13, 12, 10, 10, 12]}, "time_all": {"586_fri_c3_1000_25": [127.88003921508789, 111.96314215660095, 119.77693319320679, 120.1918318271637, 107.15941500663757]}, "time_fit": {"586_fri_c3_1000_25": [127.88003921508789, 111.96314215660095, 119.77693319320679, 120.1918318271637, 107.15941500663757]}, "sizes": {"586_fri_c3_1000_25": []}, "tau": 0.9}, "LightGBM": {"losses": {"586_fri_c3_1000_25": [0.016400954087727543, 0.01647753030574724, 0.016333986368934735, 0.015312375828044322, 0.012974834755179025]}, "coverage": {"586_fri_c3_1000_25": [0.015000000000000013, 0.025000000000000022, 0.040000000000000036, 0.030000000000000027, 0.0050000000000000044]}, "time_all": {"586_fri_c3_1000_25": [0.34965085983276367, 0.3157501220703125, 0.33000874519348145, 0.3200228214263916, 0.3165459632873535]}, "time_fit": {"586_fri_c3_1000_25": [0.0604250431060791, 0.05889606475830078, 0.05820584297180176, 0.053934574127197266, 0.05710887908935547]}, "sizes": {"586_fri_c3_1000_25": []}, "tau": 0.9}, "DecisionTree": {"losses": {"586_fri_c3_1000_25": [0.014194944278575478, 0.014276646122270762, 0.014369898243356938, 0.01379213812514848, 0.013340007863885738]}, "coverage": {"586_fri_c3_1000_25": [0.09499999999999997, 0.050000000000000044, 0.050000000000000044, 0.16500000000000004, 0.07000000000000006]}, "complexity": {"586_fri_c3_1000_25": [137, 65, 41, 139, 65]}, "time_all": {"586_fri_c3_1000_25": [0.31090807914733887, 0.29630589485168457, 0.29302287101745605, 0.3030202388763428, 0.29555845260620117]}, "time_fit": {"586_fri_c3_1000_25": [0.035256385803222656, 0.02479267120361328, 0.021558046340942383, 0.034897565841674805, 0.02533435821533203]}, "sizes": {"586_fri_c3_1000_25": []}, "tau": 0.9}, "LinearQuantile": {"losses": {"586_fri_c3_1000_25": [0.06029585284671492, 0.05389418009271404, 0.06270337908142225, 0.06213620377262322, 0.061638695456356314]}, "coverage": {"586_fri_c3_1000_25": [0.41000000000000003, 0.375, 0.44, 0.445, 0.445]}, "complexity": {"586_fri_c3_1000_25": [25, 25, 25, 25, 25]}, "time_all": {"586_fri_c3_1000_25": [1.5279572010040283, 2.23897123336792, 1.631887674331665, 0.800778865814209, 0.7561533451080322]}, "time_fit": {"586_fri_c3_1000_25": [0.09856224060058594, 0.13554787635803223, 0.12741804122924805, 0.07481169700622559, 0.06216764450073242]}, "sizes": {"586_fri_c3_1000_25": []}, "tau": 0.9}}