{"SQR": {"losses": {"583_fri_c1_1000_50": [0.010770726249710512, 0.012638593507900794, 0.013662169363831893, 0.011581024234453416, 0.013857523967592128]}, "coverage": {"583_fri_c1_1000_50": [0.039999999999999925, 0.010000000000000009, 0.015000000000000013, 0.025000000000000022, 0.050000000000000044]}, "complexity": {"583_fri_c1_1000_50": [12, 11, 13, 14, 14]}, "time_all": {"583_fri_c1_1000_50": [112.171884059906, 116.16730284690857, 117.31480669975281, 110.45661783218384, 112.50953459739685]}, "time_fit": {"583_fri_c1_1000_50": [112.171884059906, 116.16730284690857, 117.31480669975281, 110.45661783218384, 112.50953459739685]}, "sizes": {"583_fri_c1_1000_50": []}, "tau": 0.9}, "LightGBM": {"losses": {"583_fri_c1_1000_50": [0.02286130815550814, 0.025224347349821822, 0.022567693873531438, 0.02435212910248208, 0.024673003618136468]}, "coverage": {"583_fri_c1_1000_50": [0.010000000000000009, 0.020000000000000018, 0.010000000000000009, 0.0, 0.03500000000000003]}, "time_all": {"583_fri_c1_1000_50": [0.39907264709472656, 0.34662961959838867, 0.36827516555786133, 0.3888528347015381, 0.36800646781921387]}, "time_fit": {"583_fri_c1_1000_50": [0.07190322875976562, 0.06174492835998535, 0.06740212440490723, 0.08281707763671875, 0.07293462753295898]}, "sizes": {"583_fri_c1_1000_50": []}, "tau": 0.9}, "DecisionTree": {"losses": {"583_fri_c1_1000_50": [0.021066673969505036, 0.019356735726463747, 0.019058646275801647, 0.01942567197934573, 0.01845353954563985]}, "coverage": {"583_fri_c1_1000_50": [0.025000000000000022, 0.05500000000000005, 0.06000000000000005, 0.08500000000000008, 0.04500000000000004]}, "complexity": {"583_fri_c1_1000_50": [41, 61, 59, 69, 35]}, "time_all": {"583_fri_c1_1000_50": [0.47345471382141113, 0.4736974239349365, 0.4810481071472168, 0.48305559158325195, 0.46127748489379883]}, "time_fit": {"583_fri_c1_1000_50": [0.03558850288391113, 0.04141688346862793, 0.04286050796508789, 0.04344367980957031, 0.03137087821960449]}, "sizes": {"583_fri_c1_1000_50": []}, "tau": 0.9}, "LinearQuantile": {"losses": {"583_fri_c1_1000_50": [0.08192171056771654, 0.07623183437632457, 0.07983468031730484, 0.08266310905731854, 0.08749362921147905]}, "coverage": {"583_fri_c1_1000_50": [0.48000000000000004, 0.395, 0.465, 0.42500000000000004, 0.405]}, "complexity": {"583_fri_c1_1000_50": [50, 50, 50, 50, 50]}, "time_all": {"583_fri_c1_1000_50": [22.20836114883423, 17.50334620475769, 17.57655119895935, 24.507798194885254, 16.146363735198975]}, "time_fit": {"583_fri_c1_1000_50": [1.9971895217895508, 1.5573875904083252, 1.553905725479126, 2.231215000152588, 1.362748146057129]}, "sizes": {"583_fri_c1_1000_50": []}, "tau": 0.9}}