{"SQR": {"losses": {"603_fri_c0_250_50": [0.010586316372039406, 0.007930432292016867, 0.008687222237240128, 0.00810657377659189, 0.008915898581315314]}, "coverage": {"603_fri_c0_250_50": [0.040000000000000036, 0.020000000000000018, 0.020000000000000018, 0.020000000000000018, 0.020000000000000018]}, "complexity": {"603_fri_c0_250_50": [8, 12, 12, 12, 13]}, "time_all": {"603_fri_c0_250_50": [93.3075954914093, 77.84949374198914, 77.74606013298035, 77.13437533378601, 78.02401757240295]}, "time_fit": {"603_fri_c0_250_50": [93.3075954914093, 77.84949374198914, 77.74606013298035, 77.13437533378601, 78.02401757240295]}, "sizes": {"603_fri_c0_250_50": []}, "tau": 0.9}, "LightGBM": {"losses": {"603_fri_c0_250_50": [0.02123737121632131, 0.02778322005256228, 0.0234265286452028, 0.02452398551035449, 0.026002430025868238]}, "coverage": {"603_fri_c0_250_50": [0.039999999999999925, 0.08000000000000007, 0.040000000000000036, 0.06000000000000005, 0.0]}, "time_all": {"603_fri_c0_250_50": [0.20171856880187988, 0.14684152603149414, 0.16657280921936035, 0.16376090049743652, 0.1300029754638672]}, "time_fit": {"603_fri_c0_250_50": [0.03384137153625488, 0.02393817901611328, 0.03889155387878418, 0.036745309829711914, 0.023824453353881836]}, "sizes": {"603_fri_c0_250_50": []}, "tau": 0.9}, "DecisionTree": {"losses": {"603_fri_c0_250_50": [0.0217778312224005, 0.0262273081823163, 0.022809598849513547, 0.022503197270323533, 0.029647389623554284]}, "coverage": {"603_fri_c0_250_50": [0.020000000000000018, 0.020000000000000018, 0.020000000000000018, 0.020000000000000018, 0.09999999999999998]}, "complexity": {"603_fri_c0_250_50": [5, 5, 9, 9, 35]}, "time_all": {"603_fri_c0_250_50": [0.08677911758422852, 0.08437371253967285, 0.08785200119018555, 0.08635210990905762, 0.09284830093383789]}, "time_fit": {"603_fri_c0_250_50": [0.0043184757232666016, 0.004133462905883789, 0.0055310726165771484, 0.005476474761962891, 0.010359525680541992]}, "sizes": {"603_fri_c0_250_50": []}, "tau": 0.9}, "LinearQuantile": {"losses": {"603_fri_c0_250_50": [0.050597401289103776, 0.06146015232119362, 0.056053230626981705, 0.04544215096391465, 0.05260243100532019]}, "coverage": {"603_fri_c0_250_50": [0.5, 0.52, 0.5, 0.38, 0.42000000000000004]}, "complexity": {"603_fri_c0_250_50": [50, 50, 50, 50, 50]}, "time_all": {"603_fri_c0_250_50": [2.165489673614502, 3.4443917274475098, 6.957412242889404, 11.314606666564941, 32.41271209716797]}, "time_fit": {"603_fri_c0_250_50": [0.13714265823364258, 0.2547605037689209, 0.5115485191345215, 0.9583971500396729, 1.2096748352050781]}, "sizes": {"603_fri_c0_250_50": []}, "tau": 0.9}}