{"SQR": {"losses": {"598_fri_c0_1000_25": [0.012367428526000649, 0.010133273451281562, 0.008931279803659618, 0.009139600079938649, 0.007948110901092788]}, "coverage": {"598_fri_c0_1000_25": [0.015000000000000013, 0.030000000000000027, 0.04999999999999993, 0.015000000000000013, 0.010000000000000009]}, "complexity": {"598_fri_c0_1000_25": [10, 11, 10, 14, 15]}, "time_all": {"598_fri_c0_1000_25": [106.93057870864868, 92.17587232589722, 93.69652152061462, 93.7942316532135, 95.10867881774902]}, "time_fit": {"598_fri_c0_1000_25": [106.93057870864868, 92.17587232589722, 93.69652152061462, 93.7942316532135, 95.10867881774902]}, "sizes": {"598_fri_c0_1000_25": []}, "tau": 0.9}, "LightGBM": {"losses": {"598_fri_c0_1000_25": [0.02103840019841297, 0.02279883886029122, 0.022640621356838957, 0.022253458528527583, 0.023422787729221822]}, "coverage": {"598_fri_c0_1000_25": [0.030000000000000027, 0.0050000000000000044, 0.010000000000000009, 0.0050000000000000044, 0.010000000000000009]}, "time_all": {"598_fri_c0_1000_25": [0.37229490280151367, 0.3270118236541748, 0.33269834518432617, 0.3600578308105469, 0.3528165817260742]}, "time_fit": {"598_fri_c0_1000_25": [0.06740379333496094, 0.07098627090454102, 0.07257962226867676, 0.0694429874420166, 0.06571388244628906]}, "sizes": {"598_fri_c0_1000_25": []}, "tau": 0.9}, "DecisionTree": {"losses": {"598_fri_c0_1000_25": [0.021896339037798907, 0.020214798163058333, 0.021331504076779223, 0.023352186728876546, 0.02289708044945666]}, "coverage": {"598_fri_c0_1000_25": [0.040000000000000036, 0.050000000000000044, 0.08000000000000007, 0.0, 0.040000000000000036]}, "complexity": {"598_fri_c0_1000_25": [59, 63, 59, 25, 23]}, "time_all": {"598_fri_c0_1000_25": [0.2787303924560547, 0.2829442024230957, 0.2802393436431885, 0.2699899673461914, 0.2672257423400879]}, "time_fit": {"598_fri_c0_1000_25": [0.022034645080566406, 0.023473262786865234, 0.022859811782836914, 0.016408920288085938, 0.015630006790161133]}, "sizes": {"598_fri_c0_1000_25": []}, "tau": 0.9}, "LinearQuantile": {"losses": {"598_fri_c0_1000_25": [0.050789033381226804, 0.04658150369312842, 0.04386784067438862, 0.041027187937581366, 0.048188358355967464]}, "coverage": {"598_fri_c0_1000_25": [0.495, 0.385, 0.43000000000000005, 0.435, 0.4]}, "complexity": {"598_fri_c0_1000_25": [25, 25, 25, 25, 25]}, "time_all": {"598_fri_c0_1000_25": [0.8542110919952393, 0.8028512001037598, 1.3312609195709229, 0.7184453010559082, 0.9885051250457764]}, "time_fit": {"598_fri_c0_1000_25": [0.07211422920227051, 0.05752825736999512, 0.09719133377075195, 0.05268692970275879, 0.08001327514648438]}, "sizes": {"598_fri_c0_1000_25": []}, "tau": 0.9}}