{"SQR": {"losses": {"582_fri_c1_500_25": [0.010771418044152704, 0.013403872491516589, 0.005760403963712009, 0.009035743899745992, 0.0064240457529625835]}, "coverage": {"582_fri_c1_500_25": [0.0, 0.0, 0.010000000000000009, 0.06000000000000005, 0.020000000000000018]}, "complexity": {"582_fri_c1_500_25": [12, 9, 15, 13, 17]}, "time_all": {"582_fri_c1_500_25": [109.7427134513855, 96.49436497688293, 102.42970895767212, 92.53222513198853, 94.8850679397583]}, "time_fit": {"582_fri_c1_500_25": [109.7427134513855, 96.49436497688293, 102.42970895767212, 92.53222513198853, 94.8850679397583]}, "sizes": {"582_fri_c1_500_25": []}, "tau": 0.9}, "LightGBM": {"losses": {"582_fri_c1_500_25": [0.022667511662561535, 0.0239531833464259, 0.023372635933813977, 0.0269667940320101, 0.021812873407987966]}, "coverage": {"582_fri_c1_500_25": [0.06000000000000005, 0.0, 0.020000000000000018, 0.020000000000000018, 0.010000000000000009]}, "time_all": {"582_fri_c1_500_25": [0.24613451957702637, 0.1944713592529297, 0.2035515308380127, 0.19003796577453613, 0.19062519073486328]}, "time_fit": {"582_fri_c1_500_25": [0.0466008186340332, 0.043259620666503906, 0.04844474792480469, 0.040943145751953125, 0.04355263710021973]}, "sizes": {"582_fri_c1_500_25": []}, "tau": 0.9}, "DecisionTree": {"losses": {"582_fri_c1_500_25": [0.02397976643512184, 0.018649135494505156, 0.019712979087229823, 0.018896526047479267, 0.01911626212619249]}, "coverage": {"582_fri_c1_500_25": [0.15000000000000002, 0.10999999999999999, 0.040000000000000036, 0.010000000000000009, 0.010000000000000009]}, "complexity": {"582_fri_c1_500_25": [69, 71, 31, 29, 17]}, "time_all": {"582_fri_c1_500_25": [0.13395977020263672, 0.13098835945129395, 0.12735462188720703, 0.12718653678894043, 0.1271836757659912]}, "time_fit": {"582_fri_c1_500_25": [0.014470100402832031, 0.014740467071533203, 0.010185718536376953, 0.0098876953125, 0.007730722427368164]}, "sizes": {"582_fri_c1_500_25": []}, "tau": 0.9}, "LinearQuantile": {"losses": {"582_fri_c1_500_25": [0.09799522803569015, 0.08012443202547062, 0.07876516329254891, 0.07691792667179749, 0.0740950945802765]}, "coverage": {"582_fri_c1_500_25": [0.47000000000000003, 0.42000000000000004, 0.44, 0.39, 0.43000000000000005]}, "complexity": {"582_fri_c1_500_25": [25, 25, 25, 25, 25]}, "time_all": {"582_fri_c1_500_25": [0.6755895614624023, 0.8659963607788086, 0.9729254245758057, 4.254738092422485, 1.4057164192199707]}, "time_fit": {"582_fri_c1_500_25": [0.05811738967895508, 0.07760834693908691, 0.06839632987976074, 0.287585973739624, 0.10572552680969238]}, "sizes": {"582_fri_c1_500_25": []}, "tau": 0.9}}