{"SQR": {"losses": {"227_cpu_small": [0.005605846319763946, 0.006528280809354371, 0.006487140534940297, 0.006436254277866177, 0.0065676068290585615]}, "coverage": {"227_cpu_small": [0.011043319097010396, 0.004331909701037251, 0.009279609279609247, 0.007814407814407787, 0.008424908424908395]}, "complexity": {"227_cpu_small": [6, 4, 4, 4, 4]}, "time_all": {"227_cpu_small": [497.26956939697266, 457.47589206695557, 399.88640809059143, 511.8691740036011, 468.39966893196106]}, "time_fit": {"227_cpu_small": [497.26956939697266, 457.47589206695557, 399.88640809059143, 511.8691740036011, 468.39966893196106]}, "sizes": {"227_cpu_small": []}, "tau": 0.9}, "LightGBM": {"losses": {"227_cpu_small": [0.008710242803357566, 0.00916250504074613, 0.009165276715070976, 0.009599249798530395, 0.010202332670121318]}, "coverage": {"227_cpu_small": [0.006162294081757169, 0.011531421598535707, 0.0031746031746031633, 0.018803418803418737, 0.03284493284493284]}, "time_all": {"227_cpu_small": [0.9773573875427246, 0.963458776473999, 0.9125878810882568, 0.9429709911346436, 0.9479804039001465]}, "time_fit": {"227_cpu_small": [0.14066100120544434, 0.14364027976989746, 0.14234280586242676, 0.1439363956451416, 0.13902068138122559]}, "sizes": {"227_cpu_small": []}, "tau": 0.9}, "DecisionTree": {"losses": {"227_cpu_small": [0.005075711353929779, 0.0047612796667098065, 0.004859461526128192, 0.004578384578384578, 0.004772511439178105]}, "coverage": {"227_cpu_small": [0.007382550335570448, 0.001159243441122615, 0.007814407814407787, 0.01819291819291813, 0.02124542124542117]}, "complexity": {"227_cpu_small": [209, 313, 215, 225, 277]}, "time_all": {"227_cpu_small": [1.2801196575164795, 1.0325026512145996, 0.9276940822601318, 0.9737768173217773, 0.9869899749755859]}, "time_fit": {"227_cpu_small": [0.05555915832519531, 0.05918455123901367, 0.05241060256958008, 0.05358242988586426, 0.05831599235534668]}, "sizes": {"227_cpu_small": []}, "tau": 0.9}, "LinearQuantile": {"losses": {"227_cpu_small": [0.033895035216421954, 0.03230507291279727, 0.03167368482457748, 0.032113803835288425, 0.031219120916313008]}, "coverage": {"227_cpu_small": [0.02934716290420991, 0.03239780353874311, 0.039804639804639774, 0.04285714285714293, 0.025763125763125783]}, "complexity": {"227_cpu_small": [12, 12, 12, 12, 12]}, "time_all": {"227_cpu_small": [12.826297044754028, 24.044681310653687, 21.51252245903015, 25.178122520446777, 3.115513801574707]}, "time_fit": {"227_cpu_small": [0.7189419269561768, 2.9202873706817627, 0.728614330291748, 1.5884759426116943, 0.22809457778930664]}, "sizes": {"227_cpu_small": []}, "tau": 0.9}}