{"SQR": {"losses": {"706_sleuth_case1202": [0.012789629638428949, 0.024688626929893612, 0.019000732586013088, 0.01708093019599573, 0.01706121021226188]}, "coverage": {"706_sleuth_case1202": [0.047368421052631504, 0.21578947368421053, 0.047368421052631504, 0.011111111111111183, 0.0444444444444444]}, "complexity": {"706_sleuth_case1202": [5, 5, 6, 5, 5]}, "time_all": {"706_sleuth_case1202": [81.80270886421204, 66.82048439979553, 67.47831654548645, 68.0399980545044, 69.26444935798645]}, "time_fit": {"706_sleuth_case1202": [81.80270886421204, 66.82048439979553, 67.47831654548645, 68.0399980545044, 69.26444935798645]}, "sizes": {"706_sleuth_case1202": []}, "tau": 0.9}, "LightGBM": {"losses": {"706_sleuth_case1202": [0.02507216011067906, 0.034583891198075624, 0.03281705877247571, 0.02834882972556222, 0.04293121774559713]}, "coverage": {"706_sleuth_case1202": [0.0052631578947368585, 0.047368421052631504, 0.0052631578947368585, 0.011111111111111183, 0.011111111111111183]}, "time_all": {"706_sleuth_case1202": [0.11492729187011719, 0.0783083438873291, 0.07605552673339844, 0.06997299194335938, 0.08336377143859863]}, "time_fit": {"706_sleuth_case1202": [0.0149993896484375, 0.017784595489501953, 0.01674675941467285, 0.015147209167480469, 0.01988077163696289]}, "sizes": {"706_sleuth_case1202": []}, "tau": 0.9}, "DecisionTree": {"losses": {"706_sleuth_case1202": [0.026488465257632272, 0.029875673435557398, 0.025576737118386515, 0.016867891513560804, 0.034449547973170014]}, "coverage": {"706_sleuth_case1202": [0.0052631578947368585, 0.05789473684210533, 0.047368421052631504, 0.0444444444444444, 0.06666666666666665]}, "complexity": {"706_sleuth_case1202": [3, 5, 5, 11, 3]}, "time_all": {"706_sleuth_case1202": [0.031838178634643555, 0.032282114028930664, 0.032338857650756836, 0.0313265323638916, 0.03187084197998047]}, "time_fit": {"706_sleuth_case1202": [0.0017726421356201172, 0.0018777847290039062, 0.001909494400024414, 0.002373933792114258, 0.0017366409301757812]}, "sizes": {"706_sleuth_case1202": []}, "tau": 0.9}, "LinearQuantile": {"losses": {"706_sleuth_case1202": [0.016671518057014754, 0.024329620610700865, 0.03313938548240853, 0.019941931809363538, 0.026606691187226795]}, "coverage": {"706_sleuth_case1202": [0.0052631578947368585, 0.1105263157894737, 0.1105263157894737, 0.0444444444444444, 0.1777777777777778]}, "complexity": {"706_sleuth_case1202": [11, 11, 11, 11, 11]}, "time_all": {"706_sleuth_case1202": [0.12677550315856934, 0.2089977264404297, 0.33169102668762207, 0.34125804901123047, 3.914811372756958]}, "time_fit": {"706_sleuth_case1202": [0.01041412353515625, 0.018349647521972656, 0.029409408569335938, 0.028660058975219727, 0.397815465927124]}, "sizes": {"706_sleuth_case1202": []}, "tau": 0.9}}