{"SQR": {"losses": {"656_fri_c1_100_5": [0.016688217069211395, 0.011874388405277162, 0.015864866788849782, 0.018175823123367952, 0.022808735513932567]}, "coverage": {"656_fri_c1_100_5": [0.050000000000000044, 0.0, 0.050000000000000044, 0.15000000000000002, 0.09999999999999998]}, "complexity": {"656_fri_c1_100_5": [10, 12, 12, 10, 10]}, "time_all": {"656_fri_c1_100_5": [79.12132143974304, 69.43189334869385, 67.33264183998108, 66.61516070365906, 67.01051259040833]}, "time_fit": {"656_fri_c1_100_5": [79.12132143974304, 69.43189334869385, 67.33264183998108, 66.61516070365906, 67.01051259040833]}, "sizes": {"656_fri_c1_100_5": []}, "tau": 0.9}, "LightGBM": {"losses": {"656_fri_c1_100_5": [0.02125864920301588, 0.025901411732136823, 0.02564347150975543, 0.0392834555848172, 0.030911393918202978]}, "coverage": {"656_fri_c1_100_5": [0.09999999999999998, 0.0, 0.0, 0.09999999999999998, 0.0]}, "time_all": {"656_fri_c1_100_5": [0.12721943855285645, 0.08097457885742188, 0.07235145568847656, 0.08001542091369629, 0.08850741386413574]}, "time_fit": {"656_fri_c1_100_5": [0.017209768295288086, 0.016176462173461914, 0.016298770904541016, 0.017765045166015625, 0.018455982208251953]}, "sizes": {"656_fri_c1_100_5": []}, "tau": 0.9}, "DecisionTree": {"losses": {"656_fri_c1_100_5": [0.02523679450802843, 0.020371578450294033, 0.027361517836750008, 0.022332429283803003, 0.0251592092877194]}, "coverage": {"656_fri_c1_100_5": [0.09999999999999998, 0.09999999999999998, 0.04999999999999993, 0.09999999999999998, 0.050000000000000044]}, "complexity": {"656_fri_c1_100_5": [3, 13, 3, 15, 31]}, "time_all": {"656_fri_c1_100_5": [0.03248882293701172, 0.032733917236328125, 0.03166484832763672, 0.03348541259765625, 0.03305459022521973]}, "time_fit": {"656_fri_c1_100_5": [0.0018138885498046875, 0.002569437026977539, 0.0017490386962890625, 0.002672433853149414, 0.003674030303955078]}, "sizes": {"656_fri_c1_100_5": []}, "tau": 0.9}, "LinearQuantile": {"losses": {"656_fri_c1_100_5": [0.06535122926663393, 0.07530829874526333, 0.14462003870196274, 0.09002049102489942, 0.0796176080763328]}, "coverage": {"656_fri_c1_100_5": [0.35, 0.4, 0.75, 0.45, 0.4]}, "complexity": {"656_fri_c1_100_5": [5, 5, 5, 5, 5]}, "time_all": {"656_fri_c1_100_5": [0.0800638198852539, 0.14974498748779297, 0.7790873050689697, 0.23351073265075684, 0.4571876525878906]}, "time_fit": {"656_fri_c1_100_5": [0.006319999694824219, 0.012655019760131836, 0.05865311622619629, 0.01967620849609375, 0.0356755256652832]}, "sizes": {"656_fri_c1_100_5": []}, "tau": 0.9}}