{"SQR": {"losses": {"597_fri_c2_500_5": [0.012989493091517533, 0.011316176676095106, 0.006803962650325685, 0.008429086843449056, 0.019285222265027175]}, "coverage": {"597_fri_c2_500_5": [0.0, 0.030000000000000027, 0.010000000000000009, 0.010000000000000009, 0.010000000000000009]}, "complexity": {"597_fri_c2_500_5": [13, 15, 16, 15, 5]}, "time_all": {"597_fri_c2_500_5": [100.46775841712952, 98.58420610427856, 90.85600113868713, 97.34235167503357, 82.24717831611633]}, "time_fit": {"597_fri_c2_500_5": [100.46775841712952, 98.58420610427856, 90.85600113868713, 97.34235167503357, 82.24717831611633]}, "sizes": {"597_fri_c2_500_5": []}, "tau": 0.9}, "LightGBM": {"losses": {"597_fri_c2_500_5": [0.021032466888065097, 0.023746409446968157, 0.020179694721962866, 0.01771209811956029, 0.021526502953704667]}, "coverage": {"597_fri_c2_500_5": [0.010000000000000009, 0.0, 0.020000000000000018, 0.040000000000000036, 0.040000000000000036]}, "time_all": {"597_fri_c2_500_5": [0.2667887210845947, 0.20584440231323242, 0.18919587135314941, 0.19020557403564453, 0.23761248588562012]}, "time_fit": {"597_fri_c2_500_5": [0.04924273490905762, 0.04330587387084961, 0.042348623275756836, 0.04340481758117676, 0.05739283561706543]}, "sizes": {"597_fri_c2_500_5": []}, "tau": 0.9}, "DecisionTree": {"losses": {"597_fri_c2_500_5": [0.01872812682359388, 0.021475894242056013, 0.020542103057746997, 0.019080749102685098, 0.0185189638184295]}, "coverage": {"597_fri_c2_500_5": [0.030000000000000027, 0.020000000000000018, 0.14, 0.010000000000000009, 0.06000000000000005]}, "complexity": {"597_fri_c2_500_5": [29, 27, 67, 11, 29]}, "time_all": {"597_fri_c2_500_5": [0.07507610321044922, 0.07293176651000977, 0.07471585273742676, 0.07067179679870605, 0.07632946968078613]}, "time_fit": {"597_fri_c2_500_5": [0.0050067901611328125, 0.004729032516479492, 0.00788736343383789, 0.0032165050506591797, 0.004883766174316406]}, "sizes": {"597_fri_c2_500_5": []}, "tau": 0.9}, "LinearQuantile": {"losses": {"597_fri_c2_500_5": [0.07583577632745195, 0.06952364089564707, 0.07930448490471974, 0.08595756413332294, 0.0879606785423769]}, "coverage": {"597_fri_c2_500_5": [0.36, 0.4, 0.43000000000000005, 0.46, 0.44]}, "complexity": {"597_fri_c2_500_5": [5, 5, 5, 5, 5]}, "time_all": {"597_fri_c2_500_5": [0.26329779624938965, 0.27265167236328125, 0.20907115936279297, 0.536421537399292, 0.45012736320495605]}, "time_fit": {"597_fri_c2_500_5": [0.022709131240844727, 0.024193286895751953, 0.018385887145996094, 0.04398179054260254, 0.040094614028930664]}, "sizes": {"597_fri_c2_500_5": []}, "tau": 0.9}}