{"SQR": {"losses": {"641_fri_c1_500_10": [0.00576076541698309, 0.004710577072149429, 0.009799709902391441, 0.006494283279272178, 0.00506042970627927]}, "coverage": {"641_fri_c1_500_10": [0.010000000000000009, 0.010000000000000009, 0.020000000000000018, 0.039999999999999925, 0.010000000000000009]}, "complexity": {"641_fri_c1_500_10": [16, 20, 13, 14, 15]}, "time_all": {"641_fri_c1_500_10": [110.57873201370239, 98.52996683120728, 91.62997245788574, 95.02138257026672, 97.81524062156677]}, "time_fit": {"641_fri_c1_500_10": [110.57873201370239, 98.52996683120728, 91.62997245788574, 95.02138257026672, 97.81524062156677]}, "sizes": {"641_fri_c1_500_10": []}, "tau": 0.9}, "LightGBM": {"losses": {"641_fri_c1_500_10": [0.025026531226881397, 0.024010674486257377, 0.02056518484483482, 0.019011153995498017, 0.024606536728610018]}, "coverage": {"641_fri_c1_500_10": [0.050000000000000044, 0.0, 0.030000000000000027, 0.050000000000000044, 0.010000000000000009]}, "time_all": {"641_fri_c1_500_10": [0.22455048561096191, 0.18656706809997559, 0.206679105758667, 0.21059560775756836, 0.18061232566833496]}, "time_fit": {"641_fri_c1_500_10": [0.039957284927368164, 0.04219794273376465, 0.04010891914367676, 0.04162311553955078, 0.039377689361572266]}, "sizes": {"641_fri_c1_500_10": []}, "tau": 0.9}, "DecisionTree": {"losses": {"641_fri_c1_500_10": [0.01822801996568972, 0.019012160150572884, 0.01849670024798751, 0.021283855968574145, 0.022751966530133887]}, "coverage": {"641_fri_c1_500_10": [0.12, 0.030000000000000027, 0.17000000000000004, 0.040000000000000036, 0.010000000000000009]}, "complexity": {"641_fri_c1_500_10": [29, 19, 159, 29, 19]}, "time_all": {"641_fri_c1_500_10": [0.08749890327453613, 0.08392834663391113, 0.09416937828063965, 0.08564257621765137, 0.08728599548339844]}, "time_fit": {"641_fri_c1_500_10": [0.006253242492675781, 0.005088329315185547, 0.016414165496826172, 0.006174325942993164, 0.005115985870361328]}, "sizes": {"641_fri_c1_500_10": []}, "tau": 0.9}, "LinearQuantile": {"losses": {"641_fri_c1_500_10": [0.09178280448392374, 0.08451316784524159, 0.0644338347793155, 0.08971509453733081, 0.07260445998467714]}, "coverage": {"641_fri_c1_500_10": [0.46, 0.45, 0.46, 0.5, 0.4]}, "complexity": {"641_fri_c1_500_10": [10, 10, 10, 10, 10]}, "time_all": {"641_fri_c1_500_10": [2.0322365760803223, 0.1648406982421875, 0.35080695152282715, 0.16054034233093262, 0.3153860569000244]}, "time_fit": {"641_fri_c1_500_10": [0.11926865577697754, 0.014605998992919922, 0.030249595642089844, 0.014010429382324219, 0.027812957763671875]}, "sizes": {"641_fri_c1_500_10": []}, "tau": 0.9}}