{"SQR": {"losses": {"622_fri_c2_1000_50": [0.004608305923267833, 0.007286290555393684, 0.012202564428748376, 0.006009354487021643, 0.012880614245099158]}, "coverage": {"622_fri_c2_1000_50": [0.015000000000000013, 0.010000000000000009, 0.025000000000000022, 0.010000000000000009, 0.020000000000000018]}, "complexity": {"622_fri_c2_1000_50": [16, 16, 12, 14, 10]}, "time_all": {"622_fri_c2_1000_50": [132.68835425376892, 122.73511409759521, 119.0047619342804, 123.78531861305237, 102.26819491386414]}, "time_fit": {"622_fri_c2_1000_50": [132.68835425376892, 122.73511409759521, 119.0047619342804, 123.78531861305237, 102.26819491386414]}, "sizes": {"622_fri_c2_1000_50": []}, "tau": 0.9}, "LightGBM": {"losses": {"622_fri_c2_1000_50": [0.021890316038279307, 0.01928028628523423, 0.021503022772049102, 0.021315036489603794, 0.022521850350264435]}, "coverage": {"622_fri_c2_1000_50": [0.040000000000000036, 0.020000000000000018, 0.010000000000000009, 0.05500000000000005, 0.040000000000000036]}, "time_all": {"622_fri_c2_1000_50": [0.43770861625671387, 0.3950779438018799, 0.37249755859375, 0.3740696907043457, 0.3904581069946289]}, "time_fit": {"622_fri_c2_1000_50": [0.07645630836486816, 0.07456183433532715, 0.06877899169921875, 0.07076668739318848, 0.08692264556884766]}, "sizes": {"622_fri_c2_1000_50": []}, "tau": 0.9}, "DecisionTree": {"losses": {"622_fri_c2_1000_50": [0.020284667045979147, 0.01712413591017572, 0.019280978753338764, 0.018564334653654067, 0.017601603036654038]}, "coverage": {"622_fri_c2_1000_50": [0.0050000000000000044, 0.020000000000000018, 0.05500000000000005, 0.06000000000000005, 0.010000000000000009]}, "complexity": {"622_fri_c2_1000_50": [29, 33, 61, 63, 31]}, "time_all": {"622_fri_c2_1000_50": [0.4778170585632324, 0.4712541103363037, 0.4752826690673828, 0.4569211006164551, 0.44816040992736816]}, "time_fit": {"622_fri_c2_1000_50": [0.032745361328125, 0.0315093994140625, 0.039788246154785156, 0.03670001029968262, 0.030102968215942383]}, "sizes": {"622_fri_c2_1000_50": []}, "tau": 0.9}, "LinearQuantile": {"losses": {"622_fri_c2_1000_50": [0.08588562036778191, 0.08743963925069542, 0.08306110261265053, 0.08276984543995754, 0.08421909897840403]}, "coverage": {"622_fri_c2_1000_50": [0.42000000000000004, 0.455, 0.45, 0.41000000000000003, 0.43000000000000005]}, "complexity": {"622_fri_c2_1000_50": [50, 50, 50, 50, 50]}, "time_all": {"622_fri_c2_1000_50": [25.984702348709106, 14.14676809310913, 11.318646907806396, 8.796585083007812, 14.473997592926025]}, "time_fit": {"622_fri_c2_1000_50": [2.289255142211914, 1.1237525939941406, 0.9408504962921143, 0.6770620346069336, 1.1645593643188477]}, "sizes": {"622_fri_c2_1000_50": []}, "tau": 0.9}}