{"SQR": {"losses": {"573_cpu_act": [0.005556311467376745, 0.0056256551875742845, 0.0061332175255470545, 0.006266130823012723, 0.006021481560074397]}, "coverage": {"573_cpu_act": [0.003111653447223972, 0.017022574740695573, 0.008669108669108638, 0.009645909645909612, 0.015140415140415087]}, "complexity": {"573_cpu_act": [5, 5, 4, 4, 4]}, "time_all": {"573_cpu_act": [404.5735011100769, 398.22529697418213, 496.41939544677734, 526.4113395214081, 536.5327455997467]}, "time_fit": {"573_cpu_act": [404.5735011100769, 398.22529697418213, 496.41939544677734, 526.4113395214081, 536.5327455997467]}, "sizes": {"573_cpu_act": []}, "tau": 0.9}, "LightGBM": {"losses": {"573_cpu_act": [0.008440937323918065, 0.008846938892245795, 0.008920026681571228, 0.009268418138332053, 0.009964037927474509]}, "coverage": {"573_cpu_act": [0.00726052471018912, 0.028004881025015194, 0.002564102564102555, 0.03284493284493284, 0.037728937728937706]}, "time_all": {"573_cpu_act": [1.0555534362792969, 1.0259721279144287, 0.9920182228088379, 0.9987497329711914, 1.0149846076965332]}, "time_fit": {"573_cpu_act": [0.15157747268676758, 0.15034008026123047, 0.14989089965820312, 0.14494085311889648, 0.15140318870544434]}, "sizes": {"573_cpu_act": []}, "tau": 0.9}, "DecisionTree": {"losses": {"573_cpu_act": [0.00457318764213212, 0.0045238843591497635, 0.004514189514189513, 0.004300760967427633, 0.0041277241277241266]}, "coverage": {"573_cpu_act": [0.011043319097010396, 6.101281269066394e-05, 0.009645909645909612, 0.007814407814407787, 0.024297924297924323]}, "complexity": {"573_cpu_act": [321, 231, 205, 227, 267]}, "time_all": {"573_cpu_act": [1.5609090328216553, 1.3175406455993652, 1.1759264469146729, 1.431748628616333, 1.1846539974212646]}, "time_fit": {"573_cpu_act": [0.08524322509765625, 0.07759690284729004, 0.07547521591186523, 0.07934236526489258, 0.08194804191589355]}, "sizes": {"573_cpu_act": []}, "tau": 0.9}, "LinearQuantile": {"losses": {"573_cpu_act": [0.03274272234235256, 0.03135529733905536, 0.03071546143823342, 0.030796032503379332, 0.03028261126830779]}, "coverage": {"573_cpu_act": [0.028737034777303272, 0.03544844417327642, 0.03675213675213673, 0.04163614163614171, 0.028205128205128216]}, "complexity": {"573_cpu_act": [21, 21, 21, 21, 21]}, "time_all": {"573_cpu_act": [45.833416223526, 50.549577713012695, 53.34188485145569, 47.64370512962341, 46.40823936462402]}, "time_fit": {"573_cpu_act": [2.274986743927002, 4.14919900894165, 5.089643478393555, 1.897376298904419, 1.735058069229126]}, "sizes": {"573_cpu_act": []}, "tau": 0.9}}