{"SQR": {"losses": {"574_house_16H": [0.01747008985213282, 0.01854640234214608, 0.0179938726684672, 0.01825700901970267, 0.018251307535433556]}, "coverage": {"574_house_16H": [0.013890717577353495, 0.038029405310511355, 0.011037963572525844, 0.001601931095018716, 0.003819139596137]}, "complexity": {"574_house_16H": [8, 6, 6, 6, 6]}, "time_all": {"574_house_16H": [1052.8689630031586, 1030.8707866668701, 1040.4705045223236, 1057.2234210968018, 1054.0075023174286]}, "time_fit": {"574_house_16H": [1052.8689630031586, 1030.8707866668701, 1040.4705045223236, 1057.2234210968018, 1054.0075023174286]}, "sizes": {"574_house_16H": []}, "tau": 0.9}, "LightGBM": {"losses": {"574_house_16H": [0.01194148860447744, 0.012591902513301478, 0.011586542075019225, 0.012570303447057308, 0.012101341822671023]}, "coverage": {"574_house_16H": [0.03285055957867011, 0.03811718235681372, 0.033728330041694066, 0.03350888742593805, 0.032835820895522394]}, "time_all": {"574_house_16H": [1.6162803173065186, 1.5384883880615234, 1.5582938194274902, 1.5734913349151611, 1.5480716228485107]}, "time_fit": {"574_house_16H": [0.4253871440887451, 0.389664888381958, 0.40961241722106934, 0.39441919326782227, 0.3841433525085449]}, "sizes": {"574_house_16H": []}, "tau": 0.9}, "DecisionTree": {"losses": {"574_house_16H": [0.01240349715043383, 0.01257939565314637, 0.011583089561492592, 0.012281245799588716, 0.01217900957525565]}, "coverage": {"574_house_16H": [0.027715602369980274, 0.04110160193109502, 0.02201009436032475, 0.04175992977836296, 0.0356453028972783]}, "complexity": {"574_house_16H": [631, 775, 639, 757, 585]}, "time_all": {"574_house_16H": [4.3176116943359375, 4.154747009277344, 4.292640924453735, 4.111503601074219, 4.132058143615723]}, "time_fit": {"574_house_16H": [0.2907071113586426, 0.30814290046691895, 0.29196858406066895, 0.30164241790771484, 0.286297082901001]}, "sizes": {"574_house_16H": []}, "tau": 0.9}, "LinearQuantile": {"losses": {"574_house_16H": [0.01811505391260377, 0.018275623920936946, 0.017905175296696475, 0.0189754923525394, 0.018442570168359505]}, "coverage": {"574_house_16H": [0.0020408163265306367, 0.0005924950625411096, 0.002918586789554589, 0.0022602589422866526, 0.006892010535557547]}, "complexity": {"574_house_16H": [16, 16, 16, 16, 16]}, "time_all": {"574_house_16H": [92.91615867614746, 102.08025240898132, 100.64104390144348, 91.34131574630737, 73.32671666145325]}, "time_fit": {"574_house_16H": [4.651516675949097, 11.197482347488403, 12.484363317489624, 6.9119298458099365, 9.238113641738892]}, "sizes": {"574_house_16H": []}, "tau": 0.9}}