{"SQR": {"losses": {"634_fri_c2_100_10": [0.02011616384124724, 0.023689581836940924, 0.013273295868848966, 0.04007462725316292, 0.022207801534584355]}, "coverage": {"634_fri_c2_100_10": [0.050000000000000044, 0.15000000000000002, 0.15000000000000002, 0.15000000000000002, 0.050000000000000044]}, "complexity": {"634_fri_c2_100_10": [15, 9, 14, 6, 7]}, "time_all": {"634_fri_c2_100_10": [82.68999028205872, 65.44539594650269, 68.12792944908142, 66.21502757072449, 65.12337565422058]}, "time_fit": {"634_fri_c2_100_10": [82.68999028205872, 65.44539594650269, 68.12792944908142, 66.21502757072449, 65.12337565422058]}, "sizes": {"634_fri_c2_100_10": []}, "tau": 0.9}, "LightGBM": {"losses": {"634_fri_c2_100_10": [0.033136378584050524, 0.036135632601386566, 0.0375244508365416, 0.033923896237244684, 0.03233153849110373]}, "coverage": {"634_fri_c2_100_10": [0.0, 0.050000000000000044, 0.050000000000000044, 0.0, 0.0]}, "time_all": {"634_fri_c2_100_10": [0.12440776824951172, 0.08195972442626953, 0.07633447647094727, 0.06653285026550293, 0.09444284439086914]}, "time_fit": {"634_fri_c2_100_10": [0.01720571517944336, 0.01709294319152832, 0.011809349060058594, 0.006737470626831055, 0.020416975021362305]}, "sizes": {"634_fri_c2_100_10": []}, "tau": 0.9}, "DecisionTree": {"losses": {"634_fri_c2_100_10": [0.030127079976555886, 0.024280921534315908, 0.037968895982542286, 0.020170957879416297, 0.0219242505770213]}, "coverage": {"634_fri_c2_100_10": [0.050000000000000044, 0.20000000000000007, 0.04999999999999993, 0.0, 0.050000000000000044]}, "complexity": {"634_fri_c2_100_10": [3, 31, 1, 13, 29]}, "time_all": {"634_fri_c2_100_10": [0.03363800048828125, 0.034348487854003906, 0.03178834915161133, 0.03322744369506836, 0.0369563102722168]}, "time_fit": {"634_fri_c2_100_10": [0.0018091201782226562, 0.003994464874267578, 0.0015130043029785156, 0.0027158260345458984, 0.003869295120239258]}, "sizes": {"634_fri_c2_100_10": []}, "tau": 0.9}, "LinearQuantile": {"losses": {"634_fri_c2_100_10": [0.10544980200155708, 0.039466291796582086, 0.1169667856641149, 0.10035666029442213, 0.06371957866456505]}, "coverage": {"634_fri_c2_100_10": [0.45, 0.25, 0.55, 0.6000000000000001, 0.4]}, "complexity": {"634_fri_c2_100_10": [10, 10, 10, 10, 10]}, "time_all": {"634_fri_c2_100_10": [0.24855566024780273, 0.3941764831542969, 0.8271465301513672, 0.3530709743499756, 0.23696494102478027]}, "time_fit": {"634_fri_c2_100_10": [0.021286964416503906, 0.03178548812866211, 0.05816316604614258, 0.030463457107543945, 0.021056413650512695]}, "sizes": {"634_fri_c2_100_10": []}, "tau": 0.9}}