{"SQR": {"losses": {"623_fri_c4_1000_10": [0.00836325766434517, 0.0050795159168866046, 0.005490713316028761, 0.01097729024953079, 0.00474929312815794]}, "coverage": {"623_fri_c4_1000_10": [0.010000000000000009, 0.025000000000000022, 0.040000000000000036, 0.015000000000000013, 0.010000000000000009]}, "complexity": {"623_fri_c4_1000_10": [10, 15, 15, 8, 13]}, "time_all": {"623_fri_c4_1000_10": [114.23759579658508, 111.91456842422485, 103.44930815696716, 108.03521203994751, 102.80854392051697]}, "time_fit": {"623_fri_c4_1000_10": [114.23759579658508, 111.91456842422485, 103.44930815696716, 108.03521203994751, 102.80854392051697]}, "sizes": {"623_fri_c4_1000_10": []}, "tau": 0.9}, "LightGBM": {"losses": {"623_fri_c4_1000_10": [0.0145911314993148, 0.01408117824292286, 0.01455552582902735, 0.01482308940301667, 0.014353737538326028]}, "coverage": {"623_fri_c4_1000_10": [0.040000000000000036, 0.0050000000000000044, 0.025000000000000022, 0.030000000000000027, 0.010000000000000009]}, "time_all": {"623_fri_c4_1000_10": [0.36406612396240234, 0.3199586868286133, 0.3411426544189453, 0.3011784553527832, 0.3051307201385498]}, "time_fit": {"623_fri_c4_1000_10": [0.0552210807800293, 0.052519798278808594, 0.055977821350097656, 0.04831647872924805, 0.04935503005981445]}, "sizes": {"623_fri_c4_1000_10": []}, "tau": 0.9}, "DecisionTree": {"losses": {"623_fri_c4_1000_10": [0.013894025658374418, 0.011500189815349173, 0.013416617092512755, 0.013965462752901909, 0.013013192548943661]}, "coverage": {"623_fri_c4_1000_10": [0.08999999999999997, 0.030000000000000027, 0.05500000000000005, 0.015000000000000013, 0.03500000000000003]}, "complexity": {"623_fri_c4_1000_10": [59, 61, 61, 45, 61]}, "time_all": {"623_fri_c4_1000_10": [0.17301130294799805, 0.17528676986694336, 0.17113089561462402, 0.1717383861541748, 0.1699228286743164]}, "time_fit": {"623_fri_c4_1000_10": [0.01306009292602539, 0.01355290412902832, 0.013260364532470703, 0.011483192443847656, 0.01315617561340332]}, "sizes": {"623_fri_c4_1000_10": []}, "tau": 0.9}, "LinearQuantile": {"losses": {"623_fri_c4_1000_10": [0.05178333702951856, 0.05094905587898791, 0.0536847711090662, 0.054554928646664315, 0.057891433843739105]}, "coverage": {"623_fri_c4_1000_10": [0.405, 0.43000000000000005, 0.39, 0.39, 0.47500000000000003]}, "complexity": {"623_fri_c4_1000_10": [10, 10, 10, 10, 10]}, "time_all": {"623_fri_c4_1000_10": [0.1810147762298584, 0.18618464469909668, 2.0750677585601807, 0.4465763568878174, 0.2690277099609375]}, "time_fit": {"623_fri_c4_1000_10": [0.01547694206237793, 0.015936851501464844, 0.1280820369720459, 0.03749895095825195, 0.02382040023803711]}, "sizes": {"623_fri_c4_1000_10": []}, "tau": 0.9}}