{"SQR": {"losses": {"654_fri_c0_500_10": [0.00743469558505312, 0.01145090672189033, 0.01030171083041742, 0.013704765752697658, 0.009881668089419607]}, "coverage": {"654_fri_c0_500_10": [0.010000000000000009, 0.030000000000000027, 0.020000000000000018, 0.050000000000000044, 0.020000000000000018]}, "complexity": {"654_fri_c0_500_10": [13, 9, 10, 8, 9]}, "time_all": {"654_fri_c0_500_10": [107.7407820224762, 90.58225965499878, 92.42085886001587, 89.72970986366272, 86.8514609336853]}, "time_fit": {"654_fri_c0_500_10": [107.7407820224762, 90.58225965499878, 92.42085886001587, 89.72970986366272, 86.8514609336853]}, "sizes": {"654_fri_c0_500_10": []}, "tau": 0.9}, "LightGBM": {"losses": {"654_fri_c0_500_10": [0.02188899769322027, 0.024906230683734414, 0.018803667661953384, 0.021259096704336445, 0.0209710486093676]}, "coverage": {"654_fri_c0_500_10": [0.020000000000000018, 0.050000000000000044, 0.020000000000000018, 0.020000000000000018, 0.020000000000000018]}, "time_all": {"654_fri_c0_500_10": [0.22156500816345215, 0.21361541748046875, 0.2057175636291504, 0.17278647422790527, 0.17991852760314941]}, "time_fit": {"654_fri_c0_500_10": [0.0393826961517334, 0.04274702072143555, 0.0412755012512207, 0.03904438018798828, 0.04115653038024902]}, "sizes": {"654_fri_c0_500_10": []}, "tau": 0.9}, "DecisionTree": {"losses": {"654_fri_c0_500_10": [0.02081650279650364, 0.02258915617322881, 0.02158154148286335, 0.020425386737451715, 0.021508114636664653]}, "coverage": {"654_fri_c0_500_10": [0.030000000000000027, 0.020000000000000018, 0.08000000000000007, 0.020000000000000018, 0.030000000000000027]}, "complexity": {"654_fri_c0_500_10": [13, 15, 15, 31, 15]}, "time_all": {"654_fri_c0_500_10": [0.08803129196166992, 0.08427262306213379, 0.08302044868469238, 0.08551454544067383, 0.08545970916748047]}, "time_fit": {"654_fri_c0_500_10": [0.004255056381225586, 0.004591941833496094, 0.004460573196411133, 0.006352663040161133, 0.004581928253173828]}, "sizes": {"654_fri_c0_500_10": []}, "tau": 0.9}, "LinearQuantile": {"losses": {"654_fri_c0_500_10": [0.05011946463933891, 0.039072735934813925, 0.045361047666626665, 0.038511690540826995, 0.039501036834237974]}, "coverage": {"654_fri_c0_500_10": [0.45, 0.47000000000000003, 0.46, 0.36, 0.41000000000000003]}, "complexity": {"654_fri_c0_500_10": [10, 10, 10, 10, 10]}, "time_all": {"654_fri_c0_500_10": [0.5795269012451172, 0.25867152214050293, 0.16992521286010742, 0.35938191413879395, 0.4921987056732178]}, "time_fit": {"654_fri_c0_500_10": [0.05134296417236328, 0.022922039031982422, 0.014867067337036133, 0.030951261520385742, 0.044135332107543945]}, "sizes": {"654_fri_c0_500_10": []}, "tau": 0.9}}