{"SQR": {"losses": {"648_fri_c1_250_50": [0.012180306268668459, 0.019134542400473048, 0.006399573235509435, 0.0061403182428543, 0.012058568431255192]}, "coverage": {"648_fri_c1_250_50": [0.08000000000000007, 0.18000000000000005, 0.020000000000000018, 0.0, 0.040000000000000036]}, "complexity": {"648_fri_c1_250_50": [12, 7, 13, 15, 12]}, "time_all": {"648_fri_c1_250_50": [94.70804905891418, 75.16247749328613, 79.86596035957336, 74.11029648780823, 77.24704456329346]}, "time_fit": {"648_fri_c1_250_50": [94.70804905891418, 75.16247749328613, 79.86596035957336, 74.11029648780823, 77.24704456329346]}, "sizes": {"648_fri_c1_250_50": []}, "tau": 0.9}, "LightGBM": {"losses": {"648_fri_c1_250_50": [0.024163166900677747, 0.028643134202958113, 0.02793421964716888, 0.029805029501390704, 0.02540213752540703]}, "coverage": {"648_fri_c1_250_50": [0.020000000000000018, 0.09999999999999998, 0.05999999999999994, 0.08000000000000007, 0.039999999999999925]}, "time_all": {"648_fri_c1_250_50": [0.17986464500427246, 0.1419990062713623, 0.13916563987731934, 0.1598985195159912, 0.16645169258117676]}, "time_fit": {"648_fri_c1_250_50": [0.02478313446044922, 0.024615764617919922, 0.03165626525878906, 0.029551029205322266, 0.03919816017150879]}, "sizes": {"648_fri_c1_250_50": []}, "tau": 0.9}, "DecisionTree": {"losses": {"648_fri_c1_250_50": [0.0240724761674535, 0.02167541749049118, 0.026455317901271324, 0.022568367620293326, 0.019860479619439524]}, "coverage": {"648_fri_c1_250_50": [0.0, 0.20000000000000007, 0.039999999999999925, 0.040000000000000036, 0.020000000000000018]}, "complexity": {"648_fri_c1_250_50": [5, 35, 5, 7, 15]}, "time_all": {"648_fri_c1_250_50": [0.08598613739013672, 0.08924436569213867, 0.08330225944519043, 0.08548212051391602, 0.08745121955871582]}, "time_fit": {"648_fri_c1_250_50": [0.004146099090576172, 0.010239124298095703, 0.004134654998779297, 0.004924297332763672, 0.006958484649658203]}, "sizes": {"648_fri_c1_250_50": []}, "tau": 0.9}, "LinearQuantile": {"losses": {"648_fri_c1_250_50": [0.10216472986167734, 0.1184774603517716, 0.11120038922499395, 0.11911783301681014, 0.08833609904565083]}, "coverage": {"648_fri_c1_250_50": [0.56, 0.46, 0.48000000000000004, 0.56, 0.44]}, "complexity": {"648_fri_c1_250_50": [50, 50, 50, 50, 50]}, "time_all": {"648_fri_c1_250_50": [6.048075199127197, 14.445034742355347, 6.322685718536377, 6.216857433319092, 5.255422592163086]}, "time_fit": {"648_fri_c1_250_50": [0.4891698360443115, 1.2639901638031006, 0.46669912338256836, 0.5338151454925537, 0.40676307678222656]}, "sizes": {"648_fri_c1_250_50": []}, "tau": 0.9}}