{"SQR": {"losses": {"628_fri_c3_1000_5": [0.007280079857486227, 0.009033575301250445, 0.008579406398916745, 0.008454962573221744, 0.007997735838982157]}, "coverage": {"628_fri_c3_1000_5": [0.025000000000000022, 0.020000000000000018, 0.0050000000000000044, 0.0, 0.010000000000000009]}, "complexity": {"628_fri_c3_1000_5": [13, 10, 9, 14, 11]}, "time_all": {"628_fri_c3_1000_5": [112.87468838691711, 94.90863370895386, 93.90802025794983, 100.73812246322632, 101.36952424049377]}, "time_fit": {"628_fri_c3_1000_5": [112.87468838691711, 94.90863370895386, 93.90802025794983, 100.73812246322632, 101.36952424049377]}, "sizes": {"628_fri_c3_1000_5": []}, "tau": 0.9}, "LightGBM": {"losses": {"628_fri_c3_1000_5": [0.016221765959308163, 0.01624445418432011, 0.013879705602832283, 0.01577472021112549, 0.018932533207278234]}, "coverage": {"628_fri_c3_1000_5": [0.010000000000000009, 0.0050000000000000044, 0.0050000000000000044, 0.025000000000000022, 0.020000000000000018]}, "time_all": {"628_fri_c3_1000_5": [0.3232846260070801, 0.29764771461486816, 0.28501343727111816, 0.3085501194000244, 0.27477407455444336]}, "time_fit": {"628_fri_c3_1000_5": [0.05128908157348633, 0.054898977279663086, 0.054083824157714844, 0.05801510810852051, 0.047495126724243164]}, "sizes": {"628_fri_c3_1000_5": []}, "tau": 0.9}, "DecisionTree": {"losses": {"628_fri_c3_1000_5": [0.015069212220912887, 0.013830652311446633, 0.01330112800304609, 0.012274127420920445, 0.014715080542605407]}, "coverage": {"628_fri_c3_1000_5": [0.18500000000000005, 0.04500000000000004, 0.030000000000000027, 0.11499999999999999, 0.050000000000000044]}, "complexity": {"628_fri_c3_1000_5": [323, 43, 63, 141, 65]}, "time_all": {"628_fri_c3_1000_5": [0.15335392951965332, 0.12991714477539062, 0.13347578048706055, 0.13971614837646484, 0.13302350044250488]}, "time_fit": {"628_fri_c3_1000_5": [0.02923130989074707, 0.007880449295043945, 0.009730100631713867, 0.015877962112426758, 0.009899139404296875]}, "sizes": {"628_fri_c3_1000_5": []}, "tau": 0.9}, "LinearQuantile": {"losses": {"628_fri_c3_1000_5": [0.06403144160418443, 0.05943297549940575, 0.0586426887194441, 0.06210237525965078, 0.06370630483336842]}, "coverage": {"628_fri_c3_1000_5": [0.43000000000000005, 0.445, 0.44, 0.445, 0.38]}, "complexity": {"628_fri_c3_1000_5": [5, 5, 5, 5, 5]}, "time_all": {"628_fri_c3_1000_5": [0.9595937728881836, 0.17731165885925293, 0.1933910846710205, 0.22055482864379883, 0.2718653678894043]}, "time_fit": {"628_fri_c3_1000_5": [0.0832216739654541, 0.015192508697509766, 0.01699376106262207, 0.01942896842956543, 0.024099349975585938]}, "sizes": {"628_fri_c3_1000_5": []}, "tau": 0.9}}