{"SQR": {"losses": {"592_fri_c4_1000_25": [0.006645291727236922, 0.005802488485827611, 0.00885141517422176, 0.010210017397059738, 0.009831294293676367]}, "coverage": {"592_fri_c4_1000_25": [0.050000000000000044, 0.030000000000000027, 0.010000000000000009, 0.10499999999999998, 0.0]}, "complexity": {"592_fri_c4_1000_25": [16, 14, 11, 9, 10]}, "time_all": {"592_fri_c4_1000_25": [109.22667908668518, 106.48535799980164, 100.39131259918213, 103.90747094154358, 104.49030089378357]}, "time_fit": {"592_fri_c4_1000_25": [109.22667908668518, 106.48535799980164, 100.39131259918213, 103.90747094154358, 104.49030089378357]}, "sizes": {"592_fri_c4_1000_25": []}, "tau": 0.9}, "LightGBM": {"losses": {"592_fri_c4_1000_25": [0.014510865694160598, 0.016946142913617443, 0.018575567828445466, 0.017345473549287217, 0.01594138245273327]}, "coverage": {"592_fri_c4_1000_25": [0.04500000000000004, 0.030000000000000027, 0.04499999999999993, 0.020000000000000018, 0.030000000000000027]}, "time_all": {"592_fri_c4_1000_25": [0.33925914764404297, 0.3178524971008301, 0.3175168037414551, 0.29203128814697266, 0.3256385326385498]}, "time_fit": {"592_fri_c4_1000_25": [0.05880308151245117, 0.05319809913635254, 0.05372738838195801, 0.05491185188293457, 0.05489349365234375]}, "sizes": {"592_fri_c4_1000_25": []}, "tau": 0.9}, "DecisionTree": {"losses": {"592_fri_c4_1000_25": [0.014598700051847517, 0.01364220531714851, 0.012874177763055862, 0.018098029376221333, 0.015837351312573703]}, "coverage": {"592_fri_c4_1000_25": [0.08500000000000008, 0.020000000000000018, 0.020000000000000018, 0.09499999999999997, 0.05500000000000005]}, "complexity": {"592_fri_c4_1000_25": [63, 63, 59, 35, 41]}, "time_all": {"592_fri_c4_1000_25": [0.29662251472473145, 0.28708934783935547, 0.3084838390350342, 0.2847142219543457, 0.2880551815032959]}, "time_fit": {"592_fri_c4_1000_25": [0.02433490753173828, 0.02456378936767578, 0.02605128288269043, 0.018990039825439453, 0.020229816436767578]}, "sizes": {"592_fri_c4_1000_25": []}, "tau": 0.9}, "LinearQuantile": {"losses": {"592_fri_c4_1000_25": [0.0644553379740181, 0.0651225233943659, 0.0537812303440223, 0.056474052897859485, 0.07180302694106985]}, "coverage": {"592_fri_c4_1000_25": [0.49000000000000005, 0.445, 0.36, 0.395, 0.51]}, "complexity": {"592_fri_c4_1000_25": [25, 25, 25, 25, 25]}, "time_all": {"592_fri_c4_1000_25": [1.8438551425933838, 2.7657222747802734, 1.62504243850708, 3.0497548580169678, 0.7470986843109131]}, "time_fit": {"592_fri_c4_1000_25": [0.11116886138916016, 0.16770076751708984, 0.12454390525817871, 0.1894207000732422, 0.0673682689666748]}, "sizes": {"592_fri_c4_1000_25": []}, "tau": 0.9}}