{"SQR": {"losses": {"523_analcatdata_neavote": [0.01889581972222222, 0.012229308277777786, 0.014998566333333336, 0.013899077777777772, 0.029443134444444456]}, "coverage": {"523_analcatdata_neavote": [0.09999999999999998, 0.04999999999999993, 0.0, 0.09999999999999998, 0.0]}, "complexity": {"523_analcatdata_neavote": [3, 3, 3, 3, 4]}, "time_all": {"523_analcatdata_neavote": [79.2838990688324, 64.1221034526825, 65.08820486068726, 63.27375078201294, 65.43623685836792]}, "time_fit": {"523_analcatdata_neavote": [79.2838990688324, 64.1221034526825, 65.08820486068726, 63.27375078201294, 65.43623685836792]}, "sizes": {"523_analcatdata_neavote": []}, "tau": 0.9}, "LightGBM": {"losses": {"523_analcatdata_neavote": [0.06888888888888887, 0.02999999999999999, 0.03888888888888888, 0.047222222222222214, 0.06166666666666666]}, "coverage": {"523_analcatdata_neavote": [0.09999999999999998, 0.09999999999999998, 0.09999999999999998, 0.09999999999999998, 0.09999999999999998]}, "time_all": {"523_analcatdata_neavote": [0.09368181228637695, 0.04267001152038574, 0.04749441146850586, 0.04169964790344238, 0.05033993721008301]}, "time_fit": {"523_analcatdata_neavote": [0.0073854923248291016, 0.006981611251831055, 0.008170366287231445, 0.00708460807800293, 0.008095741271972656]}, "sizes": {"523_analcatdata_neavote": []}, "tau": 0.9}, "DecisionTree": {"losses": {"523_analcatdata_neavote": [0.018888888888888886, 0.013388888888888882, 0.015000000000000001, 0.013555555555555552, 0.02944444444444444]}, "coverage": {"523_analcatdata_neavote": [0.09999999999999998, 0.04999999999999993, 0.0, 0.09999999999999998, 0.0]}, "complexity": {"523_analcatdata_neavote": [3, 3, 3, 5, 3]}, "time_all": {"523_analcatdata_neavote": [0.02780294418334961, 0.026783227920532227, 0.02794647216796875, 0.026008129119873047, 0.028672218322753906]}, "time_fit": {"523_analcatdata_neavote": [0.001711130142211914, 0.0016703605651855469, 0.0016965866088867188, 0.001779317855834961, 0.0016977787017822266]}, "sizes": {"523_analcatdata_neavote": []}, "tau": 0.9}, "LinearQuantile": {"losses": {"523_analcatdata_neavote": [0.02822222481336785, 0.014444425405547844, 0.015555557154309285, 0.013444441497553005, 0.029999998938523884]}, "coverage": {"523_analcatdata_neavote": [0.20000000000000007, 0.55, 0.55, 0.25, 0.25]}, "complexity": {"523_analcatdata_neavote": [6, 6, 6, 6, 6]}, "time_all": {"523_analcatdata_neavote": [0.09040331840515137, 0.09344244003295898, 0.06872940063476562, 0.07355475425720215, 0.06781768798828125]}, "time_fit": {"523_analcatdata_neavote": [0.007281064987182617, 0.00782632827758789, 0.005651712417602539, 0.006019115447998047, 0.0055124759674072266]}, "sizes": {"523_analcatdata_neavote": []}, "tau": 0.9}}