{"SQR": {"losses": {"1096_FacultySalaries": [0.002621517533664669, 0.0012348121155808986, 0.001476586511630203, 0.010402765487318402, 0.0018571005016186578]}, "coverage": {"1096_FacultySalaries": [0.0, 0.0, 0.0, 0.30000000000000004, 0.09999999999999998]}, "complexity": {"1096_FacultySalaries": [7, 13, 10, 18, 21]}, "time_all": {"1096_FacultySalaries": [80.12474989891052, 66.38827228546143, 66.29202723503113, 66.6587872505188, 64.18855547904968]}, "time_fit": {"1096_FacultySalaries": [80.12474989891052, 66.38827228546143, 66.29202723503113, 66.6587872505188, 64.18855547904968]}, "sizes": {"1096_FacultySalaries": []}, "tau": 0.9}, "LightGBM": {"losses": {"1096_FacultySalaries": [0.04161137676386791, 0.06305213171949359, 0.03175354382625662, 0.03976303139314718, 0.061374404541188685]}, "coverage": {"1096_FacultySalaries": [0.09999999999999998, 0.0, 0.0, 0.09999999999999998, 0.0]}, "time_all": {"1096_FacultySalaries": [0.07681107521057129, 0.03578829765319824, 0.03669238090515137, 0.03573727607727051, 0.03477811813354492]}, "time_fit": {"1096_FacultySalaries": [0.003931522369384766, 0.004489421844482422, 0.004437446594238281, 0.004425525665283203, 0.004389047622680664]}, "sizes": {"1096_FacultySalaries": []}, "tau": 0.9}, "DecisionTree": {"losses": {"1096_FacultySalaries": [0.016540278226993978, 0.024786729700162994, 0.020791469144616638, 0.021880561299195335, 0.024189564580377042]}, "coverage": {"1096_FacultySalaries": [0.09999999999999998, 0.30000000000000004, 0.09999999999999998, 0.20000000000000007, 0.20000000000000007]}, "complexity": {"1096_FacultySalaries": [3, 15, 3, 7, 15]}, "time_all": {"1096_FacultySalaries": [0.02917313575744629, 0.029259204864501953, 0.030802488327026367, 0.028719425201416016, 0.029219388961791992]}, "time_fit": {"1096_FacultySalaries": [0.0017201900482177734, 0.002535104751586914, 0.0017235279083251953, 0.001973867416381836, 0.002499818801879883]}, "sizes": {"1096_FacultySalaries": []}, "tau": 0.9}, "LinearQuantile": {"losses": {"1096_FacultySalaries": [0.0023976536898935087, 8.194979393291831e-05, 8.632940384348686e-05, 0.009839832752723142, 0.00010421619041775683]}, "coverage": {"1096_FacultySalaries": [0.20000000000000007, 0.09999999999999998, 0.09999999999999998, 0.09999999999999998, 0.30000000000000004]}, "complexity": {"1096_FacultySalaries": [5, 5, 5, 5, 5]}, "time_all": {"1096_FacultySalaries": [0.06447505950927734, 0.0779411792755127, 0.15819358825683594, 0.07799172401428223, 0.14748930931091309]}, "time_fit": {"1096_FacultySalaries": [0.004965543746948242, 0.0063669681549072266, 0.013743162155151367, 0.0064275264739990234, 0.012383699417114258]}, "sizes": {"1096_FacultySalaries": []}, "tau": 0.9}}