{"SQR": {"losses": {"658_fri_c3_250_25": [0.008448707173501713, 0.005124029632123038, 0.011013609138053972, 0.023121844438697987, 0.005146476091783381]}, "coverage": {"658_fri_c3_250_25": [0.020000000000000018, 0.020000000000000018, 0.020000000000000018, 0.16000000000000003, 0.0]}, "complexity": {"658_fri_c3_250_25": [11, 12, 13, 11, 13]}, "time_all": {"658_fri_c3_250_25": [97.19972658157349, 76.99538969993591, 81.31671285629272, 78.96868515014648, 76.14126253128052]}, "time_fit": {"658_fri_c3_250_25": [97.19972658157349, 76.99538969993591, 81.31671285629272, 78.96868515014648, 76.14126253128052]}, "sizes": {"658_fri_c3_250_25": []}, "tau": 0.9}, "LightGBM": {"losses": {"658_fri_c3_250_25": [0.01752725364829707, 0.019334865728596207, 0.018892405547947435, 0.0278063128348853, 0.017953323817109183]}, "coverage": {"658_fri_c3_250_25": [0.06000000000000005, 0.020000000000000018, 0.020000000000000018, 0.09999999999999998, 0.0]}, "time_all": {"658_fri_c3_250_25": [0.18497729301452637, 0.1551969051361084, 0.1310110092163086, 0.14304566383361816, 0.13305878639221191]}, "time_fit": {"658_fri_c3_250_25": [0.03171586990356445, 0.03432798385620117, 0.02831125259399414, 0.02634406089782715, 0.029819965362548828]}, "sizes": {"658_fri_c3_250_25": []}, "tau": 0.9}, "DecisionTree": {"losses": {"658_fri_c3_250_25": [0.01689654764188133, 0.017560277535116065, 0.01511297900285383, 0.024921571540027804, 0.014939240154442248]}, "coverage": {"658_fri_c3_250_25": [0.09999999999999998, 0.06000000000000005, 0.020000000000000018, 0.08000000000000007, 0.020000000000000018]}, "complexity": {"658_fri_c3_250_25": [15, 9, 9, 9, 9]}, "time_all": {"658_fri_c3_250_25": [0.0669851303100586, 0.06421160697937012, 0.06388568878173828, 0.06509828567504883, 0.06496095657348633]}, "time_fit": {"658_fri_c3_250_25": [0.004846334457397461, 0.003808259963989258, 0.0037775039672851562, 0.0038526058197021484, 0.0037860870361328125]}, "sizes": {"658_fri_c3_250_25": []}, "tau": 0.9}, "LinearQuantile": {"losses": {"658_fri_c3_250_25": [0.06358225138047897, 0.057143859778825204, 0.07055000536088829, 0.08555298988927024, 0.07136257633271469]}, "coverage": {"658_fri_c3_250_25": [0.4, 0.44, 0.48000000000000004, 0.54, 0.4]}, "complexity": {"658_fri_c3_250_25": [25, 25, 25, 25, 25]}, "time_all": {"658_fri_c3_250_25": [0.5120232105255127, 2.0077309608459473, 0.5079638957977295, 0.9579975605010986, 2.3682498931884766]}, "time_fit": {"658_fri_c3_250_25": [0.04527902603149414, 0.1483445167541504, 0.041777610778808594, 0.06769704818725586, 0.18087339401245117]}, "sizes": {"658_fri_c3_250_25": []}, "tau": 0.9}}