{"SQR": {"losses": {"602_fri_c3_250_10": [0.013051469911712197, 0.01101709035806635, 0.016561489414593053, 0.005798778171156456, 0.011675289845462402]}, "coverage": {"602_fri_c3_250_10": [0.0, 0.039999999999999925, 0.08000000000000007, 0.14, 0.020000000000000018]}, "complexity": {"602_fri_c3_250_10": [11, 8, 6, 14, 9]}, "time_all": {"602_fri_c3_250_10": [90.31075882911682, 71.90001463890076, 72.40103650093079, 77.03866362571716, 78.14642906188965]}, "time_fit": {"602_fri_c3_250_10": [90.31075882911682, 71.90001463890076, 72.40103650093079, 77.03866362571716, 78.14642906188965]}, "sizes": {"602_fri_c3_250_10": []}, "tau": 0.9}, "LightGBM": {"losses": {"602_fri_c3_250_10": [0.02873645622374976, 0.024495678809051447, 0.022134132363232386, 0.016270015069486974, 0.017822860476861786]}, "coverage": {"602_fri_c3_250_10": [0.039999999999999925, 0.039999999999999925, 0.08000000000000007, 0.020000000000000018, 0.039999999999999925]}, "time_all": {"602_fri_c3_250_10": [0.16712307929992676, 0.13754987716674805, 0.1355438232421875, 0.14989185333251953, 0.14406251907348633]}, "time_fit": {"602_fri_c3_250_10": [0.02792501449584961, 0.031151533126831055, 0.028130531311035156, 0.034601688385009766, 0.02866053581237793]}, "sizes": {"602_fri_c3_250_10": []}, "tau": 0.9}, "DecisionTree": {"losses": {"602_fri_c3_250_10": [0.020252961580782113, 0.020517729878022944, 0.020881390841761865, 0.025924323980248434, 0.020759128758839764]}, "coverage": {"602_fri_c3_250_10": [0.18000000000000005, 0.09999999999999998, 0.20000000000000007, 0.20000000000000007, 0.05999999999999994]}, "complexity": {"602_fri_c3_250_10": [81, 35, 35, 35, 9]}, "time_all": {"602_fri_c3_250_10": [0.05986142158508301, 0.053807735443115234, 0.053310394287109375, 0.05405426025390625, 0.05156278610229492]}, "time_fit": {"602_fri_c3_250_10": [0.009399175643920898, 0.005223751068115234, 0.005218982696533203, 0.005160808563232422, 0.0029518604278564453]}, "sizes": {"602_fri_c3_250_10": []}, "tau": 0.9}, "LinearQuantile": {"losses": {"602_fri_c3_250_10": [0.06688286726747615, 0.06461254535152366, 0.08230125289568567, 0.0828974914733096, 0.060317107731581804]}, "coverage": {"602_fri_c3_250_10": [0.4, 0.4, 0.54, 0.56, 0.5800000000000001]}, "complexity": {"602_fri_c3_250_10": [10, 10, 10, 10, 10]}, "time_all": {"602_fri_c3_250_10": [0.9530534744262695, 0.2447819709777832, 0.3045055866241455, 0.7499809265136719, 0.27080297470092773]}, "time_fit": {"602_fri_c3_250_10": [0.0852212905883789, 0.020862102508544922, 0.027095556259155273, 0.05704021453857422, 0.0241696834564209]}, "sizes": {"602_fri_c3_250_10": []}, "tau": 0.9}}