{"SQR": {"losses": {"522_pm10": [0.03023062317043537, 0.02977935534117988, 0.030292565658506035, 0.02794656289735937, 0.03241194099037357]}, "coverage": {"522_pm10": [0.050000000000000044, 0.010000000000000009, 0.030000000000000027, 0.0, 0.040000000000000036]}, "complexity": {"522_pm10": [5, 5, 4, 8, 14]}, "time_all": {"522_pm10": [96.8243248462677, 75.68336176872253, 80.93622183799744, 75.48499989509583, 80.86725115776062]}, "time_fit": {"522_pm10": [96.8243248462677, 75.68336176872253, 80.93622183799744, 75.48499989509583, 80.86725115776062]}, "sizes": {"522_pm10": []}, "tau": 0.9}, "LightGBM": {"losses": {"522_pm10": [0.027380217545612002, 0.0258021943581231, 0.028049791275078312, 0.0296546309541532, 0.027933312418681237]}, "coverage": {"522_pm10": [0.010000000000000009, 0.010000000000000009, 0.050000000000000044, 0.010000000000000009, 0.020000000000000018]}, "time_all": {"522_pm10": [0.23538756370544434, 0.21361923217773438, 0.2035808563232422, 0.2097914218902588, 0.19292759895324707]}, "time_fit": {"522_pm10": [0.04137229919433594, 0.04015851020812988, 0.04051613807678223, 0.03780651092529297, 0.04083895683288574]}, "sizes": {"522_pm10": []}, "tau": 0.9}, "DecisionTree": {"losses": {"522_pm10": [0.029763170632610414, 0.02659543365235596, 0.02974872180431868, 0.02864288651335237, 0.02796658348441039]}, "coverage": {"522_pm10": [0.020000000000000018, 0.020000000000000018, 0.08999999999999997, 0.030000000000000027, 0.07000000000000006]}, "complexity": {"522_pm10": [11, 19, 17, 13, 31]}, "time_all": {"522_pm10": [0.0764613151550293, 0.07405996322631836, 0.07357478141784668, 0.07190418243408203, 0.07513618469238281]}, "time_fit": {"522_pm10": [0.003349781036376953, 0.004101991653442383, 0.003954172134399414, 0.0034203529357910156, 0.005208730697631836]}, "sizes": {"522_pm10": []}, "tau": 0.9}, "LinearQuantile": {"losses": {"522_pm10": [0.032507116124704374, 0.03401614801908336, 0.03320334021706717, 0.03384840081794292, 0.03472949639984479]}, "coverage": {"522_pm10": [0.06000000000000005, 0.010000000000000009, 0.020000000000000018, 0.010000000000000009, 0.0]}, "complexity": {"522_pm10": [7, 7, 7, 7, 7]}, "time_all": {"522_pm10": [0.5778603553771973, 0.326657772064209, 0.41400861740112305, 0.2227025032043457, 0.45026183128356934]}, "time_fit": {"522_pm10": [0.05136609077453613, 0.02772045135498047, 0.03479146957397461, 0.018861055374145508, 0.035967350006103516]}, "sizes": {"522_pm10": []}, "tau": 0.9}}