{"SQR": {"losses": {"590_fri_c0_1000_50": [0.006798034073641566, 0.008310118445274902, 0.01226016523064183, 0.011473833428729643, 0.008102827583415299]}, "coverage": {"590_fri_c0_1000_50": [0.025000000000000022, 0.010000000000000009, 0.0050000000000000044, 0.04500000000000004, 0.0050000000000000044]}, "complexity": {"590_fri_c0_1000_50": [13, 12, 8, 9, 13]}, "time_all": {"590_fri_c0_1000_50": [103.20464873313904, 93.1605339050293, 97.736825466156, 92.57958149909973, 92.32321786880493]}, "time_fit": {"590_fri_c0_1000_50": [103.20464873313904, 93.1605339050293, 97.736825466156, 92.57958149909973, 92.32321786880493]}, "sizes": {"590_fri_c0_1000_50": []}, "tau": 0.9}, "LightGBM": {"losses": {"590_fri_c0_1000_50": [0.019372469296098108, 0.020519050320794836, 0.0220080218024631, 0.020081861462044694, 0.021785948141550614]}, "coverage": {"590_fri_c0_1000_50": [0.0, 0.03500000000000003, 0.025000000000000022, 0.025000000000000022, 0.0]}, "time_all": {"590_fri_c0_1000_50": [0.39093637466430664, 0.33496618270874023, 0.3348407745361328, 0.3657817840576172, 0.3647596836090088]}, "time_fit": {"590_fri_c0_1000_50": [0.07204079627990723, 0.06804227828979492, 0.0693197250366211, 0.06820273399353027, 0.0693960189819336]}, "sizes": {"590_fri_c0_1000_50": []}, "tau": 0.9}, "DecisionTree": {"losses": {"590_fri_c0_1000_50": [0.020333589890757422, 0.020565675507617284, 0.02086571500288076, 0.02079335236077918, 0.019779505960937]}, "coverage": {"590_fri_c0_1000_50": [0.040000000000000036, 0.04500000000000004, 0.10499999999999998, 0.07000000000000006, 0.0]}, "complexity": {"590_fri_c0_1000_50": [27, 39, 57, 33, 25]}, "time_all": {"590_fri_c0_1000_50": [0.45983266830444336, 0.44574809074401855, 0.45531368255615234, 0.4494781494140625, 0.4480118751525879]}, "time_fit": {"590_fri_c0_1000_50": [0.030366897583007812, 0.031648874282836914, 0.03706860542297363, 0.03026747703552246, 0.029387712478637695]}, "sizes": {"590_fri_c0_1000_50": []}, "tau": 0.9}, "LinearQuantile": {"losses": {"590_fri_c0_1000_50": [0.04400979097304629, 0.04500280410698881, 0.038236245384079055, 0.04063745264892309, 0.03885642054585457]}, "coverage": {"590_fri_c0_1000_50": [0.465, 0.48000000000000004, 0.43000000000000005, 0.49000000000000005, 0.46]}, "complexity": {"590_fri_c0_1000_50": [50, 50, 50, 50, 50]}, "time_all": {"590_fri_c0_1000_50": [7.524252653121948, 4.936732053756714, 28.502261877059937, 16.952411651611328, 11.188754796981812]}, "time_fit": {"590_fri_c0_1000_50": [0.657543420791626, 0.42073702812194824, 2.1966097354888916, 1.401536464691162, 0.9538061618804932]}, "sizes": {"590_fri_c0_1000_50": []}, "tau": 0.9}}