{"SQR": {"losses": {"593_fri_c1_1000_10": [0.007288957132590725, 0.010582214704193354, 0.008478935811592954, 0.005412928620266318, 0.008724485562331923]}, "coverage": {"593_fri_c1_1000_10": [0.015000000000000013, 0.05499999999999994, 0.03500000000000003, 0.05500000000000005, 0.0050000000000000044]}, "complexity": {"593_fri_c1_1000_10": [13, 8, 11, 13, 14]}, "time_all": {"593_fri_c1_1000_10": [120.68028140068054, 95.46751809120178, 101.31220579147339, 109.19935846328735, 107.65762662887573]}, "time_fit": {"593_fri_c1_1000_10": [120.68028140068054, 95.46751809120178, 101.31220579147339, 109.19935846328735, 107.65762662887573]}, "sizes": {"593_fri_c1_1000_10": []}, "tau": 0.9}, "LightGBM": {"losses": {"593_fri_c1_1000_10": [0.020747038934297038, 0.02066333792422235, 0.020483743907438384, 0.02024369412860812, 0.01983581856297443]}, "coverage": {"593_fri_c1_1000_10": [0.010000000000000009, 0.0050000000000000044, 0.025000000000000022, 0.020000000000000018, 0.0050000000000000044]}, "time_all": {"593_fri_c1_1000_10": [0.3602306842803955, 0.30720996856689453, 0.30845141410827637, 0.35143542289733887, 0.30564332008361816]}, "time_fit": {"593_fri_c1_1000_10": [0.06870484352111816, 0.06383395195007324, 0.06556105613708496, 0.0667581558227539, 0.06253528594970703]}, "sizes": {"593_fri_c1_1000_10": []}, "tau": 0.9}, "DecisionTree": {"losses": {"593_fri_c1_1000_10": [0.01768255292886754, 0.018613098483146875, 0.01814080451512811, 0.019062546510451465, 0.016244386541852614]}, "coverage": {"593_fri_c1_1000_10": [0.08999999999999997, 0.07000000000000006, 0.08999999999999997, 0.06000000000000005, 0.04500000000000004]}, "complexity": {"593_fri_c1_1000_10": [61, 61, 61, 63, 59]}, "time_all": {"593_fri_c1_1000_10": [0.1743638515472412, 0.16956734657287598, 0.17299604415893555, 0.16831636428833008, 0.17345237731933594]}, "time_fit": {"593_fri_c1_1000_10": [0.013282299041748047, 0.013172149658203125, 0.013360738754272461, 0.013151407241821289, 0.012982368469238281]}, "sizes": {"593_fri_c1_1000_10": []}, "tau": 0.9}, "LinearQuantile": {"losses": {"593_fri_c1_1000_10": [0.0726441582953503, 0.07069368290280506, 0.07539982110569439, 0.06830879150439009, 0.0705037238538148]}, "coverage": {"593_fri_c1_1000_10": [0.445, 0.41500000000000004, 0.47500000000000003, 0.445, 0.435]}, "complexity": {"593_fri_c1_1000_10": [10, 10, 10, 10, 10]}, "time_all": {"593_fri_c1_1000_10": [0.37693357467651367, 0.5860748291015625, 0.3410069942474365, 0.3177609443664551, 0.3424508571624756]}, "time_fit": {"593_fri_c1_1000_10": [0.03301215171813965, 0.046864986419677734, 0.02841925621032715, 0.02827739715576172, 0.02904057502746582]}, "sizes": {"593_fri_c1_1000_10": []}, "tau": 0.9}}