{"SQR": {"losses": {"695_chatfield_4": [0.012967704855802543, 0.012345583015850703, 0.01249221387349074, 0.013145452438688579, 0.016622227281797814]}, "coverage": {"695_chatfield_4": [0.04893617021276597, 0.04893617021276597, 0.0787234042553191, 0.014893617021276562, 0.014893617021276562]}, "complexity": {"695_chatfield_4": [2, 2, 2, 2, 2]}, "time_all": {"695_chatfield_4": [87.92831897735596, 80.52202582359314, 72.8300199508667, 73.25747990608215, 78.5680558681488]}, "time_fit": {"695_chatfield_4": [87.92831897735596, 80.52202582359314, 72.8300199508667, 73.25747990608215, 78.5680558681488]}, "sizes": {"695_chatfield_4": []}, "tau": 0.9}, "LightGBM": {"losses": {"695_chatfield_4": [0.021745842468552917, 0.01845300643475614, 0.013843303500769389, 0.02144519235110109, 0.017624849445653915]}, "coverage": {"695_chatfield_4": [0.02765957446808509, 0.014893617021276562, 0.0787234042553191, 0.036170212765957444, 0.014893617021276562]}, "time_all": {"695_chatfield_4": [0.16994333267211914, 0.1302039623260498, 0.12221717834472656, 0.09781336784362793, 0.10890078544616699]}, "time_fit": {"695_chatfield_4": [0.0278012752532959, 0.028160572052001953, 0.02688455581665039, 0.021114349365234375, 0.0233154296875]}, "sizes": {"695_chatfield_4": []}, "tau": 0.9}, "DecisionTree": {"losses": {"695_chatfield_4": [0.012694238575438744, 0.013144207736959505, 0.01243987613270352, 0.019114362901276643, 0.01684086019560105]}, "coverage": {"695_chatfield_4": [0.04893617021276597, 0.014893617021276562, 0.1340425531914894, 0.1127659574468085, 0.02765957446808509]}, "complexity": {"695_chatfield_4": [13, 7, 29, 13, 9]}, "time_all": {"695_chatfield_4": [0.05267596244812012, 0.049973249435424805, 0.05114555358886719, 0.050016164779663086, 0.04905223846435547]}, "time_fit": {"695_chatfield_4": [0.0033850669860839844, 0.002630949020385742, 0.0046994686126708984, 0.003269672393798828, 0.002864837646484375]}, "sizes": {"695_chatfield_4": []}, "tau": 0.9}, "LinearQuantile": {"losses": {"695_chatfield_4": [0.011848007581449669, 0.017626659891253307, 0.010016504546625074, 0.011461052698888093, 0.014548782863077139]}, "coverage": {"695_chatfield_4": [0.02765957446808509, 0.17659574468085104, 0.014893617021276562, 0.02765957446808509, 0.014893617021276562]}, "complexity": {"695_chatfield_4": [12, 12, 12, 12, 12]}, "time_all": {"695_chatfield_4": [0.23483681678771973, 0.19859814643859863, 0.5148167610168457, 0.4019734859466553, 0.2035679817199707]}, "time_fit": {"695_chatfield_4": [0.0200498104095459, 0.017132282257080078, 0.04495525360107422, 0.03498077392578125, 0.017958879470825195]}, "sizes": {"695_chatfield_4": []}, "tau": 0.9}}