{"SQR": {"losses": {"615_fri_c4_250_10": [0.006811750787011093, 0.007482628178357259, 0.012051189279172914, 0.008059312234912547, 0.006170733246488602]}, "coverage": {"615_fri_c4_250_10": [0.0, 0.06000000000000005, 0.06000000000000005, 0.05999999999999994, 0.020000000000000018]}, "complexity": {"615_fri_c4_250_10": [14, 15, 12, 9, 13]}, "time_all": {"615_fri_c4_250_10": [90.21421337127686, 77.68827414512634, 71.65248417854309, 76.44165015220642, 75.83521747589111]}, "time_fit": {"615_fri_c4_250_10": [90.21421337127686, 77.68827414512634, 71.65248417854309, 76.44165015220642, 75.83521747589111]}, "sizes": {"615_fri_c4_250_10": []}, "tau": 0.9}, "LightGBM": {"losses": {"615_fri_c4_250_10": [0.01764819025612221, 0.018696527050118306, 0.02154038530249859, 0.0211842200571233, 0.032008081082297635]}, "coverage": {"615_fri_c4_250_10": [0.06000000000000005, 0.020000000000000018, 0.039999999999999925, 0.05999999999999994, 0.12]}, "time_all": {"615_fri_c4_250_10": [0.16242671012878418, 0.132551908493042, 0.12435698509216309, 0.14625787734985352, 0.13869309425354004]}, "time_fit": {"615_fri_c4_250_10": [0.022397756576538086, 0.024564504623413086, 0.02828216552734375, 0.03278923034667969, 0.031108856201171875]}, "sizes": {"615_fri_c4_250_10": []}, "tau": 0.9}, "DecisionTree": {"losses": {"615_fri_c4_250_10": [0.019362845062489618, 0.018494994232042865, 0.016648929639767256, 0.020370608478318803, 0.02925880335662152]}, "coverage": {"615_fri_c4_250_10": [0.08000000000000007, 0.020000000000000018, 0.040000000000000036, 0.08000000000000007, 0.14]}, "complexity": {"615_fri_c4_250_10": [7, 5, 33, 35, 35]}, "time_all": {"615_fri_c4_250_10": [0.05131030082702637, 0.04977536201477051, 0.05295705795288086, 0.053041934967041016, 0.05379843711853027]}, "time_fit": {"615_fri_c4_250_10": [0.002582550048828125, 0.0022840499877929688, 0.005064964294433594, 0.005176067352294922, 0.005251884460449219]}, "sizes": {"615_fri_c4_250_10": []}, "tau": 0.9}, "LinearQuantile": {"losses": {"615_fri_c4_250_10": [0.057737586794674035, 0.05725920109715788, 0.05793239899580063, 0.05238968447663821, 0.07664514164106699]}, "coverage": {"615_fri_c4_250_10": [0.46, 0.52, 0.44, 0.30000000000000004, 0.46]}, "complexity": {"615_fri_c4_250_10": [10, 10, 10, 10, 10]}, "time_all": {"615_fri_c4_250_10": [0.5914535522460938, 0.23944759368896484, 0.6933548450469971, 0.9594180583953857, 0.33796072006225586]}, "time_fit": {"615_fri_c4_250_10": [0.05234217643737793, 0.020479202270507812, 0.05344581604003906, 0.08597898483276367, 0.028951644897460938]}, "sizes": {"615_fri_c4_250_10": []}, "tau": 0.9}}