{"SQR": {"losses": {"215_2dplanes": [0.00879281876681084, 0.013544979722914085, 0.012232230848267018, 0.010627869474710974, 0.010684921730114134]}, "coverage": {"215_2dplanes": [0.0025263674270297187, 0.01783173902379198, 0.00041697326465539586, 0.0015577088188397648, 0.007764013246657653]}, "complexity": {"215_2dplanes": [18, 9, 12, 13, 15]}, "time_all": {"215_2dplanes": [1571.457039117813, 1537.343015909195, 1651.3270943164825, 1501.0396666526794, 1508.6914834976196]}, "time_fit": {"215_2dplanes": [1571.457039117813, 1537.343015909195, 1651.3270943164825, 1501.0396666526794, 1508.6914834976196]}, "sizes": {"215_2dplanes": []}, "tau": 0.9}, "LightGBM": {"losses": {"215_2dplanes": [0.010198140699472382, 0.0101574196996426, 0.010447002447692115, 0.0103872814087441, 0.010378884688783882]}, "coverage": {"215_2dplanes": [0.04419916605347063, 0.04419916605347063, 0.0444444444444444, 0.04946645406598793, 0.04836256592665278]}, "time_all": {"215_2dplanes": [1.602708101272583, 1.354804515838623, 1.3557569980621338, 1.3814001083374023, 1.3966951370239258]}, "time_fit": {"215_2dplanes": [0.23454046249389648, 0.22211241722106934, 0.22121691703796387, 0.23244166374206543, 0.23119568824768066]}, "sizes": {"215_2dplanes": []}, "tau": 0.9}, "DecisionTree": {"losses": {"215_2dplanes": [0.007276507467112172, 0.007421742091360939, 0.00725937082455071, 0.007278768752577575, 0.007232790549766769]}, "coverage": {"215_2dplanes": [0.012337503065979916, 0.025582536178562654, 0.01871474123129757, 0.014068441064638781, 0.012228627499080158]}, "complexity": {"215_2dplanes": [973, 1067, 981, 971, 997]}, "time_all": {"215_2dplanes": [2.5092668533325195, 2.4152402877807617, 2.5969111919403076, 2.5583276748657227, 2.5464284420013428]}, "time_fit": {"215_2dplanes": [0.1071016788482666, 0.11209559440612793, 0.10820341110229492, 0.10677504539489746, 0.10802602767944336]}, "sizes": {"215_2dplanes": []}, "tau": 0.9}, "LinearQuantile": {"losses": {"215_2dplanes": [0.016200968986223814, 0.016220431974747828, 0.016301477498469913, 0.016084802886370445, 0.016430662887107192]}, "coverage": {"215_2dplanes": [0.00029433406916845595, 0.004488594554819758, 0.0006622516556291647, 0.001508647123758089, 0.0011897461057279735]}, "complexity": {"215_2dplanes": [29, 29, 29, 29, 29]}, "time_all": {"215_2dplanes": [34.63138747215271, 26.879987716674805, 26.557820558547974, 22.968047380447388, 21.496195554733276]}, "time_fit": {"215_2dplanes": [3.1023154258728027, 2.425534963607788, 2.4177143573760986, 2.011751651763916, 1.883758306503296]}, "sizes": {"215_2dplanes": []}, "tau": 0.9}}