{"SQR": {"losses": {"606_fri_c2_1000_10": [0.01606104877326021, 0.006200432391847721, 0.010536953215126073, 0.008320033506840761, 0.010391462433589531]}, "coverage": {"606_fri_c2_1000_10": [0.020000000000000018, 0.020000000000000018, 0.030000000000000027, 0.0050000000000000044, 0.020000000000000018]}, "complexity": {"606_fri_c2_1000_10": [9, 19, 11, 15, 13]}, "time_all": {"606_fri_c2_1000_10": [122.87984538078308, 104.97208666801453, 107.44898343086243, 106.50284576416016, 118.64949584007263]}, "time_fit": {"606_fri_c2_1000_10": [122.87984538078308, 104.97208666801453, 107.44898343086243, 106.50284576416016, 118.64949584007263]}, "sizes": {"606_fri_c2_1000_10": []}, "tau": 0.9}, "LightGBM": {"losses": {"606_fri_c2_1000_10": [0.02375437030516184, 0.02009615842530988, 0.018181791700648993, 0.018312717723778786, 0.019075758214711927]}, "coverage": {"606_fri_c2_1000_10": [0.03500000000000003, 0.015000000000000013, 0.0050000000000000044, 0.025000000000000022, 0.050000000000000044]}, "time_all": {"606_fri_c2_1000_10": [0.3610813617706299, 0.31857728958129883, 0.3448958396911621, 0.3050377368927002, 0.3309617042541504]}, "time_fit": {"606_fri_c2_1000_10": [0.068359375, 0.06661272048950195, 0.06444859504699707, 0.06362605094909668, 0.06277966499328613]}, "sizes": {"606_fri_c2_1000_10": []}, "tau": 0.9}, "DecisionTree": {"losses": {"606_fri_c2_1000_10": [0.01846966584618997, 0.019313943223060244, 0.016221138226477548, 0.01726960833306699, 0.0179254152657281]}, "coverage": {"606_fri_c2_1000_10": [0.030000000000000027, 0.06500000000000006, 0.050000000000000044, 0.06500000000000006, 0.03500000000000003]}, "complexity": {"606_fri_c2_1000_10": [35, 61, 31, 57, 33]}, "time_all": {"606_fri_c2_1000_10": [0.1713707447052002, 0.16866207122802734, 0.1655585765838623, 0.16988515853881836, 0.16998767852783203]}, "time_fit": {"606_fri_c2_1000_10": [0.010306835174560547, 0.012586832046508789, 0.009572029113769531, 0.012671709060668945, 0.010042190551757812]}, "sizes": {"606_fri_c2_1000_10": []}, "tau": 0.9}, "LinearQuantile": {"losses": {"606_fri_c2_1000_10": [0.067883510558973, 0.07426829882944073, 0.07241952506354431, 0.07110115732197975, 0.07638727215705343]}, "coverage": {"606_fri_c2_1000_10": [0.41500000000000004, 0.405, 0.47500000000000003, 0.4, 0.47500000000000003]}, "complexity": {"606_fri_c2_1000_10": [10, 10, 10, 10, 10]}, "time_all": {"606_fri_c2_1000_10": [0.4082019329071045, 1.555694341659546, 0.5721547603607178, 0.3636014461517334, 0.3474884033203125]}, "time_fit": {"606_fri_c2_1000_10": [0.03585314750671387, 0.12059831619262695, 0.04432797431945801, 0.03001999855041504, 0.03108072280883789]}, "sizes": {"606_fri_c2_1000_10": []}, "tau": 0.9}}