{"SQR": {"losses": {"647_fri_c1_250_10": [0.007480688135611742, 0.02134660862268336, 0.007397522639061794, 0.009931279240988015, 0.005831788803100517]}, "coverage": {"647_fri_c1_250_10": [0.0, 0.09999999999999998, 0.039999999999999925, 0.0, 0.040000000000000036]}, "complexity": {"647_fri_c1_250_10": [13, 8, 13, 12, 15]}, "time_all": {"647_fri_c1_250_10": [90.4849922657013, 74.16317319869995, 77.2514717578888, 75.29002547264099, 80.30265021324158]}, "time_fit": {"647_fri_c1_250_10": [90.4849922657013, 74.16317319869995, 77.2514717578888, 75.29002547264099, 80.30265021324158]}, "sizes": {"647_fri_c1_250_10": []}, "tau": 0.9}, "LightGBM": {"losses": {"647_fri_c1_250_10": [0.02072942294994987, 0.026306457690751364, 0.025989814340636127, 0.0236988636315383, 0.021617066191628127]}, "coverage": {"647_fri_c1_250_10": [0.040000000000000036, 0.0, 0.0, 0.020000000000000018, 0.020000000000000018]}, "time_all": {"647_fri_c1_250_10": [0.17273545265197754, 0.12281107902526855, 0.11867237091064453, 0.14440178871154785, 0.11667323112487793]}, "time_fit": {"647_fri_c1_250_10": [0.029562950134277344, 0.027199983596801758, 0.020825624465942383, 0.024068117141723633, 0.019361257553100586]}, "sizes": {"647_fri_c1_250_10": []}, "tau": 0.9}, "DecisionTree": {"losses": {"647_fri_c1_250_10": [0.020365509992661925, 0.0293192218421535, 0.018309296643319217, 0.020505363469650904, 0.01602411833910767]}, "coverage": {"647_fri_c1_250_10": [0.040000000000000036, 0.06000000000000005, 0.0, 0.18000000000000005, 0.040000000000000036]}, "complexity": {"647_fri_c1_250_10": [17, 33, 9, 35, 13]}, "time_all": {"647_fri_c1_250_10": [0.05292916297912598, 0.05121302604675293, 0.0499880313873291, 0.054944753646850586, 0.04943728446960449]}, "time_fit": {"647_fri_c1_250_10": [0.003758668899536133, 0.005015850067138672, 0.002813100814819336, 0.005178689956665039, 0.003265380859375]}, "sizes": {"647_fri_c1_250_10": []}, "tau": 0.9}, "LinearQuantile": {"losses": {"647_fri_c1_250_10": [0.08432417186453994, 0.07425864509237427, 0.08648666158170393, 0.07225589144114662, 0.08581258213789265]}, "coverage": {"647_fri_c1_250_10": [0.52, 0.44, 0.38, 0.46, 0.42000000000000004]}, "complexity": {"647_fri_c1_250_10": [10, 10, 10, 10, 10]}, "time_all": {"647_fri_c1_250_10": [1.8690440654754639, 0.11615252494812012, 0.14048290252685547, 2.4931368827819824, 0.2498340606689453]}, "time_fit": {"647_fri_c1_250_10": [0.12035226821899414, 0.010156631469726562, 0.012143850326538086, 0.18466567993164062, 0.022533655166625977]}, "sizes": {"647_fri_c1_250_10": []}, "tau": 0.9}}