{"SQR": {"losses": {"663_rabe_266": [0.003474933181151154, 0.005683058968466908, 0.004968970382256432, 0.0060748580722088516, 0.0055776764553434974]}, "coverage": {"663_rabe_266": [0.025000000000000022, 0.05833333333333335, 0.10833333333333339, 0.016666666666666607, 0.016666666666666607]}, "complexity": {"663_rabe_266": [13, 13, 15, 11, 13]}, "time_all": {"663_rabe_266": [86.26942086219788, 69.83880710601807, 69.78915166854858, 71.17671251296997, 69.5659167766571]}, "time_fit": {"663_rabe_266": [86.26942086219788, 69.83880710601807, 69.78915166854858, 71.17671251296997, 69.5659167766571]}, "sizes": {"663_rabe_266": []}, "tau": 0.9}, "LightGBM": {"losses": {"663_rabe_266": [0.022697855402014442, 0.019851135668212123, 0.021854743386586325, 0.027744554116328937, 0.020133378283713116]}, "coverage": {"663_rabe_266": [0.06666666666666665, 0.10833333333333339, 0.016666666666666607, 0.05833333333333335, 0.05833333333333335]}, "time_all": {"663_rabe_266": [0.1213529109954834, 0.09902334213256836, 0.07271885871887207, 0.09062767028808594, 0.07771158218383789]}, "time_fit": {"663_rabe_266": [0.015014171600341797, 0.02080535888671875, 0.01134490966796875, 0.018770217895507812, 0.015411853790283203]}, "sizes": {"663_rabe_266": []}, "tau": 0.9}, "DecisionTree": {"losses": {"663_rabe_266": [0.027698618307426603, 0.021968911917098443, 0.022685664939550942, 0.0234412780656304, 0.017711571675302244]}, "coverage": {"663_rabe_266": [0.10833333333333339, 0.10833333333333339, 0.10833333333333339, 0.05833333333333335, 0.016666666666666607]}, "complexity": {"663_rabe_266": [7, 5, 7, 23, 7]}, "time_all": {"663_rabe_266": [0.0324099063873291, 0.032273292541503906, 0.0316007137298584, 0.03350663185119629, 0.03176546096801758]}, "time_fit": {"663_rabe_266": [0.0020906925201416016, 0.0018846988677978516, 0.0020313262939453125, 0.003209352493286133, 0.002032756805419922]}, "sizes": {"663_rabe_266": []}, "tau": 0.9}, "LinearQuantile": {"losses": {"663_rabe_266": [0.006635744345449419, 0.005362726899153923, 0.0052352895778452644, 0.003641128686460952, 0.005075650431370107]}, "coverage": {"663_rabe_266": [0.10833333333333339, 0.06666666666666665, 0.06666666666666665, 0.05833333333333335, 0.025000000000000022]}, "complexity": {"663_rabe_266": [11, 11, 11, 11, 11]}, "time_all": {"663_rabe_266": [0.9192171096801758, 0.3139834403991699, 0.3036787509918213, 0.29570889472961426, 0.674893856048584]}, "time_fit": {"663_rabe_266": [0.0821084976196289, 0.028069496154785156, 0.026351451873779297, 0.025025606155395508, 0.05130767822265625]}, "sizes": {"663_rabe_266": []}, "tau": 0.9}}