{"SQR": {"losses": {"657_fri_c2_250_10": [0.012532546982697233, 0.013691978657347599, 0.013840191239175537, 0.01005046863557111, 0.009197491539284217]}, "coverage": {"657_fri_c2_250_10": [0.020000000000000018, 0.12, 0.0, 0.020000000000000018, 0.06000000000000005]}, "complexity": {"657_fri_c2_250_10": [12, 14, 12, 14, 14]}, "time_all": {"657_fri_c2_250_10": [89.27752017974854, 74.44181561470032, 80.13671135902405, 79.20747256278992, 79.77342748641968]}, "time_fit": {"657_fri_c2_250_10": [89.27752017974854, 74.44181561470032, 80.13671135902405, 79.20747256278992, 79.77342748641968]}, "sizes": {"657_fri_c2_250_10": []}, "tau": 0.9}, "LightGBM": {"losses": {"657_fri_c2_250_10": [0.025570742201666347, 0.024838306817715382, 0.028907122773928637, 0.028926660845908198, 0.023529468147998195]}, "coverage": {"657_fri_c2_250_10": [0.08000000000000007, 0.040000000000000036, 0.06000000000000005, 0.0, 0.020000000000000018]}, "time_all": {"657_fri_c2_250_10": [0.17310786247253418, 0.12619662284851074, 0.15511679649353027, 0.12412571907043457, 0.1501331329345703]}, "time_fit": {"657_fri_c2_250_10": [0.030127525329589844, 0.02814459800720215, 0.03627204895019531, 0.027619123458862305, 0.03506183624267578]}, "sizes": {"657_fri_c2_250_10": []}, "tau": 0.9}, "DecisionTree": {"losses": {"657_fri_c2_250_10": [0.018835203281114137, 0.025345679155948632, 0.031110824836280766, 0.02439431814232025, 0.017426632885831083]}, "coverage": {"657_fri_c2_250_10": [0.020000000000000018, 0.09999999999999998, 0.09999999999999998, 0.08000000000000007, 0.12]}, "complexity": {"657_fri_c2_250_10": [17, 15, 13, 81, 35]}, "time_all": {"657_fri_c2_250_10": [0.052962541580200195, 0.05173969268798828, 0.049288272857666016, 0.055823564529418945, 0.05541801452636719]}, "time_fit": {"657_fri_c2_250_10": [0.003648042678833008, 0.0035085678100585938, 0.0032379627227783203, 0.008810281753540039, 0.005250453948974609]}, "sizes": {"657_fri_c2_250_10": []}, "tau": 0.9}, "LinearQuantile": {"losses": {"657_fri_c2_250_10": [0.08694505314216276, 0.08485696015681198, 0.0852298773036173, 0.08551464151025129, 0.08574325040854412]}, "coverage": {"657_fri_c2_250_10": [0.54, 0.36, 0.46, 0.46, 0.48000000000000004]}, "complexity": {"657_fri_c2_250_10": [10, 10, 10, 10, 10]}, "time_all": {"657_fri_c2_250_10": [0.6309726238250732, 0.16394686698913574, 0.33087635040283203, 0.23589086532592773, 0.3793833255767822]}, "time_fit": {"657_fri_c2_250_10": [0.055951595306396484, 0.014089584350585938, 0.029177427291870117, 0.02082681655883789, 0.03376507759094238]}, "sizes": {"657_fri_c2_250_10": []}, "tau": 0.9}}