{"SQR": {"losses": {"1027_ESL": [0.015306131122448982, 0.019260215867346938, 0.014795918367346938, 0.015077328221649484, 0.013788659793814429]}, "coverage": {"1027_ESL": [0.06938775510204076, 0.02857142857142858, 0.07959183673469383, 0.06907216494845358, 0.07938144329896901]}, "complexity": {"1027_ESL": [8, 9, 9, 8, 9]}, "time_all": {"1027_ESL": [104.01293444633484, 90.34348726272583, 88.24081683158875, 87.44310092926025, 87.92960786819458]}, "time_fit": {"1027_ESL": [104.01293444633484, 90.34348726272583, 88.24081683158875, 87.44310092926025, 87.92960786819458]}, "sizes": {"1027_ESL": []}, "tau": 0.9}, "LightGBM": {"losses": {"1027_ESL": [0.014503867970865536, 0.019377723377031905, 0.019222005162511022, 0.016973448685495537, 0.014793382939738498]}, "coverage": {"1027_ESL": [0.02857142857142858, 0.0020408163265306367, 0.01224489795918371, 0.027835051546391765, 0.04845360824742262]}, "time_all": {"1027_ESL": [0.20209646224975586, 0.14493584632873535, 0.18826603889465332, 0.1657564640045166, 0.16573691368103027]}, "time_fit": {"1027_ESL": [0.03806424140930176, 0.029742002487182617, 0.03203439712524414, 0.03612923622131348, 0.03557229042053223]}, "sizes": {"1027_ESL": []}, "tau": 0.9}, "DecisionTree": {"losses": {"1027_ESL": [0.014145408163265307, 0.016645408163265304, 0.01534438775510204, 0.012615979381443298, 0.011636597938144332]}, "coverage": {"1027_ESL": [0.0020408163265306367, 0.01836734693877551, 0.0020408163265306367, 0.03814432989690719, 0.027835051546391765]}, "complexity": {"1027_ESL": [129, 125, 127, 121, 133]}, "time_all": {"1027_ESL": [0.0671079158782959, 0.06594228744506836, 0.06460404396057129, 0.06421303749084473, 0.06563019752502441]}, "time_fit": {"1027_ESL": [0.011622428894042969, 0.010872602462768555, 0.010871648788452148, 0.010625362396240234, 0.011311769485473633]}, "sizes": {"1027_ESL": []}, "tau": 0.9}, "LinearQuantile": {"losses": {"1027_ESL": [0.009853342845903052, 0.016490976740280383, 0.01065050510490831, 0.014545762188395196, 0.012603524689026577]}, "coverage": {"1027_ESL": [0.0836734693877551, 0.0836734693877551, 0.10408163265306125, 0.05463917525773199, 0.10618556701030935]}, "complexity": {"1027_ESL": [34, 34, 34, 34, 34]}, "time_all": {"1027_ESL": [0.6962375640869141, 1.4393377304077148, 1.3437578678131104, 0.403735876083374, 0.7798840999603271]}, "time_fit": {"1027_ESL": [0.05727195739746094, 0.09475445747375488, 0.10233759880065918, 0.035031795501708984, 0.05964350700378418]}, "sizes": {"1027_ESL": []}, "tau": 0.9}}