{"SQR": {"losses": {"564_fried": [0.01061509276893236, 0.010055935005646029, 0.008342790538009714, 0.006063597966427941, 0.009765568241967424]}, "coverage": {"564_fried": [0.01160166789305861, 0.013907284768211903, 0.004218788324748535, 0.02375812584324788, 0.0022936342450632363]}, "complexity": {"564_fried": [8, 12, 16, 11, 13]}, "time_all": {"564_fried": [1730.7118062973022, 1324.6022124290466, 1333.5764331817627, 1546.5548911094666, 1578.5846350193024]}, "time_fit": {"564_fried": [1730.7118062973022, 1324.6022124290466, 1333.5764331817627, 1546.5548911094666, 1578.5846350193024]}, "sizes": {"564_fried": []}, "tau": 0.9}, "LightGBM": {"losses": {"564_fried": [0.013281444072944553, 0.013381188423950802, 0.013575579267909452, 0.013341923531814279, 0.01320828745610851]}, "coverage": {"564_fried": [0.0335295560461123, 0.026416482707873445, 0.026171204316899677, 0.026039494664540586, 0.022359867533423228]}, "time_all": {"564_fried": [1.9574668407440186, 1.8295934200286865, 1.8027687072753906, 1.8274803161621094, 1.8072624206542969]}, "time_fit": {"564_fried": [0.31631970405578613, 0.28667569160461426, 0.27898406982421875, 0.27107954025268555, 0.28336286544799805]}, "sizes": {"564_fried": []}, "tau": 0.9}, "DecisionTree": {"losses": {"564_fried": [0.010263377629102777, 0.01010180689168719, 0.010370116529786443, 0.010276500944615873, 0.010282719042362927]}, "coverage": {"564_fried": [0.06605347068923229, 0.060902624478783474, 0.06887417218543046, 0.07564086839200301, 0.053195142892186964]}, "complexity": {"564_fried": [2517, 2503, 2499, 2529, 1615]}, "time_all": {"564_fried": [5.123802900314331, 5.090335845947266, 5.085536003112793, 5.050319194793701, 5.001906633377075]}, "time_fit": {"564_fried": [0.414933443069458, 0.42281389236450195, 0.4139587879180908, 0.4184427261352539, 0.3566563129425049]}, "sizes": {"564_fried": []}, "tau": 0.9}, "LinearQuantile": {"losses": {"564_fried": [0.013476195767229011, 0.01333191567560444, 0.013624634018473582, 0.013499431910860017, 0.013664967673824543]}, "coverage": {"564_fried": [0.0021339220014716664, 0.0027716458180034875, 0.008290409614912897, 0.010879430884337071, 0.009652888507297952]}, "complexity": {"564_fried": [10, 10, 10, 10, 10]}, "time_all": {"564_fried": [4.101642370223999, 4.832695245742798, 12.671744585037231, 3.371682643890381, 16.111528158187866]}, "time_fit": {"564_fried": [0.35581374168395996, 0.40421032905578613, 0.9951322078704834, 0.2772548198699951, 1.4538121223449707]}, "sizes": {"564_fried": []}, "tau": 0.9}}