{"SQR": {"losses": {"612_fri_c1_1000_5": [0.011119547756670605, 0.013083176166444917, 0.0045329330392369395, 0.010099450488211486, 0.006935312423939073]}, "coverage": {"612_fri_c1_1000_5": [0.039999999999999925, 0.020000000000000018, 0.010000000000000009, 0.025000000000000022, 0.025000000000000022]}, "complexity": {"612_fri_c1_1000_5": [7, 7, 15, 12, 14]}, "time_all": {"612_fri_c1_1000_5": [112.54179120063782, 98.18772482872009, 106.06413078308105, 97.32697653770447, 108.08343648910522]}, "time_fit": {"612_fri_c1_1000_5": [112.54179120063782, 98.18772482872009, 106.06413078308105, 97.32697653770447, 108.08343648910522]}, "sizes": {"612_fri_c1_1000_5": []}, "tau": 0.9}, "LightGBM": {"losses": {"612_fri_c1_1000_5": [0.017532728777970182, 0.020155119108495687, 0.019391886948660092, 0.01919053747104464, 0.020426565255087823]}, "coverage": {"612_fri_c1_1000_5": [0.0, 0.0050000000000000044, 0.020000000000000018, 0.015000000000000013, 0.015000000000000013]}, "time_all": {"612_fri_c1_1000_5": [0.3655393123626709, 0.3030874729156494, 0.30652856826782227, 0.3080620765686035, 0.3278367519378662]}, "time_fit": {"612_fri_c1_1000_5": [0.06569314002990723, 0.06328105926513672, 0.06308507919311523, 0.06041669845581055, 0.06080794334411621]}, "sizes": {"612_fri_c1_1000_5": []}, "tau": 0.9}, "DecisionTree": {"losses": {"612_fri_c1_1000_5": [0.016235451869364762, 0.017798766032713288, 0.01686074871382217, 0.017282119959873856, 0.018769461771355276]}, "coverage": {"612_fri_c1_1000_5": [0.0, 0.08999999999999997, 0.19500000000000006, 0.010000000000000009, 0.08000000000000007]}, "complexity": {"612_fri_c1_1000_5": [31, 39, 331, 23, 59]}, "time_all": {"612_fri_c1_1000_5": [0.13198304176330566, 0.12986016273498535, 0.15204930305480957, 0.12702083587646484, 0.1323070526123047]}, "time_fit": {"612_fri_c1_1000_5": [0.006791591644287109, 0.00760197639465332, 0.02978229522705078, 0.0057942867279052734, 0.009673595428466797]}, "sizes": {"612_fri_c1_1000_5": []}, "tau": 0.9}, "LinearQuantile": {"losses": {"612_fri_c1_1000_5": [0.07745083441842866, 0.06807662308226957, 0.07006140566670611, 0.06636107825919196, 0.06662932893853618]}, "coverage": {"612_fri_c1_1000_5": [0.47000000000000003, 0.4, 0.44, 0.42500000000000004, 0.435]}, "complexity": {"612_fri_c1_1000_5": [5, 5, 5, 5, 5]}, "time_all": {"612_fri_c1_1000_5": [0.4061770439147949, 0.8061985969543457, 0.49017333984375, 0.22033905982971191, 0.16831064224243164]}, "time_fit": {"612_fri_c1_1000_5": [0.035559654235839844, 0.05689287185668945, 0.0399477481842041, 0.019438505172729492, 0.014737606048583984]}, "sizes": {"612_fri_c1_1000_5": []}, "tau": 0.9}}