{"SQR": {"losses": {"225_puma8NH": [0.023820273158336826, 0.022709170947930846, 0.022961676333842197, 0.022818314520013767, 0.022155241098778734]}, "coverage": {"225_puma8NH": [0.011653447223917035, 0.010311165344722317, 0.001098901098901095, 0.005372405372405353, 0.002564102564102555]}, "complexity": {"225_puma8NH": [4, 4, 4, 4, 5]}, "time_all": {"225_puma8NH": [566.0519344806671, 527.1432275772095, 518.0905640125275, 542.1049177646637, 476.66025710105896]}, "time_fit": {"225_puma8NH": [566.0519344806671, 527.1432275772095, 518.0905640125275, 542.1049177646637, 476.66025710105896]}, "sizes": {"225_puma8NH": []}, "tau": 0.9}, "LightGBM": {"losses": {"225_puma8NH": [0.023132288508212685, 0.02154698887868266, 0.022046278353045557, 0.021889797218510355, 0.021379763179558756]}, "coverage": {"225_puma8NH": [0.007382550335570448, 0.016412446613788823, 0.009645909645909612, 0.00073260073260073, 0.02063492063492056]}, "time_all": {"225_puma8NH": [1.1097817420959473, 1.0266993045806885, 1.032627820968628, 1.0098164081573486, 1.054203987121582]}, "time_fit": {"225_puma8NH": [0.15472817420959473, 0.13836884498596191, 0.14578700065612793, 0.13721847534179688, 0.14798498153686523]}, "sizes": {"225_puma8NH": []}, "tau": 0.9}, "DecisionTree": {"losses": {"225_puma8NH": [0.02319822132459719, 0.02157296486329018, 0.022404537717621163, 0.02161349377369081, 0.02115872829678733]}, "coverage": {"225_puma8NH": [0.03239780353874311, 0.023245881635143406, 0.012942612942613008, 0.03308913308913308, 0.01904761904761909]}, "complexity": {"225_puma8NH": [203, 227, 203, 207, 211]}, "time_all": {"225_puma8NH": [1.2365593910217285, 0.8710489273071289, 0.9641745090484619, 0.8600380420684814, 1.1766331195831299]}, "time_fit": {"225_puma8NH": [0.05237221717834473, 0.05166339874267578, 0.05152177810668945, 0.05235433578491211, 0.05132722854614258]}, "sizes": {"225_puma8NH": []}, "tau": 0.9}, "LinearQuantile": {"losses": {"225_puma8NH": [0.09738842154262958, 0.09610681267955579, 0.09220987794786278, 0.0933650188674428, 0.09496202612290405]}, "coverage": {"225_puma8NH": [0.5241610738255034, 0.5143990237949969, 0.4927960927960928, 0.4897435897435898, 0.5037851037851038]}, "complexity": {"225_puma8NH": [8, 8, 8, 8, 8]}, "time_all": {"225_puma8NH": [1.2362971305847168, 0.740570068359375, 0.5525341033935547, 0.44693565368652344, 0.5248606204986572]}, "time_fit": {"225_puma8NH": [0.10928750038146973, 0.06795430183410645, 0.049910545349121094, 0.04042768478393555, 0.04735159873962402]}, "sizes": {"225_puma8NH": []}, "tau": 0.9}}