{"SQR": {"losses": {"613_fri_c3_250_5": [0.012068475490879598, 0.007138503875744182, 0.012916417130502941, 0.010945376513959975, 0.006365018103471614]}, "coverage": {"613_fri_c3_250_5": [0.020000000000000018, 0.020000000000000018, 0.039999999999999925, 0.040000000000000036, 0.06000000000000005]}, "complexity": {"613_fri_c3_250_5": [6, 15, 9, 9, 14]}, "time_all": {"613_fri_c3_250_5": [85.01215839385986, 80.42973184585571, 77.31425356864929, 74.76993894577026, 73.86791634559631]}, "time_fit": {"613_fri_c3_250_5": [85.01215839385986, 80.42973184585571, 77.31425356864929, 74.76993894577026, 73.86791634559631]}, "sizes": {"613_fri_c3_250_5": []}, "tau": 0.9}, "LightGBM": {"losses": {"613_fri_c3_250_5": [0.020079574864997847, 0.024755060003756442, 0.022645764773368552, 0.02041108057915603, 0.018866950627608008]}, "coverage": {"613_fri_c3_250_5": [0.14, 0.020000000000000018, 0.020000000000000018, 0.020000000000000018, 0.020000000000000018]}, "time_all": {"613_fri_c3_250_5": [0.16975688934326172, 0.13503003120422363, 0.12231945991516113, 0.14708399772644043, 0.12556886672973633]}, "time_fit": {"613_fri_c3_250_5": [0.028486251831054688, 0.021015644073486328, 0.02729010581970215, 0.0344538688659668, 0.029377460479736328]}, "sizes": {"613_fri_c3_250_5": []}, "tau": 0.9}, "DecisionTree": {"losses": {"613_fri_c3_250_5": [0.021123171556074506, 0.023975640618658065, 0.02279403968657638, 0.02577046253051413, 0.017795159980895033]}, "coverage": {"613_fri_c3_250_5": [0.08000000000000007, 0.26, 0.06000000000000005, 0.020000000000000018, 0.040000000000000036]}, "complexity": {"613_fri_c3_250_5": [37, 81, 29, 7, 17]}, "time_all": {"613_fri_c3_250_5": [0.049076080322265625, 0.05040907859802246, 0.04598855972290039, 0.04630160331726074, 0.045221567153930664]}, "time_fit": {"613_fri_c3_250_5": [0.004769325256347656, 0.00789332389831543, 0.0040836334228515625, 0.002209901809692383, 0.003116130828857422]}, "sizes": {"613_fri_c3_250_5": []}, "tau": 0.9}, "LinearQuantile": {"losses": {"613_fri_c3_250_5": [0.06872576316832549, 0.07812482862216237, 0.05410103791790163, 0.08285728844315579, 0.054064046683560366]}, "coverage": {"613_fri_c3_250_5": [0.48000000000000004, 0.4, 0.36, 0.5, 0.36]}, "complexity": {"613_fri_c3_250_5": [5, 5, 5, 5, 5]}, "time_all": {"613_fri_c3_250_5": [0.14518117904663086, 0.3221395015716553, 0.10370874404907227, 0.30121684074401855, 0.1604776382446289]}, "time_fit": {"613_fri_c3_250_5": [0.012245893478393555, 0.028328657150268555, 0.008896827697753906, 0.02671504020690918, 0.013828039169311523]}, "sizes": {"613_fri_c3_250_5": []}, "tau": 0.9}}