{"SQR": {"losses": {"230_machine_cpu": [0.007354042716961229, 0.012929852939818602, 0.007860744912523303, 0.005769626604977586, 0.005897136143649697]}, "coverage": {"230_machine_cpu": [0.004761904761904745, 0.13809523809523816, 0.04285714285714293, 0.07619047619047614, 0.09512195121951217]}, "complexity": {"230_machine_cpu": [7, 7, 10, 7, 7]}, "time_all": {"230_machine_cpu": [89.49316048622131, 76.81805324554443, 75.53077006340027, 75.50295805931091, 76.77338743209839]}, "time_fit": {"230_machine_cpu": [89.49316048622131, 76.81805324554443, 75.53077006340027, 75.50295805931091, 76.77338743209839]}, "sizes": {"230_machine_cpu": []}, "tau": 0.9}, "LightGBM": {"losses": {"230_machine_cpu": [0.02730975381868193, 0.01932285988660084, 0.010677201972208901, 0.00918423584024432, 0.00796788667047888]}, "coverage": {"230_machine_cpu": [0.02857142857142858, 0.01904761904761909, 0.09999999999999998, 0.052380952380952306, 0.051219512195121886]}, "time_all": {"230_machine_cpu": [0.14805388450622559, 0.09667730331420898, 0.08996987342834473, 0.09316635131835938, 0.11430549621582031]}, "time_fit": {"230_machine_cpu": [0.021668195724487305, 0.02045917510986328, 0.01878666877746582, 0.018958330154418945, 0.022647619247436523]}, "sizes": {"230_machine_cpu": []}, "tau": 0.9}, "DecisionTree": {"losses": {"230_machine_cpu": [0.015736555111555108, 0.014701548451548451, 0.0056408175158175165, 0.008125624375624375, 0.0056332082551594775]}, "coverage": {"230_machine_cpu": [0.06666666666666665, 0.3285714285714286, 0.18571428571428572, 0.01904761904761909, 0.0024390243902439046]}, "complexity": {"230_machine_cpu": [63, 67, 65, 27, 7]}, "time_all": {"230_machine_cpu": [0.04958987236022949, 0.043912410736083984, 0.0435330867767334, 0.04065871238708496, 0.04093742370605469]}, "time_fit": {"230_machine_cpu": [0.006980180740356445, 0.006476879119873047, 0.006384849548339844, 0.003648519515991211, 0.002121448516845703]}, "sizes": {"230_machine_cpu": []}, "tau": 0.9}, "LinearQuantile": {"losses": {"230_machine_cpu": [0.012878165829723275, 0.011503055026203725, 0.008233373860178082, 0.008091254822235576, 0.0077110404030258945]}, "coverage": {"230_machine_cpu": [0.004761904761904745, 0.06666666666666665, 0.02857142857142858, 0.052380952380952306, 0.09512195121951217]}, "complexity": {"230_machine_cpu": [6, 6, 6, 6, 6]}, "time_all": {"230_machine_cpu": [0.7440080642700195, 0.21222496032714844, 0.8421247005462646, 0.2686183452606201, 0.32568836212158203]}, "time_fit": {"230_machine_cpu": [0.06502795219421387, 0.018359661102294922, 0.05944395065307617, 0.023372411727905273, 0.02906942367553711]}, "sizes": {"230_machine_cpu": []}, "tau": 0.9}}