{"SQR": {"losses": {"604_fri_c4_500_10": [0.008976837506004741, 0.006050022889166564, 0.01163668378038637, 0.006765578356348529, 0.010441464569905221]}, "coverage": {"604_fri_c4_500_10": [0.030000000000000027, 0.020000000000000018, 0.020000000000000018, 0.0, 0.010000000000000009]}, "complexity": {"604_fri_c4_500_10": [12, 16, 9, 14, 9]}, "time_all": {"604_fri_c4_500_10": [112.38054752349854, 95.3743064403534, 88.45256280899048, 90.9761323928833, 91.82236528396606]}, "time_fit": {"604_fri_c4_500_10": [112.38054752349854, 95.3743064403534, 88.45256280899048, 90.9761323928833, 91.82236528396606]}, "sizes": {"604_fri_c4_500_10": []}, "tau": 0.9}, "LightGBM": {"losses": {"604_fri_c4_500_10": [0.018657951528648496, 0.01996370930138989, 0.019302529453103835, 0.017571619799577044, 0.017479060288086153]}, "coverage": {"604_fri_c4_500_10": [0.010000000000000009, 0.06000000000000005, 0.039999999999999925, 0.07000000000000006, 0.010000000000000009]}, "time_all": {"604_fri_c4_500_10": [0.22773456573486328, 0.1755976676940918, 0.17676377296447754, 0.20000743865966797, 0.17958903312683105]}, "time_fit": {"604_fri_c4_500_10": [0.043115854263305664, 0.040204524993896484, 0.03871035575866699, 0.04016757011413574, 0.041977882385253906]}, "sizes": {"604_fri_c4_500_10": []}, "tau": 0.9}, "DecisionTree": {"losses": {"604_fri_c4_500_10": [0.015476433644293222, 0.017010281234250305, 0.019909139514445638, 0.02285028465753376, 0.014909622944049183]}, "coverage": {"604_fri_c4_500_10": [0.08000000000000007, 0.08999999999999997, 0.06000000000000005, 0.20000000000000007, 0.050000000000000044]}, "complexity": {"604_fri_c4_500_10": [65, 69, 65, 73, 67]}, "time_all": {"604_fri_c4_500_10": [0.0926215648651123, 0.0902717113494873, 0.08853840827941895, 0.0898292064666748, 0.08931159973144531]}, "time_fit": {"604_fri_c4_500_10": [0.009644746780395508, 0.009809494018554688, 0.00941777229309082, 0.00998830795288086, 0.009557008743286133]}, "sizes": {"604_fri_c4_500_10": []}, "tau": 0.9}, "LinearQuantile": {"losses": {"604_fri_c4_500_10": [0.06431164987454699, 0.06391742431131549, 0.05590006575998233, 0.07129504642528849, 0.06753032467732362]}, "coverage": {"604_fri_c4_500_10": [0.43000000000000005, 0.43000000000000005, 0.42000000000000004, 0.56, 0.48000000000000004]}, "complexity": {"604_fri_c4_500_10": [10, 10, 10, 10, 10]}, "time_all": {"604_fri_c4_500_10": [0.3594515323638916, 2.7361791133880615, 0.37023448944091797, 0.7319152355194092, 0.5072906017303467]}, "time_fit": {"604_fri_c4_500_10": [0.031441450119018555, 0.14778542518615723, 0.03216052055358887, 0.05429196357727051, 0.04268193244934082]}, "sizes": {"604_fri_c4_500_10": []}, "tau": 0.9}}