{"SQR": {"losses": {"201_pol": [0.0401555696917092, 0.04059522766405409, 0.040208534416946655, 0.03798040488971884, 0.0452930849905185]}, "coverage": {"201_pol": [0.015666666666666607, 0.02066666666666661, 0.014333333333333309, 0.01766666666666661, 0.010333333333333306]}, "complexity": {"201_pol": [5, 11, 10, 6, 9]}, "time_all": {"201_pol": [835.0208940505981, 624.3368852138519, 606.3930821418762, 828.1834852695465, 620.9887735843658]}, "time_fit": {"201_pol": [835.0208940505981, 624.3368852138519, 606.3930821418762, 828.1834852695465, 620.9887735843658]}, "sizes": {"201_pol": []}, "tau": 0.9}, "LightGBM": {"losses": {"201_pol": [0.07214333333333332, 0.07180666666666666, 0.07016666666666665, 0.07014333333333332, 0.07101333333333332]}, "coverage": {"201_pol": [0.09999999999999998, 0.09999999999999998, 0.09999999999999998, 0.09999999999999998, 0.09999999999999998]}, "time_all": {"201_pol": [0.2450089454650879, 0.20558929443359375, 0.21861815452575684, 0.21741342544555664, 0.2155158519744873]}, "time_fit": {"201_pol": [0.046346187591552734, 0.04989886283874512, 0.046864986419677734, 0.04957175254821777, 0.055470943450927734]}, "sizes": {"201_pol": []}, "tau": 0.9}, "DecisionTree": {"losses": {"201_pol": [0.006234999999999998, 0.005655666666666666, 0.007678666666666666, 0.006717333333333333, 0.005843666666666666]}, "coverage": {"201_pol": [0.07166666666666666, 0.07699999999999996, 0.06366666666666665, 0.06766666666666665, 0.07266666666666666]}, "complexity": {"201_pol": [627, 639, 615, 617, 601]}, "time_all": {"201_pol": [1.4065730571746826, 1.290696144104004, 1.2093462944030762, 1.1732614040374756, 1.3736164569854736]}, "time_fit": {"201_pol": [0.12976765632629395, 0.1045694351196289, 0.0942392349243164, 0.08862805366516113, 0.1323986053466797]}, "sizes": {"201_pol": []}, "tau": 0.9}, "LinearQuantile": {"losses": {"201_pol": [0.04704892834457758, 0.048296551557363274, 0.04762774835674143, 0.04818267188632773, 0.04833311483421945]}, "coverage": {"201_pol": [0.010666666666666602, 0.0, 0.003666666666666707, 0.004666666666666708, 0.00666666666666671]}, "complexity": {"201_pol": [48, 48, 48, 48, 48]}, "time_all": {"201_pol": [61.10489058494568, 25.51537036895752, 86.62067675590515, 90.93258786201477, 32.322452545166016]}, "time_fit": {"201_pol": [5.706352949142456, 2.295750141143799, 7.781797885894775, 5.591298341751099, 2.9063568115234375]}, "sizes": {"201_pol": []}, "tau": 0.9}}