{"SQR": {"losses": {"1029_LEV": [0.024, 0.031124999999999993, 0.028000014999999996, 0.025624999999999995, 0.030375002249999995]}, "coverage": {"1029_LEV": [0.06999999999999995, 0.05499999999999994, 0.05999999999999994, 0.06999999999999995, 0.04499999999999993]}, "complexity": {"1029_LEV": [4, 4, 4, 7, 4]}, "time_all": {"1029_LEV": [91.68904852867126, 85.26478219032288, 87.25476098060608, 87.57211446762085, 87.25458407402039]}, "time_fit": {"1029_LEV": [91.68904852867126, 85.26478219032288, 87.25476098060608, 87.57211446762085, 87.25458407402039]}, "sizes": {"1029_LEV": []}, "tau": 0.9}, "LightGBM": {"losses": {"1029_LEV": [0.027760094816986824, 0.030983229297781804, 0.029743355494453675, 0.028077458473769978, 0.031266653009890726]}, "coverage": {"1029_LEV": [0.015000000000000013, 0.025000000000000022, 0.0050000000000000044, 0.0050000000000000044, 0.015000000000000013]}, "time_all": {"1029_LEV": [0.38663363456726074, 0.3452634811401367, 0.29858922958374023, 0.346210241317749, 0.3047924041748047]}, "time_fit": {"1029_LEV": [0.10868430137634277, 0.1023862361907959, 0.05569052696228027, 0.10524201393127441, 0.06117606163024902]}, "sizes": {"1029_LEV": []}, "tau": 0.9}, "DecisionTree": {"losses": {"1029_LEV": [0.027150000000000004, 0.026775000000000004, 0.025824999999999997, 0.0218375, 0.026037499999999998]}, "coverage": {"1029_LEV": [0.05999999999999994, 0.07499999999999996, 0.07999999999999996, 0.06499999999999995, 0.04999999999999993]}, "complexity": {"1029_LEV": [23, 57, 21, 117, 31]}, "time_all": {"1029_LEV": [0.08411049842834473, 0.08657598495483398, 0.08399486541748047, 0.09016180038452148, 0.0831441879272461]}, "time_fit": {"1029_LEV": [0.0039806365966796875, 0.006560802459716797, 0.003874063491821289, 0.010811090469360352, 0.0045719146728515625]}, "sizes": {"1029_LEV": []}, "tau": 0.9}, "LinearQuantile": {"losses": {"1029_LEV": [0.02701982970506898, 0.031166536302070617, 0.03109367614213687, 0.029265484826624954, 0.02868748875176987]}, "coverage": {"1029_LEV": [0.04500000000000004, 0.040000000000000036, 0.025000000000000022, 0.04500000000000004, 0.0050000000000000044]}, "complexity": {"1029_LEV": [20, 20, 20, 20, 20]}, "time_all": {"1029_LEV": [2.183959484100342, 1.0737965106964111, 0.5899980068206787, 1.5754024982452393, 0.40657782554626465]}, "time_fit": {"1029_LEV": [0.13789677619934082, 0.07390427589416504, 0.04767322540283203, 0.10010623931884766, 0.03647780418395996]}, "sizes": {"1029_LEV": []}, "tau": 0.9}}