{"SQR": {"losses": {"537_houses": [0.04208278997292006, 0.031641751275787444, 0.031345461450415564, 0.04077752279642, 0.04260943718171533]}, "coverage": {"537_houses": [0.04074612403100775, 4.844961240313417e-05, 0.00867248062015502, 0.024515503875969014, 0.034205426356589186]}, "complexity": {"537_houses": [2, 6, 6, 2, 2]}, "time_all": {"537_houses": [756.7141244411469, 838.8055880069733, 757.1674447059631, 779.086211681366, 771.8854229450226]}, "time_fit": {"537_houses": [756.7141244411469, 838.8055880069733, 757.1674447059631, 779.086211681366, 771.8854229450226]}, "sizes": {"537_houses": []}, "tau": 0.9}, "LightGBM": {"losses": {"537_houses": [0.03146068911121633, 0.030529391485857062, 0.030989890571288516, 0.029665746468258637, 0.03111200745940608]}, "coverage": {"537_houses": [0.0028585271317829175, 0.00876937984496129, 0.003585271317829486, 0.0038275193798449347, 0.0031976744186046346]}, "time_all": {"537_houses": [1.4108567237854004, 1.3322956562042236, 1.2919297218322754, 1.3598997592926025, 1.2943742275238037]}, "time_fit": {"537_houses": [0.3604569435119629, 0.3177962303161621, 0.32116055488586426, 0.337587833404541, 0.32175326347351074]}, "sizes": {"537_houses": []}, "tau": 0.9}, "DecisionTree": {"losses": {"537_houses": [0.023296933874027977, 0.023783620256149184, 0.022822127932206403, 0.02151092599486283, 0.02300950849791109]}, "coverage": {"537_houses": [0.04437984496124037, 0.04607558139534884, 0.020155038759689936, 0.04777131782945743, 0.014098837209302384]}, "complexity": {"537_houses": [1277, 1279, 589, 1265, 525]}, "time_all": {"537_houses": [2.249013900756836, 2.262862205505371, 2.058964490890503, 2.26096510887146, 2.0723488330841064]}, "time_fit": {"537_houses": [0.1607680320739746, 0.16321444511413574, 0.12195277214050293, 0.1625804901123047, 0.11565089225769043]}, "sizes": {"537_houses": []}, "tau": 0.9}, "LinearQuantile": {"losses": {"537_houses": [0.03205696960895811, 0.031623625975107546, 0.0313818204465408, 0.029659219124658062, 0.0330403077339989]}, "coverage": {"537_houses": [0.004408914728682212, 0.00019379844961242565, 0.0006782945736434343, 0.005038759689922512, 0.00029069767441858296]}, "complexity": {"537_houses": [8, 8, 8, 8, 8]}, "time_all": {"537_houses": [2.316828727722168, 2.884615421295166, 2.6611547470092773, 2.980374336242676, 2.239138126373291]}, "time_fit": {"537_houses": [0.20712924003601074, 0.2617037296295166, 0.2433767318725586, 0.2708394527435303, 0.20316386222839355]}, "sizes": {"537_houses": []}, "tau": 0.9}}