{"SQR": {"losses": {"527_analcatdata_election2000": [0.0, 0.0, 0.0, 0.0, 0.0]}, "coverage": {"527_analcatdata_election2000": [0.09999999999999998, 0.09999999999999998, 0.09999999999999998, 0.09999999999999998, 0.09999999999999998]}, "complexity": {"527_analcatdata_election2000": [18, 16, 18, 18, 19]}, "time_all": {"527_analcatdata_election2000": [78.08486533164978, 62.923147439956665, 62.98112869262695, 63.50160813331604, 63.014246702194214]}, "time_fit": {"527_analcatdata_election2000": [78.08486533164978, 62.923147439956665, 62.98112869262695, 63.50160813331604, 63.014246702194214]}, "sizes": {"527_analcatdata_election2000": []}, "tau": 0.9}, "LightGBM": {"losses": {"527_analcatdata_election2000": [0.09131087853320677, 0.014995553214059704, 0.014330981525265737, 0.029258181522249876, 0.02242656017608726]}, "coverage": {"527_analcatdata_election2000": [0.11428571428571432, 0.04285714285714293, 0.09999999999999998, 0.05384615384615388, 0.09999999999999998]}, "time_all": {"527_analcatdata_election2000": [0.10968160629272461, 0.06015276908874512, 0.07004046440124512, 0.07044291496276855, 0.06988120079040527]}, "time_fit": {"527_analcatdata_election2000": [0.013204097747802734, 0.01272726058959961, 0.015056610107421875, 0.015719175338745117, 0.015086174011230469]}, "sizes": {"527_analcatdata_election2000": []}, "tau": 0.9}, "DecisionTree": {"losses": {"527_analcatdata_election2000": [0.04925944128202184, 0.0029391728485135783, 0.012703206108696994, 0.006282995877945713, 0.013149145775542477]}, "coverage": {"527_analcatdata_election2000": [0.4, 0.04285714285714293, 0.05384615384615388, 0.20769230769230773, 0.13076923076923075]}, "complexity": {"527_analcatdata_election2000": [19, 9, 9, 21, 19]}, "time_all": {"527_analcatdata_election2000": [0.03128623962402344, 0.0293426513671875, 0.03237652778625488, 0.03179931640625, 0.03115105628967285]}, "time_fit": {"527_analcatdata_election2000": [0.0031728744506835938, 0.0022521018981933594, 0.0023145675659179688, 0.0032644271850585938, 0.0030829906463623047]}, "sizes": {"527_analcatdata_election2000": []}, "tau": 0.9}, "LinearQuantile": {"losses": {"527_analcatdata_election2000": [7.74758096227033e-13, 2.385079801897757e-13, 1.1037100967201342e-12, 1.876549724941228e-11, 3.283860095002843e-14]}, "coverage": {"527_analcatdata_election2000": [0.8285714285714286, 0.09999999999999998, 0.9, 0.9, 0.2846153846153846]}, "complexity": {"527_analcatdata_election2000": [14, 14, 14, 14, 14]}, "time_all": {"527_analcatdata_election2000": [0.03350186347961426, 0.028539419174194336, 0.030048370361328125, 0.029521465301513672, 0.029031991958618164]}, "time_fit": {"527_analcatdata_election2000": [0.002120494842529297, 0.0020079612731933594, 0.0021011829376220703, 0.002074003219604492, 0.0020487308502197266]}, "sizes": {"527_analcatdata_election2000": []}, "tau": 0.9}}