{"SQR": {"losses": {"643_fri_c2_500_25": [0.010816634003736725, 0.008456858137230518, 0.009083679633186625, 0.007006862950971866, 0.00996567082545016]}, "coverage": {"643_fri_c2_500_25": [0.06000000000000005, 0.010000000000000009, 0.010000000000000009, 0.020000000000000018, 0.020000000000000018]}, "complexity": {"643_fri_c2_500_25": [14, 13, 13, 15, 18]}, "time_all": {"643_fri_c2_500_25": [99.0987651348114, 99.23780465126038, 99.68745946884155, 98.79336905479431, 97.77352261543274]}, "time_fit": {"643_fri_c2_500_25": [99.0987651348114, 99.23780465126038, 99.68745946884155, 98.79336905479431, 97.77352261543274]}, "sizes": {"643_fri_c2_500_25": []}, "tau": 0.9}, "LightGBM": {"losses": {"643_fri_c2_500_25": [0.02760912812636945, 0.02349751476376277, 0.02128634591755726, 0.020102007042447773, 0.021486302355511026]}, "coverage": {"643_fri_c2_500_25": [0.08000000000000007, 0.040000000000000036, 0.010000000000000009, 0.050000000000000044, 0.0]}, "time_all": {"643_fri_c2_500_25": [0.25187087059020996, 0.2283778190612793, 0.21830487251281738, 0.20099377632141113, 0.22054743766784668]}, "time_fit": {"643_fri_c2_500_25": [0.04852581024169922, 0.04734206199645996, 0.04355216026306152, 0.04715132713317871, 0.04620766639709473]}, "sizes": {"643_fri_c2_500_25": []}, "tau": 0.9}, "DecisionTree": {"losses": {"643_fri_c2_500_25": [0.021956557239522376, 0.017208239320999217, 0.018825389997543185, 0.02077663402167121, 0.018359491446491603]}, "coverage": {"643_fri_c2_500_25": [0.08000000000000007, 0.06000000000000005, 0.030000000000000027, 0.030000000000000027, 0.020000000000000018]}, "complexity": {"643_fri_c2_500_25": [29, 63, 19, 11, 29]}, "time_all": {"643_fri_c2_500_25": [0.13527154922485352, 0.12955832481384277, 0.12477827072143555, 0.12558460235595703, 0.12734699249267578]}, "time_fit": {"643_fri_c2_500_25": [0.010309457778930664, 0.014033794403076172, 0.008131742477416992, 0.006615161895751953, 0.009735584259033203]}, "sizes": {"643_fri_c2_500_25": []}, "tau": 0.9}, "LinearQuantile": {"losses": {"643_fri_c2_500_25": [0.09929103844150107, 0.08754994746243105, 0.07292531813189214, 0.07939218604326462, 0.07902340513000881]}, "coverage": {"643_fri_c2_500_25": [0.49000000000000005, 0.44, 0.45, 0.49000000000000005, 0.39]}, "complexity": {"643_fri_c2_500_25": [25, 25, 25, 25, 25]}, "time_all": {"643_fri_c2_500_25": [0.7478642463684082, 1.3853659629821777, 1.3933351039886475, 2.4741275310516357, 0.8037154674530029]}, "time_fit": {"643_fri_c2_500_25": [0.06446290016174316, 0.086029052734375, 0.0947113037109375, 0.183488130569458, 0.061095237731933594]}, "sizes": {"643_fri_c2_500_25": []}, "tau": 0.9}}