{"SQR": {"losses": {"218_house_8L": [0.012393804147664148, 0.014309001612759003, 0.013108629403623078, 0.014113727799688579, 0.016802025339898]}, "coverage": {"218_house_8L": [0.007965766951942066, 0.00533245556287032, 0.017401799429449194, 0.0025674786043449194, 0.009789288849868294]}, "complexity": {"218_house_8L": [9, 9, 9, 8, 4]}, "time_all": {"218_house_8L": [871.5010821819305, 907.8470578193665, 750.7495155334473, 917.2962069511414, 851.6116497516632]}, "time_fit": {"218_house_8L": [871.5010821819305, 907.8470578193665, 750.7495155334473, 917.2962069511414, 851.6116497516632]}, "sizes": {"218_house_8L": []}, "tau": 0.9}, "LightGBM": {"losses": {"218_house_8L": [0.010927090961497191, 0.011596345837421683, 0.010964591329481873, 0.011489795533377496, 0.011063413780359323]}, "coverage": {"218_house_8L": [0.028461707263550573, 0.02758393680052662, 0.019464560017555366, 0.028242264647794557, 0.02778753292361713]}, "time_all": {"218_house_8L": [1.3337700366973877, 1.2818453311920166, 1.2991387844085693, 1.2644131183624268, 1.2858521938323975]}, "time_fit": {"218_house_8L": [0.2175455093383789, 0.21135950088500977, 0.21537089347839355, 0.19156193733215332, 0.21777629852294922]}, "sizes": {"218_house_8L": []}, "tau": 0.9}, "DecisionTree": {"losses": {"218_house_8L": [0.010763735444221014, 0.010927886285548473, 0.011289299958156722, 0.011344471403661977, 0.011282042686134117]}, "coverage": {"218_house_8L": [0.027715602369980274, 0.022229536976080766, 0.028154487601492195, 0.04175992977836296, 0.03081650570676031]}, "complexity": {"218_house_8L": [629, 635, 633, 587, 581]}, "time_all": {"218_house_8L": [2.764655590057373, 2.629568099975586, 2.5675926208496094, 2.470618963241577, 2.633765459060669]}, "time_fit": {"218_house_8L": [0.1568922996520996, 0.16324853897094727, 0.15484261512756348, 0.15218544006347656, 0.15248560905456543]}, "sizes": {"218_house_8L": []}, "tau": 0.9}, "LinearQuantile": {"losses": {"218_house_8L": [0.01617177720309406, 0.017448744026367972, 0.016304670920069698, 0.017330728729663188, 0.01670589607461368]}, "coverage": {"218_house_8L": [0.001689708141320967, 0.0071757735352204755, 0.0009436032477507794, 0.003445249067368872, 0.0016681299385425952]}, "complexity": {"218_house_8L": [8, 8, 8, 8, 8]}, "time_all": {"218_house_8L": [19.552387237548828, 20.709155082702637, 20.3231041431427, 19.83890724182129, 20.951924800872803]}, "time_fit": {"218_house_8L": [0.9825890064239502, 2.340461254119873, 0.9747505187988281, 1.4929990768432617, 2.6482133865356445]}, "sizes": {"218_house_8L": []}, "tau": 0.9}}