{"SQR": {"losses": {"635_fri_c0_250_10": [0.012282242064056287, 0.014397070037643882, 0.009848389775859931, 0.018223282594301535, 0.014990526523347422]}, "coverage": {"635_fri_c0_250_10": [0.05999999999999994, 0.0, 0.039999999999999925, 0.06000000000000005, 0.040000000000000036]}, "complexity": {"635_fri_c0_250_10": [10, 9, 10, 8, 10]}, "time_all": {"635_fri_c0_250_10": [91.7065634727478, 78.03058958053589, 76.08221936225891, 77.76729226112366, 74.9731125831604]}, "time_fit": {"635_fri_c0_250_10": [91.7065634727478, 78.03058958053589, 76.08221936225891, 77.76729226112366, 74.9731125831604]}, "sizes": {"635_fri_c0_250_10": []}, "tau": 0.9}, "LightGBM": {"losses": {"635_fri_c0_250_10": [0.0265474909347893, 0.025135175728513256, 0.022685712880924216, 0.023913208350483824, 0.025674261345858256]}, "coverage": {"635_fri_c0_250_10": [0.020000000000000018, 0.0, 0.020000000000000018, 0.06000000000000005, 0.06000000000000005]}, "time_all": {"635_fri_c0_250_10": [0.1668236255645752, 0.13506841659545898, 0.1430644989013672, 0.1403191089630127, 0.11907100677490234]}, "time_fit": {"635_fri_c0_250_10": [0.027203083038330078, 0.023737430572509766, 0.03304314613342285, 0.03191518783569336, 0.02686142921447754]}, "sizes": {"635_fri_c0_250_10": []}, "tau": 0.9}, "DecisionTree": {"losses": {"635_fri_c0_250_10": [0.02154995268472913, 0.022373405444943564, 0.01975692930948468, 0.02509805695287673, 0.023800477729844723]}, "coverage": {"635_fri_c0_250_10": [0.08000000000000007, 0.08000000000000007, 0.0, 0.020000000000000018, 0.040000000000000036]}, "complexity": {"635_fri_c0_250_10": [33, 15, 9, 7, 15]}, "time_all": {"635_fri_c0_250_10": [0.05269670486450195, 0.05305004119873047, 0.052519798278808594, 0.05055546760559082, 0.049620866775512695]}, "time_fit": {"635_fri_c0_250_10": [0.005015373229980469, 0.0034580230712890625, 0.0027778148651123047, 0.002567291259765625, 0.0034034252166748047]}, "sizes": {"635_fri_c0_250_10": []}, "tau": 0.9}, "LinearQuantile": {"losses": {"635_fri_c0_250_10": [0.04727754511006504, 0.06395106089041573, 0.051407686296670134, 0.04560383175315143, 0.053471044477641054]}, "coverage": {"635_fri_c0_250_10": [0.42000000000000004, 0.56, 0.46, 0.5, 0.48000000000000004]}, "complexity": {"635_fri_c0_250_10": [10, 10, 10, 10, 10]}, "time_all": {"635_fri_c0_250_10": [0.7875118255615234, 0.2902991771697998, 0.23273777961730957, 0.24394774436950684, 0.18748116493225098]}, "time_fit": {"635_fri_c0_250_10": [0.07040143013000488, 0.02592158317565918, 0.020516633987426758, 0.021641016006469727, 0.01647496223449707]}, "sizes": {"635_fri_c0_250_10": []}, "tau": 0.9}}