{"SQR": {"losses": {"1201_BNG_breastTumor": [0.02606181027008842, 0.02631871562704077, 0.026069042844792827, 0.02618409925237972, 0.02601382841615262]}, "coverage": {"1201_BNG_breastTumor": [0.005264060356652944, 0.002134773662551437, 0.008136145404663897, 0.003463648834019173, 0.009164951989026004]}, "complexity": {"1201_BNG_breastTumor": [4, 3, 3, 4, 4]}, "time_all": {"1201_BNG_breastTumor": [3785.285052537918, 3858.5791742801666, 4031.4273071289062, 3754.0915253162384, 3710.0442821979523]}, "time_fit": {"1201_BNG_breastTumor": [3785.285052537918, 3858.5791742801666, 4031.4273071289062, 3754.0915253162384, 3710.0442821979523]}, "sizes": {"1201_BNG_breastTumor": []}, "tau": 0.9}, "LightGBM": {"losses": {"1201_BNG_breastTumor": [0.02460876598112213, 0.024803201436330417, 0.024495992584355787, 0.024717091979968242, 0.024594696180269878]}, "coverage": {"1201_BNG_breastTumor": [0.006507201646090532, 0.002777777777777768, 0.00753600823045264, 0.00449245541838128, 0.00912208504801093]}, "time_all": {"1201_BNG_breastTumor": [3.3126280307769775, 3.2175607681274414, 3.176333427429199, 3.112055778503418, 3.1759777069091797]}, "time_fit": {"1201_BNG_breastTumor": [0.8611698150634766, 0.8518867492675781, 0.8662142753601074, 0.8792612552642822, 0.8693313598632812]}, "sizes": {"1201_BNG_breastTumor": []}, "tau": 0.9}, "DecisionTree": {"losses": {"1201_BNG_breastTumor": [0.02449325108711275, 0.024654171174590463, 0.02423242535915977, 0.02443580073320931, 0.024417061996969813]}, "coverage": {"1201_BNG_breastTumor": [0.002580589849108361, 0.0024091220850480655, 0.001320301783264699, 0.002066186556927363, 0.002734910836762694]}, "complexity": {"1201_BNG_breastTumor": [2991, 2967, 2941, 2927, 2979]}, "time_all": {"1201_BNG_breastTumor": [9.868972778320312, 9.794459819793701, 9.836944341659546, 9.709112405776978, 9.69640064239502]}, "time_fit": {"1201_BNG_breastTumor": [0.4834861755371094, 0.4751753807067871, 0.4765207767486572, 0.47091007232666016, 0.47808122634887695]}, "sizes": {"1201_BNG_breastTumor": []}, "tau": 0.9}, "LinearQuantile": {"losses": {"1201_BNG_breastTumor": [0.02547021265381834, 0.02564207026412821, 0.025325303821042457, 0.02558693423693269, 0.025330756717029366]}, "coverage": {"1201_BNG_breastTumor": [0.0003943758573388134, 0.0036951303155007276, 0.0023062414266117326, 0.00266632373113862, 0.0037637174211248015]}, "complexity": {"1201_BNG_breastTumor": [21, 21, 21, 21, 21]}, "time_all": {"1201_BNG_breastTumor": [64.43116784095764, 54.97237491607666, 55.61408805847168, 62.35350775718689, 126.40640020370483]}, "time_fit": {"1201_BNG_breastTumor": [5.825339078903198, 4.949976682662964, 4.16025972366333, 5.474786996841431, 8.246902227401733]}, "sizes": {"1201_BNG_breastTumor": []}, "tau": 0.9}}