{"SQR": {"losses": {"621_fri_c0_100_10": [0.012477251700664284, 0.014074210141675108, 0.012798461141876818, 0.015243256941364157, 0.01412465919769252]}, "coverage": {"621_fri_c0_100_10": [0.050000000000000044, 0.0, 0.0, 0.0, 0.20000000000000007]}, "complexity": {"621_fri_c0_100_10": [11, 14, 10, 9, 11]}, "time_all": {"621_fri_c0_100_10": [83.92868518829346, 68.4189977645874, 67.34596037864685, 67.86020994186401, 68.55938243865967]}, "time_fit": {"621_fri_c0_100_10": [83.92868518829346, 68.4189977645874, 67.34596037864685, 67.86020994186401, 68.55938243865967]}, "sizes": {"621_fri_c0_100_10": []}, "tau": 0.9}, "LightGBM": {"losses": {"621_fri_c0_100_10": [0.04340627573948826, 0.03801765885443462, 0.02705703520984296, 0.026886625967307457, 0.03227783431399491]}, "coverage": {"621_fri_c0_100_10": [0.0, 0.050000000000000044, 0.04999999999999993, 0.0, 0.0]}, "time_all": {"621_fri_c0_100_10": [0.13472628593444824, 0.07314944267272949, 0.0812067985534668, 0.0910043716430664, 0.08304929733276367]}, "time_fit": {"621_fri_c0_100_10": [0.0168764591217041, 0.016878128051757812, 0.016157150268554688, 0.019760847091674805, 0.014076709747314453]}, "sizes": {"621_fri_c0_100_10": []}, "tau": 0.9}, "DecisionTree": {"losses": {"621_fri_c0_100_10": [0.0262312771987333, 0.03058316517570892, 0.02350750159871072, 0.0223154164482982, 0.04255133266923146]}, "coverage": {"621_fri_c0_100_10": [0.09999999999999998, 0.0, 0.0, 0.050000000000000044, 0.09999999999999998]}, "complexity": {"621_fri_c0_100_10": [13, 5, 5, 13, 1]}, "time_all": {"621_fri_c0_100_10": [0.034982919692993164, 0.032594919204711914, 0.0324864387512207, 0.03556180000305176, 0.0328822135925293]}, "time_fit": {"621_fri_c0_100_10": [0.002769947052001953, 0.0019865036010742188, 0.0019910335540771484, 0.0026750564575195312, 0.0015146732330322266]}, "sizes": {"621_fri_c0_100_10": []}, "tau": 0.9}, "LinearQuantile": {"losses": {"621_fri_c0_100_10": [0.042466163889008084, 0.058622879888547495, 0.046278968976854074, 0.04938983132673991, 0.0750655389376065]}, "coverage": {"621_fri_c0_100_10": [0.35, 0.55, 0.45, 0.5, 0.45]}, "complexity": {"621_fri_c0_100_10": [10, 10, 10, 10, 10]}, "time_all": {"621_fri_c0_100_10": [0.41395115852355957, 0.26657533645629883, 0.5672304630279541, 0.15394020080566406, 0.19595789909362793]}, "time_fit": {"621_fri_c0_100_10": [0.036022186279296875, 0.022437334060668945, 0.04562520980834961, 0.013459205627441406, 0.016550064086914062]}, "sizes": {"621_fri_c0_100_10": []}, "tau": 0.9}}