{"SQR": {"losses": {"626_fri_c2_500_50": [0.006108594659723391, 0.018606351963855527, 0.011881845536078604, 0.014423209456461562, 0.015742526705569426]}, "coverage": {"626_fri_c2_500_50": [0.030000000000000027, 0.020000000000000018, 0.030000000000000027, 0.010000000000000009, 0.0]}, "complexity": {"626_fri_c2_500_50": [16, 10, 11, 9, 9]}, "time_all": {"626_fri_c2_500_50": [117.86964988708496, 97.30630683898926, 100.28020167350769, 92.04907298088074, 90.16968965530396]}, "time_fit": {"626_fri_c2_500_50": [117.86964988708496, 97.30630683898926, 100.28020167350769, 92.04907298088074, 90.16968965530396]}, "sizes": {"626_fri_c2_500_50": []}, "tau": 0.9}, "LightGBM": {"losses": {"626_fri_c2_500_50": [0.02553142232191184, 0.02266162322568231, 0.023737016680498078, 0.0251399105108704, 0.025606911918908577]}, "coverage": {"626_fri_c2_500_50": [0.08000000000000007, 0.010000000000000009, 0.050000000000000044, 0.030000000000000027, 0.08000000000000007]}, "time_all": {"626_fri_c2_500_50": [0.27432727813720703, 0.22438621520996094, 0.21161389350891113, 0.26809215545654297, 0.23763489723205566]}, "time_fit": {"626_fri_c2_500_50": [0.053579092025756836, 0.05316281318664551, 0.047745704650878906, 0.06060504913330078, 0.04586052894592285]}, "sizes": {"626_fri_c2_500_50": []}, "tau": 0.9}, "DecisionTree": {"losses": {"626_fri_c2_500_50": [0.020070440579963978, 0.025302843457064586, 0.023972198071865895, 0.01995666850453193, 0.022140966902692467]}, "coverage": {"626_fri_c2_500_50": [0.040000000000000036, 0.16000000000000003, 0.16000000000000003, 0.020000000000000018, 0.06000000000000005]}, "complexity": {"626_fri_c2_500_50": [13, 71, 71, 31, 15]}, "time_all": {"626_fri_c2_500_50": [0.20555901527404785, 0.2263650894165039, 0.20738482475280762, 0.20286774635314941, 0.19605112075805664]}, "time_fit": {"626_fri_c2_500_50": [0.011730670928955078, 0.025729894638061523, 0.023023366928100586, 0.016507863998413086, 0.012286663055419922]}, "sizes": {"626_fri_c2_500_50": []}, "tau": 0.9}, "LinearQuantile": {"losses": {"626_fri_c2_500_50": [0.09454440712711477, 0.0985469254916419, 0.09219539699019892, 0.07981398505260778, 0.10424174898816414]}, "coverage": {"626_fri_c2_500_50": [0.43000000000000005, 0.45, 0.45, 0.44, 0.45]}, "complexity": {"626_fri_c2_500_50": [50, 50, 50, 50, 50]}, "time_all": {"626_fri_c2_500_50": [28.148263692855835, 19.13322877883911, 10.800722122192383, 7.385850429534912, 33.452406883239746]}, "time_fit": {"626_fri_c2_500_50": [1.9133217334747314, 1.7101688385009766, 0.952324390411377, 0.6155941486358643, 1.9961457252502441]}, "sizes": {"626_fri_c2_500_50": []}, "tau": 0.9}}