{"SQR": {"losses": {"617_fri_c3_500_5": [0.009633337902308144, 0.0102537687699461, 0.004140115968224648, 0.005613387334552421, 0.007962210404899892]}, "coverage": {"617_fri_c3_500_5": [0.030000000000000027, 0.050000000000000044, 0.020000000000000018, 0.030000000000000027, 0.010000000000000009]}, "complexity": {"617_fri_c3_500_5": [13, 11, 19, 13, 14]}, "time_all": {"617_fri_c3_500_5": [111.55115747451782, 90.85830116271973, 93.79950499534607, 89.2609543800354, 93.75708436965942]}, "time_fit": {"617_fri_c3_500_5": [111.55115747451782, 90.85830116271973, 93.79950499534607, 89.2609543800354, 93.75708436965942]}, "sizes": {"617_fri_c3_500_5": []}, "tau": 0.9}, "LightGBM": {"losses": {"617_fri_c3_500_5": [0.01775959742859501, 0.018585365224855516, 0.012107871449355075, 0.015633614463835203, 0.0168707784756134]}, "coverage": {"617_fri_c3_500_5": [0.0, 0.010000000000000009, 0.030000000000000027, 0.010000000000000009, 0.040000000000000036]}, "time_all": {"617_fri_c3_500_5": [0.22121882438659668, 0.17054986953735352, 0.19697999954223633, 0.1994924545288086, 0.1682426929473877]}, "time_fit": {"617_fri_c3_500_5": [0.039868831634521484, 0.03613138198852539, 0.04210662841796875, 0.0398712158203125, 0.03782916069030762]}, "sizes": {"617_fri_c3_500_5": []}, "tau": 0.9}, "DecisionTree": {"losses": {"617_fri_c3_500_5": [0.01590724728330397, 0.012452627600330021, 0.014471535147343444, 0.012430497244583593, 0.019486458719218454]}, "coverage": {"617_fri_c3_500_5": [0.10999999999999999, 0.050000000000000044, 0.07000000000000006, 0.06000000000000005, 0.17000000000000004]}, "complexity": {"617_fri_c3_500_5": [165, 65, 67, 29, 31]}, "time_all": {"617_fri_c3_500_5": [0.0851585865020752, 0.07472610473632812, 0.07459592819213867, 0.07299113273620605, 0.07174158096313477]}, "time_fit": {"617_fri_c3_500_5": [0.015280485153198242, 0.007905006408691406, 0.00777435302734375, 0.005102396011352539, 0.004957675933837891]}, "sizes": {"617_fri_c3_500_5": []}, "tau": 0.9}, "LinearQuantile": {"losses": {"617_fri_c3_500_5": [0.05869367284433654, 0.05405045640122027, 0.0519811863003572, 0.05485760834240131, 0.06777583383197906]}, "coverage": {"617_fri_c3_500_5": [0.38, 0.4, 0.41000000000000003, 0.38, 0.46]}, "complexity": {"617_fri_c3_500_5": [5, 5, 5, 5, 5]}, "time_all": {"617_fri_c3_500_5": [0.13263320922851562, 0.17444157600402832, 1.895601511001587, 0.5593831539154053, 0.15540194511413574]}, "time_fit": {"617_fri_c3_500_5": [0.011039972305297852, 0.015194416046142578, 0.12613201141357422, 0.050354719161987305, 0.013633012771606445]}, "sizes": {"617_fri_c3_500_5": []}, "tau": 0.9}}