{"SQR": {"losses": {"624_fri_c0_100_5": [0.023740847651746715, 0.01252213099867195, 0.01240461207016239, 0.008853904635959928, 0.01501460659808645]}, "coverage": {"624_fri_c0_100_5": [0.15000000000000002, 0.0, 0.25, 0.0, 0.09999999999999998]}, "complexity": {"624_fri_c0_100_5": [15, 13, 13, 12, 12]}, "time_all": {"624_fri_c0_100_5": [82.32514882087708, 68.25719881057739, 68.17590975761414, 68.29191493988037, 68.11141443252563]}, "time_fit": {"624_fri_c0_100_5": [82.32514882087708, 68.25719881057739, 68.17590975761414, 68.29191493988037, 68.11141443252563]}, "sizes": {"624_fri_c0_100_5": []}, "tau": 0.9}, "LightGBM": {"losses": {"624_fri_c0_100_5": [0.030901555330205013, 0.03121501863022394, 0.025767561882234027, 0.024950751266239062, 0.028178837477059942]}, "coverage": {"624_fri_c0_100_5": [0.050000000000000044, 0.04999999999999993, 0.20000000000000007, 0.0, 0.050000000000000044]}, "time_all": {"624_fri_c0_100_5": [0.1217656135559082, 0.08803868293762207, 0.07527017593383789, 0.08514165878295898, 0.0934140682220459]}, "time_fit": {"624_fri_c0_100_5": [0.014867305755615234, 0.02093338966369629, 0.015211343765258789, 0.0204012393951416, 0.0198514461517334]}, "sizes": {"624_fri_c0_100_5": []}, "tau": 0.9}, "DecisionTree": {"losses": {"624_fri_c0_100_5": [0.01918382362254947, 0.029964398806103472, 0.028534558238948245, 0.026791214373538492, 0.03348619570539137]}, "coverage": {"624_fri_c0_100_5": [0.09999999999999998, 0.09999999999999998, 0.050000000000000044, 0.09999999999999998, 0.0]}, "complexity": {"624_fri_c0_100_5": [31, 5, 3, 3, 1]}, "time_all": {"624_fri_c0_100_5": [0.03460884094238281, 0.03278160095214844, 0.03003239631652832, 0.032639503479003906, 0.032816171646118164]}, "time_fit": {"624_fri_c0_100_5": [0.003953218460083008, 0.0019114017486572266, 0.0016562938690185547, 0.0017087459564208984, 0.0015320777893066406]}, "sizes": {"624_fri_c0_100_5": []}, "tau": 0.9}, "LinearQuantile": {"losses": {"624_fri_c0_100_5": [0.05409655127437101, 0.03605058678484184, 0.05010355049199846, 0.048328469512556926, 0.04783770852161275]}, "coverage": {"624_fri_c0_100_5": [0.35, 0.45, 0.5, 0.65, 0.45]}, "complexity": {"624_fri_c0_100_5": [5, 5, 5, 5, 5]}, "time_all": {"624_fri_c0_100_5": [0.23914027214050293, 0.22159051895141602, 0.19600963592529297, 0.9564952850341797, 0.17323732376098633]}, "time_fit": {"624_fri_c0_100_5": [0.020215749740600586, 0.018858909606933594, 0.016568899154663086, 0.06481337547302246, 0.015384912490844727]}, "sizes": {"624_fri_c0_100_5": []}, "tau": 0.9}}