{"SQR": {"losses": {"197_cpu_act": [0.005559064963157791, 0.00587526320957667, 0.006003315287271827, 0.006266670028146005, 0.005997367391838384]}, "coverage": {"197_cpu_act": [0.015924344112263622, 0.012263575350823674, 0.0123321123321124, 0.009645909645909612, 0.019413919413919345]}, "complexity": {"197_cpu_act": [5, 7, 8, 4, 9]}, "time_all": {"197_cpu_act": [404.81255173683167, 416.03966641426086, 382.0930106639862, 538.2277929782867, 448.3633737564087]}, "time_fit": {"197_cpu_act": [404.81255173683167, 416.03966641426086, 382.0930106639862, 538.2277929782867, 448.3633737564087]}, "sizes": {"197_cpu_act": []}, "tau": 0.9}, "LightGBM": {"losses": {"197_cpu_act": [0.008440937323918065, 0.008846938892245795, 0.008920026681571228, 0.009268418138332053, 0.009964037927474509]}, "coverage": {"197_cpu_act": [0.00726052471018912, 0.028004881025015194, 0.002564102564102555, 0.03284493284493284, 0.037728937728937706]}, "time_all": {"197_cpu_act": [1.0234086513519287, 1.0211708545684814, 0.9548988342285156, 0.9804155826568604, 0.969545841217041]}, "time_fit": {"197_cpu_act": [0.15185093879699707, 0.14812088012695312, 0.14392614364624023, 0.13234257698059082, 0.14047932624816895]}, "sizes": {"197_cpu_act": []}, "tau": 0.9}, "DecisionTree": {"losses": {"197_cpu_act": [0.00457318764213212, 0.0045238843591497635, 0.004514189514189513, 0.004300760967427633, 0.0041277241277241266]}, "coverage": {"197_cpu_act": [0.011043319097010396, 6.101281269066394e-05, 0.009645909645909612, 0.007814407814407787, 0.024297924297924323]}, "complexity": {"197_cpu_act": [321, 231, 205, 227, 267]}, "time_all": {"197_cpu_act": [1.5680053234100342, 1.3546764850616455, 1.2900536060333252, 1.288468360900879, 1.2414627075195312]}, "time_fit": {"197_cpu_act": [0.08481645584106445, 0.07706952095031738, 0.07505083084106445, 0.07810521125793457, 0.08108115196228027]}, "sizes": {"197_cpu_act": []}, "tau": 0.9}, "LinearQuantile": {"losses": {"197_cpu_act": [0.03274272234235256, 0.03135529733905536, 0.03071546143823342, 0.030796032503379332, 0.03028261126830779]}, "coverage": {"197_cpu_act": [0.028737034777303272, 0.03544844417327642, 0.03675213675213673, 0.04163614163614171, 0.028205128205128216]}, "complexity": {"197_cpu_act": [21, 21, 21, 21, 21]}, "time_all": {"197_cpu_act": [50.831932067871094, 46.621033668518066, 46.31114673614502, 60.37225389480591, 44.71182203292847]}, "time_fit": {"197_cpu_act": [2.280366897583008, 3.479351282119751, 4.639441728591919, 2.102522850036621, 1.6291894912719727]}, "sizes": {"197_cpu_act": []}, "tau": 0.9}}