{"SQR": {"losses": {"547_no2": [0.018170552359427074, 0.016515732393701747, 0.0181711735281137, 0.019458783545184613, 0.02563573226818849]}, "coverage": {"547_no2": [0.010000000000000009, 0.010000000000000009, 0.040000000000000036, 0.010000000000000009, 0.08999999999999997]}, "complexity": {"547_no2": [5, 8, 8, 5, 5]}, "time_all": {"547_no2": [101.21193718910217, 87.27564764022827, 77.63585782051086, 76.70951104164124, 90.76982522010803]}, "time_fit": {"547_no2": [101.21193718910217, 87.27564764022827, 77.63585782051086, 76.70951104164124, 90.76982522010803]}, "sizes": {"547_no2": []}, "tau": 0.9}, "LightGBM": {"losses": {"547_no2": [0.017731803030591783, 0.015199642699673329, 0.017261567412353535, 0.016122522994889824, 0.021075467587173456]}, "coverage": {"547_no2": [0.010000000000000009, 0.030000000000000027, 0.010000000000000009, 0.0, 0.050000000000000044]}, "time_all": {"547_no2": [0.23407936096191406, 0.2148749828338623, 0.19138813018798828, 0.19378042221069336, 0.19604253768920898]}, "time_fit": {"547_no2": [0.04096174240112305, 0.04040884971618652, 0.04397439956665039, 0.04503321647644043, 0.04744529724121094]}, "sizes": {"547_no2": []}, "tau": 0.9}, "DecisionTree": {"losses": {"547_no2": [0.01763458630667297, 0.014777662832580831, 0.015758792822320598, 0.014838908219952405, 0.01955965776744646]}, "coverage": {"547_no2": [0.010000000000000009, 0.010000000000000009, 0.020000000000000018, 0.010000000000000009, 0.13]}, "complexity": {"547_no2": [27, 17, 31, 13, 71]}, "time_all": {"547_no2": [0.07523965835571289, 0.07099080085754395, 0.07329535484313965, 0.07201099395751953, 0.07686185836791992]}, "time_fit": {"547_no2": [0.0048635005950927734, 0.0037512779235839844, 0.00500178337097168, 0.003392457962036133, 0.008509159088134766]}, "sizes": {"547_no2": []}, "tau": 0.9}, "LinearQuantile": {"losses": {"547_no2": [0.019250250550467217, 0.019097382516192973, 0.01925966752456636, 0.015172290306551843, 0.02308870615981448]}, "coverage": {"547_no2": [0.010000000000000009, 0.06000000000000005, 0.010000000000000009, 0.04999999999999993, 0.10999999999999999]}, "complexity": {"547_no2": [7, 7, 7, 7, 7]}, "time_all": {"547_no2": [0.7427444458007812, 0.36527442932128906, 0.15481066703796387, 0.26277852058410645, 0.11905479431152344]}, "time_fit": {"547_no2": [0.06584715843200684, 0.03271055221557617, 0.013217449188232422, 0.022699594497680664, 0.010237455368041992]}, "sizes": {"547_no2": []}, "tau": 0.9}}