{"SQR": {"losses": {"542_pollution": [0.03499225963929645, 0.03721212730037287, 0.025066482258765337, 0.035308700064311103, 0.023312830136738048]}, "coverage": {"542_pollution": [0.016666666666666607, 0.4, 0.09999999999999998, 0.2333333333333334, 0.06666666666666665]}, "complexity": {"542_pollution": [3, 4, 7, 8, 4]}, "time_all": {"542_pollution": [78.08866500854492, 64.94884014129639, 67.68829345703125, 66.7334554195404, 65.39589595794678]}, "time_fit": {"542_pollution": [78.08866500854492, 64.94884014129639, 67.68829345703125, 66.7334554195404, 65.39589595794678]}, "sizes": {"542_pollution": []}, "tau": 0.9}, "LightGBM": {"losses": {"542_pollution": [0.04850448261672113, 0.03233391782632777, 0.028404740058470178, 0.018128764504955402, 0.021439647037450285]}, "coverage": {"542_pollution": [0.06666666666666665, 0.15000000000000002, 0.016666666666666607, 0.016666666666666607, 0.016666666666666607]}, "time_all": {"542_pollution": [0.10641098022460938, 0.06833076477050781, 0.05332159996032715, 0.06774592399597168, 0.059998273849487305]}, "time_fit": {"542_pollution": [0.013904809951782227, 0.014620542526245117, 0.004090547561645508, 0.014397621154785156, 0.012826681137084961]}, "sizes": {"542_pollution": []}, "tau": 0.9}, "DecisionTree": {"losses": {"542_pollution": [0.04363540927010589, 0.024723776808007348, 0.021732949000857347, 0.0248287152922843, 0.018572792443488917]}, "coverage": {"542_pollution": [0.06666666666666665, 0.016666666666666607, 0.09999999999999998, 0.06666666666666665, 0.06666666666666665]}, "complexity": {"542_pollution": [7, 7, 3, 7, 3]}, "time_all": {"542_pollution": [0.030381441116333008, 0.028510332107543945, 0.0285184383392334, 0.029435157775878906, 0.026621103286743164]}, "time_fit": {"542_pollution": [0.002170562744140625, 0.0019779205322265625, 0.0017406940460205078, 0.0020339488983154297, 0.001583099365234375]}, "sizes": {"542_pollution": []}, "tau": 0.9}, "LinearQuantile": {"losses": {"542_pollution": [0.0292950605618401, 0.04521752089087726, 0.03597380127763947, 0.0341519807310676, 0.08185038027247137]}, "coverage": {"542_pollution": [0.06666666666666665, 0.15000000000000002, 0.06666666666666665, 0.31666666666666665, 0.15000000000000002]}, "complexity": {"542_pollution": [15, 15, 15, 15, 15]}, "time_all": {"542_pollution": [0.1911931037902832, 0.2979123592376709, 4.406083583831787, 1.0869643688201904, 4.00456976890564]}, "time_fit": {"542_pollution": [0.0164334774017334, 0.02435135841369629, 0.5243790149688721, 0.07903671264648438, 0.1924607753753662]}, "sizes": {"542_pollution": []}, "tau": 0.9}}