{"SQR": {"losses": {"605_fri_c2_250_25": [0.0065104038372930505, 0.02093143079616514, 0.011448077122188314, 0.01042130197405384, 0.01147775626732866]}, "coverage": {"605_fri_c2_250_25": [0.05999999999999994, 0.040000000000000036, 0.05999999999999994, 0.020000000000000018, 0.020000000000000018]}, "complexity": {"605_fri_c2_250_25": [17, 8, 9, 14, 13]}, "time_all": {"605_fri_c2_250_25": [93.77786564826965, 75.57128286361694, 77.49991655349731, 76.16420722007751, 75.00660347938538]}, "time_fit": {"605_fri_c2_250_25": [93.77786564826965, 75.57128286361694, 77.49991655349731, 76.16420722007751, 75.00660347938538]}, "sizes": {"605_fri_c2_250_25": []}, "tau": 0.9}, "LightGBM": {"losses": {"605_fri_c2_250_25": [0.025886255758530676, 0.03047129255338336, 0.03158524301872526, 0.022594628857713565, 0.028915813421993043]}, "coverage": {"605_fri_c2_250_25": [0.0, 0.020000000000000018, 0.08000000000000007, 0.020000000000000018, 0.040000000000000036]}, "time_all": {"605_fri_c2_250_25": [0.1711728572845459, 0.13172388076782227, 0.15874862670898438, 0.12202596664428711, 0.14887046813964844]}, "time_fit": {"605_fri_c2_250_25": [0.02440023422241211, 0.029980897903442383, 0.0381927490234375, 0.021471023559570312, 0.027659893035888672]}, "sizes": {"605_fri_c2_250_25": []}, "tau": 0.9}, "DecisionTree": {"losses": {"605_fri_c2_250_25": [0.020954352598760075, 0.02381263896915577, 0.026536877753624132, 0.022383750289283015, 0.027105511256181956]}, "coverage": {"605_fri_c2_250_25": [0.0, 0.020000000000000018, 0.06000000000000005, 0.0, 0.06000000000000005]}, "complexity": {"605_fri_c2_250_25": [9, 7, 15, 5, 17]}, "time_all": {"605_fri_c2_250_25": [0.06704044342041016, 0.06359100341796875, 0.06538271903991699, 0.062331199645996094, 0.06661558151245117]}, "time_fit": {"605_fri_c2_250_25": [0.003912925720214844, 0.003445148468017578, 0.004715681076049805, 0.0029675960540771484, 0.005016326904296875]}, "sizes": {"605_fri_c2_250_25": []}, "tau": 0.9}, "LinearQuantile": {"losses": {"605_fri_c2_250_25": [0.09223070981964306, 0.07377247551347951, 0.11038479470904945, 0.09408408857114918, 0.0886866617329567]}, "coverage": {"605_fri_c2_250_25": [0.44, 0.36, 0.48000000000000004, 0.46, 0.4]}, "complexity": {"605_fri_c2_250_25": [25, 25, 25, 25, 25]}, "time_all": {"605_fri_c2_250_25": [0.5317521095275879, 1.8010847568511963, 2.1391425132751465, 1.3081963062286377, 0.9088025093078613]}, "time_fit": {"605_fri_c2_250_25": [0.04706740379333496, 0.1323683261871338, 0.13219666481018066, 0.08230400085449219, 0.06659293174743652]}, "sizes": {"605_fri_c2_250_25": []}, "tau": 0.9}}