{"SQR": {"losses": {"666_rmftsa_ladata": [0.015236587414520145, 0.012981960807041473, 0.013890156005585545, 0.014691607019227997, 0.014969276485184558]}, "coverage": {"666_rmftsa_ladata": [0.04705882352941182, 0.050980392156862675, 0.04117647058823526, 0.000990099009900991, 0.03069306930693072]}, "complexity": {"666_rmftsa_ladata": [4, 3, 4, 3, 3]}, "time_all": {"666_rmftsa_ladata": [99.26667976379395, 87.04433250427246, 89.01498436927795, 82.60198879241943, 87.4189965724945]}, "time_fit": {"666_rmftsa_ladata": [99.26667976379395, 87.04433250427246, 89.01498436927795, 82.60198879241943, 87.4189965724945]}, "sizes": {"666_rmftsa_ladata": []}, "tau": 0.9}, "LightGBM": {"losses": {"666_rmftsa_ladata": [0.01617644490609788, 0.011840284497974437, 0.014705586337787464, 0.012343303705508925, 0.01657145928595773]}, "coverage": {"666_rmftsa_ladata": [0.03725490196078429, 0.007843137254901933, 0.0019607843137254832, 0.0108910891089109, 0.04851485148514856]}, "time_all": {"666_rmftsa_ladata": [0.22112798690795898, 0.2092597484588623, 0.1799015998840332, 0.1733260154724121, 0.19357967376708984]}, "time_fit": {"666_rmftsa_ladata": [0.040695905685424805, 0.04305768013000488, 0.04032015800476074, 0.04047417640686035, 0.04328012466430664]}, "sizes": {"666_rmftsa_ladata": []}, "tau": 0.9}, "DecisionTree": {"losses": {"666_rmftsa_ladata": [0.01378036628353388, 0.013847964681418959, 0.014621498133089578, 0.013313968634706226, 0.01589372683696059]}, "coverage": {"666_rmftsa_ladata": [0.1352941176470589, 0.06666666666666665, 0.01764705882352946, 0.03861386138613865, 0.04851485148514856]}, "complexity": {"666_rmftsa_ladata": [69, 19, 27, 19, 11]}, "time_all": {"666_rmftsa_ladata": [0.09695124626159668, 0.08725905418395996, 0.09099173545837402, 0.09038114547729492, 0.08852720260620117]}, "time_fit": {"666_rmftsa_ladata": [0.010292530059814453, 0.005255699157714844, 0.006480216979980469, 0.005505800247192383, 0.0041539669036865234]}, "sizes": {"666_rmftsa_ladata": []}, "tau": 0.9}, "LinearQuantile": {"losses": {"666_rmftsa_ladata": [0.018007327824608333, 0.014283371506312668, 0.01486334420752569, 0.012130821848130798, 0.016147899414702866]}, "coverage": {"666_rmftsa_ladata": [0.0862745098039216, 0.021568627450980316, 0.027450980392156876, 0.03069306930693072, 0.0108910891089109]}, "complexity": {"666_rmftsa_ladata": [10, 10, 10, 10, 10]}, "time_all": {"666_rmftsa_ladata": [0.4197561740875244, 0.249741792678833, 0.3771796226501465, 0.31621837615966797, 0.29844069480895996]}, "time_fit": {"666_rmftsa_ladata": [0.03716468811035156, 0.022135019302368164, 0.032430410385131836, 0.027425527572631836, 0.026110410690307617]}, "sizes": {"666_rmftsa_ladata": []}, "tau": 0.9}}