{"SQR": {"losses": {"595_fri_c0_1000_10": [0.009605803399569856, 0.012201047987942016, 0.00991346934852184, 0.010975847922854401, 0.007419115894084944]}, "coverage": {"595_fri_c0_1000_10": [0.020000000000000018, 0.040000000000000036, 0.010000000000000009, 0.015000000000000013, 0.030000000000000027]}, "complexity": {"595_fri_c0_1000_10": [9, 8, 10, 9, 13]}, "time_all": {"595_fri_c0_1000_10": [107.28876185417175, 89.88468623161316, 89.32260251045227, 90.99862504005432, 91.350013256073]}, "time_fit": {"595_fri_c0_1000_10": [107.28876185417175, 89.88468623161316, 89.32260251045227, 90.99862504005432, 91.350013256073]}, "sizes": {"595_fri_c0_1000_10": []}, "tau": 0.9}, "LightGBM": {"losses": {"595_fri_c0_1000_10": [0.020647058860619003, 0.018549317983777795, 0.01874047219608664, 0.021017651641246943, 0.019776790338120062]}, "coverage": {"595_fri_c0_1000_10": [0.03500000000000003, 0.020000000000000018, 0.015000000000000013, 0.020000000000000018, 0.04499999999999993]}, "time_all": {"595_fri_c0_1000_10": [0.35030388832092285, 0.32352662086486816, 0.29111337661743164, 0.29813480377197266, 0.34038782119750977]}, "time_fit": {"595_fri_c0_1000_10": [0.06747794151306152, 0.06474971771240234, 0.06147336959838867, 0.06843829154968262, 0.062239885330200195]}, "sizes": {"595_fri_c0_1000_10": []}, "tau": 0.9}, "DecisionTree": {"losses": {"595_fri_c0_1000_10": [0.017714796096449915, 0.019428568430198113, 0.019107885347278065, 0.01970594397131753, 0.019754866377856322]}, "coverage": {"595_fri_c0_1000_10": [0.050000000000000044, 0.05500000000000005, 0.03500000000000003, 0.030000000000000027, 0.10499999999999998]}, "complexity": {"595_fri_c0_1000_10": [37, 25, 35, 37, 59]}, "time_all": {"595_fri_c0_1000_10": [0.17056751251220703, 0.16526126861572266, 0.16663622856140137, 0.16847610473632812, 0.1721036434173584]}, "time_fit": {"595_fri_c0_1000_10": [0.010520458221435547, 0.008847951889038086, 0.01016378402709961, 0.01067352294921875, 0.013421297073364258]}, "sizes": {"595_fri_c0_1000_10": []}, "tau": 0.9}, "LinearQuantile": {"losses": {"595_fri_c0_1000_10": [0.04085383516150034, 0.04015862451300286, 0.03633364079288809, 0.03358548351998773, 0.039648557105471466]}, "coverage": {"595_fri_c0_1000_10": [0.495, 0.42500000000000004, 0.36, 0.3350000000000001, 0.42000000000000004]}, "complexity": {"595_fri_c0_1000_10": [10, 10, 10, 10, 10]}, "time_all": {"595_fri_c0_1000_10": [0.8330078125, 0.15157461166381836, 0.5571780204772949, 0.2437610626220703, 0.23556733131408691]}, "time_fit": {"595_fri_c0_1000_10": [0.07440352439880371, 0.013033390045166016, 0.04461932182312012, 0.021055936813354492, 0.020814895629882812]}, "sizes": {"595_fri_c0_1000_10": []}, "tau": 0.9}}