{"SQR": {"losses": {"616_fri_c4_500_50": [0.015060902473559323, 0.013300701649159379, 0.008532087187695686, 0.006472935970959658, 0.01294515755295984]}, "coverage": {"616_fri_c4_500_50": [0.15000000000000002, 0.19000000000000006, 0.030000000000000027, 0.04999999999999993, 0.050000000000000044]}, "complexity": {"616_fri_c4_500_50": [9, 10, 13, 17, 6]}, "time_all": {"616_fri_c4_500_50": [110.21339178085327, 96.51328778266907, 90.70591282844543, 98.36403918266296, 81.31252479553223]}, "time_fit": {"616_fri_c4_500_50": [110.21339178085327, 96.51328778266907, 90.70591282844543, 98.36403918266296, 81.31252479553223]}, "sizes": {"616_fri_c4_500_50": []}, "tau": 0.9}, "LightGBM": {"losses": {"616_fri_c4_500_50": [0.019620682425559196, 0.023957337457769554, 0.01794582108039293, 0.02208378883836296, 0.018959842238151947]}, "coverage": {"616_fri_c4_500_50": [0.020000000000000018, 0.050000000000000044, 0.010000000000000009, 0.040000000000000036, 0.010000000000000009]}, "time_all": {"616_fri_c4_500_50": [0.26431989669799805, 0.24104523658752441, 0.21503591537475586, 0.21122050285339355, 0.20418262481689453]}, "time_fit": {"616_fri_c4_500_50": [0.04854178428649902, 0.04720282554626465, 0.04847073554992676, 0.04909920692443848, 0.04460287094116211]}, "sizes": {"616_fri_c4_500_50": []}, "tau": 0.9}, "DecisionTree": {"losses": {"616_fri_c4_500_50": [0.020969561210035563, 0.018525799838249344, 0.017416724000059215, 0.014222604823837423, 0.01675369795588411]}, "coverage": {"616_fri_c4_500_50": [0.12, 0.030000000000000027, 0.08999999999999997, 0.020000000000000018, 0.12]}, "complexity": {"616_fri_c4_500_50": [29, 23, 31, 31, 71]}, "time_all": {"616_fri_c4_500_50": [0.21812772750854492, 0.1958627700805664, 0.20544075965881348, 0.2046043872833252, 0.20710372924804688]}, "time_fit": {"616_fri_c4_500_50": [0.019352197647094727, 0.014660835266113281, 0.0174710750579834, 0.01750659942626953, 0.023949623107910156]}, "sizes": {"616_fri_c4_500_50": []}, "tau": 0.9}, "LinearQuantile": {"losses": {"616_fri_c4_500_50": [0.08662760500825788, 0.07303975382483444, 0.08468427057566967, 0.07578348837218545, 0.07059721952986793]}, "coverage": {"616_fri_c4_500_50": [0.46, 0.44, 0.46, 0.44, 0.4]}, "complexity": {"616_fri_c4_500_50": [50, 50, 50, 50, 50]}, "time_all": {"616_fri_c4_500_50": [10.84620189666748, 11.317574262619019, 4.8850507736206055, 26.060856580734253, 5.3870580196380615]}, "time_fit": {"616_fri_c4_500_50": [0.9419119358062744, 0.8865010738372803, 0.3413114547729492, 2.3582406044006348, 0.4449756145477295]}, "sizes": {"616_fri_c4_500_50": []}, "tau": 0.9}}