{"SQR": {"losses": {"596_fri_c2_250_5": [0.019475013049051536, 0.009194456354034968, 0.009989068092732823, 0.006568403919920802, 0.010816962033492753]}, "coverage": {"596_fri_c2_250_5": [0.09999999999999998, 0.16000000000000003, 0.0, 0.020000000000000018, 0.039999999999999925]}, "complexity": {"596_fri_c2_250_5": [10, 18, 14, 14, 13]}, "time_all": {"596_fri_c2_250_5": [86.00631713867188, 72.65616583824158, 78.37092018127441, 78.93591547012329, 77.23636031150818]}, "time_fit": {"596_fri_c2_250_5": [86.00631713867188, 72.65616583824158, 78.37092018127441, 78.93591547012329, 77.23636031150818]}, "sizes": {"596_fri_c2_250_5": []}, "tau": 0.9}, "LightGBM": {"losses": {"596_fri_c2_250_5": [0.032366514084878006, 0.02259386352875769, 0.027522701440612345, 0.027646141882117788, 0.021680170490210468]}, "coverage": {"596_fri_c2_250_5": [0.12, 0.040000000000000036, 0.040000000000000036, 0.020000000000000018, 0.020000000000000018]}, "time_all": {"596_fri_c2_250_5": [0.17858529090881348, 0.14699745178222656, 0.14847302436828613, 0.1268467903137207, 0.14781713485717773]}, "time_fit": {"596_fri_c2_250_5": [0.029293537139892578, 0.030220508575439453, 0.0344846248626709, 0.029678821563720703, 0.03451204299926758]}, "sizes": {"596_fri_c2_250_5": []}, "tau": 0.9}, "DecisionTree": {"losses": {"596_fri_c2_250_5": [0.03496817877038302, 0.019746093861717506, 0.029988613037617542, 0.026149405987337664, 0.0203909699803361]}, "coverage": {"596_fri_c2_250_5": [0.18000000000000005, 0.05999999999999994, 0.18000000000000005, 0.020000000000000018, 0.020000000000000018]}, "complexity": {"596_fri_c2_250_5": [15, 9, 37, 9, 7]}, "time_all": {"596_fri_c2_250_5": [0.04812741279602051, 0.04685831069946289, 0.0491483211517334, 0.04564929008483887, 0.04617738723754883]}, "time_fit": {"596_fri_c2_250_5": [0.0030889511108398438, 0.002494335174560547, 0.0046367645263671875, 0.002463817596435547, 0.0022580623626708984]}, "sizes": {"596_fri_c2_250_5": []}, "tau": 0.9}, "LinearQuantile": {"losses": {"596_fri_c2_250_5": [0.09537767576482681, 0.08559104627894544, 0.08781585707729829, 0.06413495567647833, 0.09428282941144583]}, "coverage": {"596_fri_c2_250_5": [0.38, 0.42000000000000004, 0.4, 0.26, 0.52]}, "complexity": {"596_fri_c2_250_5": [5, 5, 5, 5, 5]}, "time_all": {"596_fri_c2_250_5": [0.08899664878845215, 0.1711101531982422, 0.2585489749908447, 0.2328803539276123, 0.1517925262451172]}, "time_fit": {"596_fri_c2_250_5": [0.0070803165435791016, 0.014607429504394531, 0.022951126098632812, 0.02064824104309082, 0.0132904052734375]}, "sizes": {"596_fri_c2_250_5": []}, "tau": 0.9}}