{"SQR": {"losses": {"294_satellite_image": [0.03877207480167983, 0.028714013481998358, 0.03182272761064458, 0.03221131999727354, 0.031979826378088085]}, "coverage": {"294_satellite_image": [0.004895104895104918, 0.014996114996114973, 0.004428904428904423, 0.012665112665112721, 0.008003108003107995]}, "complexity": {"294_satellite_image": [6, 12, 8, 8, 9]}, "time_all": {"294_satellite_image": [426.3875033855438, 353.8179988861084, 408.6078305244446, 383.95129919052124, 353.72337794303894]}, "time_fit": {"294_satellite_image": [426.3875033855438, 353.8179988861084, 408.6078305244446, 383.95129919052124, 353.72337794303894]}, "sizes": {"294_satellite_image": []}, "tau": 0.9}, "LightGBM": {"losses": {"294_satellite_image": [0.027012705258054392, 0.04457812041106818, 0.046580994079767284, 0.038523299363419486, 0.04011111412951132]}, "coverage": {"294_satellite_image": [0.004895104895104918, 0.08756798756798756, 0.07824397824397822, 0.07280497280497278, 0.06814296814296816]}, "time_all": {"294_satellite_image": [0.848621129989624, 0.32039809226989746, 0.3270249366760254, 0.6529104709625244, 0.4351036548614502]}, "time_fit": {"294_satellite_image": [0.12562155723571777, 0.10851192474365234, 0.0785679817199707, 0.17005085945129395, 0.1667633056640625]}, "sizes": {"294_satellite_image": []}, "tau": 0.9}, "DecisionTree": {"losses": {"294_satellite_image": [0.018578088578088577, 0.015360010360010357, 0.017280497280497277, 0.013899248899248899, 0.018829318829318827]}, "coverage": {"294_satellite_image": [0.0696969696969697, 0.07902097902097904, 0.06425796425796426, 0.08057498057498058, 0.06270396270396272]}, "complexity": {"294_satellite_image": [219, 133, 223, 225, 373]}, "time_all": {"294_satellite_image": [1.2109856605529785, 1.0323209762573242, 1.1764380931854248, 0.9970965385437012, 1.0119047164916992]}, "time_fit": {"294_satellite_image": [0.08262753486633301, 0.05763840675354004, 0.07910680770874023, 0.0655670166015625, 0.08273816108703613]}, "sizes": {"294_satellite_image": []}, "tau": 0.9}, "LinearQuantile": {"losses": {"294_satellite_image": [0.04026033759302699, 0.04087924409555687, 0.04127038719624953, 0.04077263115905281, 0.03917070655910638]}, "coverage": {"294_satellite_image": [0.00878010878010882, 0.011888111888111896, 0.006759906759906786, 0.025874125874125853, 0.017327117327117336]}, "complexity": {"294_satellite_image": [36, 36, 36, 36, 36]}, "time_all": {"294_satellite_image": [17.293363332748413, 4.281383991241455, 6.818419933319092, 3.3206663131713867, 5.697525501251221]}, "time_fit": {"294_satellite_image": [1.8567979335784912, 0.37300586700439453, 0.6157963275909424, 0.26351118087768555, 0.612652063369751]}, "sizes": {"294_satellite_image": []}, "tau": 0.9}}