{"SQR": {"losses": {"620_fri_c1_1000_25": [0.007383029673926415, 0.00898779349773238, 0.004890565264912085, 0.008371301600632436, 0.011442198720851601]}, "coverage": {"620_fri_c1_1000_25": [0.020000000000000018, 0.025000000000000022, 0.010000000000000009, 0.015000000000000013, 0.03500000000000003]}, "complexity": {"620_fri_c1_1000_25": [15, 13, 16, 15, 9]}, "time_all": {"620_fri_c1_1000_25": [122.91341376304626, 112.10841822624207, 109.72763347625732, 105.0883469581604, 104.13837718963623]}, "time_fit": {"620_fri_c1_1000_25": [122.91341376304626, 112.10841822624207, 109.72763347625732, 105.0883469581604, 104.13837718963623]}, "sizes": {"620_fri_c1_1000_25": []}, "tau": 0.9}, "LightGBM": {"losses": {"620_fri_c1_1000_25": [0.02138453668623582, 0.022485509844637073, 0.021820138707368063, 0.019023013946401268, 0.020874243237660958]}, "coverage": {"620_fri_c1_1000_25": [0.030000000000000027, 0.020000000000000018, 0.030000000000000027, 0.030000000000000027, 0.040000000000000036]}, "time_all": {"620_fri_c1_1000_25": [0.3804209232330322, 0.32131290435791016, 0.33506202697753906, 0.34467053413391113, 0.3573136329650879]}, "time_fit": {"620_fri_c1_1000_25": [0.06198620796203613, 0.06038475036621094, 0.0673375129699707, 0.062117815017700195, 0.06487107276916504]}, "sizes": {"620_fri_c1_1000_25": []}, "tau": 0.9}, "DecisionTree": {"losses": {"620_fri_c1_1000_25": [0.014741790165613238, 0.01844559465331686, 0.01862362680818922, 0.016230518031947087, 0.016174330138434216]}, "coverage": {"620_fri_c1_1000_25": [0.0050000000000000044, 0.03500000000000003, 0.05500000000000005, 0.04500000000000004, 0.0]}, "complexity": {"620_fri_c1_1000_25": [31, 29, 25, 27, 29]}, "time_all": {"620_fri_c1_1000_25": [0.28011322021484375, 0.2770678997039795, 0.27449536323547363, 0.2758443355560303, 0.2757737636566162]}, "time_fit": {"620_fri_c1_1000_25": [0.018198013305664062, 0.01767563819885254, 0.016838788986206055, 0.01719069480895996, 0.017070531845092773]}, "sizes": {"620_fri_c1_1000_25": []}, "tau": 0.9}, "LinearQuantile": {"losses": {"620_fri_c1_1000_25": [0.0713917171023673, 0.0704309250282243, 0.07363108169706706, 0.0732970626027833, 0.074817077945882]}, "coverage": {"620_fri_c1_1000_25": [0.435, 0.42500000000000004, 0.41000000000000003, 0.43000000000000005, 0.44]}, "complexity": {"620_fri_c1_1000_25": [25, 25, 25, 25, 25]}, "time_all": {"620_fri_c1_1000_25": [2.4129841327667236, 1.7631101608276367, 0.4557795524597168, 1.881601095199585, 0.7559125423431396]}, "time_fit": {"620_fri_c1_1000_25": [0.1643979549407959, 0.11444854736328125, 0.03630995750427246, 0.1284036636352539, 0.054108619689941406]}, "sizes": {"620_fri_c1_1000_25": []}, "tau": 0.9}}