{"SQR": {"losses": {"1193_BNG_lowbwt": [0.01970794594159862, 0.01917603479556978, 0.019043770659753458, 0.019148338416050875, 0.019092713122311852]}, "coverage": {"1193_BNG_lowbwt": [0.0025558591866259306, 0.004967047098537236, 0.001109146439479236, 0.004356212827519634, 0.0035369774919613572]}, "complexity": {"1193_BNG_lowbwt": [3, 3, 3, 3, 3]}, "time_all": {"1193_BNG_lowbwt": [1287.8153882026672, 1125.4311826229095, 1075.6483912467957, 1169.9605133533478, 1118.558893442154]}, "time_fit": {"1193_BNG_lowbwt": [1287.8153882026672, 1125.4311826229095, 1075.6483912467957, 1169.9605133533478, 1118.558893442154]}, "sizes": {"1193_BNG_lowbwt": []}, "tau": 0.9}, "LightGBM": {"losses": {"1193_BNG_lowbwt": [0.018685568744701567, 0.018074916946685175, 0.018144998890079193, 0.01824656525299991, 0.018345886794432973]}, "coverage": {"1193_BNG_lowbwt": [0.016251406526281875, 0.022681240958045357, 0.024610191287574357, 0.021395274071692616, 0.020739549839228322]}, "time_all": {"1193_BNG_lowbwt": [2.3036305904388428, 2.033085823059082, 1.897123098373413, 2.117032289505005, 1.5916407108306885]}, "time_fit": {"1193_BNG_lowbwt": [0.3671548366546631, 0.3044142723083496, 0.26774072647094727, 0.3108816146850586, 0.23286700248718262]}, "sizes": {"1193_BNG_lowbwt": []}, "tau": 0.9}, "DecisionTree": {"losses": {"1193_BNG_lowbwt": [0.019185093286988888, 0.018442343315162986, 0.018836890779217245, 0.01855632709656452, 0.018716767022332798]}, "coverage": {"1193_BNG_lowbwt": [0.025221025558591847, 0.024578042115415588, 0.027792959331297218, 0.021041633177945718, 0.021061093247588425]}, "complexity": {"1193_BNG_lowbwt": [871, 789, 793, 793, 863]}, "time_all": {"1193_BNG_lowbwt": [2.3057024478912354, 2.3076670169830322, 2.3709592819213867, 2.3257715702056885, 2.307739019393921]}, "time_fit": {"1193_BNG_lowbwt": [0.12626314163208008, 0.12076973915100098, 0.12258291244506836, 0.12132048606872559, 0.12533926963806152]}, "sizes": {"1193_BNG_lowbwt": []}, "tau": 0.9}, "LinearQuantile": {"losses": {"1193_BNG_lowbwt": [0.0186794099159748, 0.018038357058290204, 0.018162112346960784, 0.018216168850514355, 0.018214313924657784]}, "coverage": {"1193_BNG_lowbwt": [0.005288538820125366, 1.607458607943979e-05, 0.0011412956116380046, 0.001269892300273301, 0.0009646302250803096]}, "complexity": {"1193_BNG_lowbwt": [23, 23, 23, 23, 23]}, "time_all": {"1193_BNG_lowbwt": [223.0355806350708, 10.215433120727539, 12.085142612457275, 13.359023094177246, 45.47467374801636]}, "time_fit": {"1193_BNG_lowbwt": [29.411746978759766, 0.9002547264099121, 1.0649042129516602, 1.1781935691833496, 3.5519678592681885]}, "sizes": {"1193_BNG_lowbwt": []}, "tau": 0.9}}