{"SQR": {"losses": {"653_fri_c0_250_25": [0.017764656907788577, 0.009773964006808173, 0.011279697765957756, 0.008104515477127679, 0.007561066554903528]}, "coverage": {"653_fri_c0_250_25": [0.12, 0.040000000000000036, 0.020000000000000018, 0.040000000000000036, 0.05999999999999994]}, "complexity": {"653_fri_c0_250_25": [10, 12, 11, 14, 14]}, "time_all": {"653_fri_c0_250_25": [92.17841982841492, 75.83794927597046, 75.90305256843567, 75.75543546676636, 75.69148302078247]}, "time_fit": {"653_fri_c0_250_25": [92.17841982841492, 75.83794927597046, 75.90305256843567, 75.75543546676636, 75.69148302078247]}, "sizes": {"653_fri_c0_250_25": []}, "tau": 0.9}, "LightGBM": {"losses": {"653_fri_c0_250_25": [0.030668752932746672, 0.023452164821484562, 0.021180035405658066, 0.029205403556861645, 0.024628597074099905]}, "coverage": {"653_fri_c0_250_25": [0.020000000000000018, 0.020000000000000018, 0.020000000000000018, 0.040000000000000036, 0.0]}, "time_all": {"653_fri_c0_250_25": [0.170058012008667, 0.15139222145080566, 0.12546348571777344, 0.13103985786437988, 0.14386606216430664]}, "time_fit": {"653_fri_c0_250_25": [0.028005599975585938, 0.03188610076904297, 0.028281450271606445, 0.02089524269104004, 0.033537864685058594]}, "sizes": {"653_fri_c0_250_25": []}, "tau": 0.9}, "DecisionTree": {"losses": {"653_fri_c0_250_25": [0.022492618859245035, 0.025356004786154903, 0.027834213779774318, 0.02236831214730462, 0.024165287469337316]}, "coverage": {"653_fri_c0_250_25": [0.020000000000000018, 0.09999999999999998, 0.08000000000000007, 0.040000000000000036, 0.0]}, "complexity": {"653_fri_c0_250_25": [5, 35, 5, 15, 7]}, "time_all": {"653_fri_c0_250_25": [0.06523871421813965, 0.06562113761901855, 0.06276082992553711, 0.06354665756225586, 0.0658876895904541]}, "time_fit": {"653_fri_c0_250_25": [0.0030760765075683594, 0.006872892379760742, 0.0029916763305664062, 0.00470733642578125, 0.0033876895904541016]}, "sizes": {"653_fri_c0_250_25": []}, "tau": 0.9}, "LinearQuantile": {"losses": {"653_fri_c0_250_25": [0.050972714235868126, 0.04222654817694768, 0.05835902685754109, 0.04931895749102562, 0.04532746880969959]}, "coverage": {"653_fri_c0_250_25": [0.54, 0.38, 0.6000000000000001, 0.46, 0.42000000000000004]}, "complexity": {"653_fri_c0_250_25": [25, 25, 25, 25, 25]}, "time_all": {"653_fri_c0_250_25": [1.5064711570739746, 0.73954176902771, 1.5411429405212402, 2.3880622386932373, 1.045865774154663]}, "time_fit": {"653_fri_c0_250_25": [0.1186830997467041, 0.06677699089050293, 0.11221432685852051, 0.1864314079284668, 0.08721590042114258]}, "sizes": {"653_fri_c0_250_25": []}, "tau": 0.9}}