{"SQR": {"losses": {"228_elusage": [0.023031266348695355, 0.01545833107304888, 0.010038887847369149, 0.026910437476904345, 0.01942592028465593]}, "coverage": {"228_elusage": [0.09999999999999998, 0.08181818181818179, 0.08181818181818179, 0.08181818181818179, 0.17272727272727273]}, "complexity": {"228_elusage": [6, 10, 6, 11, 12]}, "time_all": {"228_elusage": [80.06694531440735, 64.82682061195374, 65.68259906768799, 65.29131817817688, 66.26395916938782]}, "time_fit": {"228_elusage": [80.06694531440735, 64.82682061195374, 65.68259906768799, 65.29131817817688, 66.26395916938782]}, "sizes": {"228_elusage": []}, "tau": 0.9}, "LightGBM": {"losses": {"228_elusage": [0.035848686983542384, 0.045548375140152364, 0.0638121563848852, 0.03196960246153261, 0.040622284175758853]}, "coverage": {"228_elusage": [0.09999999999999998, 0.08181818181818179, 0.08181818181818179, 0.09999999999999998, 0.009090909090909038]}, "time_all": {"228_elusage": [0.0943300724029541, 0.06545138359069824, 0.04230642318725586, 0.04911470413208008, 0.0558171272277832]}, "time_fit": {"228_elusage": [0.012550592422485352, 0.014090538024902344, 0.003981113433837891, 0.012541770935058594, 0.014008522033691406]}, "sizes": {"228_elusage": []}, "tau": 0.9}, "DecisionTree": {"losses": {"228_elusage": [0.01987274281533015, 0.027798994143323378, 0.024127105863302026, 0.02495496819187032, 0.0165832950540441]}, "coverage": {"228_elusage": [0.009090909090909038, 0.009090909090909038, 0.08181818181818179, 0.17272727272727273, 0.009090909090909038]}, "complexity": {"228_elusage": [17, 7, 3, 17, 7]}, "time_all": {"228_elusage": [0.029649734497070312, 0.028082847595214844, 0.02777886390686035, 0.02730274200439453, 0.02819204330444336]}, "time_fit": {"228_elusage": [0.0027577877044677734, 0.0018432140350341797, 0.0016531944274902344, 0.0025212764739990234, 0.0018846988677978516]}, "sizes": {"228_elusage": []}, "tau": 0.9}, "LinearQuantile": {"losses": {"228_elusage": [0.05298144382669159, 0.13070516429687246, 0.1343569623183215, 0.10288558304178659, 0.11852600371067969]}, "coverage": {"228_elusage": [0.009090909090909038, 0.08181818181818179, 0.17272727272727273, 0.009090909090909038, 0.17272727272727273]}, "complexity": {"228_elusage": [2, 2, 2, 2, 2]}, "time_all": {"228_elusage": [0.08722424507141113, 0.3271307945251465, 0.2288532257080078, 0.29482579231262207, 0.055089473724365234]}, "time_fit": {"228_elusage": [0.007016897201538086, 0.02653193473815918, 0.019297122955322266, 0.024034976959228516, 0.004438877105712891]}, "sizes": {"228_elusage": []}, "tau": 0.9}}