{"SQR": {"losses": {"1030_ERA": [0.037289989932562495, 0.04026666027099999, 0.03730320726374999, 0.037172106995999994, 0.037361641559874995]}, "coverage": {"1030_ERA": [0.030000000000000027, 0.03500000000000003, 0.04499999999999993, 0.04499999999999993, 0.040000000000000036]}, "complexity": {"1030_ERA": [4, 4, 5, 4, 4]}, "time_all": {"1030_ERA": [97.28694295883179, 93.7364752292633, 90.73670077323914, 85.56753945350647, 92.23738980293274]}, "time_fit": {"1030_ERA": [97.28694295883179, 93.7364752292633, 90.73670077323914, 85.56753945350647, 92.23738980293274]}, "sizes": {"1030_ERA": []}, "tau": 0.9}, "LightGBM": {"losses": {"1030_ERA": [0.03499471787211763, 0.03820712321772044, 0.03641697665024656, 0.03543708395519736, 0.03715637872372977]}, "coverage": {"1030_ERA": [0.04500000000000004, 0.020000000000000018, 0.030000000000000027, 0.030000000000000027, 0.030000000000000027]}, "time_all": {"1030_ERA": [0.31677675247192383, 0.2713432312011719, 0.2617459297180176, 0.26308774948120117, 0.3177659511566162]}, "time_fit": {"1030_ERA": [0.05285000801086426, 0.06018400192260742, 0.044403791427612305, 0.04690241813659668, 0.10137057304382324]}, "sizes": {"1030_ERA": []}, "tau": 0.9}, "DecisionTree": {"losses": {"1030_ERA": [0.03466874999999999, 0.0358, 0.0326375, 0.035318749999999996, 0.035875]}, "coverage": {"1030_ERA": [0.04499999999999993, 0.010000000000000009, 0.05999999999999994, 0.04999999999999993, 0.015000000000000013]}, "complexity": {"1030_ERA": [29, 55, 37, 31, 21]}, "time_all": {"1030_ERA": [0.06919193267822266, 0.07127213478088379, 0.06890058517456055, 0.06823301315307617, 0.066253662109375]}, "time_fit": {"1030_ERA": [0.003949403762817383, 0.005859851837158203, 0.004577159881591797, 0.004381418228149414, 0.003375530242919922]}, "sizes": {"1030_ERA": []}, "tau": 0.9}, "LinearQuantile": {"losses": {"1030_ERA": [0.03655239922551445, 0.04202362197134604, 0.036137697349650964, 0.03923087367842947, 0.0432152319460797]}, "coverage": {"1030_ERA": [0.025000000000000022, 0.08500000000000008, 0.010000000000000009, 0.020000000000000018, 0.08999999999999997]}, "complexity": {"1030_ERA": [4, 4, 4, 4, 4]}, "time_all": {"1030_ERA": [0.18238162994384766, 0.38120150566101074, 0.15059542655944824, 0.35027146339416504, 0.3605995178222656]}, "time_fit": {"1030_ERA": [0.015563249588012695, 0.0327911376953125, 0.013049602508544922, 0.03048992156982422, 0.03216361999511719]}, "sizes": {"1030_ERA": []}, "tau": 0.9}}