{"SQR": {"losses": {"589_fri_c2_1000_25": [0.009591116104691731, 0.01487958998616169, 0.00987901078295326, 0.004816186796448929, 0.01337891002294873]}, "coverage": {"589_fri_c2_1000_25": [0.050000000000000044, 0.030000000000000027, 0.015000000000000013, 0.050000000000000044, 0.03500000000000003]}, "complexity": {"589_fri_c2_1000_25": [15, 8, 13, 15, 11]}, "time_all": {"589_fri_c2_1000_25": [135.64921593666077, 116.61453771591187, 124.06025052070618, 126.55258965492249, 110.40028929710388]}, "time_fit": {"589_fri_c2_1000_25": [135.64921593666077, 116.61453771591187, 124.06025052070618, 126.55258965492249, 110.40028929710388]}, "sizes": {"589_fri_c2_1000_25": []}, "tau": 0.9}, "LightGBM": {"losses": {"589_fri_c2_1000_25": [0.021614302472091968, 0.018590446528773834, 0.020357689672010532, 0.018997362740387703, 0.020590863576742176]}, "coverage": {"589_fri_c2_1000_25": [0.030000000000000027, 0.015000000000000013, 0.030000000000000027, 0.030000000000000027, 0.010000000000000009]}, "time_all": {"589_fri_c2_1000_25": [0.38553881645202637, 0.3627748489379883, 0.36855196952819824, 0.3413245677947998, 0.36536478996276855]}, "time_fit": {"589_fri_c2_1000_25": [0.0665287971496582, 0.07120943069458008, 0.06441569328308105, 0.07012677192687988, 0.06475257873535156]}, "sizes": {"589_fri_c2_1000_25": []}, "tau": 0.9}, "DecisionTree": {"losses": {"589_fri_c2_1000_25": [0.01891524078723031, 0.015926903523899257, 0.015871924149779674, 0.016604760823258083, 0.01964419155045191]}, "coverage": {"589_fri_c2_1000_25": [0.08999999999999997, 0.025000000000000022, 0.04500000000000004, 0.07000000000000006, 0.08500000000000008]}, "complexity": {"589_fri_c2_1000_25": [63, 61, 65, 61, 59]}, "time_all": {"589_fri_c2_1000_25": [0.2866330146789551, 0.285125732421875, 0.2879445552825928, 0.28020381927490234, 0.2975752353668213]}, "time_fit": {"589_fri_c2_1000_25": [0.02362227439880371, 0.023581743240356445, 0.02429509162902832, 0.023272037506103516, 0.024305343627929688]}, "sizes": {"589_fri_c2_1000_25": []}, "tau": 0.9}, "LinearQuantile": {"losses": {"589_fri_c2_1000_25": [0.0722276185669744, 0.07128083008541533, 0.07485029675040213, 0.07106640508844184, 0.07838347530774674]}, "coverage": {"589_fri_c2_1000_25": [0.435, 0.455, 0.42500000000000004, 0.405, 0.41500000000000004]}, "complexity": {"589_fri_c2_1000_25": [25, 25, 25, 25, 25]}, "time_all": {"589_fri_c2_1000_25": [1.2238690853118896, 0.9240677356719971, 0.872713565826416, 0.6276366710662842, 2.8211469650268555]}, "time_fit": {"589_fri_c2_1000_25": [0.08954358100891113, 0.08393073081970215, 0.06603860855102539, 0.05233120918273926, 0.2170853614807129]}, "sizes": {"589_fri_c2_1000_25": []}, "tau": 0.9}}