{"SQR": {"losses": {"485_analcatdata_vehicle": [0.026380511291360487, 0.01470369954445214, 0.01463726165572777, 0.02200337898206487, 0.05665000458141064]}, "coverage": {"485_analcatdata_vehicle": [0.09999999999999998, 0.0, 0.09999999999999998, 0.12222222222222223, 0.12222222222222223]}, "complexity": {"485_analcatdata_vehicle": [16, 13, 14, 16, 10]}, "time_all": {"485_analcatdata_vehicle": [78.86391925811768, 62.01296615600586, 64.81455373764038, 63.852022886276245, 63.9627890586853]}, "time_fit": {"485_analcatdata_vehicle": [78.86391925811768, 62.01296615600586, 64.81455373764038, 63.852022886276245, 63.9627890586853]}, "sizes": {"485_analcatdata_vehicle": []}, "tau": 0.9}, "LightGBM": {"losses": {"485_analcatdata_vehicle": [0.06986188182514674, 0.055966847456621185, 0.04575506108461382, 0.03862696726287536, 0.09138532107364723]}, "coverage": {"485_analcatdata_vehicle": [0.09999999999999998, 0.09999999999999998, 0.09999999999999998, 0.09999999999999998, 0.2333333333333334]}, "time_all": {"485_analcatdata_vehicle": [0.0757136344909668, 0.03580188751220703, 0.03523707389831543, 0.031853437423706055, 0.03615927696228027]}, "time_fit": {"485_analcatdata_vehicle": [0.004067897796630859, 0.004538774490356445, 0.00446009635925293, 0.003847837448120117, 0.0045664310455322266]}, "sizes": {"485_analcatdata_vehicle": []}, "tau": 0.9}, "DecisionTree": {"losses": {"485_analcatdata_vehicle": [0.05610681399631676, 0.016596685082872924, 0.019839779005524857, 0.030491098833640273, 0.05334356455903416]}, "coverage": {"485_analcatdata_vehicle": [0.09999999999999998, 0.09999999999999998, 0.09999999999999998, 0.12222222222222223, 0.2333333333333334]}, "complexity": {"485_analcatdata_vehicle": [7, 13, 13, 15, 5]}, "time_all": {"485_analcatdata_vehicle": [0.028729677200317383, 0.028819561004638672, 0.028219223022460938, 0.027405977249145508, 0.028578996658325195]}, "time_fit": {"485_analcatdata_vehicle": [0.0020601749420166016, 0.0023560523986816406, 0.002298593521118164, 0.0024366378784179688, 0.0018229484558105469]}, "sizes": {"485_analcatdata_vehicle": []}, "tau": 0.9}, "LinearQuantile": {"losses": {"485_analcatdata_vehicle": [0.03949355436735876, 0.022664211238432864, 0.028195211666789486, 0.022924480061385793, 0.06607325557752619]}, "coverage": {"485_analcatdata_vehicle": [0.09999999999999998, 0.20000000000000007, 0.0, 0.011111111111111183, 0.12222222222222223]}, "complexity": {"485_analcatdata_vehicle": [12, 12, 12, 12, 12]}, "time_all": {"485_analcatdata_vehicle": [0.15628623962402344, 0.17885875701904297, 0.1358165740966797, 3.94390606880188, 0.1544194221496582]}, "time_fit": {"485_analcatdata_vehicle": [0.013187646865844727, 0.01496434211730957, 0.011339902877807617, 0.41272521018981934, 0.014035463333129883]}, "sizes": {"485_analcatdata_vehicle": []}, "tau": 0.9}}