{"SQR": {"losses": {"633_fri_c0_500_25": [0.03162459210686566, 0.03462562608525897, 0.016316130602506175, 0.012831625096747103, 0.024818242936855858]}, "coverage": {"633_fri_c0_500_25": [0.43000000000000005, 0.44, 0.33999999999999997, 0.28, 0.51]}, "complexity": {"633_fri_c0_500_25": [12, 11, 13, 14, 19]}, "tau": 0.5}, "LightGBM": {"losses": {"633_fri_c0_500_25": [0.03641226552118949, 0.045504386165400014, 0.03317501371758964, 0.044038784993310646, 0.03849571366495551]}, "coverage": {"633_fri_c0_500_25": [0.42000000000000004, 0.44, 0.37, 0.39, 0.38]}, "tau": 0.5}, "DecisionTree": {"losses": {"633_fri_c0_500_25": [0.04665576466726008, 0.05677646864977822, 0.04077841394407054, 0.04484209180591267, 0.04996450326038177]}, "coverage": {"633_fri_c0_500_25": [0.45, 0.46, 0.4, 0.39, 0.44]}, "complexity": {"633_fri_c0_500_25": [61, 15, 31, 31, 71]}, "tau": 0.5}, "LinearQuantile": {"losses": {"633_fri_c0_500_25": [0.040024613604105135, 0.044171505189815836, 0.035624694608768916, 0.04325350339511499, 0.04517101441779876]}, "coverage": {"633_fri_c0_500_25": [0.44, 0.5700000000000001, 0.36, 0.42000000000000004, 0.41000000000000003]}, "complexity": {"633_fri_c0_500_25": [25, 25, 25, 25, 25]}, "tau": 0.5}}