{"SQR": {"losses": {"653_fri_c0_250_25": [0.017725933141445927, 0.01297301832071046, 0.011999423503671147, 0.00830773769953255, 0.009008374851775934]}, "coverage": {"653_fri_c0_250_25": [0.12, 0.020000000000000018, 0.040000000000000036, 0.040000000000000036, 0.05999999999999994]}, "complexity": {"653_fri_c0_250_25": [9, 10, 9, 12, 13]}, "tau": 0.9}, "LightGBM": {"losses": {"653_fri_c0_250_25": [0.030668752932746672, 0.023452164821484562, 0.021180035405658066, 0.029205403556861645, 0.024628597074099905]}, "coverage": {"653_fri_c0_250_25": [0.020000000000000018, 0.020000000000000018, 0.020000000000000018, 0.040000000000000036, 0.0]}, "tau": 0.9}, "DecisionTree": {"losses": {"653_fri_c0_250_25": [0.022492618859245035, 0.025356004786154903, 0.027834213779774318, 0.02236831214730462, 0.024165287469337316]}, "coverage": {"653_fri_c0_250_25": [0.020000000000000018, 0.09999999999999998, 0.08000000000000007, 0.040000000000000036, 0.0]}, "complexity": {"653_fri_c0_250_25": [5, 35, 5, 15, 7]}, "tau": 0.9}, "LinearQuantile": {"losses": {"653_fri_c0_250_25": [0.050972714235868126, 0.04222654817694768, 0.05835902685754109, 0.04931895749102562, 0.04532746880969959]}, "coverage": {"653_fri_c0_250_25": [0.54, 0.38, 0.6000000000000001, 0.46, 0.42000000000000004]}, "complexity": {"653_fri_c0_250_25": [25, 25, 25, 25, 25]}, "tau": 0.9}}