{"SQR": {"losses": {"485_analcatdata_vehicle": [0.07950956579781199, 0.014708584859340863, 0.016033824078074646, 0.05723713672045691, 0.06527367824130068]}, "coverage": {"485_analcatdata_vehicle": [0.0, 0.0, 0.09999999999999998, 0.2333333333333334, 0.34444444444444444]}, "complexity": {"485_analcatdata_vehicle": [19, 14, 17, 9, 17]}, "tau": 0.9}, "LightGBM": {"losses": {"485_analcatdata_vehicle": [0.06986188182514674, 0.055966847456621185, 0.04575506108461382, 0.03862696726287536, 0.09138532107364723]}, "coverage": {"485_analcatdata_vehicle": [0.09999999999999998, 0.09999999999999998, 0.09999999999999998, 0.09999999999999998, 0.2333333333333334]}, "tau": 0.9}, "DecisionTree": {"losses": {"485_analcatdata_vehicle": [0.05610681399631676, 0.016596685082872924, 0.019839779005524857, 0.030491098833640273, 0.05334356455903416]}, "coverage": {"485_analcatdata_vehicle": [0.09999999999999998, 0.09999999999999998, 0.09999999999999998, 0.12222222222222223, 0.2333333333333334]}, "complexity": {"485_analcatdata_vehicle": [7, 13, 13, 15, 5]}, "tau": 0.9}, "LinearQuantile": {"losses": {"485_analcatdata_vehicle": [0.03949355436735876, 0.022664211238432864, 0.028195211666789486, 0.022924480061385793, 0.06607325557752619]}, "coverage": {"485_analcatdata_vehicle": [0.09999999999999998, 0.20000000000000007, 0.0, 0.011111111111111183, 0.12222222222222223]}, "complexity": {"485_analcatdata_vehicle": [12, 12, 12, 12, 12]}, "tau": 0.9}}