{"SQR": {"losses": {"657_fri_c2_250_10": [0.03863239036528669, 0.029064097500557683, 0.03598632823637912, 0.018844188748388176, 0.02544474463290131]}, "coverage": {"657_fri_c2_250_10": [0.020000000000000018, 0.040000000000000036, 0.0, 0.12, 0.14]}, "complexity": {"657_fri_c2_250_10": [8, 10, 9, 16, 13]}, "time_all": {"657_fri_c2_250_10": [374.0920822620392, 368.8539447784424, 383.93796396255493, 376.2439432144165, 391.59067606925964]}, "time_fit": {"657_fri_c2_250_10": [374.0920822620392, 368.8539447784424, 383.93796396255493, 376.2439432144165, 391.59067606925964]}, "sizes": {"657_fri_c2_250_10": []}, "tau": 0.5}, "LightGBM": {"losses": {"657_fri_c2_250_10": [0.0404290269801604, 0.04682745008539779, 0.0530966408214799, 0.048197449780681155, 0.03733679786822435]}, "coverage": {"657_fri_c2_250_10": [0.03999999999999998, 0.020000000000000018, 0.0, 0.07999999999999996, 0.020000000000000018]}, "time_all": {"657_fri_c2_250_10": [0.1362934112548828, 0.1419692039489746, 0.1370985507965088, 0.1138617992401123, 0.16438722610473633]}, "time_fit": {"657_fri_c2_250_10": [0.03351902961730957, 0.03586721420288086, 0.03360438346862793, 0.027519941329956055, 0.0384068489074707]}, "sizes": {"657_fri_c2_250_10": []}, "tau": 0.5}, "DecisionTree": {"losses": {"657_fri_c2_250_10": [0.04277451293990122, 0.049416752250786934, 0.05722170230183452, 0.04572302688073628, 0.040361423727176715]}, "coverage": {"657_fri_c2_250_10": [0.06, 0.020000000000000018, 0.020000000000000018, 0.09999999999999998, 0.15999999999999998]}, "complexity": {"657_fri_c2_250_10": [85, 15, 79, 81, 35]}, "time_all": {"657_fri_c2_250_10": [0.03166055679321289, 0.02884697914123535, 0.03030681610107422, 0.030401945114135742, 0.05404329299926758]}, "time_fit": {"657_fri_c2_250_10": [0.005012989044189453, 0.0019023418426513672, 0.004648685455322266, 0.004724740982055664, 0.0053424835205078125]}, "sizes": {"657_fri_c2_250_10": []}, "tau": 0.5}, "LinearQuantile": {"losses": {"657_fri_c2_250_10": [0.07744281022683748, 0.08549356072930568, 0.08382345559427609, 0.0864110625079788, 0.0850868462369184]}, "coverage": {"657_fri_c2_250_10": [0.12, 0.06000000000000005, 0.03999999999999998, 0.08000000000000002, 0.09999999999999998]}, "complexity": {"657_fri_c2_250_10": [10, 10, 10, 10, 10]}, "time_all": {"657_fri_c2_250_10": [0.19289469718933105, 0.30996251106262207, 0.6760880947113037, 0.08930444717407227, 0.363295316696167]}, "time_fit": {"657_fri_c2_250_10": [0.01717400550842285, 0.027829647064208984, 0.060985565185546875, 0.007894039154052734, 0.03201436996459961]}, "sizes": {"657_fri_c2_250_10": []}, "tau": 0.5}}