{"SQR": {"losses": {"344_mv": [0.00014791282022908863, 0.0002938902173815927, 0.00021385432944650009, 0.00025161212836811997, 6.324338065147215e-05]}, "coverage": {"344_mv": [0.09879813588422859, 0.07574196713269565, 0.08506254598969831, 0.25655586900527416, 0.32916717772599047]}, "complexity": {"344_mv": [13, 14, 9, 12, 12]}, "tau": 0.9}, "LightGBM": {"losses": {"344_mv": [0.01831206876679618, 0.01779299401191591, 0.01847100165113926, 0.01800036072193728, 0.01817810375067125]}, "coverage": {"344_mv": [0.05082168260976205, 0.03107677213637472, 0.045180279617365704, 0.04897583711517228, 0.032049552312032326]}, "tau": 0.9}, "DecisionTree": {"losses": {"344_mv": [0.0005864500803808902, 0.0006012278323092076, 0.0005969214323429284, 0.0006066636395911552, 0.0005825161405842853]}, "coverage": {"344_mv": [0.09033603139563406, 0.18513612950699043, 0.17618346823644837, 0.17793450263706612, 0.1721697534649822]}, "complexity": {"344_mv": [5507, 12777, 12751, 12789, 12753]}, "tau": 0.9}, "LinearQuantile": {"losses": {"344_mv": [0.011771042896152618, 0.012326780175454372, 0.011959498364177309, 0.011701368770990836, 0.011773875424257892]}, "coverage": {"344_mv": [0.004488594554819758, 0.0007848908511159935, 0.0016678930586215834, 0.0024162884827670927, 0.006218569851588418]}, "complexity": {"344_mv": [14, 14, 14, 14, 14]}, "tau": 0.9}}