{"SQR": {"losses": {"603_fri_c0_250_50": [0.01531901474754476, 0.013786659730474445, 0.015849720663071817, 0.020606194785610394, 0.017780058865477646]}, "coverage": {"603_fri_c0_250_50": [0.36, 0.28, 0.48000000000000004, 0.44, 0.09999999999999998]}, "complexity": {"603_fri_c0_250_50": [11, 11, 15, 15, 8]}, "tau": 0.5}, "LightGBM": {"losses": {"603_fri_c0_250_50": [0.04762980647240331, 0.05175404105836645, 0.0450183264433412, 0.04215985903681646, 0.03815895047189336]}, "coverage": {"603_fri_c0_250_50": [0.5, 0.46, 0.46, 0.28, 0.30000000000000004]}, "tau": 0.5}, "DecisionTree": {"losses": {"603_fri_c0_250_50": [0.04855117750378758, 0.06219056452273449, 0.055343880699089, 0.04120818132606176, 0.05053858488952646]}, "coverage": {"603_fri_c0_250_50": [0.44, 0.44, 0.42000000000000004, 0.30000000000000004, 0.36]}, "complexity": {"603_fri_c0_250_50": [15, 13, 9, 9, 35]}, "tau": 0.5}, "LinearQuantile": {"losses": {"603_fri_c0_250_50": [0.04347241493356385, 0.04924318617939605, 0.043328776915490065, 0.04303772414600504, 0.04408228375586765]}, "coverage": {"603_fri_c0_250_50": [0.46, 0.5, 0.44, 0.33999999999999997, 0.33999999999999997]}, "complexity": {"603_fri_c0_250_50": [50, 50, 50, 50, 50]}, "tau": 0.5}}