{"SQR": {"losses": {"1089_USCrime": [0.01886030297494484, 0.026951125321164778, 0.028834115074194498, 0.02544773649585278, 0.015303866080943791]}, "coverage": {"1089_USCrime": [0.30000000000000004, 0.09999999999999998, 0.011111111111111183, 0.011111111111111183, 0.2333333333333334]}, "complexity": {"1089_USCrime": [17, 10, 6, 8, 11]}, "tau": 0.9}, "LightGBM": {"losses": {"1089_USCrime": [0.04319999999999999, 0.04086666463216146, 0.046718518292462374, 0.054992600052445016, 0.043829627143012154]}, "coverage": {"1089_USCrime": [0.0, 0.09999999999999998, 0.011111111111111183, 0.12222222222222223, 0.12222222222222223]}, "tau": 0.9}, "DecisionTree": {"losses": {"1089_USCrime": [0.012859999999999998, 0.025053333333333327, 0.024488888888888886, 0.03047407407407407, 0.02065185185185185]}, "coverage": {"1089_USCrime": [0.09999999999999998, 0.09999999999999998, 0.2333333333333334, 0.12222222222222223, 0.12222222222222223]}, "complexity": {"1089_USCrime": [5, 5, 5, 5, 15]}, "tau": 0.9}, "LinearQuantile": {"losses": {"1089_USCrime": [0.07222041525636232, 0.08585168140606533, 0.02462621330333153, 0.01893169198339781, 0.08550066933283651]}, "coverage": {"1089_USCrime": [0.30000000000000004, 0.4, 0.011111111111111183, 0.09999999999999998, 0.34444444444444444]}, "complexity": {"1089_USCrime": [14, 14, 14, 14, 14]}, "tau": 0.9}}