{"SQR": {"losses": {"663_rabe_266": [0.007294006863567478, 0.005250768324144351, 0.004248449598183623, 0.003580383088789982, 0.005840267902607034]}, "coverage": {"663_rabe_266": [0.06666666666666665, 0.016666666666666607, 0.15000000000000002, 0.05833333333333335, 0.06666666666666665]}, "complexity": {"663_rabe_266": [11, 11, 13, 16, 13]}, "tau": 0.9}, "LightGBM": {"losses": {"663_rabe_266": [0.022697855402014442, 0.019851135668212123, 0.021854743386586325, 0.027744554116328937, 0.020133378283713116]}, "coverage": {"663_rabe_266": [0.06666666666666665, 0.10833333333333339, 0.016666666666666607, 0.05833333333333335, 0.05833333333333335]}, "tau": 0.9}, "DecisionTree": {"losses": {"663_rabe_266": [0.027698618307426603, 0.021968911917098443, 0.022685664939550942, 0.0234412780656304, 0.017711571675302244]}, "coverage": {"663_rabe_266": [0.10833333333333339, 0.10833333333333339, 0.10833333333333339, 0.05833333333333335, 0.016666666666666607]}, "complexity": {"663_rabe_266": [7, 5, 7, 23, 7]}, "tau": 0.9}, "LinearQuantile": {"losses": {"663_rabe_266": [0.006635744345449419, 0.005362726899153923, 0.0052352895778452644, 0.003641128686460952, 0.005075650431370107]}, "coverage": {"663_rabe_266": [0.10833333333333339, 0.06666666666666665, 0.06666666666666665, 0.05833333333333335, 0.025000000000000022]}, "complexity": {"663_rabe_266": [11, 11, 11, 11, 11]}, "tau": 0.9}}