{"SQR": {"losses": {"665_sleuth_case2002": [0.0534500521069844, 0.08621652785185185, 0.10785156740229887, 0.06176272968582376, 0.05416012744061302]}, "coverage": {"665_sleuth_case2002": [0.4, 0.4666666666666667, 0.5206896551724138, 0.31379310344827593, 0.31379310344827593]}, "complexity": {"665_sleuth_case2002": [4, 2, 2, 2, 2]}, "tau": 0.5}, "LightGBM": {"losses": {"665_sleuth_case2002": [0.047538408097564724, 0.09238534137524483, 0.0959570987972968, 0.05845868313454911, 0.03275012788693166]}, "coverage": {"665_sleuth_case2002": [0.33333333333333337, 0.4666666666666667, 0.5551724137931034, 0.31379310344827593, 0.17586206896551726]}, "tau": 0.5}, "DecisionTree": {"losses": {"665_sleuth_case2002": [0.04422222222222221, 0.0634074074074074, 0.08919540229885059, 0.05436781609195404, 0.03111111111111111]}, "coverage": {"665_sleuth_case2002": [0.20000000000000007, 0.2333333333333334, 0.34827586206896555, 0.2793103448275862, 0.0034482758620689724]}, "complexity": {"665_sleuth_case2002": [9, 19, 9, 21, 9]}, "tau": 0.5}, "LinearQuantile": {"losses": {"665_sleuth_case2002": [0.057255813852335566, 0.07469465369755642, 0.10332391031111378, 0.057054931085027245, 0.049376550084737375]}, "coverage": {"665_sleuth_case2002": [0.43333333333333335, 0.43333333333333335, 0.5206896551724138, 0.2793103448275862, 0.31379310344827593]}, "complexity": {"665_sleuth_case2002": [10, 10, 10, 10, 10]}, "tau": 0.5}}