{"SQR": {"losses": {"225_puma8NH": [0.0826595239405718, 0.07839632855244467, 0.08007959243364304, 0.07831174848912927, 0.07946156461555028]}, "coverage": {"225_puma8NH": [0.5571079926784626, 0.5479560707748627, 0.5593406593406594, 0.5611721611721612, 0.5556776556776557]}, "complexity": {"225_puma8NH": [3, 3, 3, 3, 3]}, "tau": 0.5}, "LightGBM": {"losses": {"225_puma8NH": [0.05168503816585624, 0.04747265693804042, 0.04877910288075384, 0.04927582393361252, 0.050494490910589634]}, "coverage": {"225_puma8NH": [0.4112873703477731, 0.38993288590604025, 0.39572649572649576, 0.40183150183150185, 0.4097680097680098]}, "tau": 0.5}, "DecisionTree": {"losses": {"225_puma8NH": [0.051362591077847464, 0.04770805246854757, 0.05032555892493347, 0.04934719470764183, 0.05294814801424848]}, "coverage": {"225_puma8NH": [0.40030506406345334, 0.3740695546064674, 0.40305250305250306, 0.40122100122100124, 0.4256410256410257]}, "complexity": {"225_puma8NH": [227, 227, 283, 237, 289]}, "tau": 0.5}, "LinearQuantile": {"losses": {"225_puma8NH": [0.09745455741082162, 0.09595896763002422, 0.09232713131850756, 0.09343375077587422, 0.0948728268409915]}, "coverage": {"225_puma8NH": [0.52477120195241, 0.512568639414277, 0.49340659340659343, 0.48852258852258856, 0.5043956043956044]}, "complexity": {"225_puma8NH": [8, 8, 8, 8, 8]}, "tau": 0.5}}