{"SQR": {"losses": {"1096_FacultySalaries": [0.011268070921072746, 0.0017581957721170207, 0.004225499931465222, 0.04903801287041494, 0.0008571029327848588]}, "coverage": {"1096_FacultySalaries": [0.09999999999999998, 0.19999999999999996, 0.09999999999999998, 0.19999999999999996, 0.2]}, "complexity": {"1096_FacultySalaries": [13, 14, 15, 12, 18]}, "time_all": {"1096_FacultySalaries": [291.2887816429138, 277.6554346084595, 282.3560092449188, 293.8661081790924, 282.47039818763733]}, "time_fit": {"1096_FacultySalaries": [291.2887816429138, 277.6554346084595, 282.3560092449188, 293.8661081790924, 282.47039818763733]}, "sizes": {"1096_FacultySalaries": []}, "tau": 0.5}, "LightGBM": {"losses": {"1096_FacultySalaries": [0.07654027424958494, 0.10962083721206045, 0.09194312522022641, 0.03720377116230195, 0.07890995127854716]}, "coverage": {"1096_FacultySalaries": [0.09999999999999998, 0.09999999999999998, 0.09999999999999998, 0.09999999999999998, 0.0]}, "time_all": {"1096_FacultySalaries": [0.02034902572631836, 0.019972801208496094, 0.020211219787597656, 0.02223038673400879, 0.02168107032775879]}, "time_fit": {"1096_FacultySalaries": [0.0024716854095458984, 0.002508401870727539, 0.002530336380004883, 0.0028884410858154297, 0.002859830856323242]}, "sizes": {"1096_FacultySalaries": []}, "tau": 0.5}, "DecisionTree": {"losses": {"1096_FacultySalaries": [0.030568720679037733, 0.0445734445754378, 0.04905212014884909, 0.03139809633971701, 0.04419429353893406]}, "coverage": {"1096_FacultySalaries": [0.0, 0.09999999999999998, 0.30000000000000004, 0.09999999999999998, 0.19999999999999996]}, "complexity": {"1096_FacultySalaries": [7, 15, 5, 15, 15]}, "time_all": {"1096_FacultySalaries": [0.015066385269165039, 0.015337705612182617, 0.014897346496582031, 0.01594066619873047, 0.015840768814086914]}, "time_fit": {"1096_FacultySalaries": [0.0010557174682617188, 0.0013773441314697266, 0.0010073184967041016, 0.0013620853424072266, 0.001344919204711914]}, "sizes": {"1096_FacultySalaries": []}, "tau": 0.5}, "LinearQuantile": {"losses": {"1096_FacultySalaries": [0.011245794107004081, 0.00022584012635518287, 0.0002156123337349288, 0.0488647793725452, 0.0001907111795750156]}, "coverage": {"1096_FacultySalaries": [0.0, 0.09999999999999998, 0.09999999999999998, 0.0, 0.09999999999999998]}, "complexity": {"1096_FacultySalaries": [5, 5, 5, 5, 5]}, "time_all": {"1096_FacultySalaries": [0.06815910339355469, 0.05169224739074707, 0.1512618064880371, 0.0933523178100586, 0.061532020568847656]}, "time_fit": {"1096_FacultySalaries": [0.005901336669921875, 0.004392147064208984, 0.013438224792480469, 0.008236169815063477, 0.0052869319915771484]}, "sizes": {"1096_FacultySalaries": []}, "tau": 0.5}}