{"SQR": {"losses": {"593_fri_c1_1000_10": [0.018460397641620073, 0.018575297637459944, 0.02133057812854825, 0.011931996185134418, 0.018515959051308133]}, "coverage": {"593_fri_c1_1000_10": [0.06499999999999995, 0.030000000000000027, 0.0050000000000000044, 0.14500000000000002, 0.13]}, "complexity": {"593_fri_c1_1000_10": [15, 14, 11, 13, 16]}, "time_all": {"593_fri_c1_1000_10": [796.2939879894257, 838.9887955188751, 847.824521780014, 786.3765542507172, 819.120255947113]}, "time_fit": {"593_fri_c1_1000_10": [796.2939879894257, 838.9887955188751, 847.824521780014, 786.3765542507172, 819.120255947113]}, "sizes": {"593_fri_c1_1000_10": []}, "tau": 0.5}, "LightGBM": {"losses": {"593_fri_c1_1000_10": [0.03148081450429563, 0.030809832863142397, 0.033574823918721276, 0.02940467860203702, 0.02879296008933955]}, "coverage": {"593_fri_c1_1000_10": [0.030000000000000027, 0.015000000000000013, 0.09499999999999997, 0.040000000000000036, 0.03500000000000003]}, "time_all": {"593_fri_c1_1000_10": [0.3438754081726074, 0.3524785041809082, 0.35158467292785645, 0.35431957244873047, 0.3716719150543213]}, "time_fit": {"593_fri_c1_1000_10": [0.06765913963317871, 0.06933093070983887, 0.07080435752868652, 0.07230710983276367, 0.06960344314575195]}, "sizes": {"593_fri_c1_1000_10": []}, "tau": 0.5}, "DecisionTree": {"losses": {"593_fri_c1_1000_10": [0.031185763424955316, 0.03530061950981587, 0.03568704981517045, 0.03509735717880263, 0.03434744503634678]}, "coverage": {"593_fri_c1_1000_10": [0.025000000000000022, 0.015000000000000013, 0.09499999999999997, 0.015000000000000013, 0.03500000000000003]}, "complexity": {"593_fri_c1_1000_10": [325, 141, 139, 323, 323]}, "time_all": {"593_fri_c1_1000_10": [0.10496950149536133, 0.0960226058959961, 0.09737610816955566, 0.10477685928344727, 0.1050710678100586]}, "time_fit": {"593_fri_c1_1000_10": [0.018724441528320312, 0.010969161987304688, 0.011074542999267578, 0.018511295318603516, 0.018674373626708984]}, "sizes": {"593_fri_c1_1000_10": []}, "tau": 0.5}, "LinearQuantile": {"losses": {"593_fri_c1_1000_10": [0.07357770070423077, 0.07224232282727744, 0.07059305171076706, 0.06624610573399962, 0.07066488563951236]}, "coverage": {"593_fri_c1_1000_10": [0.03999999999999998, 0.025000000000000022, 0.065, 0.0050000000000000044, 0.0050000000000000044]}, "complexity": {"593_fri_c1_1000_10": [10, 10, 10, 10, 10]}, "time_all": {"593_fri_c1_1000_10": [0.19400382041931152, 0.1677544116973877, 0.363614559173584, 0.130051851272583, 0.13826870918273926]}, "time_fit": {"593_fri_c1_1000_10": [0.017312288284301758, 0.014899015426635742, 0.0326838493347168, 0.011527061462402344, 0.012256383895874023]}, "sizes": {"593_fri_c1_1000_10": []}, "tau": 0.5}}