{"SQR": {"losses": {"678_visualizing_environmental": [0.028700642392726176, 0.024002922743033003, 0.05574006168526974, 0.028956020770868684, 0.042687349714759244]}, "coverage": {"678_visualizing_environmental": [0.09999999999999998, 0.054545454545454564, 0.26363636363636367, 0.054545454545454564, 0.12727272727272732]}, "complexity": {"678_visualizing_environmental": [3, 4, 3, 3, 3]}, "time_all": {"678_visualizing_environmental": [338.96759819984436, 320.4063549041748, 317.1495900154114, 323.92657589912415, 323.4021189212799]}, "time_fit": {"678_visualizing_environmental": [338.96759819984436, 320.4063549041748, 317.1495900154114, 323.92657589912415, 323.4021189212799]}, "sizes": {"678_visualizing_environmental": []}, "tau": 0.9}, "LightGBM": {"losses": {"678_visualizing_environmental": [0.029420599313380275, 0.027076293950971997, 0.052369888193761, 0.0284559763119914, 0.05457940557828252]}, "coverage": {"678_visualizing_environmental": [0.09999999999999998, 0.054545454545454564, 0.21818181818181825, 0.054545454545454564, 0.12727272727272732]}, "time_all": {"678_visualizing_environmental": [0.12652349472045898, 0.07594037055969238, 0.07008814811706543, 0.07498764991760254, 0.07915568351745605]}, "time_fit": {"678_visualizing_environmental": [0.016901731491088867, 0.01653003692626953, 0.011367321014404297, 0.016838550567626953, 0.018170595169067383]}, "sizes": {"678_visualizing_environmental": []}, "tau": 0.9}, "DecisionTree": {"losses": {"678_visualizing_environmental": [0.02681946933760619, 0.026877469218746296, 0.05266798040873628, 0.02724802232651367, 0.0330928876022176]}, "coverage": {"678_visualizing_environmental": [0.09999999999999998, 0.09999999999999998, 0.17272727272727273, 0.054545454545454564, 0.036363636363636376]}, "complexity": {"678_visualizing_environmental": [3, 3, 1, 3, 3]}, "time_all": {"678_visualizing_environmental": [0.03294634819030762, 0.01783156394958496, 0.018060922622680664, 0.017779827117919922, 0.017783403396606445]}, "time_fit": {"678_visualizing_environmental": [0.0017466545104980469, 0.0009174346923828125, 0.0008168220520019531, 0.0009236335754394531, 0.0009138584136962891]}, "sizes": {"678_visualizing_environmental": []}, "tau": 0.9}, "LinearQuantile": {"losses": {"678_visualizing_environmental": [0.03161933303946625, 0.03647746443164653, 0.058282489284119186, 0.03478228602175782, 0.054013922943534014]}, "coverage": {"678_visualizing_environmental": [0.05652173913043479, 0.036363636363636376, 0.21818181818181825, 0.09999999999999998, 0.26363636363636367]}, "complexity": {"678_visualizing_environmental": [3, 3, 3, 3, 3]}, "time_all": {"678_visualizing_environmental": [0.15198564529418945, 0.0785071849822998, 0.06292438507080078, 0.056085824966430664, 0.04409933090209961]}, "time_fit": {"678_visualizing_environmental": [0.012744903564453125, 0.006803274154663086, 0.005377531051635742, 0.004761457443237305, 0.0036780834197998047]}, "sizes": {"678_visualizing_environmental": []}, "tau": 0.9}}