{"SQR": {"losses": {"574_house_16H": [0.03656065522979539, 0.03568081457897023, 0.03620545269131007, 0.036973482211233887, 0.03705898547168795]}, "coverage": {"574_house_16H": [0.39725696730305027, 0.40164581961816986, 0.40076804915514597, 0.3946236559139785, 0.40790166812993855]}, "complexity": {"574_house_16H": [4, 3, 3, 4, 4]}, "tau": 0.5}, "LightGBM": {"losses": {"574_house_16H": [0.025941451740568007, 0.02582285193830914, 0.02545358565151434, 0.02667247613849227, 0.02664209792967071]}, "coverage": {"574_house_16H": [0.36982664033355284, 0.36456001755540923, 0.3570989686197059, 0.38452929558920346, 0.36663740122914845]}, "tau": 0.5}, "DecisionTree": {"losses": {"574_house_16H": [0.02154648497374061, 0.020648302877192794, 0.020544831194735238, 0.02234151493952882, 0.02193623990715144]}, "coverage": {"574_house_16H": [0.3606100504718016, 0.3654377880184332, 0.36982664033355284, 0.389137590520079, 0.3635645302897279]}, "complexity": {"574_house_16H": [631, 1391, 909, 757, 921]}, "tau": 0.5}, "LinearQuantile": {"losses": {"574_house_16H": [0.03180291662172501, 0.030677420771034577, 0.031000676753691152, 0.03205694143851847, 0.03167458045762643]}, "coverage": {"574_house_16H": [0.40318191792846175, 0.39352644283519866, 0.4012069343866579, 0.4097651964011411, 0.4039508340649693]}, "complexity": {"574_house_16H": [16, 16, 16, 16, 16]}, "tau": 0.5}}