{"SQR": {"losses": {"612_fri_c1_1000_5": [0.013121889202712457, 0.0216224558913208, 0.010056452668991984, 0.0070683045179258, 0.010620376472172]}, "coverage": {"612_fri_c1_1000_5": [0.31000000000000005, 0.37, 0.38, 0.17500000000000004, 0.35]}, "complexity": {"612_fri_c1_1000_5": [13, 14, 14, 12, 15]}, "tau": 0.5}, "LightGBM": {"losses": {"612_fri_c1_1000_5": [0.03110824618477865, 0.03255975684790235, 0.02819699481313528, 0.026939629651405304, 0.03022049661680467]}, "coverage": {"612_fri_c1_1000_5": [0.47000000000000003, 0.395, 0.4, 0.355, 0.36]}, "tau": 0.5}, "DecisionTree": {"losses": {"612_fri_c1_1000_5": [0.03285820891616239, 0.03439685675668043, 0.028786560155198804, 0.03519010358738767, 0.031103464111157813]}, "coverage": {"612_fri_c1_1000_5": [0.39, 0.4, 0.42000000000000004, 0.45, 0.385]}, "complexity": {"612_fri_c1_1000_5": [135, 321, 331, 323, 323]}, "tau": 0.5}, "LinearQuantile": {"losses": {"612_fri_c1_1000_5": [0.07628738251326381, 0.06747143157181451, 0.06977687231625716, 0.06629060815437059, 0.0659131813152744]}, "coverage": {"612_fri_c1_1000_5": [0.47500000000000003, 0.4, 0.44, 0.42000000000000004, 0.41500000000000004]}, "complexity": {"612_fri_c1_1000_5": [5, 5, 5, 5, 5]}, "tau": 0.5}}