{"SQR": {"losses": {"595_fri_c0_1000_10": [0.009602401766914133, 0.00848635764546301, 0.011105896351960975, 0.010975562350870983, 0.010973532030321644]}, "coverage": {"595_fri_c0_1000_10": [0.020000000000000018, 0.0050000000000000044, 0.020000000000000018, 0.015000000000000013, 0.0]}, "complexity": {"595_fri_c0_1000_10": [9, 13, 10, 9, 9]}, "time_all": {"595_fri_c0_1000_10": [637.6247537136078, 624.605875492096, 613.2960960865021, 636.4286785125732, 609.9006085395813]}, "time_fit": {"595_fri_c0_1000_10": [637.6247537136078, 624.605875492096, 613.2960960865021, 636.4286785125732, 609.9006085395813]}, "sizes": {"595_fri_c0_1000_10": []}, "tau": 0.9}, "LightGBM": {"losses": {"595_fri_c0_1000_10": [0.020647058860619003, 0.018549317983777795, 0.01874047219608664, 0.021017651641246943, 0.019776790338120062]}, "coverage": {"595_fri_c0_1000_10": [0.03500000000000003, 0.020000000000000018, 0.015000000000000013, 0.020000000000000018, 0.04499999999999993]}, "time_all": {"595_fri_c0_1000_10": [0.3497598171234131, 0.26149463653564453, 0.29166483879089355, 0.3158724308013916, 0.3116469383239746]}, "time_fit": {"595_fri_c0_1000_10": [0.06622886657714844, 0.05644559860229492, 0.06024742126464844, 0.06923675537109375, 0.0635232925415039]}, "sizes": {"595_fri_c0_1000_10": []}, "tau": 0.9}, "DecisionTree": {"losses": {"595_fri_c0_1000_10": [0.017714796096449915, 0.019428568430198113, 0.019107885347278065, 0.01970594397131753, 0.019754866377856322]}, "coverage": {"595_fri_c0_1000_10": [0.050000000000000044, 0.05500000000000005, 0.03500000000000003, 0.030000000000000027, 0.10499999999999998]}, "complexity": {"595_fri_c0_1000_10": [37, 25, 35, 37, 59]}, "time_all": {"595_fri_c0_1000_10": [0.1744687557220459, 0.08767032623291016, 0.17432117462158203, 0.16176748275756836, 0.1693565845489502]}, "time_fit": {"595_fri_c0_1000_10": [0.010833978652954102, 0.004831075668334961, 0.010299444198608398, 0.010263681411743164, 0.013418197631835938]}, "sizes": {"595_fri_c0_1000_10": []}, "tau": 0.9}, "LinearQuantile": {"losses": {"595_fri_c0_1000_10": [0.04085383516150034, 0.04015862451300286, 0.03633364079288809, 0.03358548351998773, 0.039648557105471466]}, "coverage": {"595_fri_c0_1000_10": [0.495, 0.42500000000000004, 0.36, 0.3350000000000001, 0.42000000000000004]}, "complexity": {"595_fri_c0_1000_10": [10, 10, 10, 10, 10]}, "time_all": {"595_fri_c0_1000_10": [0.8231160640716553, 0.08073711395263672, 0.5856649875640869, 0.2416088581085205, 0.23194646835327148]}, "time_fit": {"595_fri_c0_1000_10": [0.07336759567260742, 0.007062673568725586, 0.05229640007019043, 0.02145242691040039, 0.020507335662841797]}, "sizes": {"595_fri_c0_1000_10": []}, "tau": 0.9}}