{"SQR": {"losses": {"706_sleuth_case1202": [0.009124732287440124, 0.024394200731040185, 0.024900591706053146, 0.0263883179698926, 0.01707306393568238]}, "coverage": {"706_sleuth_case1202": [0.09999999999999998, 0.21578947368421053, 0.0052631578947368585, 0.06666666666666665, 0.0444444444444444]}, "complexity": {"706_sleuth_case1202": [10, 6, 13, 9, 5]}, "time_all": {"706_sleuth_case1202": [302.9697263240814, 312.8305492401123, 288.7083809375763, 301.6865782737732, 297.1650450229645]}, "time_fit": {"706_sleuth_case1202": [302.9697263240814, 312.8305492401123, 288.7083809375763, 301.6865782737732, 297.1650450229645]}, "sizes": {"706_sleuth_case1202": []}, "tau": 0.9}, "LightGBM": {"losses": {"706_sleuth_case1202": [0.02507216011067906, 0.034583891198075624, 0.03281705877247571, 0.02834882972556222, 0.04293121774559713]}, "coverage": {"706_sleuth_case1202": [0.0052631578947368585, 0.047368421052631504, 0.0052631578947368585, 0.011111111111111183, 0.011111111111111183]}, "time_all": {"706_sleuth_case1202": [0.11080670356750488, 0.0610508918762207, 0.0492246150970459, 0.0541837215423584, 0.05526161193847656]}, "time_fit": {"706_sleuth_case1202": [0.014863014221191406, 0.014622926712036133, 0.011481761932373047, 0.01290273666381836, 0.013743400573730469]}, "sizes": {"706_sleuth_case1202": []}, "tau": 0.9}, "DecisionTree": {"losses": {"706_sleuth_case1202": [0.026488465257632272, 0.029875673435557398, 0.025576737118386515, 0.016867891513560804, 0.034449547973170014]}, "coverage": {"706_sleuth_case1202": [0.0052631578947368585, 0.05789473684210533, 0.047368421052631504, 0.0444444444444444, 0.06666666666666665]}, "complexity": {"706_sleuth_case1202": [3, 5, 5, 11, 3]}, "time_all": {"706_sleuth_case1202": [0.0320742130279541, 0.017536401748657227, 0.016752958297729492, 0.01707911491394043, 0.016606807708740234]}, "time_fit": {"706_sleuth_case1202": [0.0017933845520019531, 0.0010180473327636719, 0.0010085105895996094, 0.0012841224670410156, 0.0009236335754394531]}, "sizes": {"706_sleuth_case1202": []}, "tau": 0.9}, "LinearQuantile": {"losses": {"706_sleuth_case1202": [0.016671518057014754, 0.024329620610700865, 0.03313938548240853, 0.019941931809363538, 0.026606691187226795]}, "coverage": {"706_sleuth_case1202": [0.0052631578947368585, 0.1105263157894737, 0.1105263157894737, 0.0444444444444444, 0.1777777777777778]}, "complexity": {"706_sleuth_case1202": [11, 11, 11, 11, 11]}, "time_all": {"706_sleuth_case1202": [0.12913012504577637, 0.11302042007446289, 0.17770004272460938, 0.18966984748840332, 3.6285927295684814]}, "time_fit": {"706_sleuth_case1202": [0.010722160339355469, 0.009867668151855469, 0.01586294174194336, 0.016875028610229492, 0.4004223346710205]}, "sizes": {"706_sleuth_case1202": []}, "tau": 0.9}}