{"SQR": {"losses": {"582_fri_c1_500_25": [0.01080445114598167, 0.014332156077856017, 0.005906347643381446, 0.004909938448674143, 0.011552586008488323]}, "coverage": {"582_fri_c1_500_25": [0.010000000000000009, 0.010000000000000009, 0.020000000000000018, 0.040000000000000036, 0.0]}, "complexity": {"582_fri_c1_500_25": [14, 9, 14, 15, 10]}, "tau": 0.9}, "LightGBM": {"losses": {"582_fri_c1_500_25": [0.022667511662561535, 0.0239531833464259, 0.023372635933813977, 0.0269667940320101, 0.021812873407987966]}, "coverage": {"582_fri_c1_500_25": [0.06000000000000005, 0.0, 0.020000000000000018, 0.020000000000000018, 0.010000000000000009]}, "tau": 0.9}, "DecisionTree": {"losses": {"582_fri_c1_500_25": [0.02397976643512184, 0.018649135494505156, 0.019712979087229823, 0.018896526047479267, 0.01911626212619249]}, "coverage": {"582_fri_c1_500_25": [0.15000000000000002, 0.10999999999999999, 0.040000000000000036, 0.010000000000000009, 0.010000000000000009]}, "complexity": {"582_fri_c1_500_25": [69, 71, 31, 29, 17]}, "tau": 0.9}, "LinearQuantile": {"losses": {"582_fri_c1_500_25": [0.09799522803569015, 0.08012443202547062, 0.07876516329254891, 0.07691792667179749, 0.0740950945802765]}, "coverage": {"582_fri_c1_500_25": [0.47000000000000003, 0.42000000000000004, 0.44, 0.39, 0.43000000000000005]}, "complexity": {"582_fri_c1_500_25": [25, 25, 25, 25, 25]}, "tau": 0.9}}