{"SQR": {"losses": {"609_fri_c0_1000_5": [0.025563343253975978, 0.017513872955005786, 0.023543233923464604, 0.01837347523987126, 0.015487337148397489]}, "coverage": {"609_fri_c0_1000_5": [0.42500000000000004, 0.47000000000000003, 0.48000000000000004, 0.4, 0.28]}, "complexity": {"609_fri_c0_1000_5": [11, 13, 11, 19, 11]}, "tau": 0.5}, "LightGBM": {"losses": {"609_fri_c0_1000_5": [0.03596501469347813, 0.04195015120704215, 0.03413996769087214, 0.03431572424041779, 0.029938652632713208]}, "coverage": {"609_fri_c0_1000_5": [0.36, 0.4, 0.405, 0.39, 0.4]}, "tau": 0.5}, "DecisionTree": {"losses": {"609_fri_c0_1000_5": [0.03770018072660511, 0.03846213883952429, 0.03773362780325507, 0.045062790054102395, 0.0389031581976448]}, "coverage": {"609_fri_c0_1000_5": [0.38, 0.41000000000000003, 0.39, 0.42500000000000004, 0.445]}, "complexity": {"609_fri_c0_1000_5": [321, 317, 323, 327, 323]}, "tau": 0.5}, "LinearQuantile": {"losses": {"609_fri_c0_1000_5": [0.03936385427330513, 0.0445561801141599, 0.03402889612747197, 0.043344934017782014, 0.03511227480204189]}, "coverage": {"609_fri_c0_1000_5": [0.395, 0.445, 0.31000000000000005, 0.43000000000000005, 0.42000000000000004]}, "complexity": {"609_fri_c0_1000_5": [5, 5, 5, 5, 5]}, "tau": 0.5}}