{"SQR": {"losses": {"1030_ERA": [0.037288983121499995, 0.040264170168999996, 0.0372883195546875, 0.03723409073362499, 0.03739370994512499]}, "coverage": {"1030_ERA": [0.030000000000000027, 0.020000000000000018, 0.04499999999999993, 0.04499999999999993, 0.04500000000000004]}, "complexity": {"1030_ERA": [4, 5, 4, 4, 4]}, "time_all": {"1030_ERA": [641.1010587215424, 622.2561104297638, 545.8015389442444, 632.3379068374634, 565.709282875061]}, "time_fit": {"1030_ERA": [641.1010587215424, 622.2561104297638, 545.8015389442444, 632.3379068374634, 565.709282875061]}, "sizes": {"1030_ERA": []}, "tau": 0.9}, "LightGBM": {"losses": {"1030_ERA": [0.03499471787211763, 0.03820712321772044, 0.03641697665024656, 0.03543708395519736, 0.03715637872372977]}, "coverage": {"1030_ERA": [0.04500000000000004, 0.020000000000000018, 0.030000000000000027, 0.030000000000000027, 0.030000000000000027]}, "time_all": {"1030_ERA": [0.3305320739746094, 0.27727699279785156, 0.24420666694641113, 0.24715089797973633, 0.2985405921936035]}, "time_fit": {"1030_ERA": [0.05584859848022461, 0.06360578536987305, 0.04242134094238281, 0.045044898986816406, 0.0982203483581543]}, "sizes": {"1030_ERA": []}, "tau": 0.9}, "DecisionTree": {"losses": {"1030_ERA": [0.03466874999999999, 0.0358, 0.0326375, 0.035318749999999996, 0.035875]}, "coverage": {"1030_ERA": [0.04499999999999993, 0.010000000000000009, 0.05999999999999994, 0.04999999999999993, 0.015000000000000013]}, "complexity": {"1030_ERA": [29, 55, 37, 31, 21]}, "time_all": {"1030_ERA": [0.07257795333862305, 0.07210254669189453, 0.03785896301269531, 0.03780817985534668, 0.03689694404602051]}, "time_fit": {"1030_ERA": [0.004118680953979492, 0.006054878234863281, 0.0024945735931396484, 0.002240896224975586, 0.0018432140350341797]}, "sizes": {"1030_ERA": []}, "tau": 0.9}, "LinearQuantile": {"losses": {"1030_ERA": [0.03655239922551445, 0.04202362197134604, 0.036137697349650964, 0.03923087367842947, 0.0432152319460797]}, "coverage": {"1030_ERA": [0.025000000000000022, 0.08500000000000008, 0.010000000000000009, 0.020000000000000018, 0.08999999999999997]}, "complexity": {"1030_ERA": [4, 4, 4, 4, 4]}, "time_all": {"1030_ERA": [0.1882462501525879, 0.3960275650024414, 0.08203363418579102, 0.19164133071899414, 0.19870758056640625]}, "time_fit": {"1030_ERA": [0.015641450881958008, 0.035077571868896484, 0.007169961929321289, 0.01706385612487793, 0.017613649368286133]}, "sizes": {"1030_ERA": []}, "tau": 0.9}}