{"SQR": {"losses": {"631_fri_c1_500_5": [0.013108937539438332, 0.012957620819410248, 0.018811433626390685, 0.013428893457539552, 0.023514898248093732]}, "coverage": {"631_fri_c1_500_5": [0.020000000000000018, 0.010000000000000009, 0.06000000000000005, 0.0, 0.0]}, "complexity": {"631_fri_c1_500_5": [17, 16, 15, 14, 12]}, "time_all": {"631_fri_c1_500_5": [523.955500125885, 487.7055311203003, 477.9633598327637, 496.0706272125244, 466.8324410915375]}, "time_fit": {"631_fri_c1_500_5": [523.955500125885, 487.7055311203003, 477.9633598327637, 496.0706272125244, 466.8324410915375]}, "sizes": {"631_fri_c1_500_5": []}, "tau": 0.5}, "LightGBM": {"losses": {"631_fri_c1_500_5": [0.034227077988741174, 0.039376911171859576, 0.03729159234586111, 0.03666210563316615, 0.0377288697228824]}, "coverage": {"631_fri_c1_500_5": [0.010000000000000009, 0.020000000000000018, 0.010000000000000009, 0.040000000000000036, 0.030000000000000027]}, "time_all": {"631_fri_c1_500_5": [0.2220313549041748, 0.18985748291015625, 0.21729826927185059, 0.1977989673614502, 0.1822516918182373]}, "time_fit": {"631_fri_c1_500_5": [0.04668879508972168, 0.04352211952209473, 0.05036020278930664, 0.05094647407531738, 0.041723012924194336]}, "sizes": {"631_fri_c1_500_5": []}, "tau": 0.5}, "DecisionTree": {"losses": {"631_fri_c1_500_5": [0.039845562150733975, 0.04351330090490372, 0.03772656321577901, 0.03602455393542588, 0.04166785887232694]}, "coverage": {"631_fri_c1_500_5": [0.040000000000000036, 0.010000000000000009, 0.09999999999999998, 0.010000000000000009, 0.10999999999999999]}, "complexity": {"631_fri_c1_500_5": [161, 69, 169, 69, 157]}, "time_all": {"631_fri_c1_500_5": [0.04412055015563965, 0.04062700271606445, 0.0446774959564209, 0.07615232467651367, 0.04375743865966797]}, "time_fit": {"631_fri_c1_500_5": [0.007891654968261719, 0.004273414611816406, 0.00813746452331543, 0.008206605911254883, 0.0077648162841796875]}, "sizes": {"631_fri_c1_500_5": []}, "tau": 0.5}, "LinearQuantile": {"losses": {"631_fri_c1_500_5": [0.07869489235177622, 0.06918115649879472, 0.0759283148200873, 0.07042970990409868, 0.07250150739815862]}, "coverage": {"631_fri_c1_500_5": [0.0, 0.020000000000000018, 0.010000000000000009, 0.050000000000000044, 0.020000000000000018]}, "complexity": {"631_fri_c1_500_5": [5, 5, 5, 5, 5]}, "time_all": {"631_fri_c1_500_5": [0.12511181831359863, 3.288032293319702, 0.07447147369384766, 0.7153236865997314, 0.1828773021697998]}, "time_fit": {"631_fri_c1_500_5": [0.011042118072509766, 0.1266787052154541, 0.006754159927368164, 0.06412339210510254, 0.016317367553710938]}, "sizes": {"631_fri_c1_500_5": []}, "tau": 0.5}}