{"SQR": {"losses": {"586_fri_c3_1000_25": [0.012446925917835333, 0.011120992833772268, 0.013395821000066734, 0.011354979686651953, 0.011804489037091753]}, "coverage": {"586_fri_c3_1000_25": [0.37, 0.365, 0.405, 0.4, 0.38]}, "complexity": {"586_fri_c3_1000_25": [13, 10, 12, 14, 11]}, "tau": 0.5}, "LightGBM": {"losses": {"586_fri_c3_1000_25": [0.021889622754284837, 0.019779953817268672, 0.026873359886166858, 0.023448630730003073, 0.02266013561513746]}, "coverage": {"586_fri_c3_1000_25": [0.385, 0.345, 0.405, 0.45, 0.45]}, "tau": 0.5}, "DecisionTree": {"losses": {"586_fri_c3_1000_25": [0.024423980883330292, 0.027235807911617924, 0.030258939284972548, 0.028189147635706072, 0.02663583972603932]}, "coverage": {"586_fri_c3_1000_25": [0.36, 0.35, 0.39, 0.465, 0.42000000000000004]}, "complexity": {"586_fri_c3_1000_25": [325, 323, 129, 139, 327]}, "tau": 0.5}, "LinearQuantile": {"losses": {"586_fri_c3_1000_25": [0.0555583101051152, 0.052599190670899076, 0.060678586705499526, 0.06103487375721218, 0.058730545822855765]}, "coverage": {"586_fri_c3_1000_25": [0.39, 0.375, 0.43000000000000005, 0.435, 0.45]}, "complexity": {"586_fri_c3_1000_25": [25, 25, 25, 25, 25]}, "tau": 0.5}}