{"SQR": {"losses": {"527_analcatdata_election2000": [2.0277541270787744e-12, 0.0, 0.0, 0.0, 0.0]}, "coverage": {"527_analcatdata_election2000": [0.09999999999999998, 0.09999999999999998, 0.09999999999999998, 0.09999999999999998, 0.09999999999999998]}, "complexity": {"527_analcatdata_election2000": [16, 13, 14, 15, 16]}, "tau": 0.5}, "LightGBM": {"losses": {"527_analcatdata_election2000": [0.15436824437231952, 0.0042869500589727254, 0.03501813103865381, 0.05042020989015795, 0.050473606141092975]}, "coverage": {"527_analcatdata_election2000": [0.6142857142857143, 0.4, 0.2846153846153846, 0.2846153846153846, 0.2846153846153846]}, "tau": 0.5}, "DecisionTree": {"losses": {"527_analcatdata_election2000": [0.08846271077844976, 0.00967011529159923, 0.008404463863722931, 0.005586759570763926, 0.012870232067468476]}, "coverage": {"527_analcatdata_election2000": [0.5428571428571429, 0.6142857142857143, 0.2846153846153846, 0.5153846153846153, 0.13076923076923075]}, "complexity": {"527_analcatdata_election2000": [19, 23, 9, 21, 19]}, "tau": 0.5}, "LinearQuantile": {"losses": {"527_analcatdata_election2000": [2.7036101017607353e-13, 8.464531690315909e-13, 8.374422457956178e-14, 4.978441729197321e-13, 3.2729974654664624e-13]}, "coverage": {"527_analcatdata_election2000": [0.09999999999999998, 0.09999999999999998, 0.9, 0.09999999999999998, 0.9]}, "complexity": {"527_analcatdata_election2000": [14, 14, 14, 14, 14]}, "tau": 0.5}}