{"SQR": {"losses": {"573_cpu_act": [0.01687478181731659, 0.01703383763367975, 0.01668324667800563, 0.017086052237381757, 0.016778702549305455]}, "coverage": {"573_cpu_act": [0.01189749847467969, 0.030201342281879207, 0.0030525030525030417, 0.03418803418803418, 0.014041514041513992]}, "complexity": {"573_cpu_act": [4, 4, 4, 4, 4]}, "time_all": {"573_cpu_act": [4815.304436922073, 4985.261527299881, 5390.697230100632, 4826.98474407196, 4921.8866374492645]}, "time_fit": {"573_cpu_act": [4815.304436922073, 4985.261527299881, 5390.697230100632, 4826.98474407196, 4921.8866374492645]}, "sizes": {"573_cpu_act": []}, "tau": 0.5}, "LightGBM": {"losses": {"573_cpu_act": [0.016469092501012153, 0.01580506034961037, 0.015464723801084332, 0.01794763409565272, 0.0188799132114455]}, "coverage": {"573_cpu_act": [0.031421598535692485, 0.010067114093959717, 0.013431013431013439, 0.014041514041514047, 0.014041514041513992]}, "time_all": {"573_cpu_act": [1.1714894771575928, 1.062575340270996, 1.1942262649536133, 1.1379880905151367, 1.1236302852630615]}, "time_fit": {"573_cpu_act": [0.1520392894744873, 0.1435096263885498, 0.15174436569213867, 0.15046381950378418, 0.15015459060668945]}, "sizes": {"573_cpu_act": []}, "tau": 0.5}, "DecisionTree": {"losses": {"573_cpu_act": [0.01077893024201749, 0.01085750734927062, 0.010808635808635808, 0.010756219089552424, 0.010657552324218991]}, "coverage": {"573_cpu_act": [0.08938377059182423, 0.1070774862721171, 0.08119658119658124, 0.11477411477411481, 0.13492063492063489]}, "complexity": {"573_cpu_act": [1093, 491, 503, 497, 317]}, "time_all": {"573_cpu_act": [1.6317894458770752, 1.1556272506713867, 1.628044605255127, 1.6607184410095215, 1.6544668674468994]}, "time_fit": {"573_cpu_act": [0.13329386711120605, 0.09780645370483398, 0.09933042526245117, 0.10018396377563477, 0.08508419990539551]}, "sizes": {"573_cpu_act": []}, "tau": 0.5}, "LinearQuantile": {"losses": {"573_cpu_act": [0.06004549886734055, 0.061108571920847336, 0.06160461407765331, 0.060648411270343296, 0.060892101751051635]}, "coverage": {"573_cpu_act": [0.057046979865771785, 0.04545454545454547, 0.06043956043956045, 0.057387057387057405, 0.0641025641025641]}, "complexity": {"573_cpu_act": [21, 21, 21, 21, 21]}, "time_all": {"573_cpu_act": [53.26590895652771, 51.056734800338745, 49.532066822052, 49.55489945411682, 54.81397366523743]}, "time_fit": {"573_cpu_act": [5.77302885055542, 3.7275710105895996, 1.7768042087554932, 2.3452768325805664, 6.859097003936768]}, "sizes": {"573_cpu_act": []}, "tau": 0.5}}