{"SQR": {"losses": {"695_chatfield_4": [0.026684876535381628, 0.027878812555549606, 0.021320652988532397, 0.020557078278454356, 0.024366379367284762]}, "coverage": {"695_chatfield_4": [0.07446808510638298, 0.07446808510638298, 0.05319148936170215, 0.07446808510638298, 0.010638297872340441]}, "complexity": {"695_chatfield_4": [8, 3, 8, 9, 6]}, "time_all": {"695_chatfield_4": [375.57160091400146, 373.74442076683044, 371.49223351478577, 342.13857913017273, 360.1031005382538]}, "time_fit": {"695_chatfield_4": [375.57160091400146, 373.74442076683044, 371.49223351478577, 342.13857913017273, 360.1031005382538]}, "sizes": {"695_chatfield_4": []}, "tau": 0.5}, "LightGBM": {"losses": {"695_chatfield_4": [0.033259763183959595, 0.030182080116128943, 0.022592013303862922, 0.027626351445282783, 0.03193712413269136]}, "coverage": {"695_chatfield_4": [0.07446808510638303, 0.010638297872340441, 0.15957446808510634, 0.07446808510638298, 0.010638297872340441]}, "time_all": {"695_chatfield_4": [0.10696005821228027, 0.12645316123962402, 0.09578442573547363, 0.10761666297912598, 0.12890291213989258]}, "time_fit": {"695_chatfield_4": [0.025751829147338867, 0.030571699142456055, 0.01631903648376465, 0.02608489990234375, 0.031890869140625]}, "sizes": {"695_chatfield_4": []}, "tau": 0.5}, "DecisionTree": {"losses": {"695_chatfield_4": [0.029164224265838267, 0.0287953939215763, 0.025200412921359692, 0.030701755366298676, 0.03197710589905057]}, "coverage": {"695_chatfield_4": [0.07446808510638298, 0.03191489361702127, 0.0957446808510638, 0.07446808510638303, 0.03191489361702127]}, "complexity": {"695_chatfield_4": [13, 9, 13, 13, 9]}, "time_all": {"695_chatfield_4": [0.02680373191833496, 0.02700495719909668, 0.026251792907714844, 0.027090072631835938, 0.02703690528869629]}, "time_fit": {"695_chatfield_4": [0.0017788410186767578, 0.0015463829040527344, 0.0017633438110351562, 0.0017807483673095703, 0.0015537738800048828]}, "sizes": {"695_chatfield_4": []}, "tau": 0.5}, "LinearQuantile": {"losses": {"695_chatfield_4": [0.022086827560431416, 0.027967825131099768, 0.022846514183224576, 0.024127675524645738, 0.025693807917460086]}, "coverage": {"695_chatfield_4": [0.11702127659574468, 0.03191489361702127, 0.03191489361702127, 0.03191489361702127, 0.05319148936170215]}, "complexity": {"695_chatfield_4": [12, 12, 12, 12, 12]}, "time_all": {"695_chatfield_4": [0.1702897548675537, 0.1289377212524414, 0.6801474094390869, 0.35085010528564453, 0.09597396850585938]}, "time_fit": {"695_chatfield_4": [0.01515650749206543, 0.01139974594116211, 0.06168985366821289, 0.03173518180847168, 0.008418560028076172]}, "sizes": {"695_chatfield_4": []}, "tau": 0.5}}