{"SQR": {"losses": {"503_wind": [0.03987443914034882, 0.04107419271249683, 0.04281035439216449, 0.03980899037428071, 0.03967153970823645]}, "coverage": {"503_wind": [0.3942965779467681, 0.4140684410646388, 0.4216730038022814, 0.3768060836501901, 0.3946727549467276]}, "complexity": {"503_wind": [2, 2, 2, 2, 2]}, "tau": 0.5}, "LightGBM": {"losses": {"503_wind": [0.03301535574587512, 0.03288571836606151, 0.03453871831620788, 0.03278014908433507, 0.03311504689555842]}, "coverage": {"503_wind": [0.4019011406844107, 0.40570342205323195, 0.4269961977186312, 0.3828897338403042, 0.3885844748858448]}, "tau": 0.5}, "DecisionTree": {"losses": {"503_wind": [0.03408549480814224, 0.03308676670975378, 0.036168676273953426, 0.034000367587951434, 0.032792656130603316]}, "coverage": {"503_wind": [0.4064638783269962, 0.3768060836501901, 0.4201520912547529, 0.3927756653992396, 0.37716894977168947]}, "complexity": {"503_wind": [185, 253, 257, 255, 257]}, "tau": 0.5}, "LinearQuantile": {"losses": {"503_wind": [0.030567421535246334, 0.03139270639073223, 0.0336167643010918, 0.03182134956087076, 0.03132597608045371]}, "coverage": {"503_wind": [0.40722433460076046, 0.3980988593155894, 0.4125475285171103, 0.3752851711026616, 0.38630136986301367]}, "complexity": {"503_wind": [14, 14, 14, 14, 14]}, "tau": 0.5}}