{"SQR": {"losses": {"229_pwLinear": [0.03454950398406275, 0.05506476647246376, 0.057375611622188044, 0.0401488114448966, 0.027866358494473904]}, "coverage": {"229_pwLinear": [0.25, 0.575, 0.5, 0.45, 0.35]}, "complexity": {"229_pwLinear": [9, 12, 9, 9, 15]}, "tau": 0.5}, "LightGBM": {"losses": {"229_pwLinear": [0.030970635295218662, 0.038929977152068466, 0.048576799462932245, 0.04567650017366644, 0.044993990981373994]}, "coverage": {"229_pwLinear": [0.375, 0.35, 0.45, 0.30000000000000004, 0.35]}, "tau": 0.5}, "DecisionTree": {"losses": {"229_pwLinear": [0.04827183365227197, 0.0395496706785627, 0.040596615819066866, 0.03972871173358963, 0.029923033293990927]}, "coverage": {"229_pwLinear": [0.5, 0.42500000000000004, 0.42500000000000004, 0.30000000000000004, 0.375]}, "complexity": {"229_pwLinear": [61, 65, 61, 65, 65]}, "tau": 0.5}, "LinearQuantile": {"losses": {"229_pwLinear": [0.03553719748445769, 0.04959032219089284, 0.05291022797190662, 0.04510471783211485, 0.03527179030093671]}, "coverage": {"229_pwLinear": [0.4, 0.575, 0.45, 0.4, 0.22499999999999998]}, "complexity": {"229_pwLinear": [29, 29, 29, 29, 29]}, "tau": 0.5}}