{"SQR": {"losses": {"294_satellite_image": [0.08475893355872226, 0.07850135642901344, 0.07775189173326068, 0.09341501404752656, 0.101535728523162]}, "coverage": {"294_satellite_image": [0.010489510489510523, 0.03768453768453772, 0.0369075369075369, 0.00038850038850041235, 0.012820512820512775]}, "complexity": {"294_satellite_image": [5, 7, 7, 4, 4]}, "time_all": {"294_satellite_image": [2492.159826517105, 2720.949412584305, 2636.89257979393, 2615.24636554718, 1962.637907743454]}, "time_fit": {"294_satellite_image": [2492.159826517105, 2720.949412584305, 2636.89257979393, 2615.24636554718, 1962.637907743454]}, "sizes": {"294_satellite_image": []}, "tau": 0.5}, "LightGBM": {"losses": {"294_satellite_image": [0.0520035325155496, 0.051907816516956785, 0.052396165594328394, 0.04785564862678792, 0.05199660852464678]}, "coverage": {"294_satellite_image": [0.07964257964257965, 0.011266511266511237, 0.09052059052059053, 0.0718725718725719, 0.0174825174825175]}, "time_all": {"294_satellite_image": [0.8140170574188232, 0.9367220401763916, 0.8195779323577881, 0.8938214778900146, 0.8824129104614258]}, "time_fit": {"294_satellite_image": [0.11758184432983398, 0.2186570167541504, 0.11728334426879883, 0.12189459800720215, 0.12482953071594238]}, "sizes": {"294_satellite_image": []}, "tau": 0.5}, "DecisionTree": {"losses": {"294_satellite_image": [0.031857031857031856, 0.029234654234654236, 0.028425278425278425, 0.02839290339290339, 0.032828282828282825]}, "coverage": {"294_satellite_image": [0.4191919191919192, 0.4261849261849262, 0.41686091686091686, 0.433954933954934, 0.39355089355089357]}, "complexity": {"294_satellite_image": [219, 215, 593, 611, 373]}, "time_all": {"294_satellite_image": [0.7142364978790283, 0.6951882839202881, 0.7606523036956787, 1.3155040740966797, 1.274205207824707]}, "time_fit": {"294_satellite_image": [0.06293082237243652, 0.061643123626708984, 0.09482169151306152, 0.13184428215026855, 0.11659550666809082]}, "sizes": {"294_satellite_image": []}, "tau": 0.5}, "LinearQuantile": {"losses": {"294_satellite_image": [0.11159964323762606, 0.11138236313292388, 0.11097319787866318, 0.11086254038584438, 0.10859888220309814]}, "coverage": {"294_satellite_image": [0.026029526029526018, 0.03379953379953382, 0.009712509712509698, 0.021367521367521347, 0.05633255633255635]}, "complexity": {"294_satellite_image": [36, 36, 36, 36, 36]}, "time_all": {"294_satellite_image": [6.755752086639404, 4.471765995025635, 8.243433952331543, 6.166841983795166, 5.779429912567139]}, "time_fit": {"294_satellite_image": [0.5420072078704834, 0.3352797031402588, 0.7807528972625732, 0.6112091541290283, 0.5878729820251465]}, "sizes": {"294_satellite_image": []}, "tau": 0.5}}