{"SQR": {"losses": {"647_fri_c1_250_10": [0.008579084785905685, 0.005404186876843943, 0.011825106486413203, 0.0121022848615799, 0.007943099200236822]}, "coverage": {"647_fri_c1_250_10": [0.020000000000000018, 0.0, 0.040000000000000036, 0.020000000000000018, 0.05999999999999994]}, "complexity": {"647_fri_c1_250_10": [15, 16, 13, 11, 15]}, "time_all": {"647_fri_c1_250_10": [405.0948860645294, 367.1490123271942, 383.38955187797546, 379.5320465564728, 373.69585132598877]}, "time_fit": {"647_fri_c1_250_10": [405.0948860645294, 367.1490123271942, 383.38955187797546, 379.5320465564728, 373.69585132598877]}, "sizes": {"647_fri_c1_250_10": []}, "tau": 0.9}, "LightGBM": {"losses": {"647_fri_c1_250_10": [0.02072942294994987, 0.026306457690751364, 0.025989814340636127, 0.0236988636315383, 0.021617066191628127]}, "coverage": {"647_fri_c1_250_10": [0.040000000000000036, 0.0, 0.0, 0.020000000000000018, 0.020000000000000018]}, "time_all": {"647_fri_c1_250_10": [0.1696169376373291, 0.11893248558044434, 0.11565804481506348, 0.11425352096557617, 0.12802410125732422]}, "time_fit": {"647_fri_c1_250_10": [0.027858495712280273, 0.02800583839416504, 0.021021127700805664, 0.019823312759399414, 0.02161431312561035]}, "sizes": {"647_fri_c1_250_10": []}, "tau": 0.9}, "DecisionTree": {"losses": {"647_fri_c1_250_10": [0.020365509992661925, 0.0293192218421535, 0.018309296643319217, 0.020505363469650904, 0.01602411833910767]}, "coverage": {"647_fri_c1_250_10": [0.040000000000000036, 0.06000000000000005, 0.0, 0.18000000000000005, 0.040000000000000036]}, "complexity": {"647_fri_c1_250_10": [17, 33, 9, 35, 13]}, "time_all": {"647_fri_c1_250_10": [0.053644418716430664, 0.028089284896850586, 0.027393341064453125, 0.028803110122680664, 0.03841423988342285]}, "time_fit": {"647_fri_c1_250_10": [0.0038216114044189453, 0.0026798248291015625, 0.00150299072265625, 0.002779722213745117, 0.0024290084838867188]}, "sizes": {"647_fri_c1_250_10": []}, "tau": 0.9}, "LinearQuantile": {"losses": {"647_fri_c1_250_10": [0.08432417186453994, 0.07425864509237427, 0.08648666158170393, 0.07225589144114662, 0.08581258213789265]}, "coverage": {"647_fri_c1_250_10": [0.52, 0.44, 0.38, 0.46, 0.42000000000000004]}, "complexity": {"647_fri_c1_250_10": [10, 10, 10, 10, 10]}, "time_all": {"647_fri_c1_250_10": [1.888272762298584, 0.06254029273986816, 0.07607746124267578, 1.9961528778076172, 0.1753706932067871]}, "time_fit": {"647_fri_c1_250_10": [0.12660741806030273, 0.0055179595947265625, 0.006600141525268555, 0.185438871383667, 0.014963388442993164]}, "sizes": {"647_fri_c1_250_10": []}, "tau": 0.9}}