{"SQR": {"losses": {"687_sleuth_ex1605": [0.06406038541518295, 0.05701150324205589, 0.07979711400772577, 0.07086505420795453, 0.07178294805865239]}, "coverage": {"687_sleuth_ex1605": [0.11538461538461542, 0.038461538461538436, 0.08333333333333337, 0.0, 0.0]}, "complexity": {"687_sleuth_ex1605": [6, 6, 11, 4, 7]}, "time_all": {"687_sleuth_ex1605": [295.5340197086334, 287.3264992237091, 286.41938734054565, 291.3849768638611, 297.8566653728485]}, "time_fit": {"687_sleuth_ex1605": [295.5340197086334, 287.3264992237091, 286.41938734054565, 291.3849768638611, 297.8566653728485]}, "sizes": {"687_sleuth_ex1605": []}, "tau": 0.5}, "LightGBM": {"losses": {"687_sleuth_ex1605": [0.09937211747152526, 0.08329012953756279, 0.05622921342716718, 0.09779039725787113, 0.05899418919183581]}, "coverage": {"687_sleuth_ex1605": [0.038461538461538436, 0.038461538461538436, 0.16666666666666669, 0.0, 0.08333333333333337]}, "time_all": {"687_sleuth_ex1605": [0.04317164421081543, 0.04314589500427246, 0.051241159439086914, 0.05042552947998047, 0.04293632507324219]}, "time_fit": {"687_sleuth_ex1605": [0.009980201721191406, 0.009804964065551758, 0.011996984481811523, 0.01171255111694336, 0.009654760360717773]}, "sizes": {"687_sleuth_ex1605": []}, "tau": 0.5}, "DecisionTree": {"losses": {"687_sleuth_ex1605": [0.06701631701631702, 0.055944055944055944, 0.06376262626262626, 0.06439393939393939, 0.04071969696969697]}, "coverage": {"687_sleuth_ex1605": [0.11538461538461536, 0.11538461538461542, 0.16666666666666669, 0.08333333333333337, 0.0]}, "complexity": {"687_sleuth_ex1605": [17, 7, 3, 19, 7]}, "time_all": {"687_sleuth_ex1605": [0.015723466873168945, 0.015218496322631836, 0.015740156173706055, 0.016606569290161133, 0.015259742736816406]}, "time_fit": {"687_sleuth_ex1605": [0.0014836788177490234, 0.0010764598846435547, 0.0009057521820068359, 0.0015447139739990234, 0.0010690689086914062]}, "sizes": {"687_sleuth_ex1605": []}, "tau": 0.5}, "LinearQuantile": {"losses": {"687_sleuth_ex1605": [0.0682446646439557, 0.052506023894608865, 0.08162034253854036, 0.06282684204534665, 0.05919673304967348]}, "coverage": {"687_sleuth_ex1605": [0.1923076923076923, 0.038461538461538436, 0.25, 0.08333333333333331, 0.08333333333333331]}, "complexity": {"687_sleuth_ex1605": [5, 5, 5, 5, 5]}, "time_all": {"687_sleuth_ex1605": [0.039366960525512695, 0.19468307495117188, 0.043076276779174805, 0.05826926231384277, 0.10176992416381836]}, "time_fit": {"687_sleuth_ex1605": [0.003253936767578125, 0.017311811447143555, 0.003624439239501953, 0.0049724578857421875, 0.008910417556762695]}, "sizes": {"687_sleuth_ex1605": []}, "tau": 0.5}}