{"SQR": {"losses": {"620_fri_c1_1000_25": [0.006717021474885409, 0.006721383035382425, 0.012292965837622285, 0.006416892829926169, 0.008000908401595688]}, "coverage": {"620_fri_c1_1000_25": [0.0050000000000000044, 0.0, 0.040000000000000036, 0.010000000000000009, 0.039999999999999925]}, "complexity": {"620_fri_c1_1000_25": [14, 14, 9, 15, 14]}, "tau": 0.9}, "LightGBM": {"losses": {"620_fri_c1_1000_25": [0.02138453668623582, 0.022485509844637073, 0.021820138707368063, 0.019023013946401268, 0.020874243237660958]}, "coverage": {"620_fri_c1_1000_25": [0.030000000000000027, 0.020000000000000018, 0.030000000000000027, 0.030000000000000027, 0.040000000000000036]}, "tau": 0.9}, "DecisionTree": {"losses": {"620_fri_c1_1000_25": [0.014741790165613238, 0.01844559465331686, 0.01862362680818922, 0.016230518031947087, 0.016174330138434216]}, "coverage": {"620_fri_c1_1000_25": [0.0050000000000000044, 0.03500000000000003, 0.05500000000000005, 0.04500000000000004, 0.0]}, "complexity": {"620_fri_c1_1000_25": [31, 29, 25, 27, 29]}, "tau": 0.9}, "LinearQuantile": {"losses": {"620_fri_c1_1000_25": [0.0713917171023673, 0.0704309250282243, 0.07363108169706706, 0.0732970626027833, 0.074817077945882]}, "coverage": {"620_fri_c1_1000_25": [0.435, 0.42500000000000004, 0.41000000000000003, 0.43000000000000005, 0.44]}, "complexity": {"620_fri_c1_1000_25": [25, 25, 25, 25, 25]}, "tau": 0.9}}