{"SQR": {"losses": {"4544_GeographicalOriginalofMusic": [0.015235100367614496, 0.013966068929725252, 0.02102955402326417, 0.014654553453265861, 0.01524900751231416]}, "coverage": {"4544_GeographicalOriginalofMusic": [0.024528301886792447, 0.0009433962264150386, 0.03679245283018873, 0.017924528301886844, 0.03270142180094793]}, "complexity": {"4544_GeographicalOriginalofMusic": [5, 5, 2, 5, 7]}, "tau": 0.9}, "LightGBM": {"losses": {"4544_GeographicalOriginalofMusic": [0.015613011368706747, 0.015498021980358039, 0.01864102956363321, 0.016738915230323413, 0.01522170621789009]}, "coverage": {"4544_GeographicalOriginalofMusic": [0.01981132075471692, 0.01037735849056598, 0.04150943396226414, 0.0037735849056603765, 0.03838862559241707]}, "tau": 0.9}, "DecisionTree": {"losses": {"4544_GeographicalOriginalofMusic": [0.015139331819428545, 0.016778472547376105, 0.020323909112814578, 0.01630090213840876, 0.018184982463192906]}, "coverage": {"4544_GeographicalOriginalofMusic": [0.017924528301886844, 0.013207547169811318, 0.14056603773584908, 0.04150943396226414, 0.02322274881516595]}, "complexity": {"4544_GeographicalOriginalofMusic": [35, 25, 67, 35, 27]}, "tau": 0.9}, "LinearQuantile": {"losses": {"4544_GeographicalOriginalofMusic": [0.01412595750645473, 0.016493035890286438, 0.015676124180212324, 0.017635782950334526, 0.014210218879544762]}, "coverage": {"4544_GeographicalOriginalofMusic": [0.08396226415094343, 0.0792452830188679, 0.1264150943396226, 0.13584905660377355, 0.07061611374407584]}, "complexity": {"4544_GeographicalOriginalofMusic": [117, 117, 117, 117, 117]}, "tau": 0.9}}