{"SQR": {"losses": {"621_fri_c0_100_10": [0.008920063528158384, 0.019297881582481177, 0.016517389738511915, 0.012176608547781628, 0.011498042138904551]}, "coverage": {"621_fri_c0_100_10": [0.050000000000000044, 0.15000000000000002, 0.09999999999999998, 0.0, 0.09999999999999998]}, "complexity": {"621_fri_c0_100_10": [12, 10, 14, 11, 11]}, "time_all": {"621_fri_c0_100_10": [301.03309988975525, 276.78230237960815, 277.1485114097595, 283.49312829971313, 297.7045633792877]}, "time_fit": {"621_fri_c0_100_10": [301.03309988975525, 276.78230237960815, 277.1485114097595, 283.49312829971313, 297.7045633792877]}, "sizes": {"621_fri_c0_100_10": []}, "tau": 0.9}, "LightGBM": {"losses": {"621_fri_c0_100_10": [0.04340627573948826, 0.03801765885443462, 0.02705703520984296, 0.026886625967307457, 0.03227783431399491]}, "coverage": {"621_fri_c0_100_10": [0.0, 0.050000000000000044, 0.04999999999999993, 0.0, 0.0]}, "time_all": {"621_fri_c0_100_10": [0.12881016731262207, 0.0564730167388916, 0.07243227958679199, 0.061070919036865234, 0.06385564804077148]}, "time_fit": {"621_fri_c0_100_10": [0.01691889762878418, 0.014078140258789062, 0.016012907028198242, 0.013831377029418945, 0.011411428451538086]}, "sizes": {"621_fri_c0_100_10": []}, "tau": 0.9}, "DecisionTree": {"losses": {"621_fri_c0_100_10": [0.0262312771987333, 0.03058316517570892, 0.02350750159871072, 0.0223154164482982, 0.04255133266923146]}, "coverage": {"621_fri_c0_100_10": [0.09999999999999998, 0.0, 0.0, 0.050000000000000044, 0.09999999999999998]}, "complexity": {"621_fri_c0_100_10": [13, 5, 5, 13, 1]}, "time_all": {"621_fri_c0_100_10": [0.03390765190124512, 0.017565011978149414, 0.018045425415039062, 0.017928361892700195, 0.017976999282836914]}, "time_fit": {"621_fri_c0_100_10": [0.002681255340576172, 0.0010585784912109375, 0.0010569095611572266, 0.0014541149139404297, 0.0008227825164794922]}, "sizes": {"621_fri_c0_100_10": []}, "tau": 0.9}, "LinearQuantile": {"losses": {"621_fri_c0_100_10": [0.042466163889008084, 0.058622879888547495, 0.046278968976854074, 0.04938983132673991, 0.0750655389376065]}, "coverage": {"621_fri_c0_100_10": [0.35, 0.55, 0.45, 0.5, 0.45]}, "complexity": {"621_fri_c0_100_10": [10, 10, 10, 10, 10]}, "time_all": {"621_fri_c0_100_10": [0.4038662910461426, 0.14856672286987305, 0.31957173347473145, 0.08108758926391602, 0.10919690132141113]}, "time_fit": {"621_fri_c0_100_10": [0.03551959991455078, 0.013201713562011719, 0.028812408447265625, 0.007111310958862305, 0.009596824645996094]}, "sizes": {"621_fri_c0_100_10": []}, "tau": 0.9}}