{"SQR": {"losses": {"230_machine_cpu": [0.006681057124161622, 0.013370172685081472, 0.005019747225529174, 0.007698034343193698, 0.005876630169214313]}, "coverage": {"230_machine_cpu": [0.052380952380952306, 0.18571428571428572, 0.004761904761904745, 0.02857142857142858, 0.07073170731707323]}, "complexity": {"230_machine_cpu": [13, 7, 6, 11, 7]}, "time_all": {"230_machine_cpu": [341.2571575641632, 322.2266912460327, 324.57638359069824, 329.58097410202026, 336.59353017807007]}, "time_fit": {"230_machine_cpu": [341.2571575641632, 322.2266912460327, 324.57638359069824, 329.58097410202026, 336.59353017807007]}, "sizes": {"230_machine_cpu": []}, "tau": 0.9}, "LightGBM": {"losses": {"230_machine_cpu": [0.02730975381868193, 0.01932285988660084, 0.010677201972208901, 0.00918423584024432, 0.00796788667047888]}, "coverage": {"230_machine_cpu": [0.02857142857142858, 0.01904761904761909, 0.09999999999999998, 0.052380952380952306, 0.051219512195121886]}, "time_all": {"230_machine_cpu": [0.1420128345489502, 0.07475066184997559, 0.08534049987792969, 0.08581995964050293, 0.0751030445098877]}, "time_fit": {"230_machine_cpu": [0.021032094955444336, 0.016506433486938477, 0.01871633529663086, 0.018751859664916992, 0.015182256698608398]}, "sizes": {"230_machine_cpu": []}, "tau": 0.9}, "DecisionTree": {"losses": {"230_machine_cpu": [0.015736555111555108, 0.014701548451548451, 0.0056408175158175165, 0.008125624375624375, 0.0056332082551594775]}, "coverage": {"230_machine_cpu": [0.06666666666666665, 0.3285714285714286, 0.18571428571428572, 0.01904761904761909, 0.0024390243902439046]}, "complexity": {"230_machine_cpu": [63, 67, 65, 27, 7]}, "time_all": {"230_machine_cpu": [0.04557442665100098, 0.023665666580200195, 0.024495601654052734, 0.022765636444091797, 0.021340370178222656]}, "time_fit": {"230_machine_cpu": [0.006505012512207031, 0.003454923629760742, 0.003425121307373047, 0.0019578933715820312, 0.0011219978332519531]}, "sizes": {"230_machine_cpu": []}, "tau": 0.9}, "LinearQuantile": {"losses": {"230_machine_cpu": [0.012878165829723275, 0.011503055026203725, 0.008233373860178082, 0.008091254822235576, 0.0077110404030258945]}, "coverage": {"230_machine_cpu": [0.004761904761904745, 0.06666666666666665, 0.02857142857142858, 0.052380952380952306, 0.09512195121951217]}, "complexity": {"230_machine_cpu": [6, 6, 6, 6, 6]}, "time_all": {"230_machine_cpu": [0.7370328903198242, 0.11559271812438965, 0.5437283515930176, 0.14643526077270508, 0.17505455017089844]}, "time_fit": {"230_machine_cpu": [0.0657806396484375, 0.010230302810668945, 0.0491025447845459, 0.013060569763183594, 0.015558719635009766]}, "sizes": {"230_machine_cpu": []}, "tau": 0.9}}