{"SQR": {"losses": {"210_cloud": [0.0062901936540014775, 0.00673257999908233, 0.009322996042905537, 0.01568040512948434, 0.024816860294445613]}, "coverage": {"210_cloud": [0.08181818181818179, 0.054545454545454564, 0.009090909090909038, 0.09047619047619049, 0.004761904761904745]}, "complexity": {"210_cloud": [8, 8, 8, 8, 5]}, "time_all": {"210_cloud": [311.67954683303833, 296.712455034256, 287.7829866409302, 296.74127674102783, 308.2014331817627]}, "time_fit": {"210_cloud": [311.67954683303833, 296.712455034256, 287.7829866409302, 296.74127674102783, 308.2014331817627]}, "sizes": {"210_cloud": []}, "tau": 0.9}, "LightGBM": {"losses": {"210_cloud": [0.029429669465383262, 0.014835771290195109, 0.013327559361143168, 0.038041850886680384, 0.02737420824431655]}, "coverage": {"210_cloud": [0.036363636363636376, 0.09999999999999998, 0.09999999999999998, 0.04285714285714293, 0.052380952380952306]}, "time_all": {"210_cloud": [0.126509428024292, 0.07482123374938965, 0.0731055736541748, 0.0678553581237793, 0.06485867500305176]}, "time_fit": {"210_cloud": [0.016504764556884766, 0.015827417373657227, 0.015615224838256836, 0.014606952667236328, 0.011264324188232422]}, "sizes": {"210_cloud": []}, "tau": 0.9}, "DecisionTree": {"losses": {"210_cloud": [0.009665152045587698, 0.011451514942402189, 0.014788635749031198, 0.029490477417906124, 0.025685712583954367]}, "coverage": {"210_cloud": [0.08181818181818179, 0.08181818181818179, 0.09999999999999998, 0.13809523809523816, 0.004761904761904745]}, "complexity": {"210_cloud": [15, 13, 7, 15, 5]}, "time_all": {"210_cloud": [0.03401947021484375, 0.01847076416015625, 0.01851677894592285, 0.01851820945739746, 0.018161535263061523]}, "time_fit": {"210_cloud": [0.0027556419372558594, 0.0013737678527832031, 0.001102447509765625, 0.0014333724975585938, 0.00102996826171875]}, "sizes": {"210_cloud": []}, "tau": 0.9}, "LinearQuantile": {"losses": {"210_cloud": [0.009813306998412444, 0.007901627725191157, 0.014608706467129478, 0.01432590603203185, 0.022847374995674245]}, "coverage": {"210_cloud": [0.12727272727272732, 0.036363636363636376, 0.036363636363636376, 0.09047619047619049, 0.09047619047619049]}, "complexity": {"210_cloud": [9, 9, 9, 9, 9]}, "time_all": {"210_cloud": [0.16950631141662598, 0.08204317092895508, 0.08362460136413574, 0.13272833824157715, 0.4571192264556885]}, "time_fit": {"210_cloud": [0.014376401901245117, 0.007085323333740234, 0.007284879684448242, 0.011764049530029297, 0.04122018814086914]}, "sizes": {"210_cloud": []}, "tau": 0.9}}