{"SQR": {"losses": {"651_fri_c0_100_25": [0.021207654150683035, 0.022116202594707677, 0.01951607309763154, 0.0236535163493819, 0.01546876912397888]}, "coverage": {"651_fri_c0_100_25": [0.35, 0.6000000000000001, 0.20000000000000007, 0.35, 0.09999999999999998]}, "complexity": {"651_fri_c0_100_25": [13, 14, 13, 9, 12]}, "tau": 0.5}, "LightGBM": {"losses": {"651_fri_c0_100_25": [0.08155503756994602, 0.08034016670641285, 0.039462627761512735, 0.10876761818576908, 0.07502369324770906]}, "coverage": {"651_fri_c0_100_25": [0.35, 0.4, 0.15000000000000002, 0.65, 0.30000000000000004]}, "tau": 0.5}, "DecisionTree": {"losses": {"651_fri_c0_100_25": [0.06902723480098677, 0.06396516724653657, 0.06617807138483998, 0.07293373962274853, 0.06951913259489048]}, "coverage": {"651_fri_c0_100_25": [0.35, 0.35, 0.25, 0.45, 0.4]}, "complexity": {"651_fri_c0_100_25": [11, 3, 13, 13, 3]}, "tau": 0.5}, "LinearQuantile": {"losses": {"651_fri_c0_100_25": [0.06692179849309887, 0.06687191279526246, 0.04165048335996656, 0.08671837794248119, 0.06077403030289116]}, "coverage": {"651_fri_c0_100_25": [0.5, 0.4, 0.25, 0.6000000000000001, 0.5]}, "complexity": {"651_fri_c0_100_25": [25, 25, 25, 25, 25]}, "tau": 0.5}}