{"SQR": {"losses": {"606_fri_c2_1000_10": [0.008009743096973877, 0.009020439131338168, 0.009582274126578545, 0.010248241702872425, 0.013885961466061957]}, "coverage": {"606_fri_c2_1000_10": [0.0050000000000000044, 0.020000000000000018, 0.030000000000000027, 0.039999999999999925, 0.015000000000000013]}, "complexity": {"606_fri_c2_1000_10": [15, 15, 13, 11, 9]}, "tau": 0.9}, "LightGBM": {"losses": {"606_fri_c2_1000_10": [0.02375437030516184, 0.02009615842530988, 0.018181791700648993, 0.018312717723778786, 0.019075758214711927]}, "coverage": {"606_fri_c2_1000_10": [0.03500000000000003, 0.015000000000000013, 0.0050000000000000044, 0.025000000000000022, 0.050000000000000044]}, "tau": 0.9}, "DecisionTree": {"losses": {"606_fri_c2_1000_10": [0.01846966584618997, 0.019313943223060244, 0.016221138226477548, 0.01726960833306699, 0.0179254152657281]}, "coverage": {"606_fri_c2_1000_10": [0.030000000000000027, 0.06500000000000006, 0.050000000000000044, 0.06500000000000006, 0.03500000000000003]}, "complexity": {"606_fri_c2_1000_10": [35, 61, 31, 57, 33]}, "tau": 0.9}, "LinearQuantile": {"losses": {"606_fri_c2_1000_10": [0.067883510558973, 0.07426829882944073, 0.07241952506354431, 0.07110115732197975, 0.07638727215705343]}, "coverage": {"606_fri_c2_1000_10": [0.41500000000000004, 0.405, 0.47500000000000003, 0.4, 0.47500000000000003]}, "complexity": {"606_fri_c2_1000_10": [10, 10, 10, 10, 10]}, "tau": 0.9}}