{"SQR": {"losses": {"615_fri_c4_250_10": [0.012503405982216543, 0.027623441266059656, 0.012178316381305617, 0.026306783148579763, 0.017021479332173697]}, "coverage": {"615_fri_c4_250_10": [0.33999999999999997, 0.46, 0.36, 0.52, 0.36]}, "complexity": {"615_fri_c4_250_10": [13, 8, 16, 10, 16]}, "tau": 0.5}, "LightGBM": {"losses": {"615_fri_c4_250_10": [0.03640807303889242, 0.03924712584172178, 0.03476658584469238, 0.03204853903720373, 0.05081094942605951]}, "coverage": {"615_fri_c4_250_10": [0.4, 0.52, 0.42000000000000004, 0.30000000000000004, 0.44]}, "tau": 0.5}, "DecisionTree": {"losses": {"615_fri_c4_250_10": [0.03985249096855196, 0.03967085366065531, 0.02919234732761104, 0.03476502214748085, 0.05203696482582433]}, "coverage": {"615_fri_c4_250_10": [0.42000000000000004, 0.54, 0.32000000000000006, 0.33999999999999997, 0.38]}, "complexity": {"615_fri_c4_250_10": [83, 79, 81, 77, 83]}, "tau": 0.5}, "LinearQuantile": {"losses": {"615_fri_c4_250_10": [0.056692849397003336, 0.05567072168610746, 0.05599576415968114, 0.050565947495439946, 0.07291481206801247]}, "coverage": {"615_fri_c4_250_10": [0.48000000000000004, 0.52, 0.42000000000000004, 0.30000000000000004, 0.44]}, "complexity": {"615_fri_c4_250_10": [10, 10, 10, 10, 10]}, "tau": 0.5}}