{"SQR": {"losses": {"646_fri_c3_500_10": [0.013344808740010278, 0.014970826928592173, 0.015789518342636068, 0.014789093135453618, 0.0169975073273875]}, "coverage": {"646_fri_c3_500_10": [0.51, 0.33999999999999997, 0.38, 0.38, 0.37]}, "complexity": {"646_fri_c3_500_10": [13, 13, 12, 12, 12]}, "tau": 0.5}, "LightGBM": {"losses": {"646_fri_c3_500_10": [0.02842738754012587, 0.030308389153050543, 0.030718077377836762, 0.027045862090074178, 0.029649453315229037]}, "coverage": {"646_fri_c3_500_10": [0.5, 0.35, 0.42000000000000004, 0.4, 0.32000000000000006]}, "tau": 0.5}, "DecisionTree": {"losses": {"646_fri_c3_500_10": [0.039073795313732326, 0.033084165634497585, 0.033021387307063305, 0.034153508890563754, 0.03165390668169448]}, "coverage": {"646_fri_c3_500_10": [0.51, 0.38, 0.31000000000000005, 0.49000000000000005, 0.4]}, "complexity": {"646_fri_c3_500_10": [161, 165, 159, 165, 157]}, "tau": 0.5}, "LinearQuantile": {"losses": {"646_fri_c3_500_10": [0.05921475886619892, 0.052757750112731185, 0.06615342975105044, 0.056300465961717804, 0.0621640479234068]}, "coverage": {"646_fri_c3_500_10": [0.39, 0.36, 0.45, 0.44, 0.42000000000000004]}, "complexity": {"646_fri_c3_500_10": [10, 10, 10, 10, 10]}, "tau": 0.5}}