{"SQR": {"losses": {"547_no2": [0.017536412452314337, 0.0174394523188183, 0.020499423961225907, 0.017258982927754796, 0.025706875208516652]}, "coverage": {"547_no2": [0.010000000000000009, 0.020000000000000018, 0.010000000000000009, 0.010000000000000009, 0.08999999999999997]}, "complexity": {"547_no2": [8, 8, 4, 5, 6]}, "tau": 0.9}, "LightGBM": {"losses": {"547_no2": [0.017731803030591783, 0.015199642699673329, 0.017261567412353535, 0.016122522994889824, 0.021075467587173456]}, "coverage": {"547_no2": [0.010000000000000009, 0.030000000000000027, 0.010000000000000009, 0.0, 0.050000000000000044]}, "tau": 0.9}, "DecisionTree": {"losses": {"547_no2": [0.01763458630667297, 0.014777662832580831, 0.015758792822320598, 0.014838908219952405, 0.01955965776744646]}, "coverage": {"547_no2": [0.010000000000000009, 0.010000000000000009, 0.020000000000000018, 0.010000000000000009, 0.13]}, "complexity": {"547_no2": [27, 17, 31, 13, 71]}, "tau": 0.9}, "LinearQuantile": {"losses": {"547_no2": [0.019250250550467217, 0.019097382516192973, 0.01925966752456636, 0.015172290306551843, 0.02308870615981448]}, "coverage": {"547_no2": [0.010000000000000009, 0.06000000000000005, 0.010000000000000009, 0.04999999999999993, 0.10999999999999999]}, "complexity": {"547_no2": [7, 7, 7, 7, 7]}, "tau": 0.9}}