{"SQR": {"losses": {"197_cpu_act": [0.01687478181731659, 0.01703383763367975, 0.01668324667800563, 0.017086052237381757, 0.016778702549305455]}, "coverage": {"197_cpu_act": [0.01189749847467969, 0.030201342281879207, 0.0030525030525030417, 0.03418803418803418, 0.014041514041513992]}, "complexity": {"197_cpu_act": [4, 4, 4, 4, 4]}, "time_all": {"197_cpu_act": [4844.019533872604, 4996.922174453735, 5404.432081460953, 4830.907880306244, 4939.225055932999]}, "time_fit": {"197_cpu_act": [4844.019533872604, 4996.922174453735, 5404.432081460953, 4830.907880306244, 4939.225055932999]}, "sizes": {"197_cpu_act": []}, "tau": 0.5}, "LightGBM": {"losses": {"197_cpu_act": [0.016469092501012153, 0.01580506034961037, 0.015464723801084332, 0.01794763409565272, 0.0188799132114455]}, "coverage": {"197_cpu_act": [0.031421598535692485, 0.010067114093959717, 0.013431013431013439, 0.014041514041514047, 0.014041514041513992]}, "time_all": {"197_cpu_act": [1.0340547561645508, 1.0666804313659668, 1.1614141464233398, 1.050668478012085, 1.0558154582977295]}, "time_fit": {"197_cpu_act": [0.13665223121643066, 0.1327056884765625, 0.14523911476135254, 0.13448596000671387, 0.13915801048278809]}, "sizes": {"197_cpu_act": []}, "tau": 0.5}, "DecisionTree": {"losses": {"197_cpu_act": [0.01077893024201749, 0.01085750734927062, 0.010808635808635808, 0.010756219089552424, 0.010657552324218991]}, "coverage": {"197_cpu_act": [0.08938377059182423, 0.1070774862721171, 0.08119658119658124, 0.11477411477411481, 0.13492063492063489]}, "complexity": {"197_cpu_act": [1093, 491, 503, 497, 317]}, "time_all": {"197_cpu_act": [1.195990800857544, 1.161085605621338, 1.6552891731262207, 1.1764216423034668, 1.156658411026001]}, "time_fit": {"197_cpu_act": [0.13380837440490723, 0.09838151931762695, 0.09983372688293457, 0.1010136604309082, 0.08596324920654297]}, "sizes": {"197_cpu_act": []}, "tau": 0.5}, "LinearQuantile": {"losses": {"197_cpu_act": [0.06004549886734055, 0.061108571920847336, 0.06160461407765331, 0.060648411270343296, 0.060892101751051635]}, "coverage": {"197_cpu_act": [0.057046979865771785, 0.04545454545454547, 0.06043956043956045, 0.057387057387057405, 0.0641025641025641]}, "complexity": {"197_cpu_act": [21, 21, 21, 21, 21]}, "time_all": {"197_cpu_act": [51.11613607406616, 47.28078293800354, 45.53141117095947, 47.69643020629883, 52.46935033798218]}, "time_fit": {"197_cpu_act": [5.332298994064331, 3.444305896759033, 1.704615831375122, 2.2202415466308594, 7.277850866317749]}, "sizes": {"197_cpu_act": []}, "tau": 0.5}}