{"SQR": {"losses": {"621_fri_c0_100_10": [0.010296328238105645, 0.01441657910563881, 0.009226767460335, 0.010579001404548115, 0.014137944579252064]}, "coverage": {"621_fri_c0_100_10": [0.050000000000000044, 0.050000000000000044, 0.04999999999999993, 0.050000000000000044, 0.20000000000000007]}, "complexity": {"621_fri_c0_100_10": [12, 12, 12, 12, 12]}, "tau": 0.9}, "LightGBM": {"losses": {"621_fri_c0_100_10": [0.04340627573948826, 0.03801765885443462, 0.02705703520984296, 0.026886625967307457, 0.03227783431399491]}, "coverage": {"621_fri_c0_100_10": [0.0, 0.050000000000000044, 0.04999999999999993, 0.0, 0.0]}, "tau": 0.9}, "DecisionTree": {"losses": {"621_fri_c0_100_10": [0.0262312771987333, 0.03058316517570892, 0.02350750159871072, 0.0223154164482982, 0.04255133266923146]}, "coverage": {"621_fri_c0_100_10": [0.09999999999999998, 0.0, 0.0, 0.050000000000000044, 0.09999999999999998]}, "complexity": {"621_fri_c0_100_10": [13, 5, 5, 13, 1]}, "tau": 0.9}, "LinearQuantile": {"losses": {"621_fri_c0_100_10": [0.042466163889008084, 0.058622879888547495, 0.046278968976854074, 0.04938983132673991, 0.0750655389376065]}, "coverage": {"621_fri_c0_100_10": [0.35, 0.55, 0.45, 0.5, 0.45]}, "complexity": {"621_fri_c0_100_10": [10, 10, 10, 10, 10]}, "tau": 0.9}}