{"SQR": {"losses": {"601_fri_c1_250_5": [0.011570381430527096, 0.008562656111494819, 0.009829490684714094, 0.008009361968945188, 0.008838328910740796]}, "coverage": {"601_fri_c1_250_5": [0.06000000000000005, 0.0, 0.039999999999999925, 0.040000000000000036, 0.09999999999999998]}, "complexity": {"601_fri_c1_250_5": [10, 15, 11, 14, 17]}, "time_all": {"601_fri_c1_250_5": [408.41642236709595, 388.9044783115387, 386.36159491539, 397.4644820690155, 410.0465018749237]}, "time_fit": {"601_fri_c1_250_5": [408.41642236709595, 388.9044783115387, 386.36159491539, 397.4644820690155, 410.0465018749237]}, "sizes": {"601_fri_c1_250_5": []}, "tau": 0.9}, "LightGBM": {"losses": {"601_fri_c1_250_5": [0.031646606260695834, 0.0259295459200643, 0.02177072913904126, 0.025461727221831584, 0.026275765223026302]}, "coverage": {"601_fri_c1_250_5": [0.06000000000000005, 0.039999999999999925, 0.039999999999999925, 0.020000000000000018, 0.06000000000000005]}, "time_all": {"601_fri_c1_250_5": [0.16069245338439941, 0.12526249885559082, 0.10945868492126465, 0.10240554809570312, 0.09550642967224121]}, "time_fit": {"601_fri_c1_250_5": [0.02016139030456543, 0.0299990177154541, 0.01937270164489746, 0.02380061149597168, 0.02242255210876465]}, "sizes": {"601_fri_c1_250_5": []}, "tau": 0.9}, "DecisionTree": {"losses": {"601_fri_c1_250_5": [0.03248492300115433, 0.02461040942856811, 0.020079357487037486, 0.019671425488553752, 0.016771834650592513]}, "coverage": {"601_fri_c1_250_5": [0.09999999999999998, 0.0, 0.0, 0.06000000000000005, 0.040000000000000036]}, "complexity": {"601_fri_c1_250_5": [7, 9, 15, 15, 37]}, "time_all": {"601_fri_c1_250_5": [0.04717612266540527, 0.02511739730834961, 0.025388002395629883, 0.02485966682434082, 0.02615833282470703]}, "time_fit": {"601_fri_c1_250_5": [0.002485513687133789, 0.00133514404296875, 0.001603841781616211, 0.0016369819641113281, 0.002543210983276367]}, "sizes": {"601_fri_c1_250_5": []}, "tau": 0.9}, "LinearQuantile": {"losses": {"601_fri_c1_250_5": [0.09365181502577716, 0.0680385620004487, 0.08242399942173093, 0.06551448000158118, 0.07682229925189936]}, "coverage": {"601_fri_c1_250_5": [0.46, 0.4, 0.5, 0.4, 0.44]}, "complexity": {"601_fri_c1_250_5": [5, 5, 5, 5, 5]}, "time_all": {"601_fri_c1_250_5": [0.11963129043579102, 0.1267848014831543, 0.18847966194152832, 0.0709083080291748, 0.16045761108398438]}, "time_fit": {"601_fri_c1_250_5": [0.009938716888427734, 0.011142492294311523, 0.01687145233154297, 0.006163358688354492, 0.01427769660949707]}, "sizes": {"601_fri_c1_250_5": []}, "tau": 0.9}}