{"SQR": {"losses": {"635_fri_c0_250_10": [0.028519988837841494, 0.033290023513548476, 0.029067468931494797, 0.028260928756370828, 0.019600681636235982]}, "coverage": {"635_fri_c0_250_10": [0.08000000000000002, 0.020000000000000018, 0.07999999999999996, 0.040000000000000036, 0.06]}, "complexity": {"635_fri_c0_250_10": [11, 10, 10, 14, 13]}, "time_all": {"635_fri_c0_250_10": [345.3453035354614, 358.45277428627014, 372.94551396369934, 355.707603931427, 367.32675766944885]}, "time_fit": {"635_fri_c0_250_10": [345.3453035354614, 358.45277428627014, 372.94551396369934, 355.707603931427, 367.32675766944885]}, "sizes": {"635_fri_c0_250_10": []}, "tau": 0.5}, "LightGBM": {"losses": {"635_fri_c0_250_10": [0.04807780463169818, 0.052476725114992566, 0.042514428840052056, 0.04428713341874916, 0.05061182500130854]}, "coverage": {"635_fri_c0_250_10": [0.09999999999999998, 0.020000000000000018, 0.03999999999999998, 0.020000000000000018, 0.020000000000000018]}, "time_all": {"635_fri_c0_250_10": [0.11839890480041504, 0.1428813934326172, 0.13416028022766113, 0.11704683303833008, 0.14501452445983887]}, "time_fit": {"635_fri_c0_250_10": [0.03011178970336914, 0.03300738334655762, 0.03284883499145508, 0.02868962287902832, 0.03946518898010254]}, "sizes": {"635_fri_c0_250_10": []}, "tau": 0.5}, "DecisionTree": {"losses": {"635_fri_c0_250_10": [0.05503714585770633, 0.05409506195828307, 0.05182082786322674, 0.05086761285765035, 0.056371572294319126]}, "coverage": {"635_fri_c0_250_10": [0.06000000000000005, 0.06, 0.040000000000000036, 0.040000000000000036, 0.040000000000000036]}, "complexity": {"635_fri_c0_250_10": [33, 15, 79, 15, 15]}, "time_all": {"635_fri_c0_250_10": [0.028605222702026367, 0.05416226387023926, 0.030623435974121094, 0.027602434158325195, 0.05141758918762207]}, "time_fit": {"635_fri_c0_250_10": [0.0027170181274414062, 0.0040740966796875, 0.004607200622558594, 0.0018589496612548828, 0.003588438034057617]}, "sizes": {"635_fri_c0_250_10": []}, "tau": 0.5}, "LinearQuantile": {"losses": {"635_fri_c0_250_10": [0.05567713968448191, 0.05190056892271078, 0.04597582827522586, 0.04490638955563335, 0.04838359870200505]}, "coverage": {"635_fri_c0_250_10": [0.040000000000000036, 0.14, 0.020000000000000018, 0.0, 0.06]}, "complexity": {"635_fri_c0_250_10": [10, 10, 10, 10, 10]}, "time_all": {"635_fri_c0_250_10": [0.4309844970703125, 0.25067138671875, 0.12585210800170898, 0.18767333030700684, 0.25571775436401367]}, "time_fit": {"635_fri_c0_250_10": [0.038796424865722656, 0.02152705192565918, 0.011117696762084961, 0.016738414764404297, 0.022170543670654297]}, "sizes": {"635_fri_c0_250_10": []}, "tau": 0.5}}