{"SQR": {"losses": {"648_fri_c1_250_50": [0.024597020551123283, 0.027474024770069938, 0.012059659180964558, 0.012396902034604642, 0.020512331940357505]}, "coverage": {"648_fri_c1_250_50": [0.0, 0.03999999999999998, 0.07999999999999996, 0.06000000000000005, 0.08000000000000002]}, "complexity": {"648_fri_c1_250_50": [14, 11, 15, 15, 12]}, "time_all": {"648_fri_c1_250_50": [419.76935267448425, 423.4279851913452, 419.1355538368225, 429.47866106033325, 431.0331838130951]}, "time_fit": {"648_fri_c1_250_50": [419.76935267448425, 423.4279851913452, 419.1355538368225, 429.47866106033325, 431.0331838130951]}, "sizes": {"648_fri_c1_250_50": []}, "tau": 0.5}, "LightGBM": {"losses": {"648_fri_c1_250_50": [0.04147334655598719, 0.04659473571750893, 0.041097326054273284, 0.041943242023291395, 0.038122460167773854]}, "coverage": {"648_fri_c1_250_50": [0.020000000000000018, 0.0, 0.07999999999999996, 0.020000000000000018, 0.06000000000000005]}, "time_all": {"648_fri_c1_250_50": [0.1350257396697998, 0.13203811645507812, 0.159013032913208, 0.16059017181396484, 0.15859031677246094]}, "time_fit": {"648_fri_c1_250_50": [0.034351348876953125, 0.03343057632446289, 0.03835010528564453, 0.039823055267333984, 0.04169464111328125]}, "sizes": {"648_fri_c1_250_50": []}, "tau": 0.5}, "DecisionTree": {"losses": {"648_fri_c1_250_50": [0.05629809973218446, 0.039344532785639874, 0.046010880587833376, 0.04222723936108196, 0.04207823574588753]}, "coverage": {"648_fri_c1_250_50": [0.0, 0.14, 0.040000000000000036, 0.03999999999999998, 0.020000000000000018]}, "complexity": {"648_fri_c1_250_50": [35, 79, 35, 85, 33]}, "time_all": {"648_fri_c1_250_50": [0.048510074615478516, 0.05100822448730469, 0.09591531753540039, 0.09643054008483887, 0.09058046340942383]}, "time_fit": {"648_fri_c1_250_50": [0.005384683609008789, 0.007843017578125, 0.011120080947875977, 0.015383481979370117, 0.01011204719543457]}, "sizes": {"648_fri_c1_250_50": []}, "tau": 0.5}, "LinearQuantile": {"losses": {"648_fri_c1_250_50": [0.07942622923570998, 0.0996642492575171, 0.0819311915464763, 0.08658266330904958, 0.08321893719736176]}, "coverage": {"648_fri_c1_250_50": [0.09999999999999998, 0.020000000000000018, 0.09999999999999998, 0.06, 0.14]}, "complexity": {"648_fri_c1_250_50": [50, 50, 50, 50, 50]}, "time_all": {"648_fri_c1_250_50": [12.557281017303467, 9.051912546157837, 10.556689500808716, 4.223393201828003, 6.9485907554626465]}, "time_fit": {"648_fri_c1_250_50": [1.0531537532806396, 0.3360135555267334, 0.3280057907104492, 0.3098442554473877, 0.5562255382537842]}, "sizes": {"648_fri_c1_250_50": []}, "tau": 0.5}}