{"SQR": {"losses": {"663_rabe_266": [0.0028713857870718167, 0.006588486732529829, 0.0036233191680874063, 0.004973938131287885, 0.004139826187550227]}, "coverage": {"663_rabe_266": [0.025000000000000022, 0.06666666666666665, 0.10833333333333339, 0.025000000000000022, 0.016666666666666607]}, "complexity": {"663_rabe_266": [15, 14, 13, 14, 15]}, "time_all": {"663_rabe_266": [312.1737403869629, 300.33811593055725, 294.7475757598877, 312.7995710372925, 314.8886845111847]}, "time_fit": {"663_rabe_266": [312.1737403869629, 300.33811593055725, 294.7475757598877, 312.7995710372925, 314.8886845111847]}, "sizes": {"663_rabe_266": []}, "tau": 0.9}, "LightGBM": {"losses": {"663_rabe_266": [0.022697855402014442, 0.019851135668212123, 0.021854743386586325, 0.027744554116328937, 0.020133378283713116]}, "coverage": {"663_rabe_266": [0.06666666666666665, 0.10833333333333339, 0.016666666666666607, 0.05833333333333335, 0.05833333333333335]}, "time_all": {"663_rabe_266": [0.12677812576293945, 0.0693514347076416, 0.07843518257141113, 0.05917668342590332, 0.07018184661865234]}, "time_fit": {"663_rabe_266": [0.015407085418701172, 0.014798879623413086, 0.013700485229492188, 0.012780427932739258, 0.015393733978271484]}, "sizes": {"663_rabe_266": []}, "tau": 0.9}, "DecisionTree": {"losses": {"663_rabe_266": [0.027698618307426603, 0.021968911917098443, 0.022685664939550942, 0.0234412780656304, 0.017711571675302244]}, "coverage": {"663_rabe_266": [0.10833333333333339, 0.10833333333333339, 0.10833333333333339, 0.05833333333333335, 0.016666666666666607]}, "complexity": {"663_rabe_266": [7, 5, 7, 23, 7]}, "time_all": {"663_rabe_266": [0.03195643424987793, 0.02025318145751953, 0.03384208679199219, 0.017478466033935547, 0.017421722412109375]}, "time_fit": {"663_rabe_266": [0.0020079612731933594, 0.0012140274047851562, 0.002124786376953125, 0.0017237663269042969, 0.001064300537109375]}, "sizes": {"663_rabe_266": []}, "tau": 0.9}, "LinearQuantile": {"losses": {"663_rabe_266": [0.006635744345449419, 0.005362726899153923, 0.0052352895778452644, 0.003641128686460952, 0.005075650431370107]}, "coverage": {"663_rabe_266": [0.10833333333333339, 0.06666666666666665, 0.06666666666666665, 0.05833333333333335, 0.025000000000000022]}, "complexity": {"663_rabe_266": [11, 11, 11, 11, 11]}, "time_all": {"663_rabe_266": [0.9088571071624756, 0.1889808177947998, 0.313251256942749, 0.1612555980682373, 0.39432668685913086]}, "time_fit": {"663_rabe_266": [0.08133316040039062, 0.015880823135375977, 0.02686309814453125, 0.014353275299072266, 0.03556537628173828]}, "sizes": {"663_rabe_266": []}, "tau": 0.9}}