{"SQR": {"losses": {"344_mv": [0.00020468743864852918, 0.0001555095780723618, 0.00015218290381514737, 0.00018245895165750744, 7.883173319342078e-05]}, "coverage": {"344_mv": [0.09327937208731918, 0.10272259013980867, 0.07647780230561685, 0.05846927511345523, 0.2496872316938551]}, "complexity": {"344_mv": [9, 12, 10, 9, 12]}, "time_all": {"344_mv": [15656.977891921997, 16188.58789396286, 17501.819566965103, 17931.44306588173, 60205.01138782501]}, "time_fit": {"344_mv": [15656.977891921997, 16188.58789396286, 17501.819566965103, 17931.44306588173, 60205.01138782501]}, "sizes": {"344_mv": []}, "tau": 0.9}, "LightGBM": {"losses": {"344_mv": [0.01831206876679618, 0.01779299401191591, 0.01847100165113926, 0.01800036072193728, 0.01817810375067125]}, "coverage": {"344_mv": [0.05082168260976205, 0.03107677213637472, 0.045180279617365704, 0.04897583711517228, 0.032049552312032326]}, "time_all": {"344_mv": [52.05663084983826, 45.33430576324463, 43.968340158462524, 74.3936378955841, 43.43622398376465]}, "time_fit": {"344_mv": [6.486731052398682, 4.11133599281311, 4.5724310874938965, 10.543829202651978, 4.860846042633057]}, "sizes": {"344_mv": []}, "tau": 0.9}, "DecisionTree": {"losses": {"344_mv": [0.0005864500803808901, 0.0006012278323092076, 0.0005969214323429284, 0.0006066636395911551, 0.0005825161405842854]}, "coverage": {"344_mv": [0.09033603139563406, 0.18513612950699043, 0.17618346823644837, 0.17793450263706612, 0.1721697534649822]}, "complexity": {"344_mv": [5507, 12777, 12751, 12789, 12753]}, "time_all": {"344_mv": [3.9328482151031494, 4.264195919036865, 4.424328327178955, 4.576835870742798, 4.045842885971069]}, "time_fit": {"344_mv": [0.411776065826416, 0.7319889068603516, 0.635308027267456, 0.7294788360595703, 0.6757450103759766]}, "sizes": {"344_mv": []}, "tau": 0.9}, "LinearQuantile": {"losses": {"344_mv": [0.01177123409886857, 0.012326780175454131, 0.011959498372243497, 0.011701368771080477, 0.011773875424302404]}, "coverage": {"344_mv": [0.004488594554819758, 0.0007848908511159935, 0.0016678930586215834, 0.0024162884827670927, 0.006218569851588418]}, "complexity": {"344_mv": [14, 14, 14, 14, 14]}, "time_all": {"344_mv": [3.804121732711792, 4.181792974472046, 4.595373153686523, 4.564226150512695, 3.0883519649505615]}, "time_fit": {"344_mv": [0.33960700035095215, 0.39939308166503906, 0.4313242435455322, 0.4211299419403076, 0.24472594261169434]}, "sizes": {"344_mv": []}, "tau": 0.9}}