{"SQR": {"losses": {"650_fri_c0_500_50": [0.007640501429943202, 0.011979719576936481, 0.00654982573951919, 0.012231219991508635, 0.0071624537358688225]}, "coverage": {"650_fri_c0_500_50": [0.040000000000000036, 0.010000000000000009, 0.020000000000000018, 0.030000000000000027, 0.010000000000000009]}, "complexity": {"650_fri_c0_500_50": [12, 8, 14, 8, 13]}, "time_all": {"650_fri_c0_500_50": [463.6631848812103, 462.8655354976654, 472.9336323738098, 458.4595408439636, 473.34269738197327]}, "time_fit": {"650_fri_c0_500_50": [463.6631848812103, 462.8655354976654, 472.9336323738098, 458.4595408439636, 473.34269738197327]}, "sizes": {"650_fri_c0_500_50": []}, "tau": 0.9}, "LightGBM": {"losses": {"650_fri_c0_500_50": [0.024617130658890082, 0.023951943313994153, 0.02061551252348671, 0.025540388986661673, 0.024744486418246326]}, "coverage": {"650_fri_c0_500_50": [0.0, 0.07000000000000006, 0.010000000000000009, 0.0, 0.030000000000000027]}, "time_all": {"650_fri_c0_500_50": [0.26418161392211914, 0.20572876930236816, 0.20499444007873535, 0.19606661796569824, 0.20751357078552246]}, "time_fit": {"650_fri_c0_500_50": [0.05118441581726074, 0.043238162994384766, 0.05031394958496094, 0.04211878776550293, 0.04187130928039551]}, "sizes": {"650_fri_c0_500_50": []}, "tau": 0.9}, "DecisionTree": {"losses": {"650_fri_c0_500_50": [0.02321261227019565, 0.02428672124471082, 0.017179950636115975, 0.022541624760189092, 0.021289647595325888]}, "coverage": {"650_fri_c0_500_50": [0.06000000000000005, 0.09999999999999998, 0.020000000000000018, 0.030000000000000027, 0.020000000000000018]}, "complexity": {"650_fri_c0_500_50": [33, 19, 17, 17, 19]}, "time_all": {"650_fri_c0_500_50": [0.19771075248718262, 0.10399317741394043, 0.10476088523864746, 0.10553359985351562, 0.2135159969329834]}, "time_fit": {"650_fri_c0_500_50": [0.01678776741027832, 0.007395744323730469, 0.00707244873046875, 0.007080793380737305, 0.015044927597045898]}, "sizes": {"650_fri_c0_500_50": []}, "tau": 0.9}, "LinearQuantile": {"losses": {"650_fri_c0_500_50": [0.05159437110792376, 0.0440999390877978, 0.044698864081808405, 0.041471837337151506, 0.0439839474118962]}, "coverage": {"650_fri_c0_500_50": [0.51, 0.47000000000000003, 0.46, 0.42000000000000004, 0.44]}, "complexity": {"650_fri_c0_500_50": [50, 50, 50, 50, 50]}, "time_all": {"650_fri_c0_500_50": [4.192674398422241, 29.21527075767517, 16.170615196228027, 11.976439476013184, 27.313636302947998]}, "time_fit": {"650_fri_c0_500_50": [0.32903170585632324, 1.782416820526123, 0.5239119529724121, 1.0800879001617432, 1.8648078441619873]}, "sizes": {"650_fri_c0_500_50": []}, "tau": 0.9}}