{"SQR": {"losses": {"678_visualizing_environmental": [0.029071079110729894, 0.024007749580765025, 0.07126142675548866, 0.028958068026213285, 0.04267229242589691]}, "coverage": {"678_visualizing_environmental": [0.05652173913043479, 0.054545454545454564, 0.3090909090909091, 0.054545454545454564, 0.12727272727272732]}, "complexity": {"678_visualizing_environmental": [4, 3, 11, 3, 3]}, "tau": 0.9}, "LightGBM": {"losses": {"678_visualizing_environmental": [0.029420599313380275, 0.027076293950971997, 0.052369888193761, 0.0284559763119914, 0.05457940557828252]}, "coverage": {"678_visualizing_environmental": [0.09999999999999998, 0.054545454545454564, 0.21818181818181825, 0.054545454545454564, 0.12727272727272732]}, "tau": 0.9}, "DecisionTree": {"losses": {"678_visualizing_environmental": [0.02681946933760619, 0.026877469218746296, 0.05266798040873628, 0.02724802232651367, 0.0330928876022176]}, "coverage": {"678_visualizing_environmental": [0.09999999999999998, 0.09999999999999998, 0.17272727272727273, 0.054545454545454564, 0.036363636363636376]}, "complexity": {"678_visualizing_environmental": [3, 3, 1, 3, 3]}, "tau": 0.9}, "LinearQuantile": {"losses": {"678_visualizing_environmental": [0.03161933303946625, 0.03647746443164653, 0.058282489284119186, 0.03478228602175782, 0.054013922943534014]}, "coverage": {"678_visualizing_environmental": [0.05652173913043479, 0.036363636363636376, 0.21818181818181825, 0.09999999999999998, 0.26363636363636367]}, "complexity": {"678_visualizing_environmental": [3, 3, 3, 3, 3]}, "tau": 0.9}}