{"SQR": {"losses": {"1029_LEV": [0.0855, 0.07012499999999999, 0.07050000000000001, 0.0765, 0.07625]}, "coverage": {"1029_LEV": [0.20000000000000007, 0.135, 0.15000000000000002, 0.15000000000000002, 0.16000000000000003]}, "complexity": {"1029_LEV": [3, 3, 3, 3, 3]}, "tau": 0.5}, "LightGBM": {"losses": {"1029_LEV": [0.07351648084485943, 0.055516592131413696, 0.0566637475256157, 0.06118483719284061, 0.060115553277891164]}, "coverage": {"1029_LEV": [0.43000000000000005, 0.355, 0.36, 0.30500000000000005, 0.35]}, "tau": 0.5}, "DecisionTree": {"losses": {"1029_LEV": [0.06475, 0.0478125, 0.04075, 0.0578125, 0.043687500000000004]}, "coverage": {"1029_LEV": [0.16500000000000004, 0.07500000000000007, 0.06000000000000005, 0.125, 0.07000000000000006]}, "complexity": {"1029_LEV": [179, 183, 175, 117, 175]}, "tau": 0.5}, "LinearQuantile": {"losses": {"1029_LEV": [0.06466787665632641, 0.06282292809060984, 0.04609373755369481, 0.06011563725208315, 0.05526721516642762]}, "coverage": {"1029_LEV": [0.45, 0.405, 0.32500000000000007, 0.405, 0.38]}, "complexity": {"1029_LEV": [20, 20, 20, 20, 20]}, "tau": 0.5}}