{"SQR": {"losses": {"228_elusage": [0.03418454200878353, 0.0427915578004908, 0.040267933143567164, 0.0383809267018541, 0.049270174330824736]}, "coverage": {"228_elusage": [0.2272727272727273, 0.13636363636363635, 0.2272727272727273, 0.13636363636363635, 0.13636363636363635]}, "complexity": {"228_elusage": [9, 10, 4, 10, 4]}, "time_all": {"228_elusage": [281.91100573539734, 282.2212450504303, 278.1991994380951, 298.77635049819946, 284.33233428001404]}, "time_fit": {"228_elusage": [281.91100573539734, 282.2212450504303, 278.1991994380951, 298.77635049819946, 284.33233428001404]}, "sizes": {"228_elusage": []}, "tau": 0.5}, "LightGBM": {"losses": {"228_elusage": [0.036298590494629815, 0.08356486212617414, 0.11095497483784887, 0.04569475551768706, 0.07251931404386668]}, "coverage": {"228_elusage": [0.045454545454545414, 0.04545454545454547, 0.13636363636363635, 0.13636363636363635, 0.045454545454545414]}, "time_all": {"228_elusage": [0.04015016555786133, 0.04739880561828613, 0.0346829891204834, 0.05280756950378418, 0.039725542068481445]}, "time_fit": {"228_elusage": [0.011292219161987305, 0.011319637298583984, 0.009397506713867188, 0.014181137084960938, 0.011387825012207031]}, "sizes": {"228_elusage": []}, "tau": 0.5}, "DecisionTree": {"losses": {"228_elusage": [0.035589603718450394, 0.06277036948229402, 0.04665808526477348, 0.04850050890670103, 0.04354163566198637]}, "coverage": {"228_elusage": [0.04545454545454547, 0.13636363636363635, 0.3181818181818182, 0.13636363636363635, 0.045454545454545414]}, "complexity": {"228_elusage": [3, 17, 7, 7, 7]}, "time_all": {"228_elusage": [0.01550149917602539, 0.016143798828125, 0.015268325805664062, 0.030575275421142578, 0.015573263168334961]}, "time_fit": {"228_elusage": [0.0008890628814697266, 0.0014204978942871094, 0.0010581016540527344, 0.002060413360595703, 0.0010402202606201172]}, "sizes": {"228_elusage": []}, "tau": 0.5}, "LinearQuantile": {"losses": {"228_elusage": [0.16662442511261516, 0.15011295349105802, 0.13701763356282617, 0.07386543902065551, 0.16383004833088408]}, "coverage": {"228_elusage": [0.13636363636363635, 0.2272727272727273, 0.045454545454545414, 0.04545454545454547, 0.2272727272727273]}, "complexity": {"228_elusage": [2, 2, 2, 2, 2]}, "time_all": {"228_elusage": [0.040219783782958984, 0.03757882118225098, 0.294156551361084, 0.1046915054321289, 0.0646216869354248]}, "time_fit": {"228_elusage": [0.0033266544342041016, 0.0030946731567382812, 0.026337385177612305, 0.009091377258300781, 0.005549192428588867]}, "sizes": {"228_elusage": []}, "tau": 0.5}}