{"SQR": {"losses": {"294_satellite_image": [0.04020053811214672, 0.03394898321559655, 0.0369488430863413, 0.031206149677909894, 0.04335564377972027]}, "coverage": {"294_satellite_image": [0.002874902874902885, 0.0036519036519035986, 0.006759906759906786, 0.005205905205905137, 0.00878010878010882]}, "complexity": {"294_satellite_image": [5, 9, 6, 10, 3]}, "tau": 0.9}, "LightGBM": {"losses": {"294_satellite_image": [0.027012705258054392, 0.04457812041106818, 0.046580994079767284, 0.038523299363419486, 0.04011111412951132]}, "coverage": {"294_satellite_image": [0.004895104895104918, 0.08756798756798756, 0.07824397824397822, 0.07280497280497278, 0.06814296814296816]}, "tau": 0.9}, "DecisionTree": {"losses": {"294_satellite_image": [0.018578088578088577, 0.015360010360010357, 0.017280497280497277, 0.013899248899248899, 0.018829318829318827]}, "coverage": {"294_satellite_image": [0.0696969696969697, 0.07902097902097904, 0.06425796425796426, 0.08057498057498058, 0.06270396270396272]}, "complexity": {"294_satellite_image": [219, 133, 223, 225, 373]}, "tau": 0.9}, "LinearQuantile": {"losses": {"294_satellite_image": [0.04026033759302699, 0.04087924409555687, 0.04127038719624953, 0.04077263115905281, 0.03917070655910638]}, "coverage": {"294_satellite_image": [0.00878010878010882, 0.011888111888111896, 0.006759906759906786, 0.025874125874125853, 0.017327117327117336]}, "complexity": {"294_satellite_image": [36, 36, 36, 36, 36]}, "tau": 0.9}}