{"SQR": {"losses": {"712_chscase_geyser1": [0.0241961297070586, 0.020425723239703805, 0.022950507851964112, 0.023279661095822923, 0.024643999458990262]}, "coverage": {"712_chscase_geyser1": [0.011111111111111072, 0.011111111111111072, 0.054545454545454564, 0.036363636363636376, 0.15000000000000002]}, "complexity": {"712_chscase_geyser1": [4, 3, 3, 3, 3]}, "time_all": {"712_chscase_geyser1": [376.86045598983765, 396.36961555480957, 378.28275203704834, 359.1716859340668, 373.00959634780884]}, "time_fit": {"712_chscase_geyser1": [376.86045598983765, 396.36961555480957, 378.28275203704834, 359.1716859340668, 373.00959634780884]}, "sizes": {"712_chscase_geyser1": []}, "tau": 0.9}, "LightGBM": {"losses": {"712_chscase_geyser1": [0.02368813916834304, 0.019285172748223257, 0.022196024643542134, 0.02606634376791057, 0.024881656226534626]}, "coverage": {"712_chscase_geyser1": [0.011111111111111183, 0.033333333333333326, 0.07727272727272727, 0.036363636363636376, 0.24090909090909096]}, "time_all": {"712_chscase_geyser1": [0.16103124618530273, 0.10526418685913086, 0.11031746864318848, 0.09435439109802246, 0.11427879333496094]}, "time_fit": {"712_chscase_geyser1": [0.02465987205505371, 0.02475738525390625, 0.025653600692749023, 0.02116870880126953, 0.02667236328125]}, "sizes": {"712_chscase_geyser1": []}, "tau": 0.9}, "DecisionTree": {"losses": {"712_chscase_geyser1": [0.022675052410901463, 0.0209769392033543, 0.02074185248713551, 0.02306603773584905, 0.021826758147512858]}, "coverage": {"712_chscase_geyser1": [0.011111111111111072, 0.033333333333333326, 0.013636363636363669, 0.08181818181818179, 0.05909090909090908]}, "complexity": {"712_chscase_geyser1": [11, 7, 69, 31, 5]}, "time_all": {"712_chscase_geyser1": [0.040612220764160156, 0.021715879440307617, 0.02406001091003418, 0.021943330764770508, 0.021630048751831055]}, "time_fit": {"712_chscase_geyser1": [0.002409219741821289, 0.0011029243469238281, 0.0034263134002685547, 0.0020024776458740234, 0.001003265380859375]}, "sizes": {"712_chscase_geyser1": []}, "tau": 0.9}, "LinearQuantile": {"losses": {"712_chscase_geyser1": [0.04818203114873775, 0.06661998400610239, 0.051250439709849153, 0.06080148645086241, 0.06951551139708424]}, "coverage": {"712_chscase_geyser1": [0.033333333333333326, 0.25555555555555554, 0.013636363636363669, 0.10454545454545461, 0.12727272727272732]}, "complexity": {"712_chscase_geyser1": [2, 2, 2, 2, 2]}, "time_all": {"712_chscase_geyser1": [0.12511062622070312, 0.05279040336608887, 0.05264687538146973, 0.035932302474975586, 0.0540163516998291]}, "time_fit": {"712_chscase_geyser1": [0.010421037673950195, 0.004461050033569336, 0.0044574737548828125, 0.002963542938232422, 0.004596710205078125]}, "sizes": {"712_chscase_geyser1": []}, "tau": 0.9}}