{"SQR": {"losses": {"608_fri_c3_1000_10": [0.01742011379169389, 0.015844684208050904, 0.013814464915105136, 0.012327423509236872, 0.0204165539974118]}, "coverage": {"608_fri_c3_1000_10": [0.05499999999999999, 0.05500000000000005, 0.030000000000000027, 0.04999999999999999, 0.09000000000000002]}, "complexity": {"608_fri_c3_1000_10": [13, 12, 15, 11, 9]}, "time_all": {"608_fri_c3_1000_10": [811.1144478321075, 841.5992634296417, 819.1421279907227, 861.5335695743561, 832.3151309490204]}, "time_fit": {"608_fri_c3_1000_10": [811.1144478321075, 841.5992634296417, 819.1421279907227, 861.5335695743561, 832.3151309490204]}, "sizes": {"608_fri_c3_1000_10": []}, "tau": 0.5}, "LightGBM": {"losses": {"608_fri_c3_1000_10": [0.019612188505492813, 0.02643766502392663, 0.025358468326149783, 0.024076743693100183, 0.019172701893787204]}, "coverage": {"608_fri_c3_1000_10": [0.044999999999999984, 0.07499999999999996, 0.04500000000000004, 0.030000000000000027, 0.04999999999999999]}, "time_all": {"608_fri_c3_1000_10": [0.39697694778442383, 0.3932616710662842, 0.3685414791107178, 0.4062330722808838, 0.34328389167785645]}, "time_fit": {"608_fri_c3_1000_10": [0.07330131530761719, 0.07483410835266113, 0.06714844703674316, 0.07295584678649902, 0.07043051719665527]}, "sizes": {"608_fri_c3_1000_10": []}, "tau": 0.5}, "DecisionTree": {"losses": {"608_fri_c3_1000_10": [0.02269416461361499, 0.027229421687444567, 0.022198610305999143, 0.02857533748020699, 0.025319583257690473]}, "coverage": {"608_fri_c3_1000_10": [0.0, 0.015000000000000013, 0.0, 0.03500000000000003, 0.0050000000000000044]}, "complexity": {"608_fri_c3_1000_10": [325, 323, 321, 333, 143]}, "time_all": {"608_fri_c3_1000_10": [0.19915223121643066, 0.20099353790283203, 0.10446739196777344, 0.18945884704589844, 0.0975184440612793]}, "time_fit": {"608_fri_c3_1000_10": [0.03629255294799805, 0.03568387031555176, 0.018420696258544922, 0.035030364990234375, 0.01117849349975586]}, "sizes": {"608_fri_c3_1000_10": []}, "tau": 0.5}, "LinearQuantile": {"losses": {"608_fri_c3_1000_10": [0.05175759223513986, 0.06141646460826947, 0.05668786539562548, 0.05406855973101159, 0.04965271468868276]}, "coverage": {"608_fri_c3_1000_10": [0.04999999999999999, 0.04999999999999999, 0.010000000000000009, 0.015000000000000013, 0.04999999999999999]}, "complexity": {"608_fri_c3_1000_10": [10, 10, 10, 10, 10]}, "time_all": {"608_fri_c3_1000_10": [0.8619430065155029, 0.35238051414489746, 0.333981990814209, 0.3966848850250244, 0.2976374626159668]}, "time_fit": {"608_fri_c3_1000_10": [0.07750606536865234, 0.03149127960205078, 0.03007960319519043, 0.035408735275268555, 0.026699542999267578]}, "sizes": {"608_fri_c3_1000_10": []}, "tau": 0.5}}