{"SQR": {"losses": {"644_fri_c4_250_25": [0.008139899889644602, 0.01222612670795693, 0.025371672550104304, 0.016678478027952495, 0.018846065911460694]}, "coverage": {"644_fri_c4_250_25": [0.26, 0.33999999999999997, 0.38, 0.52, 0.48000000000000004]}, "complexity": {"644_fri_c4_250_25": [10, 14, 10, 17, 13]}, "tau": 0.5}, "LightGBM": {"losses": {"644_fri_c4_250_25": [0.025520472627941472, 0.03199775604481361, 0.0451051228986841, 0.051229359895053644, 0.034837208044573395]}, "coverage": {"644_fri_c4_250_25": [0.36, 0.30000000000000004, 0.48000000000000004, 0.4, 0.36]}, "tau": 0.5}, "DecisionTree": {"losses": {"644_fri_c4_250_25": [0.03420749090042219, 0.049837321506043156, 0.05049455036435317, 0.04955833587443042, 0.035381770551184695]}, "coverage": {"644_fri_c4_250_25": [0.28, 0.42000000000000004, 0.42000000000000004, 0.42000000000000004, 0.38]}, "complexity": {"644_fri_c4_250_25": [81, 79, 35, 37, 39]}, "tau": 0.5}, "LinearQuantile": {"losses": {"644_fri_c4_250_25": [0.06758285646990879, 0.06702626931781795, 0.08740652197888676, 0.08949699514885281, 0.06947096179218254]}, "coverage": {"644_fri_c4_250_25": [0.38, 0.36, 0.42000000000000004, 0.42000000000000004, 0.36]}, "complexity": {"644_fri_c4_250_25": [25, 25, 25, 25, 25]}, "tau": 0.5}}