{"SQR": {"losses": {"617_fri_c3_500_5": [0.009633160494642695, 0.009334828289261247, 0.010853290154367414, 0.008296220564776656, 0.005822037352815849]}, "coverage": {"617_fri_c3_500_5": [0.030000000000000027, 0.010000000000000009, 0.010000000000000009, 0.020000000000000018, 0.13]}, "complexity": {"617_fri_c3_500_5": [15, 13, 10, 15, 14]}, "tau": 0.9}, "LightGBM": {"losses": {"617_fri_c3_500_5": [0.01775959742859501, 0.018585365224855516, 0.012107871449355075, 0.015633614463835203, 0.0168707784756134]}, "coverage": {"617_fri_c3_500_5": [0.0, 0.010000000000000009, 0.030000000000000027, 0.010000000000000009, 0.040000000000000036]}, "tau": 0.9}, "DecisionTree": {"losses": {"617_fri_c3_500_5": [0.01590724728330397, 0.012452627600330021, 0.014471535147343444, 0.012430497244583593, 0.019486458719218454]}, "coverage": {"617_fri_c3_500_5": [0.10999999999999999, 0.050000000000000044, 0.07000000000000006, 0.06000000000000005, 0.17000000000000004]}, "complexity": {"617_fri_c3_500_5": [165, 65, 67, 29, 31]}, "tau": 0.9}, "LinearQuantile": {"losses": {"617_fri_c3_500_5": [0.05869367284433654, 0.05405045640122027, 0.0519811863003572, 0.05485760834240131, 0.06777583383197906]}, "coverage": {"617_fri_c3_500_5": [0.38, 0.4, 0.41000000000000003, 0.38, 0.46]}, "complexity": {"617_fri_c3_500_5": [5, 5, 5, 5, 5]}, "tau": 0.9}}