{"SQR": {"losses": {"666_rmftsa_ladata": [0.04118560451429426, 0.03172054856492031, 0.031558843127610516, 0.02920941507768683, 0.046361758497321326]}, "coverage": {"666_rmftsa_ladata": [0.4294117647058824, 0.36078431372549025, 0.3313725490196079, 0.38514851485148516, 0.44455445544554456]}, "complexity": {"666_rmftsa_ladata": [2, 2, 2, 2, 2]}, "tau": 0.5}, "LightGBM": {"losses": {"666_rmftsa_ladata": [0.036196048162146, 0.02832247678383729, 0.027174771310832836, 0.02153782303684481, 0.034393343426320125]}, "coverage": {"666_rmftsa_ladata": [0.44901960784313727, 0.45882352941176474, 0.3411764705882353, 0.3257425742574258, 0.4148514851485149]}, "tau": 0.5}, "DecisionTree": {"losses": {"666_rmftsa_ladata": [0.03114367932629501, 0.029325214260035905, 0.027725176689560184, 0.022958013714091154, 0.0332570407030574]}, "coverage": {"666_rmftsa_ladata": [0.36078431372549025, 0.46862745098039216, 0.36078431372549025, 0.35544554455445543, 0.4841584158415842]}, "complexity": {"666_rmftsa_ladata": [69, 19, 13, 15, 29]}, "tau": 0.5}, "LinearQuantile": {"losses": {"666_rmftsa_ladata": [0.036425633828599396, 0.026470466452735545, 0.02522247553899975, 0.021765433164640812, 0.03476955373789793]}, "coverage": {"666_rmftsa_ladata": [0.4196078431372549, 0.3901960784313726, 0.3509803921568627, 0.3455445544554455, 0.4841584158415842]}, "complexity": {"666_rmftsa_ladata": [10, 10, 10, 10, 10]}, "tau": 0.5}}