{"SQR": {"losses": {"564_fried": [0.016544179720132966, 0.012408467643812851, 0.016722152742846854, 0.016919565172453233, 0.012831000386835515]}, "coverage": {"564_fried": [0.4122639195486878, 0.3944812362030905, 0.405028207014962, 0.4167423034465841, 0.4090150864712376]}, "complexity": {"564_fried": [10, 12, 10, 10, 12]}, "tau": 0.5}, "LightGBM": {"losses": {"564_fried": [0.024533097942253206, 0.02537496428589334, 0.02515714863407312, 0.02539674898885307, 0.025941922842773087]}, "coverage": {"564_fried": [0.3872455236693647, 0.39141525631591856, 0.3802550895266127, 0.40570342205323195, 0.3990800932172207]}, "tau": 0.5}, "DecisionTree": {"losses": {"564_fried": [0.021526618354561166, 0.02125934301062141, 0.021254277466499556, 0.02183842770859005, 0.02181976841499004]}, "coverage": {"564_fried": [0.3981604120676968, 0.4023301447142507, 0.3849153789551141, 0.3951551576106954, 0.4032503372991537]}, "complexity": {"564_fried": [5677, 5635, 5663, 5649, 5659]}, "tau": 0.5}, "LinearQuantile": {"losses": {"564_fried": [0.029406757078508986, 0.030727831687382526, 0.030327339443804564, 0.030195226024981682, 0.03030948470927561]}, "coverage": {"564_fried": [0.3908020603384842, 0.41054697081187147, 0.3985283296541575, 0.3939286152336563, 0.3974855881270698]}, "complexity": {"564_fried": [10, 10, 10, 10, 10]}, "tau": 0.5}}