{"SQR": {"losses": {"605_fri_c2_250_25": [0.008079322749919921, 0.010559941381113897, 0.009351849345198527, 0.011919444769940347, 0.006566047730068781]}, "coverage": {"605_fri_c2_250_25": [0.020000000000000018, 0.14, 0.12, 0.0, 0.039999999999999925]}, "complexity": {"605_fri_c2_250_25": [12, 17, 12, 12, 15]}, "tau": 0.9}, "LightGBM": {"losses": {"605_fri_c2_250_25": [0.025886255758530676, 0.03047129255338336, 0.03158524301872526, 0.022594628857713565, 0.028915813421993043]}, "coverage": {"605_fri_c2_250_25": [0.0, 0.020000000000000018, 0.08000000000000007, 0.020000000000000018, 0.040000000000000036]}, "tau": 0.9}, "DecisionTree": {"losses": {"605_fri_c2_250_25": [0.020954352598760075, 0.02381263896915577, 0.026536877753624132, 0.022383750289283015, 0.027105511256181956]}, "coverage": {"605_fri_c2_250_25": [0.0, 0.020000000000000018, 0.06000000000000005, 0.0, 0.06000000000000005]}, "complexity": {"605_fri_c2_250_25": [9, 7, 15, 5, 17]}, "tau": 0.9}, "LinearQuantile": {"losses": {"605_fri_c2_250_25": [0.09223070981964306, 0.07377247551347951, 0.11038479470904945, 0.09408408857114918, 0.0886866617329567]}, "coverage": {"605_fri_c2_250_25": [0.44, 0.36, 0.48000000000000004, 0.46, 0.4]}, "complexity": {"605_fri_c2_250_25": [25, 25, 25, 25, 25]}, "tau": 0.9}}