{"SQR": {"losses": {"649_fri_c0_500_5": [0.02749753916159619, 0.021034583287325544, 0.014524645103434097, 0.016418020924333348, 0.015714742224827247]}, "coverage": {"649_fri_c0_500_5": [0.52, 0.32000000000000006, 0.36, 0.44, 0.33000000000000007]}, "complexity": {"649_fri_c0_500_5": [15, 16, 16, 17, 12]}, "tau": 0.5}, "LightGBM": {"losses": {"649_fri_c0_500_5": [0.05043479800600195, 0.036721880354792166, 0.027918506376779464, 0.026304030653814685, 0.03260387611387168]}, "coverage": {"649_fri_c0_500_5": [0.5700000000000001, 0.41000000000000003, 0.31000000000000005, 0.33999999999999997, 0.4]}, "tau": 0.5}, "DecisionTree": {"losses": {"649_fri_c0_500_5": [0.04986478915157657, 0.04179107466786654, 0.03375851143597632, 0.030972511130181474, 0.04127960090095915]}, "coverage": {"649_fri_c0_500_5": [0.49000000000000005, 0.41000000000000003, 0.39, 0.42000000000000004, 0.43000000000000005]}, "complexity": {"649_fri_c0_500_5": [65, 165, 155, 161, 163]}, "tau": 0.5}, "LinearQuantile": {"losses": {"649_fri_c0_500_5": [0.03742886402633847, 0.03742276586035905, 0.032490109388074534, 0.03047551977483117, 0.03115248370524331]}, "coverage": {"649_fri_c0_500_5": [0.48000000000000004, 0.47000000000000003, 0.37, 0.38, 0.43000000000000005]}, "complexity": {"649_fri_c0_500_5": [5, 5, 5, 5, 5]}, "tau": 0.5}}