{"SQR": {"losses": {"634_fri_c2_100_10": [0.03976034957021306, 0.04627388101715205, 0.06522169322647735, 0.03590485229726652, 0.025864033840685068]}, "coverage": {"634_fri_c2_100_10": [0.45, 0.55, 0.45, 0.5, 0.20000000000000007]}, "complexity": {"634_fri_c2_100_10": [14, 12, 12, 13, 10]}, "tau": 0.5}, "LightGBM": {"losses": {"634_fri_c2_100_10": [0.08067614757725879, 0.04508927737154027, 0.08622465801142176, 0.08565780406667294, 0.06456268363135445]}, "coverage": {"634_fri_c2_100_10": [0.45, 0.20000000000000007, 0.35, 0.55, 0.4]}, "tau": 0.5}, "DecisionTree": {"losses": {"634_fri_c2_100_10": [0.08226905109264553, 0.04337519411413858, 0.09358534392724878, 0.08202380162595856, 0.03367782693361198]}, "coverage": {"634_fri_c2_100_10": [0.45, 0.4, 0.30000000000000004, 0.6000000000000001, 0.30000000000000004]}, "complexity": {"634_fri_c2_100_10": [13, 31, 3, 13, 29]}, "tau": 0.5}, "LinearQuantile": {"losses": {"634_fri_c2_100_10": [0.09659584831803582, 0.039023260884837596, 0.09498249608399119, 0.09573582119943648, 0.05991677850016804]}, "coverage": {"634_fri_c2_100_10": [0.45, 0.25, 0.35, 0.6000000000000001, 0.4]}, "complexity": {"634_fri_c2_100_10": [10, 10, 10, 10, 10]}, "tau": 0.5}}