{"SQR": {"losses": {"593_fri_c1_1000_10": [0.010425577643970271, 0.013111163583366904, 0.010462734503796693, 0.004326098803247133, 0.004386983446524008]}, "coverage": {"593_fri_c1_1000_10": [0.010000000000000009, 0.040000000000000036, 0.030000000000000027, 0.0, 0.020000000000000018]}, "complexity": {"593_fri_c1_1000_10": [11, 12, 16, 14, 16]}, "time_all": {"593_fri_c1_1000_10": [841.7479882240295, 783.824700832367, 861.3542301654816, 846.6499905586243, 802.7502937316895]}, "time_fit": {"593_fri_c1_1000_10": [841.7479882240295, 783.824700832367, 861.3542301654816, 846.6499905586243, 802.7502937316895]}, "sizes": {"593_fri_c1_1000_10": []}, "tau": 0.9}, "LightGBM": {"losses": {"593_fri_c1_1000_10": [0.020747038934297038, 0.02066333792422235, 0.020483743907438384, 0.02024369412860812, 0.01983581856297443]}, "coverage": {"593_fri_c1_1000_10": [0.010000000000000009, 0.0050000000000000044, 0.025000000000000022, 0.020000000000000018, 0.0050000000000000044]}, "time_all": {"593_fri_c1_1000_10": [0.3419215679168701, 0.29791927337646484, 0.27315449714660645, 0.2840089797973633, 0.29445600509643555]}, "time_fit": {"593_fri_c1_1000_10": [0.06454348564147949, 0.06029844284057617, 0.05417943000793457, 0.06345558166503906, 0.05489659309387207]}, "sizes": {"593_fri_c1_1000_10": []}, "tau": 0.9}, "DecisionTree": {"losses": {"593_fri_c1_1000_10": [0.01768255292886754, 0.018613098483146875, 0.01814080451512811, 0.019062546510451465, 0.016244386541852614]}, "coverage": {"593_fri_c1_1000_10": [0.08999999999999997, 0.07000000000000006, 0.08999999999999997, 0.06000000000000005, 0.04500000000000004]}, "complexity": {"593_fri_c1_1000_10": [61, 61, 61, 63, 59]}, "time_all": {"593_fri_c1_1000_10": [0.18075132369995117, 0.1844933032989502, 0.09367704391479492, 0.17604994773864746, 0.0935518741607666]}, "time_fit": {"593_fri_c1_1000_10": [0.013760805130004883, 0.01371455192565918, 0.007237434387207031, 0.013744354248046875, 0.006988048553466797]}, "sizes": {"593_fri_c1_1000_10": []}, "tau": 0.9}, "LinearQuantile": {"losses": {"593_fri_c1_1000_10": [0.0726441582953503, 0.07069368290280506, 0.07539982110569439, 0.06830879150439009, 0.0705037238538148]}, "coverage": {"593_fri_c1_1000_10": [0.445, 0.41500000000000004, 0.47500000000000003, 0.445, 0.435]}, "complexity": {"593_fri_c1_1000_10": [10, 10, 10, 10, 10]}, "time_all": {"593_fri_c1_1000_10": [0.3839716911315918, 0.6374773979187012, 0.19747638702392578, 0.32692980766296387, 0.19031572341918945]}, "time_fit": {"593_fri_c1_1000_10": [0.033655643463134766, 0.057120561599731445, 0.01762223243713379, 0.028994321823120117, 0.017011404037475586]}, "sizes": {"593_fri_c1_1000_10": []}, "tau": 0.9}}