{"SQR": {"losses": {"579_fri_c0_250_5": [0.03721322155852386, 0.023492667928206076, 0.03191161477624711, 0.026823441317768534, 0.03434362840515509]}, "coverage": {"579_fri_c0_250_5": [0.46, 0.30000000000000004, 0.42000000000000004, 0.33999999999999997, 0.44]}, "complexity": {"579_fri_c0_250_5": [9, 14, 16, 17, 9]}, "tau": 0.5}, "LightGBM": {"losses": {"579_fri_c0_250_5": [0.04739689159937747, 0.05871000776660455, 0.062362470519526036, 0.043834528294584674, 0.05249134506266219]}, "coverage": {"579_fri_c0_250_5": [0.5, 0.30000000000000004, 0.4, 0.4, 0.46]}, "tau": 0.5}, "DecisionTree": {"losses": {"579_fri_c0_250_5": [0.05368503940004778, 0.05613125831038298, 0.06463142778269043, 0.05260696571153701, 0.052089502657205244]}, "coverage": {"579_fri_c0_250_5": [0.36, 0.4, 0.48000000000000004, 0.42000000000000004, 0.4]}, "complexity": {"579_fri_c0_250_5": [33, 33, 83, 75, 81]}, "tau": 0.5}, "LinearQuantile": {"losses": {"579_fri_c0_250_5": [0.05145714538775152, 0.04847049840535839, 0.059238522238315265, 0.039308280076784184, 0.04270408079642945]}, "coverage": {"579_fri_c0_250_5": [0.48000000000000004, 0.44, 0.42000000000000004, 0.42000000000000004, 0.5]}, "complexity": {"579_fri_c0_250_5": [5, 5, 5, 5, 5]}, "tau": 0.5}}