{"SQR": {"losses": {"225_puma8NH": [0.06282351337855899, 0.061510448829968166, 0.06105159046803861, 0.0607948256054788, 0.06096004149431081]}, "coverage": {"225_puma8NH": [0.15710799267846248, 0.14795607077486272, 0.15934065934065933, 0.16117216117216115, 0.15567765567765568]}, "complexity": {"225_puma8NH": [3, 3, 3, 3, 3]}, "time_all": {"225_puma8NH": [7427.086284160614, 7597.926718235016, 8299.417626142502, 8047.071851015091, 20512.39018392563]}, "time_fit": {"225_puma8NH": [7427.086284160614, 7597.926718235016, 8299.417626142502, 8047.071851015091, 20512.39018392563]}, "sizes": {"225_puma8NH": []}, "tau": 0.5}, "LightGBM": {"losses": {"225_puma8NH": [0.053124956787688804, 0.05231449240914736, 0.0519484056217272, 0.05230992582033256, 0.05219983897855228]}, "coverage": {"225_puma8NH": [0.011287370347773051, 0.010067114093959773, 0.004273504273504258, 0.001831501831501825, 0.009768009768009789]}, "time_all": {"225_puma8NH": [53.01866912841797, 38.20070195198059, 41.7065646648407, 24.876028776168823, 34.02141308784485]}, "time_fit": {"225_puma8NH": [5.5406458377838135, 4.219844102859497, 3.5628647804260254, 3.153517723083496, 5.086342096328735]}, "sizes": {"225_puma8NH": []}, "tau": 0.5}, "DecisionTree": {"losses": {"225_puma8NH": [0.053280784423184104, 0.05144958504275905, 0.05161235381283065, 0.05081364869903513, 0.05155679970361867]}, "coverage": {"225_puma8NH": [0.0003050640634533197, 0.02593044539353262, 0.0030525030525030417, 0.0012210012210012167, 0.02564102564102566]}, "complexity": {"225_puma8NH": [227, 227, 283, 237, 289]}, "time_all": {"225_puma8NH": [0.9544739723205566, 0.7641341686248779, 0.7356629371643066, 0.9014718532562256, 1.1305882930755615]}, "time_fit": {"225_puma8NH": [0.06368279457092285, 0.04301881790161133, 0.038146018981933594, 0.08026695251464844, 0.06714415550231934]}, "sizes": {"225_puma8NH": []}, "tau": 0.5}, "LinearQuantile": {"losses": {"225_puma8NH": [0.0766555347604529, 0.07866911360946222, 0.07599090317358824, 0.07644532379627855, 0.07592060072863985]}, "coverage": {"225_puma8NH": [0.12477120195240998, 0.11256863941427697, 0.0927960927960928, 0.08852258852258854, 0.10439560439560441]}, "complexity": {"225_puma8NH": [8, 8, 8, 8, 8]}, "time_all": {"225_puma8NH": [1.7710630893707275, 1.5565457344055176, 0.641167163848877, 1.4354889392852783, 1.1825311183929443]}, "time_fit": {"225_puma8NH": [0.09547710418701172, 0.09950590133666992, 0.027535200119018555, 0.15311408042907715, 0.13433289527893066]}, "sizes": {"225_puma8NH": []}, "tau": 0.5}}