{"SQR": {"losses": {"547_no2": [0.017520760961348632, 0.01652753393291303, 0.020499348457204337, 0.019391362980528886, 0.025652208908824376]}, "coverage": {"547_no2": [0.010000000000000009, 0.010000000000000009, 0.010000000000000009, 0.010000000000000009, 0.08999999999999997]}, "complexity": {"547_no2": [7, 8, 4, 5, 5]}, "time_all": {"547_no2": [442.4644651412964, 472.675669670105, 450.29940152168274, 449.6575608253479, 441.4130187034607]}, "time_fit": {"547_no2": [442.4644651412964, 472.675669670105, 450.29940152168274, 449.6575608253479, 441.4130187034607]}, "sizes": {"547_no2": []}, "tau": 0.9}, "LightGBM": {"losses": {"547_no2": [0.017731803030591783, 0.015199642699673329, 0.017261567412353535, 0.016122522994889824, 0.021075467587173456]}, "coverage": {"547_no2": [0.010000000000000009, 0.030000000000000027, 0.010000000000000009, 0.0, 0.050000000000000044]}, "time_all": {"547_no2": [0.22464394569396973, 0.18041443824768066, 0.1866304874420166, 0.15528082847595215, 0.19178104400634766]}, "time_fit": {"547_no2": [0.03859829902648926, 0.04047894477844238, 0.04385876655578613, 0.03765583038330078, 0.04596138000488281]}, "sizes": {"547_no2": []}, "tau": 0.9}, "DecisionTree": {"losses": {"547_no2": [0.01763458630667297, 0.014777662832580831, 0.015758792822320598, 0.014838908219952405, 0.01955965776744646]}, "coverage": {"547_no2": [0.010000000000000009, 0.010000000000000009, 0.020000000000000018, 0.010000000000000009, 0.13]}, "complexity": {"547_no2": [27, 17, 31, 13, 71]}, "time_all": {"547_no2": [0.07669639587402344, 0.07453751564025879, 0.040512800216674805, 0.03929948806762695, 0.08314037322998047]}, "time_fit": {"547_no2": [0.0049343109130859375, 0.0038919448852539062, 0.002738475799560547, 0.0018296241760253906, 0.009439706802368164]}, "sizes": {"547_no2": []}, "tau": 0.9}, "LinearQuantile": {"losses": {"547_no2": [0.019250250550467217, 0.019097382516192973, 0.01925966752456636, 0.015172290306551843, 0.02308870615981448]}, "coverage": {"547_no2": [0.010000000000000009, 0.06000000000000005, 0.010000000000000009, 0.04999999999999993, 0.10999999999999999]}, "complexity": {"547_no2": [7, 7, 7, 7, 7]}, "time_all": {"547_no2": [0.7529687881469727, 0.36975717544555664, 0.08572840690612793, 0.14258503913879395, 0.12563633918762207]}, "time_fit": {"547_no2": [0.06702899932861328, 0.03273177146911621, 0.007472991943359375, 0.01263737678527832, 0.010623931884765625]}, "sizes": {"547_no2": []}, "tau": 0.9}}