{"SQR": {"losses": {"485_analcatdata_vehicle": [0.029069200135337755, 0.030095696733844796, 0.028489035252240422, 0.052350718416065985, 0.1096400789317092]}, "coverage": {"485_analcatdata_vehicle": [0.20000000000000007, 0.7, 0.20000000000000007, 0.2333333333333334, 0.4555555555555556]}, "complexity": {"485_analcatdata_vehicle": [16, 20, 15, 17, 11]}, "tau": 0.5}, "LightGBM": {"losses": {"485_analcatdata_vehicle": [0.1784622467771639, 0.04027624309392265, 0.10326887661141805, 0.16990996521383264, 0.23953345610804175]}, "coverage": {"485_analcatdata_vehicle": [0.5, 0.0, 0.4, 0.5666666666666667, 0.5666666666666667]}, "tau": 0.5}, "DecisionTree": {"losses": {"485_analcatdata_vehicle": [0.078195211786372, 0.027661141804788212, 0.02186003683241252, 0.09298137916922448, 0.14709433190096172]}, "coverage": {"485_analcatdata_vehicle": [0.30000000000000004, 0.4, 0.4, 0.4555555555555556, 0.5666666666666667]}, "complexity": {"485_analcatdata_vehicle": [13, 13, 13, 7, 13]}, "tau": 0.5}, "LinearQuantile": {"losses": {"485_analcatdata_vehicle": [0.09277413251053397, 0.0206649904152718, 0.03164559542885802, 0.07824930695371701, 0.13319009558000705]}, "coverage": {"485_analcatdata_vehicle": [0.30000000000000004, 0.09999999999999998, 0.30000000000000004, 0.4555555555555556, 0.34444444444444444]}, "complexity": {"485_analcatdata_vehicle": [12, 12, 12, 12, 12]}, "tau": 0.5}}