{"SQR": {"losses": {"599_fri_c2_1000_5": [0.03366279840913534, 0.030583341497544592, 0.018265152734866917, 0.043753168182574124, 0.03842748906356413]}, "coverage": {"599_fri_c2_1000_5": [0.51, 0.42500000000000004, 0.405, 0.51, 0.46]}, "complexity": {"599_fri_c2_1000_5": [13, 9, 14, 8, 8]}, "tau": 0.5}, "LightGBM": {"losses": {"599_fri_c2_1000_5": [0.027931572073885292, 0.037091845396178644, 0.029244440897640063, 0.03231058159686135, 0.023182886750538666]}, "coverage": {"599_fri_c2_1000_5": [0.4, 0.39, 0.445, 0.44, 0.32000000000000006]}, "tau": 0.5}, "DecisionTree": {"losses": {"599_fri_c2_1000_5": [0.03247827209019579, 0.03417067877899547, 0.03469582422748105, 0.034634104848896154, 0.02602724768643407]}, "coverage": {"599_fri_c2_1000_5": [0.41000000000000003, 0.44, 0.41500000000000004, 0.45, 0.29000000000000004]}, "complexity": {"599_fri_c2_1000_5": [333, 317, 335, 333, 329]}, "tau": 0.5}, "LinearQuantile": {"losses": {"599_fri_c2_1000_5": [0.07772124937343683, 0.0752907586902918, 0.07906587630409212, 0.0776556571876348, 0.07674107517455092]}, "coverage": {"599_fri_c2_1000_5": [0.44, 0.42000000000000004, 0.42000000000000004, 0.43000000000000005, 0.44]}, "complexity": {"599_fri_c2_1000_5": [5, 5, 5, 5, 5]}, "tau": 0.5}}