{"SQR": {"losses": {"218_house_8L": [0.01255004595408862, 0.013951994121889444, 0.016459248841865413, 0.017074521123576526, 0.015603418068551776]}, "coverage": {"218_house_8L": [0.0035769146368225258, 0.005200789993416666, 0.005200789993416666, 0.003445249067368872, 0.007374890254609245]}, "complexity": {"218_house_8L": [10, 8, 4, 4, 5]}, "tau": 0.9}, "LightGBM": {"losses": {"218_house_8L": [0.010927090961497191, 0.011596345837421683, 0.010964591329481873, 0.011489795533377496, 0.011063413780359323]}, "coverage": {"218_house_8L": [0.028461707263550573, 0.02758393680052662, 0.019464560017555366, 0.028242264647794557, 0.02778753292361713]}, "tau": 0.9}, "DecisionTree": {"losses": {"218_house_8L": [0.010763735444221014, 0.010927886285548473, 0.011289299958156722, 0.011344471403661977, 0.011282042686134117]}, "coverage": {"218_house_8L": [0.027715602369980274, 0.022229536976080766, 0.028154487601492195, 0.04175992977836296, 0.03081650570676031]}, "complexity": {"218_house_8L": [629, 635, 633, 587, 581]}, "tau": 0.9}, "LinearQuantile": {"losses": {"218_house_8L": [0.01617177720309406, 0.017448744026367972, 0.016304670920069698, 0.017330728729663188, 0.01670589607461368]}, "coverage": {"218_house_8L": [0.001689708141320967, 0.0071757735352204755, 0.0009436032477507794, 0.003445249067368872, 0.0016681299385425952]}, "complexity": {"218_house_8L": [8, 8, 8, 8, 8]}, "tau": 0.9}}