{"SQR": {"losses": {"230_machine_cpu": [0.008132356896478834, 0.006366727982430422, 0.011451822893155165, 0.003909082800755367, 0.0059217093524780665]}, "coverage": {"230_machine_cpu": [0.04285714285714293, 0.13809523809523816, 0.04285714285714293, 0.07619047619047614, 0.09512195121951217]}, "complexity": {"230_machine_cpu": [7, 11, 10, 14, 8]}, "tau": 0.9}, "LightGBM": {"losses": {"230_machine_cpu": [0.02730975381868193, 0.01932285988660084, 0.010677201972208901, 0.00918423584024432, 0.00796788667047888]}, "coverage": {"230_machine_cpu": [0.02857142857142858, 0.01904761904761909, 0.09999999999999998, 0.052380952380952306, 0.051219512195121886]}, "tau": 0.9}, "DecisionTree": {"losses": {"230_machine_cpu": [0.015736555111555108, 0.014701548451548451, 0.0056408175158175165, 0.008125624375624375, 0.0056332082551594775]}, "coverage": {"230_machine_cpu": [0.06666666666666665, 0.3285714285714286, 0.18571428571428572, 0.01904761904761909, 0.0024390243902439046]}, "complexity": {"230_machine_cpu": [63, 67, 65, 27, 7]}, "tau": 0.9}, "LinearQuantile": {"losses": {"230_machine_cpu": [0.012878165829723275, 0.011503055026203725, 0.008233373860178082, 0.008091254822235576, 0.0077110404030258945]}, "coverage": {"230_machine_cpu": [0.004761904761904745, 0.06666666666666665, 0.02857142857142858, 0.052380952380952306, 0.09512195121951217]}, "complexity": {"230_machine_cpu": [6, 6, 6, 6, 6]}, "tau": 0.9}}