{"SQR": {"losses": {"590_fri_c0_1000_50": [0.016175562986819037, 0.019656094747453806, 0.024878888266183445, 0.02267043398093843, 0.015126453223079121]}, "coverage": {"590_fri_c0_1000_50": [0.034999999999999976, 0.06000000000000005, 0.06999999999999995, 0.04500000000000004, 0.025000000000000022]}, "complexity": {"590_fri_c0_1000_50": [19, 11, 14, 11, 14]}, "time_all": {"590_fri_c0_1000_50": [696.2096123695374, 749.5763831138611, 734.6681087017059, 764.5705275535583, 766.0704874992371]}, "time_fit": {"590_fri_c0_1000_50": [696.2096123695374, 749.5763831138611, 734.6681087017059, 764.5705275535583, 766.0704874992371]}, "sizes": {"590_fri_c0_1000_50": []}, "tau": 0.5}, "LightGBM": {"losses": {"590_fri_c0_1000_50": [0.035220640804176286, 0.037408947225922785, 0.036767939341946033, 0.03471279071260466, 0.03603940939478664]}, "coverage": {"590_fri_c0_1000_50": [0.07500000000000001, 0.025000000000000022, 0.020000000000000018, 0.020000000000000018, 0.04500000000000004]}, "time_all": {"590_fri_c0_1000_50": [0.4352233409881592, 0.40869879722595215, 0.46492648124694824, 0.4415009021759033, 0.4383831024169922]}, "time_fit": {"590_fri_c0_1000_50": [0.07718181610107422, 0.07503151893615723, 0.08473706245422363, 0.07625532150268555, 0.08340311050415039]}, "sizes": {"590_fri_c0_1000_50": []}, "tau": 0.5}, "DecisionTree": {"losses": {"590_fri_c0_1000_50": [0.04435088537836503, 0.04557621101027588, 0.04762736316506091, 0.04449241565346931, 0.04585459177678423]}, "coverage": {"590_fri_c0_1000_50": [0.020000000000000018, 0.044999999999999984, 0.03500000000000003, 0.04999999999999999, 0.050000000000000044]}, "complexity": {"590_fri_c0_1000_50": [37, 65, 323, 61, 37]}, "time_all": {"590_fri_c0_1000_50": [0.24287796020507812, 0.24108266830444336, 0.5004501342773438, 0.24649620056152344, 0.4655895233154297]}, "time_fit": {"590_fri_c0_1000_50": [0.018349885940551758, 0.02160191535949707, 0.07454109191894531, 0.021419525146484375, 0.03481936454772949]}, "sizes": {"590_fri_c0_1000_50": []}, "tau": 0.5}, "LinearQuantile": {"losses": {"590_fri_c0_1000_50": [0.03858055447210962, 0.04142235513556466, 0.037590725370741, 0.035499782772697025, 0.039555950611215654]}, "coverage": {"590_fri_c0_1000_50": [0.06, 0.07, 0.010000000000000009, 0.044999999999999984, 0.03999999999999998]}, "complexity": {"590_fri_c0_1000_50": [50, 50, 50, 50, 50]}, "time_all": {"590_fri_c0_1000_50": [7.152680397033691, 262.21026635169983, 63.171712160110474, 49.74221634864807, 16.754142999649048]}, "time_fit": {"590_fri_c0_1000_50": [0.6375339031219482, 0.9695742130279541, 0.3070850372314453, 0.6198937892913818, 1.5082464218139648]}, "sizes": {"590_fri_c0_1000_50": []}, "tau": 0.5}}