{"SQR": {"losses": {"592_fri_c4_1000_25": [0.01416520931509738, 0.015167034307025156, 0.011545874852393638, 0.0172596839481243, 0.014303912681195895]}, "coverage": {"592_fri_c4_1000_25": [0.41500000000000004, 0.41500000000000004, 0.36, 0.45, 0.46]}, "complexity": {"592_fri_c4_1000_25": [15, 12, 18, 12, 16]}, "tau": 0.5}, "LightGBM": {"losses": {"592_fri_c4_1000_25": [0.02504800272980861, 0.024317039447544566, 0.01865826579767742, 0.02876880225633765, 0.026941312183156735]}, "coverage": {"592_fri_c4_1000_25": [0.44, 0.39, 0.29000000000000004, 0.435, 0.455]}, "tau": 0.5}, "DecisionTree": {"losses": {"592_fri_c4_1000_25": [0.02935749996291823, 0.023647751467558764, 0.024755564346170173, 0.03605402885241, 0.03019760521587448]}, "coverage": {"592_fri_c4_1000_25": [0.465, 0.32000000000000006, 0.365, 0.5, 0.41000000000000003]}, "complexity": {"592_fri_c4_1000_25": [323, 331, 141, 137, 325]}, "tau": 0.5}, "LinearQuantile": {"losses": {"592_fri_c4_1000_25": [0.0631783570491675, 0.06215417721927368, 0.05283183872701032, 0.055979524494139996, 0.07037415190175744]}, "coverage": {"592_fri_c4_1000_25": [0.48500000000000004, 0.42500000000000004, 0.375, 0.39, 0.505]}, "complexity": {"592_fri_c4_1000_25": [25, 25, 25, 25, 25]}, "tau": 0.5}}