{"SQR": {"losses": {"562_cpu_small": [0.012385394663448485, 0.012016654046145676, 0.014925609200190528, 0.011014823777882297, 0.010824212512090389]}, "coverage": {"562_cpu_small": [0.40274557657107996, 0.39603416717510675, 0.39633699633699637, 0.3700854700854701, 0.3682539682539683]}, "complexity": {"562_cpu_small": [6, 6, 4, 6, 6]}, "tau": 0.5}, "LightGBM": {"losses": {"562_cpu_small": [0.011740749484829277, 0.010438288995841963, 0.010605199154407522, 0.01068427219825791, 0.010588000728863074]}, "coverage": {"562_cpu_small": [0.45399633923123855, 0.4094569859670531, 0.41404151404151407, 0.4250305250305251, 0.4067155067155067]}, "tau": 0.5}, "DecisionTree": {"losses": {"562_cpu_small": [0.01177824615896611, 0.011511083994305473, 0.011515953182619849, 0.010292176958843624, 0.010651693985027319]}, "coverage": {"562_cpu_small": [0.32647956070774864, 0.30085417937766934, 0.3255189255189256, 0.3035409035409036, 0.2858363858363858]}, "complexity": {"562_cpu_small": [483, 1133, 493, 499, 1113]}, "tau": 0.5}, "LinearQuantile": {"losses": {"562_cpu_small": [0.07857560315674937, 0.07952331855420615, 0.08160213873184885, 0.07883503032883737, 0.07842423291614098]}, "coverage": {"562_cpu_small": [0.4594874923733984, 0.44850518608907874, 0.4573870573870574, 0.4628815628815629, 0.4561660561660562]}, "complexity": {"562_cpu_small": [12, 12, 12, 12, 12]}, "tau": 0.5}}