{"SQR": {"losses": {"227_cpu_small": [0.004730610194783001, 0.006528859712527957, 0.006486574081149139, 0.004604445243315305, 0.0065677392838739395]}, "coverage": {"227_cpu_small": [0.01653447223917026, 0.004331909701037251, 0.00805860805860803, 0.005982905982905962, 0.008424908424908395]}, "complexity": {"227_cpu_small": [9, 4, 4, 9, 4]}, "tau": 0.9}, "LightGBM": {"losses": {"227_cpu_small": [0.008710242803357566, 0.00916250504074613, 0.009165276715070976, 0.009599249798530395, 0.010202332670121318]}, "coverage": {"227_cpu_small": [0.006162294081757169, 0.011531421598535707, 0.0031746031746031633, 0.018803418803418737, 0.03284493284493284]}, "tau": 0.9}, "DecisionTree": {"losses": {"227_cpu_small": [0.005075711353929779, 0.0047612796667098065, 0.004859461526128192, 0.004578384578384578, 0.004772511439178105]}, "coverage": {"227_cpu_small": [0.007382550335570448, 0.001159243441122615, 0.007814407814407787, 0.01819291819291813, 0.02124542124542117]}, "complexity": {"227_cpu_small": [209, 313, 215, 225, 277]}, "tau": 0.9}, "LinearQuantile": {"losses": {"227_cpu_small": [0.033895035216421954, 0.03230507291279727, 0.03167368482457748, 0.032113803835288425, 0.031219120916313008]}, "coverage": {"227_cpu_small": [0.02934716290420991, 0.03239780353874311, 0.039804639804639774, 0.04285714285714293, 0.025763125763125783]}, "complexity": {"227_cpu_small": [12, 12, 12, 12, 12]}, "tau": 0.9}}