{"SQR": {"losses": {"542_pollution": [0.08773437619582947, 0.08883363524868919, 0.06815446604353935, 0.050529668663235, 0.03232797255370229]}, "coverage": {"542_pollution": [0.33333333333333337, 0.0, 0.25, 0.0, 0.25]}, "complexity": {"542_pollution": [5, 4, 15, 14, 6]}, "time_all": {"542_pollution": [286.09675669670105, 285.5575485229492, 284.101820230484, 300.9530198574066, 275.9442572593689]}, "time_fit": {"542_pollution": [286.09675669670105, 285.5575485229492, 284.101820230484, 300.9530198574066, 275.9442572593689]}, "sizes": {"542_pollution": []}, "tau": 0.5}, "LightGBM": {"losses": {"542_pollution": [0.07925126079724361, 0.06553499134878894, 0.06842397150993744, 0.05704609964303503, 0.044199952031503675]}, "coverage": {"542_pollution": [0.16666666666666663, 0.0, 0.08333333333333337, 0.08333333333333331, 0.0]}, "time_all": {"542_pollution": [0.04433321952819824, 0.04534602165222168, 0.04580569267272949, 0.05070042610168457, 0.0436551570892334]}, "time_fit": {"542_pollution": [0.01019597053527832, 0.01051950454711914, 0.010604619979858398, 0.011706113815307617, 0.010117292404174805]}, "sizes": {"542_pollution": []}, "tau": 0.5}, "DecisionTree": {"losses": {"542_pollution": [0.0681398509768303, 0.04554475585378529, 0.0663650747106669, 0.05740891428220958, 0.04616926930955503]}, "coverage": {"542_pollution": [0.16666666666666663, 0.08333333333333337, 0.08333333333333337, 0.25, 0.25]}, "complexity": {"542_pollution": [3, 7, 3, 7, 19]}, "time_all": {"542_pollution": [0.015542745590209961, 0.01563858985900879, 0.015526294708251953, 0.01633000373840332, 0.01627659797668457]}, "time_fit": {"542_pollution": [0.0009472370147705078, 0.0011377334594726562, 0.0009431838989257812, 0.001129150390625, 0.0016200542449951172]}, "sizes": {"542_pollution": []}, "tau": 0.5}, "LinearQuantile": {"losses": {"542_pollution": [0.05341442946030554, 0.0850550122860112, 0.05492878908890722, 0.06036188973189003, 0.07872354228490212]}, "coverage": {"542_pollution": [0.25, 0.08333333333333337, 0.08333333333333337, 0.16666666666666669, 0.08333333333333331]}, "complexity": {"542_pollution": [15, 15, 15, 15, 15]}, "time_all": {"542_pollution": [0.1921706199645996, 1.6258039474487305, 0.27250003814697266, 0.14625287055969238, 0.2704496383666992]}, "time_fit": {"542_pollution": [0.017431020736694336, 0.14732789993286133, 0.024576902389526367, 0.013022422790527344, 0.02422356605529785]}, "sizes": {"542_pollution": []}, "tau": 0.5}}