{"SQR": {"losses": {"615_fri_c4_250_10": [0.007907654863920753, 0.00958583275641615, 0.01203881198007841, 0.009846115269192372, 0.014226188708041664]}, "coverage": {"615_fri_c4_250_10": [0.09999999999999998, 0.09999999999999998, 0.06000000000000005, 0.09999999999999998, 0.0]}, "complexity": {"615_fri_c4_250_10": [12, 10, 11, 11, 10]}, "tau": 0.9}, "LightGBM": {"losses": {"615_fri_c4_250_10": [0.01764819025612221, 0.018696527050118306, 0.02154038530249859, 0.0211842200571233, 0.032008081082297635]}, "coverage": {"615_fri_c4_250_10": [0.06000000000000005, 0.020000000000000018, 0.039999999999999925, 0.05999999999999994, 0.12]}, "tau": 0.9}, "DecisionTree": {"losses": {"615_fri_c4_250_10": [0.019362845062489618, 0.018494994232042865, 0.016648929639767256, 0.020370608478318803, 0.02925880335662152]}, "coverage": {"615_fri_c4_250_10": [0.08000000000000007, 0.020000000000000018, 0.040000000000000036, 0.08000000000000007, 0.14]}, "complexity": {"615_fri_c4_250_10": [7, 5, 33, 35, 35]}, "tau": 0.9}, "LinearQuantile": {"losses": {"615_fri_c4_250_10": [0.057737586794674035, 0.05725920109715788, 0.05793239899580063, 0.05238968447663821, 0.07664514164106699]}, "coverage": {"615_fri_c4_250_10": [0.46, 0.52, 0.44, 0.30000000000000004, 0.46]}, "complexity": {"615_fri_c4_250_10": [10, 10, 10, 10, 10]}, "tau": 0.9}}