{"SQR": {"losses": {"649_fri_c0_500_5": [0.008642037930238423, 0.011174050580064068, 0.007930917897476783, 0.008281572740007065, 0.011576023363924173]}, "coverage": {"649_fri_c0_500_5": [0.08999999999999997, 0.030000000000000027, 0.0, 0.010000000000000009, 0.07000000000000006]}, "complexity": {"649_fri_c0_500_5": [12, 10, 13, 9, 8]}, "time_all": {"649_fri_c0_500_5": [411.3751401901245, 384.362007856369, 412.7037310600281, 419.5794577598572, 398.34554839134216]}, "time_fit": {"649_fri_c0_500_5": [411.3751401901245, 384.362007856369, 412.7037310600281, 419.5794577598572, 398.34554839134216]}, "sizes": {"649_fri_c0_500_5": []}, "tau": 0.9}, "LightGBM": {"losses": {"649_fri_c0_500_5": [0.019364609705849627, 0.02357301478568815, 0.019698485649585443, 0.017743881893675897, 0.018637455553862654]}, "coverage": {"649_fri_c0_500_5": [0.12, 0.020000000000000018, 0.020000000000000018, 0.020000000000000018, 0.010000000000000009]}, "time_all": {"649_fri_c0_500_5": [0.23145794868469238, 0.14489436149597168, 0.17976880073547363, 0.14806461334228516, 0.15181350708007812]}, "time_fit": {"649_fri_c0_500_5": [0.04263472557067871, 0.03317880630493164, 0.04161977767944336, 0.03388333320617676, 0.036182403564453125]}, "sizes": {"649_fri_c0_500_5": []}, "tau": 0.9}, "DecisionTree": {"losses": {"649_fri_c0_500_5": [0.020980182680925698, 0.02015325292624409, 0.017921266736746155, 0.016197120654350885, 0.017873762713211113]}, "coverage": {"649_fri_c0_500_5": [0.08000000000000007, 0.050000000000000044, 0.07000000000000006, 0.020000000000000018, 0.09999999999999998]}, "complexity": {"649_fri_c0_500_5": [17, 29, 71, 33, 65]}, "time_all": {"649_fri_c0_500_5": [0.07255816459655762, 0.07033944129943848, 0.08008980751037598, 0.03877139091491699, 0.03946375846862793]}, "time_fit": {"649_fri_c0_500_5": [0.0038602352142333984, 0.004919767379760742, 0.008760452270507812, 0.0027823448181152344, 0.004065752029418945]}, "sizes": {"649_fri_c0_500_5": []}, "tau": 0.9}, "LinearQuantile": {"losses": {"649_fri_c0_500_5": [0.037962196932425724, 0.03763209137133427, 0.03228662891199697, 0.030753741812048204, 0.03135871537624574]}, "coverage": {"649_fri_c0_500_5": [0.48000000000000004, 0.47000000000000003, 0.38, 0.41000000000000003, 0.41000000000000003]}, "complexity": {"649_fri_c0_500_5": [5, 5, 5, 5, 5]}, "time_all": {"649_fri_c0_500_5": [0.20969533920288086, 0.14468812942504883, 0.5546581745147705, 0.0636296272277832, 1.3742122650146484]}, "time_fit": {"649_fri_c0_500_5": [0.0178682804107666, 0.012465953826904297, 0.04904794692993164, 0.0055027008056640625, 0.12473106384277344]}, "sizes": {"649_fri_c0_500_5": []}, "tau": 0.9}}