{"SQR": {"losses": {"564_fried": [0.028782625807537335, 0.015670969816394466, 0.015768143741499523, 0.012509902078753908, 0.022509673179439315]}, "coverage": {"564_fried": [0.004537650233014445, 0.02330144714250676, 0.0049055678194750985, 0.001287869495891103, 0.006071384766343724]}, "complexity": {"564_fried": [7, 11, 11, 13, 11]}, "time_all": {"564_fried": [70374.70371890068, 108937.68955898285, 17890.388013124466, 33548.89159297943, 41586.71519994736]}, "time_fit": {"564_fried": [70374.70371890068, 108937.68955898285, 17890.388013124466, 33548.89159297943, 41586.71519994736]}, "sizes": {"564_fried": []}, "tau": 0.5}, "LightGBM": {"losses": {"564_fried": [0.025166579235973107, 0.02568611241177855, 0.026062836909139908, 0.025273086183814797, 0.025458685357435354]}, "coverage": {"564_fried": [0.012754476330635311, 0.008584743684081464, 0.019744910473387334, 0.005703422053231932, 0.0009199067827793117]}, "time_all": {"564_fried": [40.99495196342468, 29.327862977981567, 20.620704174041748, 13.392880916595459, 8.34762692451477]}, "time_fit": {"564_fried": [11.012880086898804, 8.30980920791626, 6.169932126998901, 3.4285969734191895, 1.9476959705352783]}, "sizes": {"564_fried": []}, "tau": 0.5}, "DecisionTree": {"losses": {"564_fried": [0.021912557566772503, 0.021512022007864458, 0.021893602866988725, 0.022098866461979113, 0.021728994382946416]}, "coverage": {"564_fried": [0.0018395879323032105, 0.0023301447142506926, 0.015084621044885949, 0.004844842389304604, 0.003250337299153694]}, "complexity": {"564_fried": [5677, 5635, 5663, 5649, 5659]}, "time_all": {"564_fried": [4.037771224975586, 3.718240976333618, 3.607990026473999, 3.267634153366089, 3.3850691318511963]}, "time_fit": {"564_fried": [0.5065693855285645, 0.37669920921325684, 0.3983769416809082, 0.34190893173217773, 0.33692383766174316]}, "sizes": {"564_fried": []}, "tau": 0.5}, "LinearQuantile": {"losses": {"564_fried": [0.031683690821323454, 0.03167521849609129, 0.032347379764974336, 0.03166001593519334, 0.031644298875415894]}, "coverage": {"564_fried": [0.00919793966151583, 0.010546970811871448, 0.0014716703458425018, 0.006071384766343724, 0.0025144118729302223]}, "complexity": {"564_fried": [10, 10, 10, 10, 10]}, "time_all": {"564_fried": [11.089257001876831, 12.153310060501099, 2.8796041011810303, 2.748643159866333, 2.3055150508880615]}, "time_fit": {"564_fried": [1.0394151210784912, 1.1192541122436523, 0.2614312171936035, 0.33406901359558105, 0.19814324378967285]}, "sizes": {"564_fried": []}, "tau": 0.5}}