{"SQR": {"losses": {"635_fri_c0_250_10": [0.030680613965071105, 0.028748988303493154, 0.02371118429828674, 0.030261994482030336, 0.025978258961402847]}, "coverage": {"635_fri_c0_250_10": [0.4, 0.38, 0.32000000000000006, 0.36, 0.44]}, "complexity": {"635_fri_c0_250_10": [12, 10, 11, 11, 16]}, "tau": 0.5}, "LightGBM": {"losses": {"635_fri_c0_250_10": [0.04035901895715554, 0.04874770912869406, 0.04584224574875776, 0.04260907608482246, 0.047041117779782975]}, "coverage": {"635_fri_c0_250_10": [0.30000000000000004, 0.42000000000000004, 0.44, 0.38, 0.38]}, "tau": 0.5}, "DecisionTree": {"losses": {"635_fri_c0_250_10": [0.03745198363451388, 0.06377605171540399, 0.04918307570601301, 0.04926601592489666, 0.04600729357947069]}, "coverage": {"635_fri_c0_250_10": [0.33999999999999997, 0.46, 0.36, 0.36, 0.36]}, "complexity": {"635_fri_c0_250_10": [33, 15, 79, 15, 15]}, "tau": 0.5}, "LinearQuantile": {"losses": {"635_fri_c0_250_10": [0.04618309675154299, 0.05783903401312629, 0.049527596718382354, 0.04211785767908707, 0.05222071407328055]}, "coverage": {"635_fri_c0_250_10": [0.36, 0.54, 0.38, 0.4, 0.46]}, "complexity": {"635_fri_c0_250_10": [10, 10, 10, 10, 10]}, "tau": 0.5}}