{"SQR": {"losses": {"519_vinnie": [0.03612278896754386, 0.041608733267543864, 0.04573181426315789, 0.039631598824561416, 0.042368652653508775]}, "coverage": {"519_vinnie": [0.30789473684210533, 0.3605263157894737, 0.3605263157894737, 0.2947368421052632, 0.4]}, "complexity": {"519_vinnie": [2, 2, 2, 2, 2]}, "tau": 0.5}, "LightGBM": {"losses": {"519_vinnie": [0.044320617189207615, 0.045805107210491774, 0.05137851569058114, 0.03965333837382556, 0.04493492259287342]}, "coverage": {"519_vinnie": [0.3342105263157895, 0.3868421052631579, 0.4131578947368421, 0.30789473684210533, 0.3605263157894737]}, "tau": 0.5}, "DecisionTree": {"losses": {"519_vinnie": [0.04122807017543859, 0.043991228070175435, 0.047324561403508776, 0.042105263157894736, 0.04802631578947369]}, "coverage": {"519_vinnie": [0.21578947368421053, 0.32105263157894737, 0.32105263157894737, 0.22894736842105268, 0.3868421052631579]}, "complexity": {"519_vinnie": [19, 21, 97, 19, 21]}, "tau": 0.5}, "LinearQuantile": {"losses": {"519_vinnie": [0.038569508937068585, 0.04189473384230083, 0.05056138478262416, 0.03949125152658958, 0.0460175032668132]}, "coverage": {"519_vinnie": [0.3605263157894737, 0.3868421052631579, 0.42631578947368426, 0.3342105263157895, 0.49210526315789477]}, "complexity": {"519_vinnie": [5, 5, 5, 5, 5]}, "tau": 0.5}}