{"SQR": {"losses": {"609_fri_c0_1000_5": [0.009080314961123617, 0.010230392623737756, 0.00911570756841103, 0.007001715086449833, 0.0076289126702343436]}, "coverage": {"609_fri_c0_1000_5": [0.039999999999999925, 0.08000000000000007, 0.010000000000000009, 0.020000000000000018, 0.04499999999999993]}, "complexity": {"609_fri_c0_1000_5": [11, 9, 14, 15, 12]}, "tau": 0.9}, "LightGBM": {"losses": {"609_fri_c0_1000_5": [0.021116423028491055, 0.021987380885169883, 0.018016620424565487, 0.0207266612222613, 0.019379958185681462]}, "coverage": {"609_fri_c0_1000_5": [0.040000000000000036, 0.030000000000000027, 0.020000000000000018, 0.040000000000000036, 0.0]}, "tau": 0.9}, "DecisionTree": {"losses": {"609_fri_c0_1000_5": [0.021522192527828478, 0.020951882159275823, 0.017788848984234343, 0.02211388242715255, 0.016724342233359703]}, "coverage": {"609_fri_c0_1000_5": [0.030000000000000027, 0.11499999999999999, 0.015000000000000013, 0.07000000000000006, 0.030000000000000027]}, "complexity": {"609_fri_c0_1000_5": [25, 61, 67, 63, 63]}, "tau": 0.9}, "LinearQuantile": {"losses": {"609_fri_c0_1000_5": [0.04032741613720165, 0.04498860688071328, 0.034315986836850255, 0.043355567710139424, 0.03530727358050141]}, "coverage": {"609_fri_c0_1000_5": [0.41000000000000003, 0.44, 0.32000000000000006, 0.445, 0.405]}, "complexity": {"609_fri_c0_1000_5": [5, 5, 5, 5, 5]}, "tau": 0.9}}