{"SQR": {"losses": {"227_cpu_small": [0.01519887752986802, 0.015571468700973406, 0.015111569848931654, 0.019911241642918222, 0.015147185794264478]}, "coverage": {"227_cpu_small": [0.008236729713239799, 0.0003050640634533197, 0.0024420024420024333, 0.04029304029304026, 0.013431013431013383]}, "complexity": {"227_cpu_small": [6, 6, 6, 4, 6]}, "time_all": {"227_cpu_small": [4545.765233516693, 4233.158619403839, 3862.359866142273, 4127.337931394577, 3966.454776287079]}, "time_fit": {"227_cpu_small": [4545.765233516693, 4233.158619403839, 3862.359866142273, 4127.337931394577, 3966.454776287079]}, "sizes": {"227_cpu_small": []}, "tau": 0.5}, "LightGBM": {"losses": {"227_cpu_small": [0.01735260199448861, 0.01625765109822213, 0.01620251630673882, 0.01731988515167253, 0.01901439664209733]}, "coverage": {"227_cpu_small": [0.05399633923123853, 0.009456985967053078, 0.014041514041514047, 0.025030525030525053, 0.006715506715506692]}, "time_all": {"227_cpu_small": [0.9723429679870605, 0.9872329235076904, 1.0082802772521973, 1.0508296489715576, 0.9647459983825684]}, "time_fit": {"227_cpu_small": [0.13697171211242676, 0.13432669639587402, 0.13915300369262695, 0.14055085182189941, 0.13647150993347168]}, "sizes": {"227_cpu_small": []}, "tau": 0.5}, "DecisionTree": {"losses": {"227_cpu_small": [0.011929853754136853, 0.01199918649583079, 0.012365720699054034, 0.011599511599511598, 0.012151428818095484]}, "coverage": {"227_cpu_small": [0.07352043929225138, 0.09914582062233068, 0.07448107448107444, 0.09645909645909645, 0.1141636141636142]}, "complexity": {"227_cpu_small": [483, 1133, 493, 499, 1113]}, "time_all": {"227_cpu_small": [0.85196852684021, 0.9007759094238281, 0.868250846862793, 1.3971467018127441, 0.9113719463348389]}, "time_fit": {"227_cpu_small": [0.06928515434265137, 0.1033174991607666, 0.07141256332397461, 0.08186578750610352, 0.10346126556396484]}, "sizes": {"227_cpu_small": []}, "tau": 0.5}, "LinearQuantile": {"losses": {"227_cpu_small": [0.06366548436977396, 0.06420879046646258, 0.06451953322607999, 0.06412529771036268, 0.06355267141423879]}, "coverage": {"227_cpu_small": [0.0594874923733984, 0.04850518608907872, 0.057387057387057405, 0.06654456654456653, 0.05616605616605619]}, "complexity": {"227_cpu_small": [12, 12, 12, 12, 12]}, "time_all": {"227_cpu_small": [2.681885242462158, 1.299365758895874, 4.415672063827515, 22.58697009086609, 1.7288765907287598]}, "time_fit": {"227_cpu_small": [0.2266700267791748, 0.11788368225097656, 0.32708168029785156, 2.0499258041381836, 0.1518077850341797]}, "sizes": {"227_cpu_small": []}, "tau": 0.5}}