{"SQR": {"losses": {"594_fri_c2_100_5": [0.02631449836525217, 0.008140945165110247, 0.011269780720128046, 0.012151224716253791, 0.010105961582412405]}, "coverage": {"594_fri_c2_100_5": [0.050000000000000044, 0.04999999999999993, 0.04999999999999993, 0.050000000000000044, 0.0]}, "complexity": {"594_fri_c2_100_5": [14, 15, 12, 13, 15]}, "time_all": {"594_fri_c2_100_5": [320.20073413848877, 322.5670027732849, 327.9858949184418, 298.8613090515137, 330.2790644168854]}, "time_fit": {"594_fri_c2_100_5": [320.20073413848877, 322.5670027732849, 327.9858949184418, 298.8613090515137, 330.2790644168854]}, "sizes": {"594_fri_c2_100_5": []}, "tau": 0.9}, "LightGBM": {"losses": {"594_fri_c2_100_5": [0.034154922814534604, 0.028023668379082812, 0.01895364131027241, 0.030256256382700273, 0.029362490104393603]}, "coverage": {"594_fri_c2_100_5": [0.0, 0.0, 0.050000000000000044, 0.09999999999999998, 0.04999999999999993]}, "time_all": {"594_fri_c2_100_5": [0.12675952911376953, 0.058736562728881836, 0.07350587844848633, 0.0750281810760498, 0.06649661064147949]}, "time_fit": {"594_fri_c2_100_5": [0.01749253273010254, 0.013303995132446289, 0.01580071449279785, 0.01682877540588379, 0.016821622848510742]}, "sizes": {"594_fri_c2_100_5": []}, "tau": 0.9}, "DecisionTree": {"losses": {"594_fri_c2_100_5": [0.020290060476459575, 0.02810267210090657, 0.014827885976587588, 0.026980049703639843, 0.031061185910847843]}, "coverage": {"594_fri_c2_100_5": [0.050000000000000044, 0.050000000000000044, 0.0, 0.050000000000000044, 0.04999999999999993]}, "complexity": {"594_fri_c2_100_5": [33, 1, 1, 5, 5]}, "time_all": {"594_fri_c2_100_5": [0.0354914665222168, 0.01702404022216797, 0.017614126205444336, 0.017615318298339844, 0.017745256423950195]}, "time_fit": {"594_fri_c2_100_5": [0.004370689392089844, 0.0008151531219482422, 0.0008189678192138672, 0.001020669937133789, 0.0010323524475097656]}, "sizes": {"594_fri_c2_100_5": []}, "tau": 0.9}, "LinearQuantile": {"losses": {"594_fri_c2_100_5": [0.0608523775297252, 0.13155675659079216, 0.15273574660039502, 0.1158614260663608, 0.06784670008013839]}, "coverage": {"594_fri_c2_100_5": [0.20000000000000007, 0.75, 0.7, 0.45, 0.35]}, "complexity": {"594_fri_c2_100_5": [5, 5, 5, 5, 5]}, "time_all": {"594_fri_c2_100_5": [0.35715341567993164, 0.5658771991729736, 0.3414134979248047, 0.062371253967285156, 0.08253335952758789]}, "time_fit": {"594_fri_c2_100_5": [0.03083634376525879, 0.051021575927734375, 0.030780792236328125, 0.0054280757904052734, 0.0071523189544677734]}, "sizes": {"594_fri_c2_100_5": []}, "tau": 0.9}}