{"SQR": {"losses": {"645_fri_c3_500_50": [0.015612110050334053, 0.012278554995159027, 0.024432141958964898, 0.015068516449489207, 0.00932368608827676]}, "coverage": {"645_fri_c3_500_50": [0.33999999999999997, 0.46, 0.32000000000000006, 0.41000000000000003, 0.33000000000000007]}, "complexity": {"645_fri_c3_500_50": [8, 14, 8, 14, 12]}, "tau": 0.5}, "LightGBM": {"losses": {"645_fri_c3_500_50": [0.032885630552649606, 0.030523855972315033, 0.030285873308628797, 0.023187111151374066, 0.018836995919581986]}, "coverage": {"645_fri_c3_500_50": [0.5, 0.5, 0.39, 0.37, 0.30000000000000004]}, "tau": 0.5}, "DecisionTree": {"losses": {"645_fri_c3_500_50": [0.030432400133273186, 0.03147178562153792, 0.02733253438495429, 0.031223140935217133, 0.02344178903027663]}, "coverage": {"645_fri_c3_500_50": [0.44, 0.42000000000000004, 0.37, 0.35, 0.37]}, "complexity": {"645_fri_c3_500_50": [161, 67, 67, 71, 65]}, "tau": 0.5}, "LinearQuantile": {"losses": {"645_fri_c3_500_50": [0.05928213059603866, 0.06398768380161143, 0.06738313316905205, 0.0428092660314611, 0.04827280732460013]}, "coverage": {"645_fri_c3_500_50": [0.48000000000000004, 0.46, 0.5, 0.43000000000000005, 0.35]}, "complexity": {"645_fri_c3_500_50": [50, 50, 50, 50, 50]}, "tau": 0.5}}