{"SQR": {"losses": {"628_fri_c3_1000_5": [0.012881427408516862, 0.014379753595791907, 0.018481608058139372, 0.010464606685946412, 0.013821490039913288]}, "coverage": {"628_fri_c3_1000_5": [0.32500000000000007, 0.38, 0.55, 0.27, 0.32500000000000007]}, "complexity": {"628_fri_c3_1000_5": [11, 14, 12, 13, 14]}, "tau": 0.5}, "LightGBM": {"losses": {"628_fri_c3_1000_5": [0.0251170599069095, 0.02091992232720653, 0.02519286719337534, 0.020166212037784046, 0.027990267102556594]}, "coverage": {"628_fri_c3_1000_5": [0.41000000000000003, 0.4, 0.41500000000000004, 0.35, 0.455]}, "tau": 0.5}, "DecisionTree": {"losses": {"628_fri_c3_1000_5": [0.02465219564699586, 0.02873293221093867, 0.0283919833962272, 0.019772042491410496, 0.030399821127615023]}, "coverage": {"628_fri_c3_1000_5": [0.385, 0.41000000000000003, 0.46, 0.30000000000000004, 0.42000000000000004]}, "complexity": {"628_fri_c3_1000_5": [323, 313, 323, 315, 329]}, "tau": 0.5}, "LinearQuantile": {"losses": {"628_fri_c3_1000_5": [0.06384221067886993, 0.05864725271361535, 0.05829201406547108, 0.061292473523539434, 0.06297323791558007]}, "coverage": {"628_fri_c3_1000_5": [0.43000000000000005, 0.43000000000000005, 0.41500000000000004, 0.45, 0.395]}, "complexity": {"628_fri_c3_1000_5": [5, 5, 5, 5, 5]}, "tau": 0.5}}