{"SQR": {"losses": {"1027_ESL": [0.015306131122448982, 0.019260205867346936, 0.016581647448979595, 0.015077319587628864, 0.013788659793814429]}, "coverage": {"1027_ESL": [0.06938775510204076, 0.02857142857142858, 0.05918367346938769, 0.06907216494845358, 0.07938144329896901]}, "complexity": {"1027_ESL": [8, 8, 8, 8, 9]}, "tau": 0.9}, "LightGBM": {"losses": {"1027_ESL": [0.014503867970865536, 0.019377723377031905, 0.019222005162511022, 0.016973448685495537, 0.014793382939738498]}, "coverage": {"1027_ESL": [0.02857142857142858, 0.0020408163265306367, 0.01224489795918371, 0.027835051546391765, 0.04845360824742262]}, "tau": 0.9}, "DecisionTree": {"losses": {"1027_ESL": [0.014145408163265307, 0.016645408163265304, 0.01534438775510204, 0.012615979381443298, 0.011636597938144332]}, "coverage": {"1027_ESL": [0.0020408163265306367, 0.01836734693877551, 0.0020408163265306367, 0.03814432989690719, 0.027835051546391765]}, "complexity": {"1027_ESL": [129, 125, 127, 121, 133]}, "tau": 0.9}, "LinearQuantile": {"losses": {"1027_ESL": [0.009853342845903052, 0.016490976740280383, 0.01065050510490831, 0.014545762188395196, 0.012603524689026577]}, "coverage": {"1027_ESL": [0.0836734693877551, 0.0836734693877551, 0.10408163265306125, 0.05463917525773199, 0.10618556701030935]}, "complexity": {"1027_ESL": [34, 34, 34, 34, 34]}, "tau": 0.9}}