{"SQR": {"losses": {"542_pollution": [0.05684921260828165, 0.0372134919671388, 0.048689439093947684, 0.027155455754065794, 0.025701572729545784]}, "coverage": {"542_pollution": [0.016666666666666607, 0.4, 0.15000000000000002, 0.15000000000000002, 0.06666666666666665]}, "complexity": {"542_pollution": [7, 4, 14, 8, 7]}, "tau": 0.9}, "LightGBM": {"losses": {"542_pollution": [0.04850448261672113, 0.03233391782632777, 0.028404740058470178, 0.018128764504955402, 0.021439647037450285]}, "coverage": {"542_pollution": [0.06666666666666665, 0.15000000000000002, 0.016666666666666607, 0.016666666666666607, 0.016666666666666607]}, "tau": 0.9}, "DecisionTree": {"losses": {"542_pollution": [0.04363540927010589, 0.024723776808007348, 0.021732949000857347, 0.0248287152922843, 0.018572792443488917]}, "coverage": {"542_pollution": [0.06666666666666665, 0.016666666666666607, 0.09999999999999998, 0.06666666666666665, 0.06666666666666665]}, "complexity": {"542_pollution": [7, 7, 3, 7, 3]}, "tau": 0.9}, "LinearQuantile": {"losses": {"542_pollution": [0.0292950605618401, 0.04521752089087726, 0.03597380127763947, 0.0341519807310676, 0.08185038027247137]}, "coverage": {"542_pollution": [0.06666666666666665, 0.15000000000000002, 0.06666666666666665, 0.31666666666666665, 0.15000000000000002]}, "complexity": {"542_pollution": [15, 15, 15, 15, 15]}, "tau": 0.9}}