{"SQR": {"losses": {"695_chatfield_4": [0.012967699132273715, 0.010499139081886134, 0.012492169151756194, 0.013145441116055463, 0.016622226846311927]}, "coverage": {"695_chatfield_4": [0.04893617021276597, 0.04893617021276597, 0.0787234042553191, 0.014893617021276562, 0.014893617021276562]}, "complexity": {"695_chatfield_4": [2, 3, 2, 2, 2]}, "tau": 0.9}, "LightGBM": {"losses": {"695_chatfield_4": [0.021745842468552917, 0.01845300643475614, 0.013843303500769389, 0.02144519235110109, 0.017624849445653915]}, "coverage": {"695_chatfield_4": [0.02765957446808509, 0.014893617021276562, 0.0787234042553191, 0.036170212765957444, 0.014893617021276562]}, "tau": 0.9}, "DecisionTree": {"losses": {"695_chatfield_4": [0.012694238575438744, 0.013144207736959505, 0.01243987613270352, 0.019114362901276643, 0.01684086019560105]}, "coverage": {"695_chatfield_4": [0.04893617021276597, 0.014893617021276562, 0.1340425531914894, 0.1127659574468085, 0.02765957446808509]}, "complexity": {"695_chatfield_4": [13, 7, 29, 13, 9]}, "tau": 0.9}, "LinearQuantile": {"losses": {"695_chatfield_4": [0.011848007581449669, 0.017626659891253307, 0.010016504546625074, 0.011461052698888093, 0.014548782863077139]}, "coverage": {"695_chatfield_4": [0.02765957446808509, 0.17659574468085104, 0.014893617021276562, 0.02765957446808509, 0.014893617021276562]}, "complexity": {"695_chatfield_4": [12, 12, 12, 12, 12]}, "tau": 0.9}}