{"SQR": {"losses": {"595_fri_c0_1000_10": [0.028024280021394562, 0.022158378842343326, 0.018352187910417067, 0.022583709083390528, 0.015631154518898738]}, "coverage": {"595_fri_c0_1000_10": [0.42500000000000004, 0.385, 0.395, 0.39, 0.42000000000000004]}, "complexity": {"595_fri_c0_1000_10": [11, 14, 16, 16, 15]}, "tau": 0.5}, "LightGBM": {"losses": {"595_fri_c0_1000_10": [0.035349910665621424, 0.03465607024757607, 0.03350557334850683, 0.029724514762089208, 0.03544955783500204]}, "coverage": {"595_fri_c0_1000_10": [0.445, 0.42500000000000004, 0.42500000000000004, 0.33999999999999997, 0.4]}, "tau": 0.5}, "DecisionTree": {"losses": {"595_fri_c0_1000_10": [0.04069153431385836, 0.03848212313269007, 0.041234438795409646, 0.03588008185865001, 0.04319094943027584]}, "coverage": {"595_fri_c0_1000_10": [0.42500000000000004, 0.37, 0.395, 0.385, 0.37]}, "complexity": {"595_fri_c0_1000_10": [37, 139, 59, 135, 135]}, "tau": 0.5}, "LinearQuantile": {"losses": {"595_fri_c0_1000_10": [0.03999382587484929, 0.03984512265031165, 0.036396523682599415, 0.033359728223925716, 0.0394439254047258]}, "coverage": {"595_fri_c0_1000_10": [0.48000000000000004, 0.42000000000000004, 0.37, 0.33000000000000007, 0.43000000000000005]}, "complexity": {"595_fri_c0_1000_10": [10, 10, 10, 10, 10]}, "tau": 0.5}}