{"SQR": {"losses": {"522_pm10": [0.08354739681216007, 0.05520138787996527, 0.06969134047014489, 0.0754138745918202, 0.06646135367326184]}, "coverage": {"522_pm10": [0.45, 0.33000000000000007, 0.45, 0.46, 0.41000000000000003]}, "complexity": {"522_pm10": [7, 5, 5, 5, 5]}, "tau": 0.5}, "LightGBM": {"losses": {"522_pm10": [0.0610865781547458, 0.04620674286962453, 0.06300255494926368, 0.062235186617897564, 0.05999728624249589]}, "coverage": {"522_pm10": [0.44, 0.31000000000000005, 0.45, 0.44, 0.39]}, "tau": 0.5}, "DecisionTree": {"losses": {"522_pm10": [0.06329498886832093, 0.04738554668279564, 0.07483644277817585, 0.06504610009293699, 0.0637110862028591]}, "coverage": {"522_pm10": [0.45, 0.35, 0.45, 0.44, 0.43000000000000005]}, "complexity": {"522_pm10": [15, 19, 31, 13, 163]}, "tau": 0.5}, "LinearQuantile": {"losses": {"522_pm10": [0.08272028535189706, 0.05845392998341922, 0.07989974023155937, 0.07702026066189813, 0.07694515970918664]}, "coverage": {"522_pm10": [0.44, 0.28, 0.43000000000000005, 0.42000000000000004, 0.48000000000000004]}, "complexity": {"522_pm10": [7, 7, 7, 7, 7]}, "tau": 0.5}}