{"SQR": {"losses": {"603_fri_c0_250_50": [0.01819186296954505, 0.019911614779779364, 0.020314433681214755, 0.02102673202264056, 0.04289219995794089]}, "coverage": {"603_fri_c0_250_50": [0.040000000000000036, 0.12, 0.07999999999999996, 0.040000000000000036, 0.30000000000000004]}, "complexity": {"603_fri_c0_250_50": [11, 11, 10, 11, 10]}, "time_all": {"603_fri_c0_250_50": [410.323805809021, 408.2681200504303, 408.3742845058441, 388.11423921585083, 386.4355843067169]}, "time_fit": {"603_fri_c0_250_50": [410.323805809021, 408.2681200504303, 408.3742845058441, 388.11423921585083, 386.4355843067169]}, "sizes": {"603_fri_c0_250_50": []}, "tau": 0.5}, "LightGBM": {"losses": {"603_fri_c0_250_50": [0.04058195352597704, 0.04597982856263371, 0.04059348156468066, 0.04152082052885249, 0.048060955575244306]}, "coverage": {"603_fri_c0_250_50": [0.09999999999999998, 0.06, 0.06, 0.12, 0.09999999999999998]}, "time_all": {"603_fri_c0_250_50": [0.12903475761413574, 0.13102412223815918, 0.16971802711486816, 0.1542339324951172, 0.15619993209838867]}, "time_fit": {"603_fri_c0_250_50": [0.031180143356323242, 0.03240799903869629, 0.042105913162231445, 0.03774118423461914, 0.038201093673706055]}, "sizes": {"603_fri_c0_250_50": []}, "tau": 0.5}, "DecisionTree": {"losses": {"603_fri_c0_250_50": [0.04870605779690845, 0.053260521452772255, 0.050475911065759056, 0.04832791190853977, 0.05312301661646266]}, "coverage": {"603_fri_c0_250_50": [0.03999999999999998, 0.03999999999999998, 0.020000000000000018, 0.09999999999999998, 0.040000000000000036]}, "complexity": {"603_fri_c0_250_50": [15, 13, 9, 9, 35]}, "time_all": {"603_fri_c0_250_50": [0.0466005802154541, 0.04619026184082031, 0.08791828155517578, 0.04669833183288574, 0.04956698417663574]}, "time_fit": {"603_fri_c0_250_50": [0.0037708282470703125, 0.0035371780395507812, 0.005585193634033203, 0.002937793731689453, 0.0054988861083984375]}, "sizes": {"603_fri_c0_250_50": []}, "tau": 0.5}, "LinearQuantile": {"losses": {"603_fri_c0_250_50": [0.03811357229167231, 0.045020349010248664, 0.04049175338626398, 0.04876608958888967, 0.050281119534400724]}, "coverage": {"603_fri_c0_250_50": [0.06, 0.09999999999999998, 0.03999999999999998, 0.06000000000000005, 0.06000000000000005]}, "complexity": {"603_fri_c0_250_50": [50, 50, 50, 50, 50]}, "time_all": {"603_fri_c0_250_50": [5.608022451400757, 89.76029562950134, 7.2660839557647705, 90.44886684417725, 111.66744804382324]}, "time_fit": {"603_fri_c0_250_50": [0.4064149856567383, 0.5472550392150879, 0.5683486461639404, 2.8378114700317383, 0.4625058174133301]}, "sizes": {"603_fri_c0_250_50": []}, "tau": 0.5}}