{"SQR": {"losses": {"561_cpu": [0.0015986195965855346, 0.001980358365543673, 0.001297928052425761, 0.0017016694105459898, 0.0017700716128080016]}, "coverage": {"561_cpu": [0.09047619047619049, 0.02857142857142858, 0.004761904761904745, 0.04285714285714293, 0.04634146341463419]}, "complexity": {"561_cpu": [9, 8, 9, 13, 11]}, "time_all": {"561_cpu": [338.91190004348755, 319.54911375045776, 316.26662945747375, 325.33737778663635, 344.41456413269043]}, "time_fit": {"561_cpu": [338.91190004348755, 319.54911375045776, 316.26662945747375, 325.33737778663635, 344.41456413269043]}, "sizes": {"561_cpu": []}, "tau": 0.9}, "LightGBM": {"losses": {"561_cpu": [0.025381227799747944, 0.013612922826735895, 0.00904751932017986, 0.01109884752035595, 0.006424048036117435]}, "coverage": {"561_cpu": [0.02857142857142858, 0.052380952380952306, 0.052380952380952306, 0.07619047619047614, 0.09999999999999998]}, "time_all": {"561_cpu": [0.1322782039642334, 0.06460046768188477, 0.06546926498413086, 0.06092190742492676, 0.07886910438537598]}, "time_fit": {"561_cpu": [0.015967607498168945, 0.012886524200439453, 0.013627290725708008, 0.011745452880859375, 0.01647162437438965]}, "sizes": {"561_cpu": []}, "tau": 0.9}, "DecisionTree": {"losses": {"561_cpu": [0.015651598333528013, 0.0032692831834287266, 0.005753027294319201, 0.005788264610832068, 0.004145144885627106]}, "coverage": {"561_cpu": [0.11428571428571432, 0.04285714285714293, 0.13809523809523816, 0.11428571428571432, 0.04634146341463419]}, "complexity": {"561_cpu": [69, 69, 63, 63, 29]}, "time_all": {"561_cpu": [0.0466008186340332, 0.024302005767822266, 0.0240018367767334, 0.023591041564941406, 0.02339768409729004]}, "time_fit": {"561_cpu": [0.0069580078125, 0.003557920455932617, 0.003361940383911133, 0.003320932388305664, 0.0020334720611572266]}, "sizes": {"561_cpu": []}, "tau": 0.9}, "LinearQuantile": {"losses": {"561_cpu": [0.012009287048673102, 0.006164703124059404, 0.006183199450815106, 0.007219987350686099, 0.004822895901458507]}, "coverage": {"561_cpu": [0.01904761904761909, 0.02857142857142858, 0.004761904761904745, 0.052380952380952306, 0.02195121951219514]}, "complexity": {"561_cpu": [7, 7, 7, 7, 7]}, "time_all": {"561_cpu": [2.196648597717285, 0.11573553085327148, 0.2063295841217041, 0.6813035011291504, 1.5109100341796875]}, "time_fit": {"561_cpu": [0.1313169002532959, 0.010450124740600586, 0.018384933471679688, 0.061553001403808594, 0.12480568885803223]}, "sizes": {"561_cpu": []}, "tau": 0.9}}