{"SQR": {"losses": {"712_chscase_geyser1": [0.03861347112949517, 0.04978721144564663, 0.02769588888480889, 0.04930382053662756, 0.09258129201584815]}, "coverage": {"712_chscase_geyser1": [0.2777777777777778, 0.41111111111111115, 0.19545454545454544, 0.4454545454545455, 0.6272727272727273]}, "complexity": {"712_chscase_geyser1": [3, 3, 4, 3, 3]}, "tau": 0.5}, "LightGBM": {"losses": {"712_chscase_geyser1": [0.03909907808054299, 0.047432559495891924, 0.025195233826812796, 0.04847190924045582, 0.08089078182940047]}, "coverage": {"712_chscase_geyser1": [0.30000000000000004, 0.3666666666666667, 0.15000000000000002, 0.3772727272727273, 0.5818181818181818]}, "tau": 0.5}, "DecisionTree": {"losses": {"712_chscase_geyser1": [0.03750524109014675, 0.046310272536687624, 0.034112349914236714, 0.058704974271012005, 0.0762435677530017]}, "coverage": {"712_chscase_geyser1": [0.2333333333333334, 0.3666666666666667, 0.21818181818181825, 0.4, 0.5818181818181818]}, "complexity": {"712_chscase_geyser1": [27, 7, 11, 7, 7]}, "tau": 0.5}, "LinearQuantile": {"losses": {"712_chscase_geyser1": [0.08427729200159544, 0.13905592055768012, 0.08420620546364045, 0.1285967533294598, 0.1421763726988157]}, "coverage": {"712_chscase_geyser1": [0.41111111111111115, 0.4777777777777778, 0.42272727272727273, 0.5818181818181818, 0.5590909090909091]}, "complexity": {"712_chscase_geyser1": [2, 2, 2, 2, 2]}, "tau": 0.5}}