{"SQR": {"losses": {"557_analcatdata_apnea1": [0.004188596314609542, 0.007079984814201048, 0.007374928284715002, 0.00331238786090014, 0.006355828339345329]}, "coverage": {"557_analcatdata_apnea1": [0.21578947368421053, 0.13157894736842113, 0.13157894736842113, 0.15263157894736845, 0.08947368421052637]}, "complexity": {"557_analcatdata_apnea1": [8, 9, 6, 6, 6]}, "time_all": {"557_analcatdata_apnea1": [390.9367198944092, 380.23762702941895, 358.96927857398987, 384.4968042373657, 371.95743131637573]}, "time_fit": {"557_analcatdata_apnea1": [390.9367198944092, 380.23762702941895, 358.96927857398987, 384.4968042373657, 371.95743131637573]}, "sizes": {"557_analcatdata_apnea1": []}, "tau": 0.9}, "LightGBM": {"losses": {"557_analcatdata_apnea1": [0.019916587922556864, 0.017328766277949298, 0.01834264319598934, 0.017144713035319042, 0.018347412242517357]}, "coverage": {"557_analcatdata_apnea1": [0.0368421052631579, 0.0368421052631579, 0.015789473684210464, 0.0368421052631579, 0.0052631578947368585]}, "time_all": {"557_analcatdata_apnea1": [0.20849156379699707, 0.15981650352478027, 0.1943807601928711, 0.13831639289855957, 0.15183496475219727]}, "time_fit": {"557_analcatdata_apnea1": [0.036704301834106445, 0.035567283630371094, 0.03609919548034668, 0.03132009506225586, 0.030022144317626953]}, "sizes": {"557_analcatdata_apnea1": []}, "tau": 0.9}, "DecisionTree": {"losses": {"557_analcatdata_apnea1": [0.0032275061835036803, 0.006140946037103249, 0.003756106140313772, 0.0028468873210902557, 0.004724722215419686]}, "coverage": {"557_analcatdata_apnea1": [0.0052631578947368585, 0.02631578947368418, 0.13157894736842113, 0.015789473684210575, 0.015789473684210575]}, "complexity": {"557_analcatdata_apnea1": [57, 123, 121, 53, 61]}, "time_all": {"557_analcatdata_apnea1": [0.0615689754486084, 0.06412005424499512, 0.06411266326904297, 0.03108811378479004, 0.06443023681640625]}, "time_fit": {"557_analcatdata_apnea1": [0.006232500076293945, 0.010901212692260742, 0.010689496994018555, 0.0030679702758789062, 0.00680232048034668]}, "sizes": {"557_analcatdata_apnea1": []}, "tau": 0.9}, "LinearQuantile": {"losses": {"557_analcatdata_apnea1": [0.017900213479691438, 0.018678255216886066, 0.019709033020014855, 0.01775821794665213, 0.018087659760504835]}, "coverage": {"557_analcatdata_apnea1": [0.015789473684210575, 0.09999999999999998, 0.02631578947368418, 0.0368421052631579, 0.0368421052631579]}, "complexity": {"557_analcatdata_apnea1": [11, 11, 11, 11, 11]}, "time_all": {"557_analcatdata_apnea1": [4.84986424446106, 0.21666598320007324, 0.33718371391296387, 0.26027894020080566, 0.24986886978149414]}, "time_fit": {"557_analcatdata_apnea1": [0.15556025505065918, 0.019091129302978516, 0.030005693435668945, 0.023288488388061523, 0.021227121353149414]}, "sizes": {"557_analcatdata_apnea1": []}, "tau": 0.9}}