{"SQR": {"losses": {"643_fri_c2_500_25": [0.02493739380730704, 0.025151662760154635, 0.036281180162993615, 0.031871120397172346, 0.022424871539700495]}, "coverage": {"643_fri_c2_500_25": [0.46, 0.43000000000000005, 0.46, 0.33000000000000007, 0.33999999999999997]}, "complexity": {"643_fri_c2_500_25": [13, 12, 12, 9, 12]}, "tau": 0.5}, "LightGBM": {"losses": {"643_fri_c2_500_25": [0.04392231720574885, 0.03420599841880708, 0.03228270443074691, 0.032639443272729704, 0.027284344410244656]}, "coverage": {"643_fri_c2_500_25": [0.41000000000000003, 0.46, 0.44, 0.42000000000000004, 0.36]}, "tau": 0.5}, "DecisionTree": {"losses": {"643_fri_c2_500_25": [0.05144243341166618, 0.03307183967969122, 0.04816525016505203, 0.04066158050566003, 0.034304743123401815]}, "coverage": {"643_fri_c2_500_25": [0.33999999999999997, 0.36, 0.45, 0.35, 0.36]}, "complexity": {"643_fri_c2_500_25": [29, 63, 151, 69, 67]}, "tau": 0.5}, "LinearQuantile": {"losses": {"643_fri_c2_500_25": [0.09526517097421153, 0.08341138870625248, 0.0716902922604864, 0.07567677299464468, 0.07618437586843059]}, "coverage": {"643_fri_c2_500_25": [0.48000000000000004, 0.43000000000000005, 0.46, 0.48000000000000004, 0.38]}, "complexity": {"643_fri_c2_500_25": [25, 25, 25, 25, 25]}, "tau": 0.5}}