{"SQR": {"losses": {"617_fri_c3_500_5": [0.03192299205566985, 0.01162714869223499, 0.013171747398932182, 0.009025709376862577, 0.014791928389705025]}, "coverage": {"617_fri_c3_500_5": [0.52, 0.33999999999999997, 0.35, 0.35, 0.47000000000000003]}, "complexity": {"617_fri_c3_500_5": [10, 13, 13, 13, 16]}, "tau": 0.5}, "LightGBM": {"losses": {"617_fri_c3_500_5": [0.03147454679670717, 0.02418060399490853, 0.02107307332963886, 0.022172253489150032, 0.036454310393425]}, "coverage": {"617_fri_c3_500_5": [0.42000000000000004, 0.33000000000000007, 0.36, 0.38, 0.5]}, "tau": 0.5}, "DecisionTree": {"losses": {"617_fri_c3_500_5": [0.024235830176481517, 0.028176237458391918, 0.02933941112079014, 0.025884386606636587, 0.034997036320659654]}, "coverage": {"617_fri_c3_500_5": [0.31000000000000005, 0.4, 0.44, 0.4, 0.46]}, "complexity": {"617_fri_c3_500_5": [165, 65, 165, 167, 157]}, "tau": 0.5}, "LinearQuantile": {"losses": {"617_fri_c3_500_5": [0.05676727881907306, 0.05439970082902581, 0.05181063388625655, 0.05339228746717073, 0.06738567268255062]}, "coverage": {"617_fri_c3_500_5": [0.38, 0.4, 0.41000000000000003, 0.38, 0.45]}, "complexity": {"617_fri_c3_500_5": [5, 5, 5, 5, 5]}, "tau": 0.5}}