{"SQR": {"losses": {"608_fri_c3_1000_10": [0.02103924301028182, 0.01670199626138918, 0.021235004662024437, 0.012122901151008985, 0.016246216673387076]}, "coverage": {"608_fri_c3_1000_10": [0.505, 0.355, 0.43000000000000005, 0.435, 0.38]}, "complexity": {"608_fri_c3_1000_10": [10, 13, 12, 16, 12]}, "tau": 0.5}, "LightGBM": {"losses": {"608_fri_c3_1000_10": [0.018950752993824913, 0.02415195212542683, 0.02379964139698737, 0.025652543781141186, 0.019853129822954778]}, "coverage": {"608_fri_c3_1000_10": [0.445, 0.32500000000000007, 0.355, 0.43000000000000005, 0.45]}, "tau": 0.5}, "DecisionTree": {"losses": {"608_fri_c3_1000_10": [0.025762884872684667, 0.025247068596409586, 0.020398886673916594, 0.030015928977178107, 0.02413465953420946]}, "coverage": {"608_fri_c3_1000_10": [0.4, 0.385, 0.4, 0.365, 0.405]}, "complexity": {"608_fri_c3_1000_10": [325, 323, 321, 333, 143]}, "tau": 0.5}, "LinearQuantile": {"losses": {"608_fri_c3_1000_10": [0.05557097227460383, 0.058891146053726307, 0.05259582920390898, 0.0539094803144242, 0.0517260160389043]}, "coverage": {"608_fri_c3_1000_10": [0.45, 0.45, 0.41000000000000003, 0.41500000000000004, 0.45]}, "complexity": {"608_fri_c3_1000_10": [10, 10, 10, 10, 10]}, "tau": 0.5}}