{"SQR": {"losses": {"537_houses": [0.08036465680390151, 0.08129471052930971, 0.07831388741184774, 0.07781705124460153, 0.08033515065419544]}, "coverage": {"537_houses": [0.4201065891472868, 0.43367248062015507, 0.4305232558139535, 0.42180232558139535, 0.4232558139534884]}, "complexity": {"537_houses": [2, 2, 2, 2, 2]}, "tau": 0.5}, "LightGBM": {"losses": {"537_houses": [0.05843011749502534, 0.061468022689829004, 0.05808484855360139, 0.05721370369626055, 0.058793177837008666]}, "coverage": {"537_houses": [0.3762596899224806, 0.39515503875968994, 0.3762596899224806, 0.3847383720930233, 0.3699612403100775]}, "tau": 0.5}, "DecisionTree": {"losses": {"537_houses": [0.04303277032958131, 0.04382842496429888, 0.041527314543120725, 0.04185001173095139, 0.04304596605155851]}, "coverage": {"537_houses": [0.36608527131782953, 0.3847383720930233, 0.3794089147286822, 0.39297480620155045, 0.37432170542635657]}, "complexity": {"537_houses": [1277, 1279, 2863, 1265, 1267]}, "tau": 0.5}, "LinearQuantile": {"losses": {"537_houses": [0.06518556532410977, 0.06627148768120053, 0.0643327325345916, 0.06350157142557734, 0.065595638117812]}, "coverage": {"537_houses": [0.3883720930232558, 0.41259689922480625, 0.4046027131782946, 0.40193798449612406, 0.38546511627906976]}, "complexity": {"537_houses": [8, 8, 8, 8, 8]}, "tau": 0.5}}