{"SQR": {"losses": {"609_fri_c0_1000_5": [0.009090221445325872, 0.009556421644208947, 0.012097300721974225, 0.010068613634966847, 0.00964869911348065]}, "coverage": {"609_fri_c0_1000_5": [0.04499999999999993, 0.015000000000000013, 0.020000000000000018, 0.06500000000000006, 0.010000000000000009]}, "complexity": {"609_fri_c0_1000_5": [10, 10, 8, 9, 11]}, "time_all": {"609_fri_c0_1000_5": [591.0364782810211, 568.6868996620178, 578.7218301296234, 593.8179895877838, 612.9180626869202]}, "time_fit": {"609_fri_c0_1000_5": [591.0364782810211, 568.6868996620178, 578.7218301296234, 593.8179895877838, 612.9180626869202]}, "sizes": {"609_fri_c0_1000_5": []}, "tau": 0.9}, "LightGBM": {"losses": {"609_fri_c0_1000_5": [0.021116423028491055, 0.021987380885169883, 0.018016620424565487, 0.0207266612222613, 0.019379958185681462]}, "coverage": {"609_fri_c0_1000_5": [0.040000000000000036, 0.030000000000000027, 0.020000000000000018, 0.040000000000000036, 0.0]}, "time_all": {"609_fri_c0_1000_5": [0.34160470962524414, 0.2815077304840088, 0.28034114837646484, 0.28839111328125, 0.3027064800262451]}, "time_fit": {"609_fri_c0_1000_5": [0.06455802917480469, 0.06278443336486816, 0.058130502700805664, 0.05971074104309082, 0.06293559074401855]}, "sizes": {"609_fri_c0_1000_5": []}, "tau": 0.9}, "DecisionTree": {"losses": {"609_fri_c0_1000_5": [0.021522192527828478, 0.020951882159275823, 0.017788848984234343, 0.02211388242715255, 0.016724342233359703]}, "coverage": {"609_fri_c0_1000_5": [0.030000000000000027, 0.11499999999999999, 0.015000000000000013, 0.07000000000000006, 0.030000000000000027]}, "complexity": {"609_fri_c0_1000_5": [25, 61, 67, 63, 63]}, "time_all": {"609_fri_c0_1000_5": [0.13176822662353516, 0.07209134101867676, 0.14407706260681152, 0.13518047332763672, 0.13788080215454102]}, "time_fit": {"609_fri_c0_1000_5": [0.006295919418334961, 0.005135536193847656, 0.01093602180480957, 0.00996255874633789, 0.010264396667480469]}, "sizes": {"609_fri_c0_1000_5": []}, "tau": 0.9}, "LinearQuantile": {"losses": {"609_fri_c0_1000_5": [0.04032741613720165, 0.04498860688071328, 0.034315986836850255, 0.043355567710139424, 0.03530727358050141]}, "coverage": {"609_fri_c0_1000_5": [0.41000000000000003, 0.44, 0.32000000000000006, 0.445, 0.405]}, "complexity": {"609_fri_c0_1000_5": [5, 5, 5, 5, 5]}, "time_all": {"609_fri_c0_1000_5": [0.46158742904663086, 0.2485203742980957, 0.2549934387207031, 0.1881253719329834, 0.5706307888031006]}, "time_fit": {"609_fri_c0_1000_5": [0.04042196273803711, 0.022246360778808594, 0.022342681884765625, 0.016288280487060547, 0.050878286361694336]}, "sizes": {"609_fri_c0_1000_5": []}, "tau": 0.9}}