{"SQR": {"losses": {"633_fri_c0_500_25": [0.01485781392928343, 0.008898396004937647, 0.007873139208242664, 0.01246291132591147, 0.014377759411036776]}, "coverage": {"633_fri_c0_500_25": [0.12, 0.010000000000000009, 0.010000000000000009, 0.010000000000000009, 0.050000000000000044]}, "complexity": {"633_fri_c0_500_25": [9, 14, 12, 9, 8]}, "tau": 0.9}, "LightGBM": {"losses": {"633_fri_c0_500_25": [0.020757689508668922, 0.0218177820517369, 0.018794972309737396, 0.022223121705430636, 0.02528663100583866]}, "coverage": {"633_fri_c0_500_25": [0.0, 0.030000000000000027, 0.020000000000000018, 0.050000000000000044, 0.030000000000000027]}, "tau": 0.9}, "DecisionTree": {"losses": {"633_fri_c0_500_25": [0.018256907695134418, 0.021313212152869212, 0.019553907569148907, 0.021100981142154827, 0.021096580287667234]}, "coverage": {"633_fri_c0_500_25": [0.06000000000000005, 0.030000000000000027, 0.020000000000000018, 0.10999999999999999, 0.08999999999999997]}, "complexity": {"633_fri_c0_500_25": [31, 15, 15, 31, 31]}, "tau": 0.9}, "LinearQuantile": {"losses": {"633_fri_c0_500_25": [0.040647479252546935, 0.04824733542893932, 0.037966002575868775, 0.047869480048225777, 0.048875299162949415]}, "coverage": {"633_fri_c0_500_25": [0.44, 0.5900000000000001, 0.42000000000000004, 0.44, 0.48000000000000004]}, "complexity": {"633_fri_c0_500_25": [25, 25, 25, 25, 25]}, "tau": 0.9}}