{"SQR": {"losses": {"631_fri_c1_500_5": [0.013220045518048923, 0.013858708189268118, 0.011497785050471485, 0.007804109848881893, 0.0049703693115343605]}, "coverage": {"631_fri_c1_500_5": [0.010000000000000009, 0.020000000000000018, 0.020000000000000018, 0.039999999999999925, 0.0]}, "complexity": {"631_fri_c1_500_5": [12, 13, 12, 15, 15]}, "tau": 0.9}, "LightGBM": {"losses": {"631_fri_c1_500_5": [0.023700785964070544, 0.02079134065020138, 0.023319008915872103, 0.02207771937329101, 0.023533075468224033]}, "coverage": {"631_fri_c1_500_5": [0.040000000000000036, 0.010000000000000009, 0.010000000000000009, 0.0, 0.08000000000000007]}, "tau": 0.9}, "DecisionTree": {"losses": {"631_fri_c1_500_5": [0.019199319918033773, 0.024892004066951152, 0.021101556021509905, 0.017283135492882025, 0.02498437938762462]}, "coverage": {"631_fri_c1_500_5": [0.020000000000000018, 0.06000000000000005, 0.050000000000000044, 0.07000000000000006, 0.040000000000000036]}, "complexity": {"631_fri_c1_500_5": [17, 17, 29, 69, 11]}, "tau": 0.9}, "LinearQuantile": {"losses": {"631_fri_c1_500_5": [0.08291092608917426, 0.07116668692054152, 0.06625461223046228, 0.06845582541558906, 0.07876298416149768]}, "coverage": {"631_fri_c1_500_5": [0.41000000000000003, 0.36, 0.39, 0.37, 0.42000000000000004]}, "complexity": {"631_fri_c1_500_5": [5, 5, 5, 5, 5]}, "tau": 0.9}}