{"SQR": {"losses": {"634_fri_c2_100_10": [0.02878389289985149, 0.01423313909978625, 0.034443333330789715, 0.026979582157765494, 0.013807123273452121]}, "coverage": {"634_fri_c2_100_10": [0.15000000000000002, 0.04999999999999993, 0.35, 0.20000000000000007, 0.09999999999999998]}, "complexity": {"634_fri_c2_100_10": [9, 11, 14, 9, 13]}, "tau": 0.9}, "LightGBM": {"losses": {"634_fri_c2_100_10": [0.033136378584050524, 0.036135632601386566, 0.0375244508365416, 0.033923896237244684, 0.03233153849110373]}, "coverage": {"634_fri_c2_100_10": [0.0, 0.050000000000000044, 0.050000000000000044, 0.0, 0.0]}, "tau": 0.9}, "DecisionTree": {"losses": {"634_fri_c2_100_10": [0.030127079976555886, 0.024280921534315908, 0.037968895982542286, 0.020170957879416297, 0.0219242505770213]}, "coverage": {"634_fri_c2_100_10": [0.050000000000000044, 0.20000000000000007, 0.04999999999999993, 0.0, 0.050000000000000044]}, "complexity": {"634_fri_c2_100_10": [3, 31, 1, 13, 29]}, "tau": 0.9}, "LinearQuantile": {"losses": {"634_fri_c2_100_10": [0.10544980200155708, 0.039466291796582086, 0.1169667856641149, 0.10035666029442213, 0.06371957866456505]}, "coverage": {"634_fri_c2_100_10": [0.45, 0.25, 0.55, 0.6000000000000001, 0.4]}, "complexity": {"634_fri_c2_100_10": [10, 10, 10, 10, 10]}, "tau": 0.9}}