{"SQR": {"losses": {"589_fri_c2_1000_25": [0.012920103918362819, 0.009748038816488986, 0.007044487813648713, 0.008555479661479105, 0.011363405069504682]}, "coverage": {"589_fri_c2_1000_25": [0.040000000000000036, 0.030000000000000027, 0.015000000000000013, 0.030000000000000027, 0.010000000000000009]}, "complexity": {"589_fri_c2_1000_25": [10, 12, 17, 17, 12]}, "tau": 0.9}, "LightGBM": {"losses": {"589_fri_c2_1000_25": [0.021614302472091968, 0.018590446528773834, 0.020357689672010532, 0.018997362740387703, 0.020590863576742176]}, "coverage": {"589_fri_c2_1000_25": [0.030000000000000027, 0.015000000000000013, 0.030000000000000027, 0.030000000000000027, 0.010000000000000009]}, "tau": 0.9}, "DecisionTree": {"losses": {"589_fri_c2_1000_25": [0.01891524078723031, 0.015926903523899257, 0.015871924149779674, 0.016604760823258083, 0.01964419155045191]}, "coverage": {"589_fri_c2_1000_25": [0.08999999999999997, 0.025000000000000022, 0.04500000000000004, 0.07000000000000006, 0.08500000000000008]}, "complexity": {"589_fri_c2_1000_25": [63, 61, 65, 61, 59]}, "tau": 0.9}, "LinearQuantile": {"losses": {"589_fri_c2_1000_25": [0.0722276185669744, 0.07128083008541533, 0.07485029675040213, 0.07106640508844184, 0.07838347530774674]}, "coverage": {"589_fri_c2_1000_25": [0.435, 0.455, 0.42500000000000004, 0.405, 0.41500000000000004]}, "complexity": {"589_fri_c2_1000_25": [25, 25, 25, 25, 25]}, "tau": 0.9}}