{"SQR": {"losses": {"596_fri_c2_250_5": [0.009553899137438267, 0.013375729641811131, 0.011974401629810543, 0.012740053240650886, 0.012226972118448264]}, "coverage": {"596_fri_c2_250_5": [0.08000000000000007, 0.07999999999999996, 0.0, 0.020000000000000018, 0.020000000000000018]}, "complexity": {"596_fri_c2_250_5": [14, 8, 14, 12, 9]}, "tau": 0.9}, "LightGBM": {"losses": {"596_fri_c2_250_5": [0.032366514084878006, 0.02259386352875769, 0.027522701440612345, 0.027646141882117788, 0.021680170490210468]}, "coverage": {"596_fri_c2_250_5": [0.12, 0.040000000000000036, 0.040000000000000036, 0.020000000000000018, 0.020000000000000018]}, "tau": 0.9}, "DecisionTree": {"losses": {"596_fri_c2_250_5": [0.03496817877038302, 0.019746093861717506, 0.029988613037617542, 0.026149405987337664, 0.0203909699803361]}, "coverage": {"596_fri_c2_250_5": [0.18000000000000005, 0.05999999999999994, 0.18000000000000005, 0.020000000000000018, 0.020000000000000018]}, "complexity": {"596_fri_c2_250_5": [15, 9, 37, 9, 7]}, "tau": 0.9}, "LinearQuantile": {"losses": {"596_fri_c2_250_5": [0.09537767576482681, 0.08559104627894544, 0.08781585707729829, 0.06413495567647833, 0.09428282941144583]}, "coverage": {"596_fri_c2_250_5": [0.38, 0.42000000000000004, 0.4, 0.26, 0.52]}, "complexity": {"596_fri_c2_250_5": [5, 5, 5, 5, 5]}, "tau": 0.9}}