{"SQR": {"losses": {"648_fri_c1_250_50": [0.00800827686883836, 0.0067269489185229165, 0.004827365489287673, 0.011480553635397343, 0.00580428818193534]}, "coverage": {"648_fri_c1_250_50": [0.040000000000000036, 0.08000000000000007, 0.07999999999999996, 0.05999999999999994, 0.040000000000000036]}, "complexity": {"648_fri_c1_250_50": [14, 16, 15, 10, 16]}, "tau": 0.9}, "LightGBM": {"losses": {"648_fri_c1_250_50": [0.024163166900677747, 0.028643134202958113, 0.02793421964716888, 0.029805029501390704, 0.02540213752540703]}, "coverage": {"648_fri_c1_250_50": [0.020000000000000018, 0.09999999999999998, 0.05999999999999994, 0.08000000000000007, 0.039999999999999925]}, "tau": 0.9}, "DecisionTree": {"losses": {"648_fri_c1_250_50": [0.0240724761674535, 0.02167541749049118, 0.026455317901271324, 0.022568367620293326, 0.019860479619439524]}, "coverage": {"648_fri_c1_250_50": [0.0, 0.20000000000000007, 0.039999999999999925, 0.040000000000000036, 0.020000000000000018]}, "complexity": {"648_fri_c1_250_50": [5, 35, 5, 7, 15]}, "tau": 0.9}, "LinearQuantile": {"losses": {"648_fri_c1_250_50": [0.10216472986167734, 0.1184774603517716, 0.11120038922499395, 0.11911783301681014, 0.08833609904565083]}, "coverage": {"648_fri_c1_250_50": [0.56, 0.46, 0.48000000000000004, 0.56, 0.44]}, "complexity": {"648_fri_c1_250_50": [50, 50, 50, 50, 50]}, "tau": 0.9}}