{"SQR": {"losses": {"695_chatfield_4": [0.012967704855802543, 0.012345582402615473, 0.012492220450216413, 0.013145448083829687, 0.016622225353217453]}, "coverage": {"695_chatfield_4": [0.04893617021276597, 0.04893617021276597, 0.0787234042553191, 0.014893617021276562, 0.014893617021276562]}, "complexity": {"695_chatfield_4": [2, 2, 2, 2, 2]}, "time_all": {"695_chatfield_4": [377.8762414455414, 333.8217468261719, 363.93224358558655, 356.17623472213745, 364.27759766578674]}, "time_fit": {"695_chatfield_4": [377.8762414455414, 333.8217468261719, 363.93224358558655, 356.17623472213745, 364.27759766578674]}, "sizes": {"695_chatfield_4": []}, "tau": 0.9}, "LightGBM": {"losses": {"695_chatfield_4": [0.021745842468552917, 0.01845300643475614, 0.013843303500769389, 0.02144519235110109, 0.017624849445653915]}, "coverage": {"695_chatfield_4": [0.02765957446808509, 0.014893617021276562, 0.0787234042553191, 0.036170212765957444, 0.014893617021276562]}, "time_all": {"695_chatfield_4": [0.15006041526794434, 0.10316896438598633, 0.08420133590698242, 0.09461164474487305, 0.10228109359741211]}, "time_fit": {"695_chatfield_4": [0.02249598503112793, 0.02303290367126465, 0.01895427703857422, 0.021598339080810547, 0.024044513702392578]}, "sizes": {"695_chatfield_4": []}, "tau": 0.9}, "DecisionTree": {"losses": {"695_chatfield_4": [0.012694238575438744, 0.013144207736959505, 0.01243987613270352, 0.019114362901276643, 0.01684086019560105]}, "coverage": {"695_chatfield_4": [0.04893617021276597, 0.014893617021276562, 0.1340425531914894, 0.1127659574468085, 0.02765957446808509]}, "complexity": {"695_chatfield_4": [13, 7, 29, 13, 9]}, "time_all": {"695_chatfield_4": [0.05167984962463379, 0.026964187622070312, 0.027352094650268555, 0.027753114700317383, 0.02711796760559082]}, "time_fit": {"695_chatfield_4": [0.0034117698669433594, 0.0014188289642333984, 0.0025281906127929688, 0.001775503158569336, 0.001544952392578125]}, "sizes": {"695_chatfield_4": []}, "tau": 0.9}, "LinearQuantile": {"losses": {"695_chatfield_4": [0.011848007581449669, 0.017626659891253307, 0.010016504546625074, 0.011461052698888093, 0.014548782863077139]}, "coverage": {"695_chatfield_4": [0.02765957446808509, 0.17659574468085104, 0.014893617021276562, 0.02765957446808509, 0.014893617021276562]}, "complexity": {"695_chatfield_4": [12, 12, 12, 12, 12]}, "time_all": {"695_chatfield_4": [0.23768281936645508, 0.10719418525695801, 0.276409387588501, 0.2190227508544922, 0.1101386547088623]}, "time_fit": {"695_chatfield_4": [0.020299196243286133, 0.009446859359741211, 0.02481555938720703, 0.019566059112548828, 0.009713172912597656]}, "sizes": {"695_chatfield_4": []}, "tau": 0.9}}