{"SQR": {"losses": {"1028_SWD": [0.03783333333333332, 0.031833333333333325, 0.028833333333333325, 0.033499999999999995, 0.033499999999999995]}, "coverage": {"1028_SWD": [0.07499999999999996, 0.09499999999999997, 0.09999999999999998, 0.08499999999999996, 0.09499999999999997]}, "complexity": {"1028_SWD": [3, 3, 3, 3, 3]}, "tau": 0.9}, "LightGBM": {"losses": {"1028_SWD": [0.03849999999999999, 0.040666666666666657, 0.039666666666666656, 0.039666666666666656, 0.041333333333333326]}, "coverage": {"1028_SWD": [0.09999999999999998, 0.09999999999999998, 0.09999999999999998, 0.09999999999999998, 0.09999999999999998]}, "tau": 0.9}, "DecisionTree": {"losses": {"1028_SWD": [0.03285, 0.03333333333333333, 0.027666666666666662, 0.030933333333333327, 0.028333333333333325]}, "coverage": {"1028_SWD": [0.039999999999999925, 0.04999999999999993, 0.08499999999999996, 0.06999999999999995, 0.08499999999999996]}, "complexity": {"1028_SWD": [129, 119, 31, 25, 23]}, "tau": 0.9}, "LinearQuantile": {"losses": {"1028_SWD": [0.033781457635514586, 0.03513226033944309, 0.031567838673704135, 0.03247679228637388, 0.03180382457313125]}, "coverage": {"1028_SWD": [0.040000000000000036, 0.040000000000000036, 0.04500000000000004, 0.07500000000000007, 0.0]}, "complexity": {"1028_SWD": [31, 31, 31, 31, 31]}, "tau": 0.9}}