{"SQR": {"losses": {"622_fri_c2_1000_50": [0.030562603180833165, 0.022053208505137572, 0.03317042362930514, 0.012790028217612678, 0.02353441502231724]}, "coverage": {"622_fri_c2_1000_50": [0.47500000000000003, 0.345, 0.38, 0.455, 0.38]}, "complexity": {"622_fri_c2_1000_50": [14, 12, 7, 17, 14]}, "tau": 0.5}, "LightGBM": {"losses": {"622_fri_c2_1000_50": [0.03438592930143328, 0.027783161967203044, 0.029923324192969745, 0.034673421762104355, 0.03154522998683288]}, "coverage": {"622_fri_c2_1000_50": [0.405, 0.38, 0.39, 0.44, 0.37]}, "tau": 0.5}, "DecisionTree": {"losses": {"622_fri_c2_1000_50": [0.03923779186702039, 0.03849904912246529, 0.03770245364960949, 0.043972010357565636, 0.03635161055654506]}, "coverage": {"622_fri_c2_1000_50": [0.44, 0.42500000000000004, 0.38, 0.46, 0.435]}, "complexity": {"622_fri_c2_1000_50": [137, 61, 137, 139, 129]}, "tau": 0.5}, "LinearQuantile": {"losses": {"622_fri_c2_1000_50": [0.07667338547204437, 0.07928674564416824, 0.07801012720000647, 0.07502001997382805, 0.0777288057378799]}, "coverage": {"622_fri_c2_1000_50": [0.405, 0.435, 0.43000000000000005, 0.385, 0.435]}, "complexity": {"622_fri_c2_1000_50": [50, 50, 50, 50, 50]}, "tau": 0.5}}