{"SQR": {"losses": {"666_rmftsa_ladata": [0.018292240559227305, 0.012981343589459418, 0.013890564077315279, 0.014691400748646753, 0.014991742497937933]}, "coverage": {"666_rmftsa_ladata": [0.0862745098039216, 0.050980392156862675, 0.04117647058823526, 0.000990099009900991, 0.03069306930693072]}, "complexity": {"666_rmftsa_ladata": [3, 3, 3, 3, 4]}, "tau": 0.9}, "LightGBM": {"losses": {"666_rmftsa_ladata": [0.01617644490609788, 0.011840284497974437, 0.014705586337787464, 0.012343303705508925, 0.01657145928595773]}, "coverage": {"666_rmftsa_ladata": [0.03725490196078429, 0.007843137254901933, 0.0019607843137254832, 0.0108910891089109, 0.04851485148514856]}, "tau": 0.9}, "DecisionTree": {"losses": {"666_rmftsa_ladata": [0.01378036628353388, 0.013847964681418959, 0.014621498133089578, 0.013313968634706226, 0.01589372683696059]}, "coverage": {"666_rmftsa_ladata": [0.1352941176470589, 0.06666666666666665, 0.01764705882352946, 0.03861386138613865, 0.04851485148514856]}, "complexity": {"666_rmftsa_ladata": [69, 19, 27, 19, 11]}, "tau": 0.9}, "LinearQuantile": {"losses": {"666_rmftsa_ladata": [0.018007327824608333, 0.014283371506312668, 0.01486334420752569, 0.012130821848130798, 0.016147899414702866]}, "coverage": {"666_rmftsa_ladata": [0.0862745098039216, 0.021568627450980316, 0.027450980392156876, 0.03069306930693072, 0.0108910891089109]}, "complexity": {"666_rmftsa_ladata": [10, 10, 10, 10, 10]}, "tau": 0.9}}