{"SQR": {"losses": {"218_house_8L": [0.012394231811862392, 0.013272035391128667, 0.016458712150858736, 0.017075841486704407, 0.012460201758999678]}, "coverage": {"218_house_8L": [0.007965766951942066, 0.018499012508229162, 0.005200789993416666, 0.003225806451612856, 0.0014047410008779515]}, "complexity": {"218_house_8L": [9, 9, 4, 5, 10]}, "time_all": {"218_house_8L": [8172.766274929047, 7783.788595914841, 9139.105828285217, 8535.023746013641, 9489.544625043869]}, "time_fit": {"218_house_8L": [8172.766274929047, 7783.788595914841, 9139.105828285217, 8535.023746013641, 9489.544625043869]}, "sizes": {"218_house_8L": []}, "tau": 0.9}, "LightGBM": {"losses": {"218_house_8L": [0.010927090961497191, 0.011596345837421683, 0.010964591329481873, 0.011489795533377496, 0.011063413780359323]}, "coverage": {"218_house_8L": [0.028461707263550573, 0.02758393680052662, 0.019464560017555366, 0.028242264647794557, 0.02778753292361713]}, "time_all": {"218_house_8L": [90.95762085914612, 43.44389796257019, 80.51012301445007, 46.370967864990234, 37.97007703781128]}, "time_fit": {"218_house_8L": [8.250602960586548, 4.777522802352905, 8.090029954910278, 5.868873119354248, 3.689797878265381]}, "sizes": {"218_house_8L": []}, "tau": 0.9}, "DecisionTree": {"losses": {"218_house_8L": [0.010763735444221014, 0.010927886285548473, 0.011289299958156722, 0.011344471403661977, 0.011282042686134117]}, "coverage": {"218_house_8L": [0.027715602369980274, 0.022229536976080766, 0.028154487601492195, 0.04175992977836296, 0.03081650570676031]}, "complexity": {"218_house_8L": [629, 635, 633, 587, 581]}, "time_all": {"218_house_8L": [1.9855706691741943, 2.150718927383423, 1.92820405960083, 2.1787188053131104, 2.186082124710083]}, "time_fit": {"218_house_8L": [0.12824773788452148, 0.1431589126586914, 0.14523816108703613, 0.13144588470458984, 0.1410529613494873]}, "sizes": {"218_house_8L": []}, "tau": 0.9}, "LinearQuantile": {"losses": {"218_house_8L": [0.016495268065579407, 0.017479891749206795, 0.016489089776441552, 0.0174050939774652, 0.01667512868558669]}, "coverage": {"218_house_8L": [0.0009436032477507794, 0.006517445687952539, 0.0009436032477507794, 0.0021285933728329987, 0.004302019315188699]}, "complexity": {"218_house_8L": [8, 8, 8, 8, 8]}, "time_all": {"218_house_8L": [21.42690396308899, 21.264559030532837, 459.17187690734863, 21.334444046020508, 22.37306785583496]}, "time_fit": {"218_house_8L": [2.411271810531616, 1.5913200378417969, 0.7645928859710693, 0.8948349952697754, 2.0474658012390137]}, "sizes": {"218_house_8L": []}, "tau": 0.9}}