{"SQR": {"losses": {"666_rmftsa_ladata": [0.03225388124122055, 0.026026020774183915, 0.02960290887990396, 0.023372776804254407, 0.0337563689575351]}, "coverage": {"666_rmftsa_ladata": [0.02941176470588236, 0.039215686274509776, 0.06862745098039214, 0.034653465346534684, 0.04455445544554454]}, "complexity": {"666_rmftsa_ladata": [2, 2, 2, 4, 2]}, "time_all": {"666_rmftsa_ladata": [437.5476109981537, 510.8267152309418, 477.340044260025, 471.1807494163513, 448.08002972602844]}, "time_fit": {"666_rmftsa_ladata": [437.5476109981537, 510.8267152309418, 477.340044260025, 471.1807494163513, 448.08002972602844]}, "sizes": {"666_rmftsa_ladata": []}, "tau": 0.5}, "LightGBM": {"losses": {"666_rmftsa_ladata": [0.028981020625721266, 0.023208641109206393, 0.027169038862541166, 0.02273410899699704, 0.02735997115605099]}, "coverage": {"666_rmftsa_ladata": [0.04901960784313725, 0.05882352941176472, 0.05882352941176472, 0.07425742574257421, 0.014851485148514865]}, "time_all": {"666_rmftsa_ladata": [0.18179798126220703, 0.2327594757080078, 0.2075808048248291, 0.1867055892944336, 0.1818695068359375]}, "time_fit": {"666_rmftsa_ladata": [0.03684210777282715, 0.06521105766296387, 0.04036760330200195, 0.04029083251953125, 0.04050183296203613]}, "sizes": {"666_rmftsa_ladata": []}, "tau": 0.5}, "DecisionTree": {"losses": {"666_rmftsa_ladata": [0.02778990151280223, 0.025494671941255202, 0.027865445289643766, 0.02507836382212645, 0.026367790345819136]}, "coverage": {"666_rmftsa_ladata": [0.039215686274509776, 0.06862745098039214, 0.039215686274509776, 0.044554455445544594, 0.08415841584158418]}, "complexity": {"666_rmftsa_ladata": [69, 19, 13, 15, 29]}, "time_all": {"666_rmftsa_ladata": [0.050440073013305664, 0.04679584503173828, 0.04773139953613281, 0.04833722114562988, 0.048438310623168945]}, "time_fit": {"666_rmftsa_ladata": [0.00537109375, 0.002859830856323242, 0.002438068389892578, 0.002713918685913086, 0.003473520278930664]}, "sizes": {"666_rmftsa_ladata": []}, "tau": 0.5}, "LinearQuantile": {"losses": {"666_rmftsa_ladata": [0.030026020938051682, 0.024661433152169274, 0.02517077568565041, 0.02236821460717911, 0.026876922842458545]}, "coverage": {"666_rmftsa_ladata": [0.019607843137254888, 0.009803921568627416, 0.0490196078431373, 0.054455445544554504, 0.08415841584158418]}, "complexity": {"666_rmftsa_ladata": [10, 10, 10, 10, 10]}, "time_all": {"666_rmftsa_ladata": [0.6233417987823486, 0.09103751182556152, 1.412839412689209, 0.09528112411499023, 0.20330452919006348]}, "time_fit": {"666_rmftsa_ladata": [0.05626368522644043, 0.00803518295288086, 0.12795066833496094, 0.008564233779907227, 0.01814579963684082]}, "sizes": {"666_rmftsa_ladata": []}, "tau": 0.5}}