{"SQR": {"losses": {"201_pol": [0.03718894436868961, 0.037693657594627686, 0.03966386565703461, 0.03549000059082442, 0.04296336624807062]}, "coverage": {"201_pol": [0.03300000000000003, 0.02400000000000002, 0.014666666666666606, 0.018000000000000016, 0.008333333333333304]}, "complexity": {"201_pol": [13, 12, 13, 12, 7]}, "time_all": {"201_pol": [4736.6155869960785, 5745.085418462753, 4520.973728895187, 5402.123864889145, 5606.897377252579]}, "time_fit": {"201_pol": [4736.6155869960785, 5745.085418462753, 4520.973728895187, 5402.123864889145, 5606.897377252579]}, "sizes": {"201_pol": []}, "tau": 0.9}, "LightGBM": {"losses": {"201_pol": [0.07214333333333332, 0.07180666666666666, 0.07016666666666665, 0.07014333333333332, 0.07101333333333332]}, "coverage": {"201_pol": [0.09999999999999998, 0.09999999999999998, 0.09999999999999998, 0.09999999999999998, 0.09999999999999998]}, "time_all": {"201_pol": [0.25125956535339355, 0.18997740745544434, 0.18712091445922852, 0.1800532341003418, 0.14265084266662598]}, "time_fit": {"201_pol": [0.05244851112365723, 0.04509568214416504, 0.04548835754394531, 0.04278683662414551, 0.031867027282714844]}, "sizes": {"201_pol": []}, "tau": 0.9}, "DecisionTree": {"losses": {"201_pol": [0.006234999999999998, 0.005655666666666666, 0.007678666666666666, 0.006717333333333333, 0.005843666666666666]}, "coverage": {"201_pol": [0.07166666666666666, 0.07699999999999996, 0.06366666666666665, 0.06766666666666665, 0.07266666666666666]}, "complexity": {"201_pol": [627, 639, 615, 617, 601]}, "time_all": {"201_pol": [1.421412467956543, 1.4245975017547607, 1.3854777812957764, 1.4128179550170898, 0.7356607913970947]}, "time_fit": {"201_pol": [0.14216995239257812, 0.1501448154449463, 0.14295744895935059, 0.1461319923400879, 0.07603263854980469]}, "sizes": {"201_pol": []}, "tau": 0.9}, "LinearQuantile": {"losses": {"201_pol": [0.04704892834457758, 0.048296551557363274, 0.04762774835674143, 0.04818267188632773, 0.04833311483421945]}, "coverage": {"201_pol": [0.010666666666666602, 0.0, 0.003666666666666707, 0.004666666666666708, 0.00666666666666671]}, "complexity": {"201_pol": [48, 48, 48, 48, 48]}, "time_all": {"201_pol": [73.18607139587402, 272.06846380233765, 80.83246994018555, 61.75499653816223, 32.235334634780884]}, "time_fit": {"201_pol": [6.994958877563477, 2.281203269958496, 7.35205602645874, 5.579408884048462, 2.882805347442627]}, "sizes": {"201_pol": []}, "tau": 0.9}}