{"SQR": {"losses": {"654_fri_c0_500_10": [0.013127501934711495, 0.011452207307621984, 0.009571915777740447, 0.00932467935976769, 0.00882158818906194]}, "coverage": {"654_fri_c0_500_10": [0.050000000000000044, 0.030000000000000027, 0.050000000000000044, 0.020000000000000018, 0.0]}, "complexity": {"654_fri_c0_500_10": [8, 10, 13, 12, 12]}, "time_all": {"654_fri_c0_500_10": [396.7321252822876, 382.28388929367065, 391.61045956611633, 414.317106962204, 399.6591844558716]}, "time_fit": {"654_fri_c0_500_10": [396.7321252822876, 382.28388929367065, 391.61045956611633, 414.317106962204, 399.6591844558716]}, "sizes": {"654_fri_c0_500_10": []}, "tau": 0.9}, "LightGBM": {"losses": {"654_fri_c0_500_10": [0.02188899769322027, 0.024906230683734414, 0.018803667661953384, 0.021259096704336445, 0.0209710486093676]}, "coverage": {"654_fri_c0_500_10": [0.020000000000000018, 0.050000000000000044, 0.020000000000000018, 0.020000000000000018, 0.020000000000000018]}, "time_all": {"654_fri_c0_500_10": [0.23591208457946777, 0.16863083839416504, 0.1748189926147461, 0.15640902519226074, 0.1628856658935547]}, "time_fit": {"654_fri_c0_500_10": [0.04088139533996582, 0.03936433792114258, 0.036893606185913086, 0.03544735908508301, 0.03763389587402344]}, "sizes": {"654_fri_c0_500_10": []}, "tau": 0.9}, "DecisionTree": {"losses": {"654_fri_c0_500_10": [0.02081650279650364, 0.02258915617322881, 0.02158154148286335, 0.020425386737451715, 0.021508114636664653]}, "coverage": {"654_fri_c0_500_10": [0.030000000000000027, 0.020000000000000018, 0.08000000000000007, 0.020000000000000018, 0.030000000000000027]}, "complexity": {"654_fri_c0_500_10": [13, 15, 15, 31, 15]}, "time_all": {"654_fri_c0_500_10": [0.08924174308776855, 0.04513812065124512, 0.044661760330200195, 0.04586315155029297, 0.045762062072753906]}, "time_fit": {"654_fri_c0_500_10": [0.00442051887512207, 0.0024445056915283203, 0.002405881881713867, 0.0034427642822265625, 0.0024747848510742188]}, "sizes": {"654_fri_c0_500_10": []}, "tau": 0.9}, "LinearQuantile": {"losses": {"654_fri_c0_500_10": [0.05011946463933891, 0.039072735934813925, 0.045361047666626665, 0.038511690540826995, 0.039501036834237974]}, "coverage": {"654_fri_c0_500_10": [0.45, 0.47000000000000003, 0.46, 0.36, 0.41000000000000003]}, "complexity": {"654_fri_c0_500_10": [10, 10, 10, 10, 10]}, "time_all": {"654_fri_c0_500_10": [0.5827960968017578, 0.1383192539215088, 0.09103989601135254, 0.19484758377075195, 0.26462221145629883]}, "time_fit": {"654_fri_c0_500_10": [0.05127692222595215, 0.012282133102416992, 0.007938146591186523, 0.01737236976623535, 0.02376413345336914]}, "sizes": {"654_fri_c0_500_10": []}, "tau": 0.9}}