{"SQR": {"losses": {"1199_BNG_echoMonths": [0.06947545379000492, 0.07217785529666353, 0.07092065481427136, 0.07373478683341052, 0.07178585116958335]}, "coverage": {"1199_BNG_echoMonths": [0.5465714285714286, 0.5456130322949415, 0.553615318662475, 0.5550442983709631, 0.5687625035724493]}, "complexity": {"1199_BNG_echoMonths": [2, 2, 2, 2, 2]}, "tau": 0.5}, "LightGBM": {"losses": {"1199_BNG_echoMonths": [0.05992947922577625, 0.06264310781507189, 0.06265798678917109, 0.0647608499623096, 0.06352721787936619]}, "coverage": {"1199_BNG_echoMonths": [0.3522857142857143, 0.3607030580165762, 0.3689911403258074, 0.369276936267505, 0.3818519577022007]}, "tau": 0.5}, "DecisionTree": {"losses": {"1199_BNG_echoMonths": [0.0575391838238322, 0.061212022306070105, 0.062009889278789324, 0.06335476299350666, 0.06352563398920819]}, "coverage": {"1199_BNG_echoMonths": [0.37942857142857145, 0.40328665332952274, 0.38985424406973423, 0.39499857102029157, 0.40643040868819663]}, "complexity": {"1199_BNG_echoMonths": [481, 485, 471, 453, 449]}, "tau": 0.5}, "LinearQuantile": {"losses": {"1199_BNG_echoMonths": [0.06319831917708883, 0.06637526787641876, 0.065153163704179, 0.06812979028517793, 0.06631833181372597]}, "coverage": {"1199_BNG_echoMonths": [0.38228571428571434, 0.399285510145756, 0.3987139182623607, 0.4067162046298943, 0.4144326950557302]}, "complexity": {"1199_BNG_echoMonths": [12, 12, 12, 12, 12]}, "tau": 0.5}}