{"SQR": {"losses": {"637_fri_c1_500_50": [0.031802630515205405, 0.024987835924667613, 0.022296167288329272, 0.010161948488902369, 0.018756817174715317]}, "coverage": {"637_fri_c1_500_50": [0.010000000000000009, 0.030000000000000027, 0.06000000000000005, 0.04999999999999999, 0.020000000000000018]}, "complexity": {"637_fri_c1_500_50": [8, 13, 13, 15, 13]}, "time_all": {"637_fri_c1_500_50": [566.5651030540466, 542.1475255489349, 564.7756500244141, 584.6716718673706, 581.4141457080841]}, "time_fit": {"637_fri_c1_500_50": [566.5651030540466, 542.1475255489349, 564.7756500244141, 584.6716718673706, 581.4141457080841]}, "sizes": {"637_fri_c1_500_50": []}, "tau": 0.5}, "LightGBM": {"losses": {"637_fri_c1_500_50": [0.04106833329173463, 0.036898465165390915, 0.03977574384991981, 0.038950734674302954, 0.03520678974705686]}, "coverage": {"637_fri_c1_500_50": [0.030000000000000027, 0.030000000000000027, 0.06999999999999995, 0.08000000000000002, 0.030000000000000027]}, "time_all": {"637_fri_c1_500_50": [0.2654685974121094, 0.3039207458496094, 0.24765944480895996, 0.2537994384765625, 0.2993955612182617]}, "time_fit": {"637_fri_c1_500_50": [0.05798768997192383, 0.06711030006408691, 0.058719635009765625, 0.05908513069152832, 0.06649184226989746]}, "sizes": {"637_fri_c1_500_50": []}, "tau": 0.5}, "DecisionTree": {"losses": {"637_fri_c1_500_50": [0.04211155072482027, 0.03935999581507593, 0.03706297105446639, 0.04429869109217489, 0.042773810982462905]}, "coverage": {"637_fri_c1_500_50": [0.04999999999999999, 0.010000000000000009, 0.06999999999999995, 0.010000000000000009, 0.03999999999999998]}, "complexity": {"637_fri_c1_500_50": [159, 71, 31, 69, 69]}, "time_all": {"637_fri_c1_500_50": [0.11315393447875977, 0.20723700523376465, 0.10689973831176758, 0.10749673843383789, 0.19791007041931152]}, "time_fit": {"637_fri_c1_500_50": [0.01747727394104004, 0.02356886863708496, 0.008664131164550781, 0.011887311935424805, 0.02196025848388672]}, "sizes": {"637_fri_c1_500_50": []}, "tau": 0.5}, "LinearQuantile": {"losses": {"637_fri_c1_500_50": [0.073377468204079, 0.0775481215300903, 0.07949532944073157, 0.08097352062989505, 0.07365604464165128]}, "coverage": {"637_fri_c1_500_50": [0.040000000000000036, 0.030000000000000027, 0.04999999999999999, 0.08000000000000002, 0.010000000000000009]}, "complexity": {"637_fri_c1_500_50": [50, 50, 50, 50, 50]}, "time_all": {"637_fri_c1_500_50": [32.60963296890259, 6.110493898391724, 78.77930521965027, 18.92216730117798, 5.071460485458374]}, "time_fit": {"637_fri_c1_500_50": [0.7296149730682373, 0.5053269863128662, 0.23151946067810059, 0.4445929527282715, 0.40607571601867676]}, "sizes": {"637_fri_c1_500_50": []}, "tau": 0.5}}