{"SQR": {"losses": {"564_fried": [0.009478407860974656, 0.00593246148400025, 0.010904932168626173, 0.010882245920198154, 0.009924433749101732]}, "coverage": {"564_fried": [0.0142752023546725, 0.000932057885700277, 0.003262202599950914, 0.00253894272047106, 0.0005764749172083583]}, "complexity": {"564_fried": [11, 12, 10, 9, 15]}, "time_all": {"564_fried": [14218.507975816727, 19795.63990712166, 17318.541083097458, 21957.895109176636, 53194.74270892143]}, "time_fit": {"564_fried": [14218.507975816727, 19795.63990712166, 17318.541083097458, 21957.895109176636, 53194.74270892143]}, "sizes": {"564_fried": []}, "tau": 0.9}, "LightGBM": {"losses": {"564_fried": [0.013281444072944553, 0.013381188423950802, 0.013575579267909452, 0.013341923531814282, 0.01320828745610851]}, "coverage": {"564_fried": [0.0335295560461123, 0.026416482707873445, 0.026171204316899677, 0.026039494664540586, 0.022359867533423228]}, "time_all": {"564_fried": [91.81977105140686, 49.48974370956421, 69.34379506111145, 788.436201095581, 37.07450580596924]}, "time_fit": {"564_fried": [10.507212162017822, 8.089321851730347, 7.595997095108032, 8.671979188919067, 4.604957818984985]}, "sizes": {"564_fried": []}, "tau": 0.9}, "DecisionTree": {"losses": {"564_fried": [0.010263377629102777, 0.01010180689168719, 0.010370116529786443, 0.010276500944615873, 0.010282719042362927]}, "coverage": {"564_fried": [0.06605347068923229, 0.060902624478783474, 0.06887417218543046, 0.07564086839200301, 0.053195142892186964]}, "complexity": {"564_fried": [2517, 2503, 2499, 2529, 1615]}, "time_all": {"564_fried": [4.087100982666016, 4.341949939727783, 4.44523286819458, 4.446025133132935, 4.1246559619903564]}, "time_fit": {"564_fried": [0.32643675804138184, 0.3573799133300781, 0.3290121555328369, 0.3724040985107422, 0.2650260925292969]}, "sizes": {"564_fried": []}, "tau": 0.9}, "LinearQuantile": {"losses": {"564_fried": [0.013476195735928141, 0.01333199162016971, 0.01362463546140729, 0.013499432090509132, 0.013664967672167959]}, "coverage": {"564_fried": [0.0021339220014716664, 0.0026490066225165476, 0.008290409614912897, 0.010879430884337071, 0.009652888507297952]}, "complexity": {"564_fried": [10, 10, 10, 10, 10]}, "time_all": {"564_fried": [5.121332883834839, 18.112417936325073, 10.292831897735596, 3.4542739391326904, 14.706674337387085]}, "time_fit": {"564_fried": [0.46083688735961914, 1.4759061336517334, 0.974808931350708, 0.30695509910583496, 1.275205135345459]}, "sizes": {"564_fried": []}, "tau": 0.9}}