{"SQR": {"losses": {"228_elusage": [0.02647893882715879, 0.05990806733026709, 0.057665274797389775, 0.0364073670998311, 0.06263227818942044]}, "coverage": {"228_elusage": [0.17272727272727273, 0.4454545454545455, 0.6272727272727273, 0.4454545454545455, 0.26363636363636367]}, "complexity": {"228_elusage": [4, 4, 4, 5, 4]}, "tau": 0.5}, "LightGBM": {"losses": {"228_elusage": [0.040938328143610814, 0.11484779207352315, 0.13256459419272676, 0.03971450552372472, 0.09731282892717202]}, "coverage": {"228_elusage": [0.3545454545454546, 0.4454545454545455, 0.26363636363636367, 0.26363636363636367, 0.3545454545454546]}, "tau": 0.5}, "DecisionTree": {"losses": {"228_elusage": [0.02336411116459522, 0.0858862999214784, 0.07269279984598398, 0.02663454807449734, 0.0564804833299123]}, "coverage": {"228_elusage": [0.4454545454545455, 0.5363636363636364, 0.7181818181818183, 0.26363636363636367, 0.3545454545454546]}, "complexity": {"228_elusage": [3, 17, 7, 7, 7]}, "tau": 0.5}, "LinearQuantile": {"losses": {"228_elusage": [0.2616846752908865, 0.2454909800637059, 0.18626462409021174, 0.09275194765720397, 0.2718723047141818]}, "coverage": {"228_elusage": [0.5363636363636364, 0.6272727272727273, 0.3545454545454546, 0.4454545454545455, 0.6272727272727273]}, "complexity": {"228_elusage": [2, 2, 2, 2, 2]}, "tau": 0.5}}