{"SQR": {"losses": {"593_fri_c1_1000_10": [0.006342539317224968, 0.007763170093889149, 0.006997983594076236, 0.007646761481766456, 0.010887564815067433]}, "coverage": {"593_fri_c1_1000_10": [0.05500000000000005, 0.04500000000000004, 0.020000000000000018, 0.0050000000000000044, 0.0]}, "complexity": {"593_fri_c1_1000_10": [14, 17, 14, 16, 9]}, "tau": 0.9}, "LightGBM": {"losses": {"593_fri_c1_1000_10": [0.020747038934297038, 0.02066333792422235, 0.020483743907438384, 0.02024369412860812, 0.01983581856297443]}, "coverage": {"593_fri_c1_1000_10": [0.010000000000000009, 0.0050000000000000044, 0.025000000000000022, 0.020000000000000018, 0.0050000000000000044]}, "tau": 0.9}, "DecisionTree": {"losses": {"593_fri_c1_1000_10": [0.01768255292886754, 0.018613098483146875, 0.01814080451512811, 0.019062546510451465, 0.016244386541852614]}, "coverage": {"593_fri_c1_1000_10": [0.08999999999999997, 0.07000000000000006, 0.08999999999999997, 0.06000000000000005, 0.04500000000000004]}, "complexity": {"593_fri_c1_1000_10": [61, 61, 61, 63, 59]}, "tau": 0.9}, "LinearQuantile": {"losses": {"593_fri_c1_1000_10": [0.0726441582953503, 0.07069368290280506, 0.07539982110569439, 0.06830879150439009, 0.0705037238538148]}, "coverage": {"593_fri_c1_1000_10": [0.445, 0.41500000000000004, 0.47500000000000003, 0.445, 0.435]}, "complexity": {"593_fri_c1_1000_10": [10, 10, 10, 10, 10]}, "tau": 0.9}}