{"SQR": {"losses": {"605_fri_c2_250_25": [0.02068386708809794, 0.029764608078371786, 0.013672061669936461, 0.025868675061376644, 0.024613638225049205]}, "coverage": {"605_fri_c2_250_25": [0.06000000000000005, 0.020000000000000018, 0.07999999999999996, 0.020000000000000018, 0.03999999999999998]}, "complexity": {"605_fri_c2_250_25": [12, 11, 18, 13, 13]}, "time_all": {"605_fri_c2_250_25": [402.7820014953613, 398.187673330307, 409.2034935951233, 405.3887765407562, 403.97109174728394]}, "time_fit": {"605_fri_c2_250_25": [402.7820014953613, 398.187673330307, 409.2034935951233, 405.3887765407562, 403.97109174728394]}, "sizes": {"605_fri_c2_250_25": []}, "tau": 0.5}, "LightGBM": {"losses": {"605_fri_c2_250_25": [0.04620039459415324, 0.045413991611220075, 0.0563164823120134, 0.050023558284235534, 0.04927720702476482]}, "coverage": {"605_fri_c2_250_25": [0.020000000000000018, 0.040000000000000036, 0.03999999999999998, 0.03999999999999998, 0.020000000000000018]}, "time_all": {"605_fri_c2_250_25": [0.14142799377441406, 0.14436078071594238, 0.1437816619873047, 0.125687837600708, 0.12376689910888672]}, "time_fit": {"605_fri_c2_250_25": [0.034137725830078125, 0.03605937957763672, 0.03491997718811035, 0.030760765075683594, 0.030260324478149414]}, "sizes": {"605_fri_c2_250_25": []}, "tau": 0.5}, "DecisionTree": {"losses": {"605_fri_c2_250_25": [0.045752149061518754, 0.050756116687534776, 0.05382932426900837, 0.049988014376812766, 0.0574513872709118]}, "coverage": {"605_fri_c2_250_25": [0.08000000000000002, 0.0, 0.020000000000000018, 0.06, 0.020000000000000018]}, "complexity": {"605_fri_c2_250_25": [37, 9, 15, 75, 35]}, "time_all": {"605_fri_c2_250_25": [0.07370924949645996, 0.06358599662780762, 0.03542923927307129, 0.037682294845581055, 0.0362393856048584]}, "time_fit": {"605_fri_c2_250_25": [0.008076190948486328, 0.003880023956298828, 0.0025491714477539062, 0.0056912899017333984, 0.0037965774536132812]}, "sizes": {"605_fri_c2_250_25": []}, "tau": 0.5}, "LinearQuantile": {"losses": {"605_fri_c2_250_25": [0.08624831910375469, 0.07860214688238934, 0.10159786655882067, 0.07641637169397826, 0.07479504915397024]}, "coverage": {"605_fri_c2_250_25": [0.0, 0.020000000000000018, 0.03999999999999998, 0.06, 0.0]}, "complexity": {"605_fri_c2_250_25": [25, 25, 25, 25, 25]}, "time_all": {"605_fri_c2_250_25": [1.6882455348968506, 1.409377098083496, 0.6360557079315186, 0.45710086822509766, 0.360015869140625]}, "time_fit": {"605_fri_c2_250_25": [0.11883759498596191, 0.12181591987609863, 0.0576474666595459, 0.04120659828186035, 0.03241777420043945]}, "sizes": {"605_fri_c2_250_25": []}, "tau": 0.5}}