{"SQR": {"losses": {"banana": [0.031241181248819343, 0.03808427544276012, 0.03962951604399615, 0.03293495030936175, 0.03976166403866213]}, "coverage": {"banana": [0.34716981132075475, 0.3443396226415094, 0.3311320754716981, 0.35377358490566035, 0.35566037735849054]}, "complexity": {"banana": [13, 14, 13, 14, 9]}, "time_all": {"banana": [1574.2974433898926, 2040.7896616458893, 1639.4698395729065, 1699.8680205345154, 3750.5641689300537]}, "time_fit": {"banana": [1574.2974433898926, 2040.7896616458893, 1639.4698395729065, 1699.8680205345154, 3750.5641689300537]}, "sizes": {"banana": []}, "tau": 0.9}, "LightGBM": {"losses": {"banana": [0.05528301886792451, 0.05509433962264149, 0.056886792452830175, 0.05462264150943395, 0.053962264150943386]}, "coverage": {"banana": [0.09999999999999998, 0.09999999999999998, 0.09999999999999998, 0.09999999999999998, 0.09999999999999998]}, "time_all": {"banana": [0.17446231842041016, 0.11766600608825684, 0.12058115005493164, 0.10350799560546875, 0.13960909843444824]}, "time_fit": {"banana": [0.027655363082885742, 0.0267031192779541, 0.026617765426635742, 0.0222012996673584, 0.031920433044433594]}, "sizes": {"banana": []}, "tau": 0.9}, "DecisionTree": {"losses": {"banana": [0.027132075471698106, 0.026349056603773582, 0.028735849056603775, 0.026433962264150936, 0.031037735849056603]}, "coverage": {"banana": [0.08396226415094332, 0.08867924528301885, 0.09056603773584904, 0.09245283018867922, 0.08207547169811313]}, "complexity": {"banana": [189, 181, 141, 99, 123]}, "time_all": {"banana": [0.33039069175720215, 0.1711728572845459, 0.1732616424560547, 0.16458344459533691, 0.16814494132995605]}, "time_fit": {"banana": [0.027132272720336914, 0.014039993286132812, 0.01231837272644043, 0.010095596313476562, 0.011318683624267578]}, "sizes": {"banana": []}, "tau": 0.9}, "LinearQuantile": {"losses": {"banana": [0.4024528658053571, 0.40415096940836914, 0.388018909162921, 0.4083962566669367, 0.4143396671611299]}, "coverage": {"banana": [0.6330188679245283, 0.6330188679245283, 0.6018867924528302, 0.6528301886792454, 0.6556603773584906]}, "complexity": {"banana": [2, 2, 2, 2, 2]}, "time_all": {"banana": [0.08770871162414551, 0.03536677360534668, 0.035369873046875, 0.03339219093322754, 0.03528428077697754]}, "time_fit": {"banana": [0.006461620330810547, 0.002872943878173828, 0.002878427505493164, 0.0026924610137939453, 0.0028581619262695312]}, "sizes": {"banana": []}, "tau": 0.9}}