{"SQR": {"losses": {"229_pwLinear": [0.015492327168147095, 0.017695765315953512, 0.017124207327314768, 0.02154870621846014, 0.017378499041768358]}, "coverage": {"229_pwLinear": [0.025000000000000022, 0.09999999999999998, 0.07500000000000007, 0.025000000000000022, 0.0]}, "complexity": {"229_pwLinear": [14, 17, 16, 13, 18]}, "tau": 0.9}, "LightGBM": {"losses": {"229_pwLinear": [0.0230256253476321, 0.0154811330327069, 0.024922237726296093, 0.021619945717744823, 0.026215333124555405]}, "coverage": {"229_pwLinear": [0.025000000000000022, 0.07499999999999996, 0.050000000000000044, 0.025000000000000022, 0.025000000000000022]}, "tau": 0.9}, "DecisionTree": {"losses": {"229_pwLinear": [0.01731069799806691, 0.02177270667822051, 0.021115174766574485, 0.01775120079544459, 0.021017029911781403]}, "coverage": {"229_pwLinear": [0.04999999999999993, 0.25, 0.22499999999999998, 0.050000000000000044, 0.04999999999999993]}, "complexity": {"229_pwLinear": [11, 65, 25, 27, 9]}, "tau": 0.9}, "LinearQuantile": {"losses": {"229_pwLinear": [0.013947324673276095, 0.016892117105705838, 0.026285600007483128, 0.018335124535563293, 0.017894933041766904]}, "coverage": {"229_pwLinear": [0.07499999999999996, 0.09999999999999998, 0.17500000000000004, 0.050000000000000044, 0.0]}, "complexity": {"229_pwLinear": [29, 29, 29, 29, 29]}, "tau": 0.9}}