{"SQR": {"losses": {"590_fri_c0_1000_50": [0.007716505092835482, 0.01320552923514987, 0.012260110653108707, 0.00829990562765349, 0.008103970831691398]}, "coverage": {"590_fri_c0_1000_50": [0.030000000000000027, 0.025000000000000022, 0.0050000000000000044, 0.04500000000000004, 0.0050000000000000044]}, "complexity": {"590_fri_c0_1000_50": [13, 8, 8, 13, 13]}, "time_all": {"590_fri_c0_1000_50": [707.8124425411224, 649.2820856571198, 657.8853757381439, 646.6065926551819, 658.0124464035034]}, "time_fit": {"590_fri_c0_1000_50": [707.8124425411224, 649.2820856571198, 657.8853757381439, 646.6065926551819, 658.0124464035034]}, "sizes": {"590_fri_c0_1000_50": []}, "tau": 0.9}, "LightGBM": {"losses": {"590_fri_c0_1000_50": [0.019372469296098108, 0.020519050320794836, 0.0220080218024631, 0.020081861462044694, 0.021785948141550614]}, "coverage": {"590_fri_c0_1000_50": [0.0, 0.03500000000000003, 0.025000000000000022, 0.025000000000000022, 0.0]}, "time_all": {"590_fri_c0_1000_50": [0.3949768543243408, 0.312117338180542, 0.3304436206817627, 0.3099098205566406, 0.3410494327545166]}, "time_fit": {"590_fri_c0_1000_50": [0.07418632507324219, 0.0633084774017334, 0.06581473350524902, 0.06409144401550293, 0.070037841796875]}, "sizes": {"590_fri_c0_1000_50": []}, "tau": 0.9}, "DecisionTree": {"losses": {"590_fri_c0_1000_50": [0.020333589890757422, 0.020565675507617284, 0.02086571500288076, 0.02079335236077918, 0.019779505960937]}, "coverage": {"590_fri_c0_1000_50": [0.040000000000000036, 0.04500000000000004, 0.10499999999999998, 0.07000000000000006, 0.0]}, "complexity": {"590_fri_c0_1000_50": [27, 39, 57, 33, 25]}, "time_all": {"590_fri_c0_1000_50": [0.4577782154083252, 0.24095678329467773, 0.2442326545715332, 0.24324798583984375, 0.46170496940612793]}, "time_fit": {"590_fri_c0_1000_50": [0.030646800994873047, 0.018296241760253906, 0.02082538604736328, 0.017656326293945312, 0.029747962951660156]}, "sizes": {"590_fri_c0_1000_50": []}, "tau": 0.9}, "LinearQuantile": {"losses": {"590_fri_c0_1000_50": [0.04400979097304629, 0.04500280410698881, 0.038236245384079055, 0.04063745264892309, 0.03885642054585457]}, "coverage": {"590_fri_c0_1000_50": [0.465, 0.48000000000000004, 0.43000000000000005, 0.49000000000000005, 0.46]}, "complexity": {"590_fri_c0_1000_50": [50, 50, 50, 50, 50]}, "time_all": {"590_fri_c0_1000_50": [7.6374194622039795, 86.16341018676758, 30.373135566711426, 276.44563913345337, 10.962210893630981]}, "time_fit": {"590_fri_c0_1000_50": [0.6510746479034424, 0.4061434268951416, 2.2337546348571777, 1.3976922035217285, 0.9498088359832764]}, "sizes": {"590_fri_c0_1000_50": []}, "tau": 0.9}}