{"SQR": {"losses": {"1199_BNG_echoMonths": [0.058778900326912575, 0.05959310941702786, 0.05861611588059559, 0.059924134673382014, 0.057845948117478264]}, "coverage": {"1199_BNG_echoMonths": [0.14657142857142857, 0.14561303229494144, 0.15361531866247502, 0.15504429837096312, 0.16876250357244926]}, "complexity": {"1199_BNG_echoMonths": [2, 2, 2, 2, 2]}, "time_all": {"1199_BNG_echoMonths": [9141.557275772095, 8826.049100160599, 8648.766048908234, 17219.188533067703, 11726.63709306717]}, "time_fit": {"1199_BNG_echoMonths": [9141.557275772095, 8826.049100160599, 8648.766048908234, 17219.188533067703, 11726.63709306717]}, "sizes": {"1199_BNG_echoMonths": []}, "tau": 0.5}, "LightGBM": {"losses": {"1199_BNG_echoMonths": [0.05583611506348177, 0.05617528779030615, 0.0564405377239847, 0.05658784034067784, 0.05576422689878777]}, "coverage": {"1199_BNG_echoMonths": [0.04771428571428571, 0.039296941983423817, 0.031008859674192646, 0.030723063732495004, 0.018148042297799316]}, "time_all": {"1199_BNG_echoMonths": [49.4961941242218, 51.214191913604736, 65.66823863983154, 92.85827612876892, 105.1171600818634]}, "time_fit": {"1199_BNG_echoMonths": [6.911034107208252, 5.071547985076904, 8.05385684967041, 10.606036901473999, 14.914182186126709]}, "sizes": {"1199_BNG_echoMonths": []}, "tau": 0.5}, "DecisionTree": {"losses": {"1199_BNG_echoMonths": [0.054085022146128585, 0.05530489794428424, 0.05591421161707404, 0.056424332965172574, 0.0550125612673606]}, "coverage": {"1199_BNG_echoMonths": [0.020571428571428574, 0.003286653329522715, 0.010145755930265787, 0.0050014289797084555, 0.006430408688196609]}, "complexity": {"1199_BNG_echoMonths": [481, 485, 471, 453, 449]}, "time_all": {"1199_BNG_echoMonths": [1.4401488304138184, 1.4329380989074707, 1.4372828006744385, 1.3882801532745361, 1.3035788536071777]}, "time_fit": {"1199_BNG_echoMonths": [0.0864558219909668, 0.07922625541687012, 0.09412384033203125, 0.08371615409851074, 0.08676886558532715]}, "sizes": {"1199_BNG_echoMonths": []}, "tau": 0.5}, "LinearQuantile": {"losses": {"1199_BNG_echoMonths": [0.05665916005684747, 0.05735534464610466, 0.056914015082339314, 0.057853610908781036, 0.05642314490092891]}, "coverage": {"1199_BNG_echoMonths": [0.017714285714285682, 0.0007144898542440492, 0.001286081737639333, 0.006716204629894251, 0.014432695055730194]}, "complexity": {"1199_BNG_echoMonths": [12, 12, 12, 12, 12]}, "time_all": {"1199_BNG_echoMonths": [2.687798023223877, 5.6131751537323, 3.944361925125122, 4.188117980957031, 3.9917850494384766]}, "time_fit": {"1199_BNG_echoMonths": [0.20827102661132812, 0.5270190238952637, 0.3631129264831543, 0.34538793563842773, 0.3598620891571045]}, "sizes": {"1199_BNG_echoMonths": []}, "tau": 0.5}}