{"SQR": {"losses": {"658_fri_c3_250_25": [0.006925436187137281, 0.007935748696205976, 0.009063140421903275, 0.0067511425541288686, 0.0069809330218510305]}, "coverage": {"658_fri_c3_250_25": [0.05999999999999994, 0.039999999999999925, 0.06000000000000005, 0.08000000000000007, 0.020000000000000018]}, "complexity": {"658_fri_c3_250_25": [11, 10, 12, 13, 10]}, "tau": 0.9}, "LightGBM": {"losses": {"658_fri_c3_250_25": [0.01752725364829707, 0.019334865728596207, 0.018892405547947435, 0.0278063128348853, 0.017953323817109183]}, "coverage": {"658_fri_c3_250_25": [0.06000000000000005, 0.020000000000000018, 0.020000000000000018, 0.09999999999999998, 0.0]}, "tau": 0.9}, "DecisionTree": {"losses": {"658_fri_c3_250_25": [0.01689654764188133, 0.017560277535116065, 0.01511297900285383, 0.024921571540027804, 0.014939240154442248]}, "coverage": {"658_fri_c3_250_25": [0.09999999999999998, 0.06000000000000005, 0.020000000000000018, 0.08000000000000007, 0.020000000000000018]}, "complexity": {"658_fri_c3_250_25": [15, 9, 9, 9, 9]}, "tau": 0.9}, "LinearQuantile": {"losses": {"658_fri_c3_250_25": [0.06358225138047897, 0.057143859778825204, 0.07055000536088829, 0.08555298988927024, 0.07136257633271469]}, "coverage": {"658_fri_c3_250_25": [0.4, 0.44, 0.48000000000000004, 0.54, 0.4]}, "complexity": {"658_fri_c3_250_25": [25, 25, 25, 25, 25]}, "tau": 0.9}}