{"SQR": {"losses": {"611_fri_c3_100_5": [0.02111461758929275, 0.0053723747875870816, 0.010326026249510538, 0.006938770545423057, 0.021055230680591057]}, "coverage": {"611_fri_c3_100_5": [0.20000000000000007, 0.09999999999999998, 0.0, 0.04999999999999993, 0.30000000000000004]}, "complexity": {"611_fri_c3_100_5": [7, 16, 11, 13, 11]}, "tau": 0.9}, "LightGBM": {"losses": {"611_fri_c3_100_5": [0.021466805379950417, 0.02676987718320027, 0.01891962507744006, 0.021873678115192995, 0.06796268396723597]}, "coverage": {"611_fri_c3_100_5": [0.04999999999999993, 0.09999999999999998, 0.20000000000000007, 0.09999999999999998, 0.20000000000000007]}, "tau": 0.9}, "DecisionTree": {"losses": {"611_fri_c3_100_5": [0.021996863840880666, 0.023442580325033494, 0.016462538462624573, 0.01742948105561394, 0.05148104980467854]}, "coverage": {"611_fri_c3_100_5": [0.04999999999999993, 0.04999999999999993, 0.050000000000000044, 0.0, 0.25]}, "complexity": {"611_fri_c3_100_5": [3, 3, 3, 13, 35]}, "tau": 0.9}, "LinearQuantile": {"losses": {"611_fri_c3_100_5": [0.0831313760226142, 0.06895854298100246, 0.09853983450918721, 0.05338251044580325, 0.15103475020871882]}, "coverage": {"611_fri_c3_100_5": [0.4, 0.4, 0.5, 0.45, 0.45]}, "complexity": {"611_fri_c3_100_5": [5, 5, 5, 5, 5]}, "tau": 0.9}}