{"SQR": {"losses": {"646_fri_c3_500_10": [0.005132249240304654, 0.008213424751197912, 0.007207506585515805, 0.009421604155961431, 0.009508537806399969]}, "coverage": {"646_fri_c3_500_10": [0.020000000000000018, 0.0, 0.040000000000000036, 0.010000000000000009, 0.050000000000000044]}, "complexity": {"646_fri_c3_500_10": [14, 9, 12, 11, 12]}, "tau": 0.9}, "LightGBM": {"losses": {"646_fri_c3_500_10": [0.014443240868719615, 0.018245658468215267, 0.017591099758752903, 0.016954376270822136, 0.020668823122341293]}, "coverage": {"646_fri_c3_500_10": [0.04999999999999993, 0.010000000000000009, 0.010000000000000009, 0.010000000000000009, 0.08000000000000007]}, "tau": 0.9}, "DecisionTree": {"losses": {"646_fri_c3_500_10": [0.020639908984799754, 0.016252545055195765, 0.018982276631605934, 0.015754122600819216, 0.015555291034518349]}, "coverage": {"646_fri_c3_500_10": [0.06000000000000005, 0.15000000000000002, 0.040000000000000036, 0.06000000000000005, 0.09999999999999998]}, "complexity": {"646_fri_c3_500_10": [17, 67, 21, 19, 69]}, "tau": 0.9}, "LinearQuantile": {"losses": {"646_fri_c3_500_10": [0.06157500154080219, 0.05536755414333968, 0.06887114340344397, 0.0572991013435339, 0.06261650843932243]}, "coverage": {"646_fri_c3_500_10": [0.4, 0.36, 0.47000000000000003, 0.45, 0.4]}, "complexity": {"646_fri_c3_500_10": [10, 10, 10, 10, 10]}, "tau": 0.9}}