{"SQR": {"losses": {"641_fri_c1_500_10": [0.009671606251554606, 0.00482204693560684, 0.014235399655319496, 0.015339961486403719, 0.007706534598149125]}, "coverage": {"641_fri_c1_500_10": [0.020000000000000018, 0.030000000000000027, 0.07999999999999996, 0.010000000000000009, 0.020000000000000018]}, "complexity": {"641_fri_c1_500_10": [15, 15, 6, 6, 15]}, "tau": 0.9}, "LightGBM": {"losses": {"641_fri_c1_500_10": [0.025026531226881397, 0.024010674486257377, 0.02056518484483482, 0.019011153995498017, 0.024606536728610018]}, "coverage": {"641_fri_c1_500_10": [0.050000000000000044, 0.0, 0.030000000000000027, 0.050000000000000044, 0.010000000000000009]}, "tau": 0.9}, "DecisionTree": {"losses": {"641_fri_c1_500_10": [0.01822801996568972, 0.019012160150572884, 0.01849670024798751, 0.021283855968574145, 0.022751966530133887]}, "coverage": {"641_fri_c1_500_10": [0.12, 0.030000000000000027, 0.17000000000000004, 0.040000000000000036, 0.010000000000000009]}, "complexity": {"641_fri_c1_500_10": [29, 19, 159, 29, 19]}, "tau": 0.9}, "LinearQuantile": {"losses": {"641_fri_c1_500_10": [0.09178280448392374, 0.08451316784524159, 0.0644338347793155, 0.08971509453733081, 0.07260445998467714]}, "coverage": {"641_fri_c1_500_10": [0.46, 0.45, 0.46, 0.5, 0.4]}, "complexity": {"641_fri_c1_500_10": [10, 10, 10, 10, 10]}, "tau": 0.9}}