{"SQR": {"losses": {"604_fri_c4_500_10": [0.006132538642067961, 0.011162300064501954, 0.011377155680892632, 0.009620820975924803, 0.00646270076100402]}, "coverage": {"604_fri_c4_500_10": [0.010000000000000009, 0.010000000000000009, 0.020000000000000018, 0.020000000000000018, 0.0]}, "complexity": {"604_fri_c4_500_10": [14, 12, 11, 10, 15]}, "time_all": {"604_fri_c4_500_10": [469.2162938117981, 446.78858828544617, 460.4888594150543, 462.78045129776, 460.0622274875641]}, "time_fit": {"604_fri_c4_500_10": [469.2162938117981, 446.78858828544617, 460.4888594150543, 462.78045129776, 460.0622274875641]}, "sizes": {"604_fri_c4_500_10": []}, "tau": 0.9}, "LightGBM": {"losses": {"604_fri_c4_500_10": [0.018657951528648496, 0.01996370930138989, 0.019302529453103835, 0.017571619799577044, 0.017479060288086153]}, "coverage": {"604_fri_c4_500_10": [0.010000000000000009, 0.06000000000000005, 0.039999999999999925, 0.07000000000000006, 0.010000000000000009]}, "time_all": {"604_fri_c4_500_10": [0.2270047664642334, 0.1554710865020752, 0.18883156776428223, 0.18306756019592285, 0.18818163871765137]}, "time_fit": {"604_fri_c4_500_10": [0.044386863708496094, 0.03790783882141113, 0.042366981506347656, 0.039037466049194336, 0.04567289352416992]}, "sizes": {"604_fri_c4_500_10": []}, "tau": 0.9}, "DecisionTree": {"losses": {"604_fri_c4_500_10": [0.015476433644293222, 0.017010281234250305, 0.019909139514445638, 0.02285028465753376, 0.014909622944049183]}, "coverage": {"604_fri_c4_500_10": [0.08000000000000007, 0.08999999999999997, 0.06000000000000005, 0.20000000000000007, 0.050000000000000044]}, "complexity": {"604_fri_c4_500_10": [65, 69, 65, 73, 67]}, "time_all": {"604_fri_c4_500_10": [0.09558415412902832, 0.0496516227722168, 0.04990100860595703, 0.04977011680603027, 0.09398722648620605]}, "time_fit": {"604_fri_c4_500_10": [0.010179281234741211, 0.005442619323730469, 0.005244016647338867, 0.0055408477783203125, 0.01007080078125]}, "sizes": {"604_fri_c4_500_10": []}, "tau": 0.9}, "LinearQuantile": {"losses": {"604_fri_c4_500_10": [0.06431164987454699, 0.06391742431131549, 0.05590006575998233, 0.07129504642528849, 0.06753032467732362]}, "coverage": {"604_fri_c4_500_10": [0.43000000000000005, 0.43000000000000005, 0.42000000000000004, 0.56, 0.48000000000000004]}, "complexity": {"604_fri_c4_500_10": [10, 10, 10, 10, 10]}, "time_all": {"604_fri_c4_500_10": [0.3775150775909424, 2.401771068572998, 0.2071375846862793, 0.45435142517089844, 0.5389528274536133]}, "time_fit": {"604_fri_c4_500_10": [0.03274130821228027, 0.15265488624572754, 0.018722057342529297, 0.04095816612243652, 0.04812335968017578]}, "sizes": {"604_fri_c4_500_10": []}, "tau": 0.9}}