{"SQR": {"losses": {"581_fri_c3_500_25": [0.005003283877746398, 0.00756854561813349, 0.009395112525227628, 0.00676225455728597, 0.006037840507156569]}, "coverage": {"581_fri_c3_500_25": [0.040000000000000036, 0.07000000000000006, 0.030000000000000027, 0.020000000000000018, 0.030000000000000027]}, "complexity": {"581_fri_c3_500_25": [17, 12, 11, 16, 15]}, "time_all": {"581_fri_c3_500_25": [596.509081363678, 600.6972954273224, 564.1690270900726, 576.4098310470581, 549.4748120307922]}, "time_fit": {"581_fri_c3_500_25": [596.509081363678, 600.6972954273224, 564.1690270900726, 576.4098310470581, 549.4748120307922]}, "sizes": {"581_fri_c3_500_25": []}, "tau": 0.9}, "LightGBM": {"losses": {"581_fri_c3_500_25": [0.021079626239548496, 0.02218639160929171, 0.016628968085244698, 0.01843827981451382, 0.020015172909007364]}, "coverage": {"581_fri_c3_500_25": [0.06000000000000005, 0.050000000000000044, 0.0, 0.030000000000000027, 0.0]}, "time_all": {"581_fri_c3_500_25": [0.253751277923584, 0.16361474990844727, 0.1883833408355713, 0.15649795532226562, 0.15123534202575684]}, "time_fit": {"581_fri_c3_500_25": [0.050365447998046875, 0.03657889366149902, 0.0425868034362793, 0.03695321083068848, 0.034905433654785156]}, "sizes": {"581_fri_c3_500_25": []}, "tau": 0.9}, "DecisionTree": {"losses": {"581_fri_c3_500_25": [0.020219340019663662, 0.01832554410715176, 0.017357513792978018, 0.020802590814454427, 0.016707498898470986]}, "coverage": {"581_fri_c3_500_25": [0.16000000000000003, 0.10999999999999999, 0.020000000000000018, 0.12, 0.15000000000000002]}, "complexity": {"581_fri_c3_500_25": [65, 69, 17, 65, 69]}, "time_all": {"581_fri_c3_500_25": [0.1423790454864502, 0.07452774047851562, 0.06907987594604492, 0.07232236862182617, 0.07365012168884277]}, "time_fit": {"581_fri_c3_500_25": [0.015557050704956055, 0.008264541625976562, 0.004189252853393555, 0.00784158706665039, 0.008259773254394531]}, "sizes": {"581_fri_c3_500_25": []}, "tau": 0.9}, "LinearQuantile": {"losses": {"581_fri_c3_500_25": [0.07501051665189667, 0.0750500884837195, 0.06791697841048804, 0.06948361181703587, 0.06016071996199198]}, "coverage": {"581_fri_c3_500_25": [0.46, 0.52, 0.49000000000000005, 0.45, 0.39]}, "complexity": {"581_fri_c3_500_25": [25, 25, 25, 25, 25]}, "time_all": {"581_fri_c3_500_25": [1.9887406826019287, 0.45130324363708496, 1.1973850727081299, 2.357529401779175, 1.3060855865478516]}, "time_fit": {"581_fri_c3_500_25": [0.11768770217895508, 0.040877342224121094, 0.11834216117858887, 0.13965487480163574, 0.12750744819641113]}, "sizes": {"581_fri_c3_500_25": []}, "tau": 0.9}}