{"SQR": {"losses": {"586_fri_c3_1000_25": [0.010258444024948661, 0.004723643111506049, 0.00570978494777445, 0.0048939419187296225, 0.010423058835721631]}, "coverage": {"586_fri_c3_1000_25": [0.010000000000000009, 0.015000000000000013, 0.030000000000000027, 0.010000000000000009, 0.07000000000000006]}, "complexity": {"586_fri_c3_1000_25": [14, 15, 14, 15, 10]}, "tau": 0.9}, "LightGBM": {"losses": {"586_fri_c3_1000_25": [0.016400954087727543, 0.01647753030574724, 0.016333986368934735, 0.015312375828044322, 0.012974834755179025]}, "coverage": {"586_fri_c3_1000_25": [0.015000000000000013, 0.025000000000000022, 0.040000000000000036, 0.030000000000000027, 0.0050000000000000044]}, "tau": 0.9}, "DecisionTree": {"losses": {"586_fri_c3_1000_25": [0.014194944278575478, 0.014276646122270762, 0.014369898243356938, 0.01379213812514848, 0.013340007863885738]}, "coverage": {"586_fri_c3_1000_25": [0.09499999999999997, 0.050000000000000044, 0.050000000000000044, 0.16500000000000004, 0.07000000000000006]}, "complexity": {"586_fri_c3_1000_25": [137, 65, 41, 139, 65]}, "tau": 0.9}, "LinearQuantile": {"losses": {"586_fri_c3_1000_25": [0.06029585284671492, 0.05389418009271404, 0.06270337908142225, 0.06213620377262322, 0.061638695456356314]}, "coverage": {"586_fri_c3_1000_25": [0.41000000000000003, 0.375, 0.44, 0.445, 0.445]}, "complexity": {"586_fri_c3_1000_25": [25, 25, 25, 25, 25]}, "tau": 0.9}}