{"SQR": {"losses": {"643_fri_c2_500_25": [0.008698100996640534, 0.00993656427820339, 0.008409909322923357, 0.009473224535597914, 0.008353586521696665]}, "coverage": {"643_fri_c2_500_25": [0.0, 0.06000000000000005, 0.050000000000000044, 0.04999999999999993, 0.020000000000000018]}, "complexity": {"643_fri_c2_500_25": [14, 12, 13, 14, 14]}, "time_all": {"643_fri_c2_500_25": [645.7509858608246, 609.8822689056396, 675.4212307929993, 630.635205745697, 677.0248267650604]}, "time_fit": {"643_fri_c2_500_25": [645.7509858608246, 609.8822689056396, 675.4212307929993, 630.635205745697, 677.0248267650604]}, "sizes": {"643_fri_c2_500_25": []}, "tau": 0.9}, "LightGBM": {"losses": {"643_fri_c2_500_25": [0.02760912812636945, 0.02349751476376277, 0.02128634591755726, 0.020102007042447773, 0.021486302355511026]}, "coverage": {"643_fri_c2_500_25": [0.08000000000000007, 0.040000000000000036, 0.010000000000000009, 0.050000000000000044, 0.0]}, "time_all": {"643_fri_c2_500_25": [0.25000858306884766, 0.20824241638183594, 0.19969892501831055, 0.16912579536437988, 0.19455838203430176]}, "time_fit": {"643_fri_c2_500_25": [0.04866313934326172, 0.048618316650390625, 0.0433659553527832, 0.04111981391906738, 0.045336008071899414]}, "sizes": {"643_fri_c2_500_25": []}, "tau": 0.9}, "DecisionTree": {"losses": {"643_fri_c2_500_25": [0.021956557239522376, 0.017208239320999217, 0.018825389997543185, 0.02077663402167121, 0.018359491446491603]}, "coverage": {"643_fri_c2_500_25": [0.08000000000000007, 0.06000000000000005, 0.030000000000000027, 0.030000000000000027, 0.020000000000000018]}, "complexity": {"643_fri_c2_500_25": [29, 63, 19, 11, 29]}, "time_all": {"643_fri_c2_500_25": [0.1363835334777832, 0.07124066352844238, 0.13600993156433105, 0.06738901138305664, 0.138505220413208]}, "time_fit": {"643_fri_c2_500_25": [0.010397672653198242, 0.0077724456787109375, 0.009038686752319336, 0.003501415252685547, 0.010737419128417969]}, "sizes": {"643_fri_c2_500_25": []}, "tau": 0.9}, "LinearQuantile": {"losses": {"643_fri_c2_500_25": [0.09929103844150107, 0.08754994746243105, 0.07292531813189214, 0.07939218604326462, 0.07902340513000881]}, "coverage": {"643_fri_c2_500_25": [0.49000000000000005, 0.44, 0.45, 0.49000000000000005, 0.39]}, "complexity": {"643_fri_c2_500_25": [25, 25, 25, 25, 25]}, "time_all": {"643_fri_c2_500_25": [0.7551076412200928, 1.5793206691741943, 1.9079389572143555, 2.8700215816497803, 0.8849236965179443]}, "time_fit": {"643_fri_c2_500_25": [0.06476616859436035, 0.14714837074279785, 0.14215564727783203, 0.1840057373046875, 0.0787649154663086]}, "sizes": {"643_fri_c2_500_25": []}, "tau": 0.9}}