{"SQR": {"losses": {"651_fri_c0_100_25": [0.023693033907849954, 0.02485349498071241, 0.04648142152687147, 0.029762046238753802, 0.028158838819980027]}, "coverage": {"651_fri_c0_100_25": [0.050000000000000044, 0.050000000000000044, 0.19999999999999996, 0.050000000000000044, 0.30000000000000004]}, "complexity": {"651_fri_c0_100_25": [11, 10, 11, 10, 12]}, "time_all": {"651_fri_c0_100_25": [315.72206687927246, 319.76060819625854, 326.9960467815399, 316.68121886253357, 317.76264905929565]}, "time_fit": {"651_fri_c0_100_25": [315.72206687927246, 319.76060819625854, 326.9960467815399, 316.68121886253357, 317.76264905929565]}, "sizes": {"651_fri_c0_100_25": []}, "tau": 0.5}, "LightGBM": {"losses": {"651_fri_c0_100_25": [0.0790884292918313, 0.08547999791267899, 0.083333983630285, 0.07769194922711631, 0.07071836864313619]}, "coverage": {"651_fri_c0_100_25": [0.050000000000000044, 0.0, 0.25, 0.25, 0.09999999999999998]}, "time_all": {"651_fri_c0_100_25": [0.07515525817871094, 0.06631994247436523, 0.08066320419311523, 0.06698751449584961, 0.08623576164245605]}, "time_fit": {"651_fri_c0_100_25": [0.0163576602935791, 0.014902114868164062, 0.0130157470703125, 0.015247583389282227, 0.018021106719970703]}, "sizes": {"651_fri_c0_100_25": []}, "tau": 0.5}, "DecisionTree": {"losses": {"651_fri_c0_100_25": [0.06828049588465293, 0.07279827169522966, 0.08783271587629997, 0.07775508361850664, 0.06318677684684033]}, "coverage": {"651_fri_c0_100_25": [0.050000000000000044, 0.050000000000000044, 0.15000000000000002, 0.04999999999999999, 0.0]}, "complexity": {"651_fri_c0_100_25": [11, 3, 13, 13, 3]}, "time_all": {"651_fri_c0_100_25": [0.01948094367980957, 0.019922971725463867, 0.027774333953857422, 0.018958091735839844, 0.03468179702758789]}, "time_fit": {"651_fri_c0_100_25": [0.0015559196472167969, 0.0010383129119873047, 0.00232696533203125, 0.0016450881958007812, 0.0019969940185546875]}, "sizes": {"651_fri_c0_100_25": []}, "tau": 0.5}, "LinearQuantile": {"losses": {"651_fri_c0_100_25": [0.06629280209568471, 0.05174260224350461, 0.05173352840426638, 0.06649849279770333, 0.059352801563315016]}, "coverage": {"651_fri_c0_100_25": [0.09999999999999998, 0.0, 0.15000000000000002, 0.2, 0.09999999999999998]}, "complexity": {"651_fri_c0_100_25": [25, 25, 25, 25, 25]}, "time_all": {"651_fri_c0_100_25": [0.9931304454803467, 0.7938492298126221, 0.5652689933776855, 0.6678481101989746, 0.5180904865264893]}, "time_fit": {"651_fri_c0_100_25": [0.09000134468078613, 0.07190179824829102, 0.050969839096069336, 0.0605008602142334, 0.0451810359954834]}, "sizes": {"651_fri_c0_100_25": []}, "tau": 0.5}}