{"SQR": {"losses": {"656_fri_c1_100_5": [0.016701043485419877, 0.014521299501108725, 0.01478763349056512, 0.007969217397223666, 0.020094431814684947]}, "coverage": {"656_fri_c1_100_5": [0.050000000000000044, 0.04999999999999993, 0.09999999999999998, 0.050000000000000044, 0.25]}, "complexity": {"656_fri_c1_100_5": [10, 9, 13, 14, 12]}, "time_all": {"656_fri_c1_100_5": [331.5460991859436, 318.25190925598145, 326.23054003715515, 324.94207310676575, 324.4435467720032]}, "time_fit": {"656_fri_c1_100_5": [331.5460991859436, 318.25190925598145, 326.23054003715515, 324.94207310676575, 324.4435467720032]}, "sizes": {"656_fri_c1_100_5": []}, "tau": 0.9}, "LightGBM": {"losses": {"656_fri_c1_100_5": [0.02125864920301588, 0.025901411732136823, 0.02564347150975543, 0.0392834555848172, 0.030911393918202978]}, "coverage": {"656_fri_c1_100_5": [0.09999999999999998, 0.0, 0.0, 0.09999999999999998, 0.0]}, "time_all": {"656_fri_c1_100_5": [0.12052726745605469, 0.07309579849243164, 0.06584286689758301, 0.05219745635986328, 0.07922506332397461]}, "time_fit": {"656_fri_c1_100_5": [0.01639080047607422, 0.01618170738220215, 0.016698122024536133, 0.012078046798706055, 0.01619720458984375]}, "sizes": {"656_fri_c1_100_5": []}, "tau": 0.9}, "DecisionTree": {"losses": {"656_fri_c1_100_5": [0.02523679450802843, 0.020371578450294033, 0.027361517836750008, 0.022332429283803003, 0.0251592092877194]}, "coverage": {"656_fri_c1_100_5": [0.09999999999999998, 0.09999999999999998, 0.04999999999999993, 0.09999999999999998, 0.050000000000000044]}, "complexity": {"656_fri_c1_100_5": [3, 13, 3, 15, 31]}, "time_all": {"656_fri_c1_100_5": [0.0323641300201416, 0.018430471420288086, 0.01764225959777832, 0.01764845848083496, 0.03344583511352539]}, "time_fit": {"656_fri_c1_100_5": [0.0017583370208740234, 0.0013844966888427734, 0.0009336471557617188, 0.0014431476593017578, 0.003835439682006836]}, "sizes": {"656_fri_c1_100_5": []}, "tau": 0.9}, "LinearQuantile": {"losses": {"656_fri_c1_100_5": [0.06535122926663393, 0.07530829874526333, 0.14462003870196274, 0.09002049102489942, 0.0796176080763328]}, "coverage": {"656_fri_c1_100_5": [0.35, 0.4, 0.75, 0.45, 0.4]}, "complexity": {"656_fri_c1_100_5": [5, 5, 5, 5, 5]}, "time_all": {"656_fri_c1_100_5": [0.07913661003112793, 0.08199548721313477, 0.4544703960418701, 0.1353139877319336, 0.5584428310394287]}, "time_fit": {"656_fri_c1_100_5": [0.006209135055541992, 0.0071027278900146484, 0.04105949401855469, 0.012077093124389648, 0.04878401756286621]}, "sizes": {"656_fri_c1_100_5": []}, "tau": 0.9}}