{"SQR": {"losses": {"628_fri_c3_1000_5": [0.009968347783839569, 0.011387442373601741, 0.011761692158210763, 0.0100921455571966, 0.010875481449039156]}, "coverage": {"628_fri_c3_1000_5": [0.0050000000000000044, 0.0050000000000000044, 0.08500000000000008, 0.020000000000000018, 0.010000000000000009]}, "complexity": {"628_fri_c3_1000_5": [11, 6, 6, 11, 12]}, "tau": 0.9}, "LightGBM": {"losses": {"628_fri_c3_1000_5": [0.016221765959308163, 0.01624445418432011, 0.013879705602832283, 0.01577472021112549, 0.018932533207278234]}, "coverage": {"628_fri_c3_1000_5": [0.010000000000000009, 0.0050000000000000044, 0.0050000000000000044, 0.025000000000000022, 0.020000000000000018]}, "tau": 0.9}, "DecisionTree": {"losses": {"628_fri_c3_1000_5": [0.015069212220912887, 0.013830652311446633, 0.01330112800304609, 0.012274127420920445, 0.014715080542605407]}, "coverage": {"628_fri_c3_1000_5": [0.18500000000000005, 0.04500000000000004, 0.030000000000000027, 0.11499999999999999, 0.050000000000000044]}, "complexity": {"628_fri_c3_1000_5": [323, 43, 63, 141, 65]}, "tau": 0.9}, "LinearQuantile": {"losses": {"628_fri_c3_1000_5": [0.06403144160418443, 0.05943297549940575, 0.0586426887194441, 0.06210237525965078, 0.06370630483336842]}, "coverage": {"628_fri_c3_1000_5": [0.43000000000000005, 0.445, 0.44, 0.445, 0.38]}, "complexity": {"628_fri_c3_1000_5": [5, 5, 5, 5, 5]}, "tau": 0.9}}