{"SQR": {"losses": {"1089_USCrime": [0.014766433894348098, 0.02810911383428211, 0.012126967110416581, 0.01845537047570882, 0.022929262384827502]}, "coverage": {"1089_USCrime": [0.09999999999999998, 0.09999999999999998, 0.09999999999999998, 0.09999999999999998, 0.34444444444444444]}, "complexity": {"1089_USCrime": [9, 6, 11, 10, 11]}, "time_all": {"1089_USCrime": [281.4739685058594, 269.63414692878723, 268.57437229156494, 288.0813388824463, 284.8111410140991]}, "time_fit": {"1089_USCrime": [281.4739685058594, 269.63414692878723, 268.57437229156494, 288.0813388824463, 284.8111410140991]}, "sizes": {"1089_USCrime": []}, "tau": 0.9}, "LightGBM": {"losses": {"1089_USCrime": [0.04319999999999999, 0.04086666463216146, 0.046718518292462374, 0.054992600052445016, 0.043829627143012154]}, "coverage": {"1089_USCrime": [0.0, 0.09999999999999998, 0.011111111111111183, 0.12222222222222223, 0.12222222222222223]}, "time_all": {"1089_USCrime": [0.07685542106628418, 0.022227764129638672, 0.020504236221313477, 0.022478818893432617, 0.020219802856445312]}, "time_fit": {"1089_USCrime": [0.004040718078613281, 0.0029821395874023438, 0.002660036087036133, 0.002936840057373047, 0.0026788711547851562]}, "sizes": {"1089_USCrime": []}, "tau": 0.9}, "DecisionTree": {"losses": {"1089_USCrime": [0.012859999999999998, 0.025053333333333327, 0.024488888888888886, 0.03047407407407407, 0.02065185185185185]}, "coverage": {"1089_USCrime": [0.09999999999999998, 0.09999999999999998, 0.2333333333333334, 0.12222222222222223, 0.12222222222222223]}, "complexity": {"1089_USCrime": [5, 5, 5, 5, 15]}, "time_all": {"1089_USCrime": [0.028490304946899414, 0.01582813262939453, 0.014985799789428711, 0.015857934951782227, 0.015569925308227539]}, "time_fit": {"1089_USCrime": [0.0019466876983642578, 0.001039266586303711, 0.0010340213775634766, 0.0010426044464111328, 0.0014536380767822266]}, "sizes": {"1089_USCrime": []}, "tau": 0.9}, "LinearQuantile": {"losses": {"1089_USCrime": [0.07222041525636232, 0.08585168140606533, 0.02462621330333153, 0.01893169198339781, 0.08550066933283651]}, "coverage": {"1089_USCrime": [0.30000000000000004, 0.4, 0.011111111111111183, 0.09999999999999998, 0.34444444444444444]}, "complexity": {"1089_USCrime": [14, 14, 14, 14, 14]}, "time_all": {"1089_USCrime": [0.6633341312408447, 1.608877182006836, 0.5713255405426025, 0.08556580543518066, 0.11056637763977051]}, "time_fit": {"1089_USCrime": [0.058498382568359375, 0.1461927890777588, 0.05200934410095215, 0.007570505142211914, 0.009695053100585938]}, "sizes": {"1089_USCrime": []}, "tau": 0.9}}