{"SQR": {"losses": {"602_fri_c3_250_10": [0.0065610841177517485, 0.00943754083620572, 0.009061280619594051, 0.005753593985383525, 0.008192408958810824]}, "coverage": {"602_fri_c3_250_10": [0.040000000000000036, 0.039999999999999925, 0.08000000000000007, 0.12, 0.039999999999999925]}, "complexity": {"602_fri_c3_250_10": [16, 12, 13, 13, 13]}, "tau": 0.9}, "LightGBM": {"losses": {"602_fri_c3_250_10": [0.02873645622374976, 0.024495678809051447, 0.022134132363232386, 0.016270015069486974, 0.017822860476861786]}, "coverage": {"602_fri_c3_250_10": [0.039999999999999925, 0.039999999999999925, 0.08000000000000007, 0.020000000000000018, 0.039999999999999925]}, "tau": 0.9}, "DecisionTree": {"losses": {"602_fri_c3_250_10": [0.020252961580782113, 0.020517729878022944, 0.020881390841761865, 0.025924323980248434, 0.020759128758839764]}, "coverage": {"602_fri_c3_250_10": [0.18000000000000005, 0.09999999999999998, 0.20000000000000007, 0.20000000000000007, 0.05999999999999994]}, "complexity": {"602_fri_c3_250_10": [81, 35, 35, 35, 9]}, "tau": 0.9}, "LinearQuantile": {"losses": {"602_fri_c3_250_10": [0.06688286726747615, 0.06461254535152366, 0.08230125289568567, 0.0828974914733096, 0.060317107731581804]}, "coverage": {"602_fri_c3_250_10": [0.4, 0.4, 0.54, 0.56, 0.5800000000000001]}, "complexity": {"602_fri_c3_250_10": [10, 10, 10, 10, 10]}, "tau": 0.9}}