{"SQR": {"losses": {"604_fri_c4_500_10": [0.013609425723579668, 0.009087101646792084, 0.009443009539848985, 0.008761396960605544, 0.010754393341913238]}, "coverage": {"604_fri_c4_500_10": [0.04999999999999993, 0.020000000000000018, 0.010000000000000009, 0.08999999999999997, 0.020000000000000018]}, "complexity": {"604_fri_c4_500_10": [10, 14, 11, 15, 6]}, "tau": 0.9}, "LightGBM": {"losses": {"604_fri_c4_500_10": [0.018657951528648496, 0.01996370930138989, 0.019302529453103835, 0.017571619799577044, 0.017479060288086153]}, "coverage": {"604_fri_c4_500_10": [0.010000000000000009, 0.06000000000000005, 0.039999999999999925, 0.07000000000000006, 0.010000000000000009]}, "tau": 0.9}, "DecisionTree": {"losses": {"604_fri_c4_500_10": [0.015476433644293222, 0.017010281234250305, 0.019909139514445638, 0.02285028465753376, 0.014909622944049183]}, "coverage": {"604_fri_c4_500_10": [0.08000000000000007, 0.08999999999999997, 0.06000000000000005, 0.20000000000000007, 0.050000000000000044]}, "complexity": {"604_fri_c4_500_10": [65, 69, 65, 73, 67]}, "tau": 0.9}, "LinearQuantile": {"losses": {"604_fri_c4_500_10": [0.06431164987454699, 0.06391742431131549, 0.05590006575998233, 0.07129504642528849, 0.06753032467732362]}, "coverage": {"604_fri_c4_500_10": [0.43000000000000005, 0.43000000000000005, 0.42000000000000004, 0.56, 0.48000000000000004]}, "complexity": {"604_fri_c4_500_10": [10, 10, 10, 10, 10]}, "tau": 0.9}}