{"SQR": {"losses": {"627_fri_c2_500_10": [0.015391322369807328, 0.02687424610792373, 0.029372923841243914, 0.024787428497045513, 0.022523886056597504]}, "coverage": {"627_fri_c2_500_10": [0.33999999999999997, 0.44, 0.41000000000000003, 0.24, 0.31000000000000005]}, "complexity": {"627_fri_c2_500_10": [18, 10, 12, 9, 13]}, "tau": 0.5}, "LightGBM": {"losses": {"627_fri_c2_500_10": [0.042752210977888803, 0.024311098077562005, 0.034139980178946934, 0.023513320369990376, 0.04000217718884272]}, "coverage": {"627_fri_c2_500_10": [0.52, 0.37, 0.44, 0.27, 0.4]}, "tau": 0.5}, "DecisionTree": {"losses": {"627_fri_c2_500_10": [0.044483912736864965, 0.03632518196042045, 0.03578361216131323, 0.02743200833776478, 0.04462356621237839]}, "coverage": {"627_fri_c2_500_10": [0.47000000000000003, 0.44, 0.4, 0.26, 0.38]}, "complexity": {"627_fri_c2_500_10": [161, 71, 159, 71, 163]}, "tau": 0.5}, "LinearQuantile": {"losses": {"627_fri_c2_500_10": [0.07371860352426762, 0.06602629594713626, 0.07110593540753105, 0.06623712429232578, 0.08440426587769065]}, "coverage": {"627_fri_c2_500_10": [0.43000000000000005, 0.41000000000000003, 0.42000000000000004, 0.39, 0.47000000000000003]}, "complexity": {"627_fri_c2_500_10": [10, 10, 10, 10, 10]}, "tau": 0.5}}