{"SQR": {"losses": {"592_fri_c4_1000_25": [0.016111566499227653, 0.02400276803416427, 0.01632445615342245, 0.02171407644872535, 0.01036968048668556]}, "coverage": {"592_fri_c4_1000_25": [0.03500000000000003, 0.07, 0.015000000000000013, 0.034999999999999976, 0.0050000000000000044]}, "complexity": {"592_fri_c4_1000_25": [11, 8, 14, 9, 16]}, "time_all": {"592_fri_c4_1000_25": [942.5048735141754, 935.1326956748962, 946.901125907898, 951.434648513794, 957.8553478717804]}, "time_fit": {"592_fri_c4_1000_25": [942.5048735141754, 935.1326956748962, 946.901125907898, 951.434648513794, 957.8553478717804]}, "sizes": {"592_fri_c4_1000_25": []}, "tau": 0.5}, "LightGBM": {"losses": {"592_fri_c4_1000_25": [0.024926199274843092, 0.02375196029626084, 0.025586076181790485, 0.0290264367687017, 0.025496098749864356]}, "coverage": {"592_fri_c4_1000_25": [0.03999999999999998, 0.010000000000000009, 0.10999999999999999, 0.034999999999999976, 0.05499999999999999]}, "time_all": {"592_fri_c4_1000_25": [0.38990330696105957, 0.40238523483276367, 0.39665794372558594, 0.3924429416656494, 0.4048130512237549]}, "time_fit": {"592_fri_c4_1000_25": [0.06523847579956055, 0.06454086303710938, 0.07317042350769043, 0.06644916534423828, 0.071868896484375]}, "sizes": {"592_fri_c4_1000_25": []}, "tau": 0.5}, "DecisionTree": {"losses": {"592_fri_c4_1000_25": [0.026635830767089714, 0.026722854933568598, 0.028401833794009502, 0.03317714251617468, 0.02954570033006525]}, "coverage": {"592_fri_c4_1000_25": [0.065, 0.07999999999999996, 0.03500000000000003, 0.09999999999999998, 0.010000000000000009]}, "complexity": {"592_fri_c4_1000_25": [323, 331, 141, 137, 325]}, "time_all": {"592_fri_c4_1000_25": [0.17084026336669922, 0.17043685913085938, 0.33667850494384766, 0.16245555877685547, 0.3376317024230957]}, "time_fit": {"592_fri_c4_1000_25": [0.026998043060302734, 0.027454137802124023, 0.036156415939331055, 0.017966270446777344, 0.05149507522583008]}, "sizes": {"592_fri_c4_1000_25": []}, "tau": 0.5}, "LinearQuantile": {"losses": {"592_fri_c4_1000_25": [0.059724722432214314, 0.060268947813208844, 0.061311713633277996, 0.06081836940716023, 0.060602183597262396]}, "coverage": {"592_fri_c4_1000_25": [0.08500000000000002, 0.025000000000000022, 0.025000000000000022, 0.010000000000000009, 0.10499999999999998]}, "complexity": {"592_fri_c4_1000_25": [25, 25, 25, 25, 25]}, "time_all": {"592_fri_c4_1000_25": [0.32868361473083496, 2.5627810955047607, 2.499011993408203, 0.5705347061157227, 1.7072017192840576]}, "time_fit": {"592_fri_c4_1000_25": [0.03875327110290527, 0.1539599895477295, 0.1447300910949707, 0.060091257095336914, 0.1371300220489502]}, "sizes": {"592_fri_c4_1000_25": []}, "tau": 0.5}}