{"SQR": {"losses": {"1193_BNG_lowbwt": [0.04595801665759855, 0.04539981458840089, 0.04565288487488806, 0.04535506032448042, 0.04556133047495135]}, "coverage": {"1193_BNG_lowbwt": [0.004099019450249153, 0.0044205111718372825, 0.002973798424690588, 0.0018485773991319676, 0.002893890675241151]}, "complexity": {"1193_BNG_lowbwt": [3, 4, 3, 3, 3]}, "time_all": {"1193_BNG_lowbwt": [42673.584527254105, 48914.13268613815, 70642.78438806534, 60332.95674824715, 12209.399302005768]}, "time_fit": {"1193_BNG_lowbwt": [42673.584527254105, 48914.13268613815, 70642.78438806534, 60332.95674824715, 12209.399302005768]}, "sizes": {"1193_BNG_lowbwt": []}, "tau": 0.5}, "LightGBM": {"losses": {"1193_BNG_lowbwt": [0.041186450145140475, 0.04076657601532037, 0.040879872108229375, 0.04053524847641885, 0.04087006425101578]}, "coverage": {"1193_BNG_lowbwt": [0.011493329046777023, 0.013422279376306023, 0.0007233563735733473, 0.0007233563735733473, 0.0014469453376205754]}, "time_all": {"1193_BNG_lowbwt": [73.80322217941284, 47.48981714248657, 39.33803081512451, 22.41768193244934, 16.278377056121826]}, "time_fit": {"1193_BNG_lowbwt": [5.417402029037476, 4.525201082229614, 5.083086729049683, 2.90983510017395, 1.7555301189422607]}, "sizes": {"1193_BNG_lowbwt": []}, "tau": 0.5}, "DecisionTree": {"losses": {"1193_BNG_lowbwt": [0.041430983469135874, 0.040961212622519866, 0.041049888603325625, 0.04089893527109655, 0.04118101002416486]}, "coverage": {"1193_BNG_lowbwt": [0.013100787654717894, 0.007153190805336718, 0.004099019450249153, 0.007474682526924958, 0.0036977491961414644]}, "complexity": {"1193_BNG_lowbwt": [797, 789, 793, 793, 767]}, "time_all": {"1193_BNG_lowbwt": [1.8568508625030518, 1.842198133468628, 1.841763973236084, 1.6858670711517334, 1.4954371452331543]}, "time_fit": {"1193_BNG_lowbwt": [0.11912012100219727, 0.12015795707702637, 0.12711071968078613, 0.09482693672180176, 0.07725214958190918]}, "sizes": {"1193_BNG_lowbwt": []}, "tau": 0.5}, "LinearQuantile": {"losses": {"1193_BNG_lowbwt": [0.0431957867576909, 0.04276533094521761, 0.043123872206221894, 0.04245049721297495, 0.04296906704157707]}, "coverage": {"1193_BNG_lowbwt": [0.0004018646519852176, 0.006670953222954523, 0.006831699083748588, 0.00024111879119115276, 0.0001607717041800516]}, "complexity": {"1193_BNG_lowbwt": [23, 23, 23, 23, 23]}, "time_all": {"1193_BNG_lowbwt": [7.407320022583008, 19.021427869796753, 5.402813196182251, 12.678261041641235, 2.9803380966186523]}, "time_fit": {"1193_BNG_lowbwt": [0.48638296127319336, 1.5624828338623047, 0.43646883964538574, 1.059394121170044, 0.3663809299468994]}, "sizes": {"1193_BNG_lowbwt": []}, "tau": 0.5}}