{"SQR": {"losses": {"615_fri_c4_250_10": [0.007573224773077655, 0.010221577890123956, 0.012041064685688645, 0.005540721297214871, 0.007156177575234104]}, "coverage": {"615_fri_c4_250_10": [0.09999999999999998, 0.12, 0.06000000000000005, 0.0, 0.039999999999999925]}, "complexity": {"615_fri_c4_250_10": [15, 13, 9, 13, 13]}, "time_all": {"615_fri_c4_250_10": [372.88825511932373, 347.0415163040161, 340.81472659111023, 355.94948506355286, 345.09821939468384]}, "time_fit": {"615_fri_c4_250_10": [372.88825511932373, 347.0415163040161, 340.81472659111023, 355.94948506355286, 345.09821939468384]}, "sizes": {"615_fri_c4_250_10": []}, "tau": 0.9}, "LightGBM": {"losses": {"615_fri_c4_250_10": [0.01764819025612221, 0.018696527050118306, 0.02154038530249859, 0.0211842200571233, 0.032008081082297635]}, "coverage": {"615_fri_c4_250_10": [0.06000000000000005, 0.020000000000000018, 0.039999999999999925, 0.05999999999999994, 0.12]}, "time_all": {"615_fri_c4_250_10": [0.15955066680908203, 0.09319519996643066, 0.12368369102478027, 0.1005561351776123, 0.09971952438354492]}, "time_fit": {"615_fri_c4_250_10": [0.020547866821289062, 0.017639875411987305, 0.028980016708374023, 0.02308177947998047, 0.022867441177368164]}, "sizes": {"615_fri_c4_250_10": []}, "tau": 0.9}, "DecisionTree": {"losses": {"615_fri_c4_250_10": [0.019362845062489618, 0.018494994232042865, 0.016648929639767256, 0.020370608478318803, 0.02925880335662152]}, "coverage": {"615_fri_c4_250_10": [0.08000000000000007, 0.020000000000000018, 0.040000000000000036, 0.08000000000000007, 0.14]}, "complexity": {"615_fri_c4_250_10": [7, 5, 33, 35, 35]}, "time_all": {"615_fri_c4_250_10": [0.05164504051208496, 0.026467323303222656, 0.029083251953125, 0.027920961380004883, 0.02798914909362793]}, "time_fit": {"615_fri_c4_250_10": [0.002564668655395508, 0.0012247562408447266, 0.002713441848754883, 0.0027756690979003906, 0.002777576446533203]}, "sizes": {"615_fri_c4_250_10": []}, "tau": 0.9}, "LinearQuantile": {"losses": {"615_fri_c4_250_10": [0.057737586794674035, 0.05725920109715788, 0.05793239899580063, 0.05238968447663821, 0.07664514164106699]}, "coverage": {"615_fri_c4_250_10": [0.46, 0.52, 0.44, 0.30000000000000004, 0.46]}, "complexity": {"615_fri_c4_250_10": [10, 10, 10, 10, 10]}, "time_all": {"615_fri_c4_250_10": [0.5899806022644043, 0.1307666301727295, 0.4035344123840332, 0.5133278369903564, 0.18273234367370605]}, "time_fit": {"615_fri_c4_250_10": [0.052115678787231445, 0.011591434478759766, 0.03641223907470703, 0.04652833938598633, 0.01637744903564453]}, "sizes": {"615_fri_c4_250_10": []}, "tau": 0.9}}