{"SQR": {"losses": {"1030_ERA": [0.037290966066125, 0.040263443227250006, 0.03728742910593749, 0.03720750517374999, 0.03742983839875]}, "coverage": {"1030_ERA": [0.030000000000000027, 0.020000000000000018, 0.04499999999999993, 0.04499999999999993, 0.04500000000000004]}, "complexity": {"1030_ERA": [4, 4, 4, 4, 5]}, "tau": 0.9}, "LightGBM": {"losses": {"1030_ERA": [0.03499471787211763, 0.03820712321772044, 0.03641697665024656, 0.03543708395519736, 0.03715637872372977]}, "coverage": {"1030_ERA": [0.04500000000000004, 0.020000000000000018, 0.030000000000000027, 0.030000000000000027, 0.030000000000000027]}, "tau": 0.9}, "DecisionTree": {"losses": {"1030_ERA": [0.03466874999999999, 0.0358, 0.0326375, 0.035318749999999996, 0.035875]}, "coverage": {"1030_ERA": [0.04499999999999993, 0.010000000000000009, 0.05999999999999994, 0.04999999999999993, 0.015000000000000013]}, "complexity": {"1030_ERA": [29, 55, 37, 31, 21]}, "tau": 0.9}, "LinearQuantile": {"losses": {"1030_ERA": [0.03655239922551445, 0.04202362197134604, 0.036137697349650964, 0.03923087367842947, 0.0432152319460797]}, "coverage": {"1030_ERA": [0.025000000000000022, 0.08500000000000008, 0.010000000000000009, 0.020000000000000018, 0.08999999999999997]}, "complexity": {"1030_ERA": [4, 4, 4, 4, 4]}, "tau": 0.9}}