{"SQR": {"losses": {"645_fri_c3_500_50": [0.014885391262070094, 0.020097917104110966, 0.012166038044466875, 0.01396828690684654, 0.01823471805495935]}, "coverage": {"645_fri_c3_500_50": [0.050000000000000044, 0.15000000000000002, 0.020000000000000018, 0.0, 0.040000000000000036]}, "complexity": {"645_fri_c3_500_50": [15, 8, 14, 12, 11]}, "time_all": {"645_fri_c3_500_50": [553.0676519870758, 559.9957218170166, 566.8375110626221, 550.172322511673, 562.4508616924286]}, "time_fit": {"645_fri_c3_500_50": [553.0676519870758, 559.9957218170166, 566.8375110626221, 550.172322511673, 562.4508616924286]}, "sizes": {"645_fri_c3_500_50": []}, "tau": 0.5}, "LightGBM": {"losses": {"645_fri_c3_500_50": [0.027350746766111555, 0.02640443609311337, 0.027904990063044578, 0.02904128375166631, 0.030959537056562784]}, "coverage": {"645_fri_c3_500_50": [0.09999999999999998, 0.09999999999999998, 0.010000000000000009, 0.030000000000000027, 0.09999999999999998]}, "time_all": {"645_fri_c3_500_50": [0.2650938034057617, 0.23845362663269043, 0.24712038040161133, 0.280606746673584, 0.22252798080444336]}, "time_fit": {"645_fri_c3_500_50": [0.05733036994934082, 0.05412149429321289, 0.0604398250579834, 0.061191558837890625, 0.0477139949798584]}, "sizes": {"645_fri_c3_500_50": []}, "tau": 0.5}, "DecisionTree": {"losses": {"645_fri_c3_500_50": [0.02957234794149048, 0.029048091134284387, 0.02953547770498538, 0.031049758922184246, 0.028874528747276154]}, "coverage": {"645_fri_c3_500_50": [0.03999999999999998, 0.020000000000000018, 0.030000000000000027, 0.050000000000000044, 0.030000000000000027]}, "complexity": {"645_fri_c3_500_50": [161, 67, 67, 71, 65]}, "time_all": {"645_fri_c3_500_50": [0.24619698524475098, 0.11728405952453613, 0.2202894687652588, 0.22607183456420898, 0.11719751358032227]}, "time_fit": {"645_fri_c3_500_50": [0.03897976875305176, 0.013689994812011719, 0.02697920799255371, 0.027560710906982422, 0.013363122940063477]}, "sizes": {"645_fri_c3_500_50": []}, "tau": 0.5}, "LinearQuantile": {"losses": {"645_fri_c3_500_50": [0.05234947831181682, 0.05915315151470593, 0.057644854437710315, 0.05046690425993793, 0.059520153562311884]}, "coverage": {"645_fri_c3_500_50": [0.08000000000000002, 0.06, 0.09999999999999998, 0.030000000000000027, 0.050000000000000044]}, "complexity": {"645_fri_c3_500_50": [50, 50, 50, 50, 50]}, "time_all": {"645_fri_c3_500_50": [12.838502645492554, 15.091191053390503, 8.497270107269287, 14.763091564178467, 12.880849123001099]}, "time_fit": {"645_fri_c3_500_50": [0.7555510997772217, 1.34576416015625, 0.7190067768096924, 1.3032464981079102, 0.5791866779327393]}, "sizes": {"645_fri_c3_500_50": []}, "tau": 0.5}}