{"SQR": {"losses": {"4544_GeographicalOriginalofMusic": [0.028210222401155362, 0.029013214649097493, 0.034843812803765195, 0.029524319824615543, 0.0291140602781656]}, "coverage": {"4544_GeographicalOriginalofMusic": [0.018867924528301883, 0.028301886792452824, 0.07075471698113212, 0.04245283018867929, 0.011848341232227444]}, "complexity": {"4544_GeographicalOriginalofMusic": [4, 4, 3, 6, 4]}, "time_all": {"4544_GeographicalOriginalofMusic": [652.9605097770691, 692.6537098884583, 725.579865694046, 646.8881647586823, 692.9492523670197]}, "time_fit": {"4544_GeographicalOriginalofMusic": [652.9605097770691, 692.6537098884583, 725.579865694046, 646.8881647586823, 692.9492523670197]}, "sizes": {"4544_GeographicalOriginalofMusic": []}, "tau": 0.5}, "LightGBM": {"losses": {"4544_GeographicalOriginalofMusic": [0.026417606797982263, 0.0255928250636514, 0.030582998484869034, 0.02931820581652579, 0.026122672700135775]}, "coverage": {"4544_GeographicalOriginalofMusic": [0.018867924528301883, 0.06132075471698112, 0.0, 0.014150943396226467, 0.05924170616113744]}, "time_all": {"4544_GeographicalOriginalofMusic": [0.5437741279602051, 0.5057363510131836, 0.48638224601745605, 0.5123429298400879, 0.5540556907653809]}, "time_fit": {"4544_GeographicalOriginalofMusic": [0.0961923599243164, 0.08875465393066406, 0.0889432430267334, 0.08817124366760254, 0.09246373176574707]}, "sizes": {"4544_GeographicalOriginalofMusic": []}, "tau": 0.5}, "DecisionTree": {"losses": {"4544_GeographicalOriginalofMusic": [0.030268638447115317, 0.028148067057161337, 0.037065608932616366, 0.031227260086768394, 0.0297490906349322]}, "coverage": {"4544_GeographicalOriginalofMusic": [0.014150943396226467, 0.08490566037735847, 0.009433962264150941, 0.004716981132075526, 0.03554502369668244]}, "complexity": {"4544_GeographicalOriginalofMusic": [29, 59, 67, 35, 27]}, "time_all": {"4544_GeographicalOriginalofMusic": [0.989551305770874, 0.5379581451416016, 0.5464391708374023, 0.5286424160003662, 0.546839714050293]}, "time_fit": {"4544_GeographicalOriginalofMusic": [0.0675051212310791, 0.04824423789978027, 0.0495457649230957, 0.03934884071350098, 0.03588986396789551]}, "sizes": {"4544_GeographicalOriginalofMusic": []}, "tau": 0.5}, "LinearQuantile": {"losses": {"4544_GeographicalOriginalofMusic": [0.021963842308606173, 0.02189670013073998, 0.024812590765018662, 0.02592101883200405, 0.022273257301875002]}, "coverage": {"4544_GeographicalOriginalofMusic": [0.042452830188679236, 0.06132075471698112, 0.0, 0.0, 0.049763033175355464]}, "complexity": {"4544_GeographicalOriginalofMusic": [117, 117, 117, 117, 117]}, "time_all": {"4544_GeographicalOriginalofMusic": [44.83151578903198, 33.017828702926636, 53.76243281364441, 87.22941184043884, 71.32272863388062]}, "time_fit": {"4544_GeographicalOriginalofMusic": [4.04317831993103, 2.939255952835083, 4.878820419311523, 8.671892642974854, 6.51179051399231]}, "sizes": {"4544_GeographicalOriginalofMusic": []}, "tau": 0.5}}