{"SQR": {"losses": {"613_fri_c3_250_5": [0.014839790689727832, 0.01043284182754901, 0.015090053335104001, 0.017281226710659136, 0.01309270100365712]}, "coverage": {"613_fri_c3_250_5": [0.36, 0.26, 0.26, 0.42000000000000004, 0.32000000000000006]}, "complexity": {"613_fri_c3_250_5": [13, 15, 11, 13, 13]}, "tau": 0.5}, "LightGBM": {"losses": {"613_fri_c3_250_5": [0.03782356338303535, 0.034048343475056586, 0.03564142373551698, 0.045849683924953005, 0.04430156096443019]}, "coverage": {"613_fri_c3_250_5": [0.4, 0.30000000000000004, 0.33999999999999997, 0.42000000000000004, 0.56]}, "tau": 0.5}, "DecisionTree": {"losses": {"613_fri_c3_250_5": [0.03624472742433912, 0.03715821499913725, 0.037779976809607776, 0.04441960336490263, 0.04417878519367197]}, "coverage": {"613_fri_c3_250_5": [0.36, 0.38, 0.32000000000000006, 0.32000000000000006, 0.52]}, "complexity": {"613_fri_c3_250_5": [37, 81, 83, 79, 33]}, "tau": 0.5}, "LinearQuantile": {"losses": {"613_fri_c3_250_5": [0.06817770412824625, 0.07202027800711294, 0.05388019349159397, 0.07577927423777384, 0.054006702993823645]}, "coverage": {"613_fri_c3_250_5": [0.48000000000000004, 0.42000000000000004, 0.36, 0.46, 0.38]}, "complexity": {"613_fri_c3_250_5": [5, 5, 5, 5, 5]}, "tau": 0.5}}