{"SQR": {"losses": {"banana": [0.07847953245528914, 0.0774554127956264, 0.07519224086117937, 0.08394418675133491, 0.09008487427518257]}, "coverage": {"banana": [0.05283018867924527, 0.05094339622641508, 0.06886792452830193, 0.04622641509433967, 0.03962264150943395]}, "complexity": {"banana": [10, 8, 7, 8, 9]}, "time_all": {"banana": [4168.706642866135, 4205.945212125778, 4493.490130901337, 4025.599174261093, 4330.740238904953]}, "time_fit": {"banana": [4168.706642866135, 4205.945212125778, 4493.490130901337, 4025.599174261093, 4330.740238904953]}, "sizes": {"banana": []}, "tau": 0.5}, "LightGBM": {"losses": {"banana": [0.09055411788887856, 0.09149751411529365, 0.08292422887596283, 0.09075327604255376, 0.08821137650669514]}, "coverage": {"banana": [0.05283018867924527, 0.05094339622641508, 0.06886792452830193, 0.04622641509433967, 0.03962264150943395]}, "time_all": {"banana": [0.8584685325622559, 0.7664957046508789, 0.9251816272735596, 0.6941728591918945, 0.7781374454498291]}, "time_fit": {"banana": [0.2067267894744873, 0.18704533576965332, 0.20532608032226562, 0.09803891181945801, 0.1991264820098877]}, "sizes": {"banana": []}, "tau": 0.5}, "DecisionTree": {"losses": {"banana": [0.05566037735849057, 0.053537735849056606, 0.0544811320754717, 0.05919811320754717, 0.04905660377358491]}, "coverage": {"banana": [0.43679245283018864, 0.440566037735849, 0.4273584905660377, 0.4273584905660377, 0.4462264150943396]}, "complexity": {"banana": [121, 181, 191, 177, 317]}, "time_all": {"banana": [0.31678199768066406, 0.17127156257629395, 0.33073949813842773, 0.16892528533935547, 0.1762406826019287]}, "time_fit": {"banana": [0.020607709884643555, 0.013996124267578125, 0.026594877243041992, 0.013852596282958984, 0.0195004940032959]}, "sizes": {"banana": []}, "tau": 0.5}, "LinearQuantile": {"losses": {"banana": [0.2235849255886366, 0.2245283183185992, 0.21556605798558898, 0.2268868111752464, 0.23018869956307922]}, "coverage": {"banana": [0.22169811320754718, 0.22264150943396227, 0.2037735849056604, 0.24339622641509434, 0.2490566037735849]}, "complexity": {"banana": [2, 2, 2, 2, 2]}, "time_all": {"banana": [0.06194162368774414, 0.033751487731933594, 0.062227725982666016, 0.03153586387634277, 0.03354477882385254]}, "time_fit": {"banana": [0.005009174346923828, 0.0027227401733398438, 0.00504302978515625, 0.002522706985473633, 0.0027132034301757812]}, "sizes": {"banana": []}, "tau": 0.5}}