{"SQR": {"losses": {"618_fri_c3_1000_50": [0.006909676709578914, 0.006119510661066016, 0.005770536075016256, 0.005813274070787249, 0.006110321293763944]}, "coverage": {"618_fri_c3_1000_50": [0.025000000000000022, 0.010000000000000009, 0.020000000000000018, 0.010000000000000009, 0.05500000000000005]}, "complexity": {"618_fri_c3_1000_50": [14, 13, 12, 13, 15]}, "tau": 0.9}, "LightGBM": {"losses": {"618_fri_c3_1000_50": [0.017744794296314762, 0.015469215978965258, 0.017854266476497176, 0.015010188061036184, 0.017652682723150733]}, "coverage": {"618_fri_c3_1000_50": [0.03500000000000003, 0.010000000000000009, 0.015000000000000013, 0.010000000000000009, 0.020000000000000018]}, "tau": 0.9}, "DecisionTree": {"losses": {"618_fri_c3_1000_50": [0.013164590837219613, 0.01245869766463852, 0.014253330642484791, 0.013925368370506584, 0.01552593290805745]}, "coverage": {"618_fri_c3_1000_50": [0.04500000000000004, 0.03500000000000003, 0.015000000000000013, 0.0050000000000000044, 0.050000000000000044]}, "complexity": {"618_fri_c3_1000_50": [65, 61, 37, 33, 35]}, "tau": 0.9}, "LinearQuantile": {"losses": {"618_fri_c3_1000_50": [0.0722283646459623, 0.06100256310802815, 0.06837277404201672, 0.06800140034621595, 0.0676357700043127]}, "coverage": {"618_fri_c3_1000_50": [0.47500000000000003, 0.405, 0.43000000000000005, 0.47500000000000003, 0.435]}, "complexity": {"618_fri_c3_1000_50": [50, 50, 50, 50, 50]}, "tau": 0.9}}