{"SQR": {"losses": {"598_fri_c0_1000_25": [0.017435830519000776, 0.02141173201361788, 0.015321158904480738, 0.021616595242945142, 0.017843163780556004]}, "coverage": {"598_fri_c0_1000_25": [0.010000000000000009, 0.08499999999999996, 0.030000000000000027, 0.07, 0.0050000000000000044]}, "complexity": {"598_fri_c0_1000_25": [15, 10, 16, 16, 14]}, "time_all": {"598_fri_c0_1000_25": [898.2159128189087, 912.2304501533508, 872.4428222179413, 855.216331243515, 888.52432513237]}, "time_fit": {"598_fri_c0_1000_25": [898.2159128189087, 912.2304501533508, 872.4428222179413, 855.216331243515, 888.52432513237]}, "sizes": {"598_fri_c0_1000_25": []}, "tau": 0.5}, "LightGBM": {"losses": {"598_fri_c0_1000_25": [0.03995192647213741, 0.03919064222254665, 0.04099124977844416, 0.039207989939893606, 0.037516189049396485]}, "coverage": {"598_fri_c0_1000_25": [0.015000000000000013, 0.010000000000000009, 0.034999999999999976, 0.015000000000000013, 0.025000000000000022]}, "time_all": {"598_fri_c0_1000_25": [0.39716553688049316, 0.42336416244506836, 0.4189620018005371, 0.3939857482910156, 0.3873624801635742]}, "time_fit": {"598_fri_c0_1000_25": [0.07714319229125977, 0.07817697525024414, 0.0786583423614502, 0.07765507698059082, 0.07106375694274902]}, "sizes": {"598_fri_c0_1000_25": []}, "tau": 0.5}, "DecisionTree": {"losses": {"598_fri_c0_1000_25": [0.04627845322108513, 0.0476905282773103, 0.04506078502003979, 0.04590231718748538, 0.044492774775009264]}, "coverage": {"598_fri_c0_1000_25": [0.020000000000000018, 0.020000000000000018, 0.09499999999999997, 0.015000000000000013, 0.044999999999999984]}, "complexity": {"598_fri_c0_1000_25": [139, 63, 59, 137, 145]}, "time_all": {"598_fri_c0_1000_25": [0.2875521183013916, 0.29508066177368164, 0.2939033508300781, 0.2865874767303467, 0.15244150161743164]}, "time_fit": {"598_fri_c0_1000_25": [0.03231239318847656, 0.023464441299438477, 0.023172616958618164, 0.03146052360534668, 0.017667293548583984]}, "sizes": {"598_fri_c0_1000_25": []}, "tau": 0.5}, "LinearQuantile": {"losses": {"598_fri_c0_1000_25": [0.04462188610016354, 0.045588418599277335, 0.04126150671200698, 0.043451359937827255, 0.04540145850812777]}, "coverage": {"598_fri_c0_1000_25": [0.07500000000000001, 0.020000000000000018, 0.030000000000000027, 0.0050000000000000044, 0.015000000000000013]}, "complexity": {"598_fri_c0_1000_25": [25, 25, 25, 25, 25]}, "time_all": {"598_fri_c0_1000_25": [0.7374880313873291, 0.9453423023223877, 0.9996733665466309, 1.3986265659332275, 1.2958335876464844]}, "time_fit": {"598_fri_c0_1000_25": [0.06743597984313965, 0.0841367244720459, 0.09059381484985352, 0.1215977668762207, 0.11759591102600098]}, "sizes": {"598_fri_c0_1000_25": []}, "tau": 0.5}}