{"SQR": {"losses": {"626_fri_c2_500_50": [0.008393525821421676, 0.014106121375514938, 0.00690640358873126, 0.005684931748589303, 0.010613849341927524]}, "coverage": {"626_fri_c2_500_50": [0.039999999999999925, 0.010000000000000009, 0.030000000000000027, 0.039999999999999925, 0.08000000000000007]}, "complexity": {"626_fri_c2_500_50": [13, 12, 16, 18, 14]}, "time_all": {"626_fri_c2_500_50": [630.4461688995361, 609.7387299537659, 594.1134939193726, 642.7777745723724, 603.9478986263275]}, "time_fit": {"626_fri_c2_500_50": [630.4461688995361, 609.7387299537659, 594.1134939193726, 642.7777745723724, 603.9478986263275]}, "sizes": {"626_fri_c2_500_50": []}, "tau": 0.9}, "LightGBM": {"losses": {"626_fri_c2_500_50": [0.02553142232191184, 0.02266162322568231, 0.023737016680498078, 0.0251399105108704, 0.025606911918908577]}, "coverage": {"626_fri_c2_500_50": [0.08000000000000007, 0.010000000000000009, 0.050000000000000044, 0.030000000000000027, 0.08000000000000007]}, "time_all": {"626_fri_c2_500_50": [0.26741909980773926, 0.22296786308288574, 0.22108674049377441, 0.18740510940551758, 0.20847630500793457]}, "time_fit": {"626_fri_c2_500_50": [0.05149269104003906, 0.04967474937438965, 0.049816131591796875, 0.041455984115600586, 0.04440450668334961]}, "sizes": {"626_fri_c2_500_50": []}, "tau": 0.9}, "DecisionTree": {"losses": {"626_fri_c2_500_50": [0.020070440579963978, 0.025302843457064586, 0.023972198071865895, 0.01995666850453193, 0.022140966902692467]}, "coverage": {"626_fri_c2_500_50": [0.040000000000000036, 0.16000000000000003, 0.16000000000000003, 0.020000000000000018, 0.06000000000000005]}, "complexity": {"626_fri_c2_500_50": [13, 71, 71, 31, 15]}, "time_all": {"626_fri_c2_500_50": [0.20713448524475098, 0.2299039363861084, 0.21376991271972656, 0.10791969299316406, 0.10654067993164062]}, "time_fit": {"626_fri_c2_500_50": [0.012021064758300781, 0.026665687561035156, 0.023651599884033203, 0.009136199951171875, 0.006581306457519531]}, "sizes": {"626_fri_c2_500_50": []}, "tau": 0.9}, "LinearQuantile": {"losses": {"626_fri_c2_500_50": [0.09454440712711477, 0.0985469254916419, 0.09219539699019892, 0.07981398505260778, 0.10424174898816414]}, "coverage": {"626_fri_c2_500_50": [0.43000000000000005, 0.45, 0.45, 0.44, 0.45]}, "complexity": {"626_fri_c2_500_50": [50, 50, 50, 50, 50]}, "time_all": {"626_fri_c2_500_50": [27.08213520050049, 18.382709503173828, 11.023327589035034, 6.401306390762329, 30.628048419952393]}, "time_fit": {"626_fri_c2_500_50": [1.9035718441009521, 1.569756269454956, 0.9377260208129883, 0.5684468746185303, 1.8753454685211182]}, "sizes": {"626_fri_c2_500_50": []}, "tau": 0.9}}