{"SQR": {"losses": {"1027_ESL": [0.015306143265306117, 0.019642917244897955, 0.016581636352040813, 0.015077319587628864, 0.013788659793814429]}, "coverage": {"1027_ESL": [0.06938775510204076, 0.038775510204081653, 0.05918367346938769, 0.06907216494845358, 0.07938144329896901]}, "complexity": {"1027_ESL": [9, 11, 8, 8, 9]}, "time_all": {"1027_ESL": [420.91349816322327, 406.8602237701416, 413.34353494644165, 430.6087894439697, 418.2101528644562]}, "time_fit": {"1027_ESL": [420.91349816322327, 406.8602237701416, 413.34353494644165, 430.6087894439697, 418.2101528644562]}, "sizes": {"1027_ESL": []}, "tau": 0.9}, "LightGBM": {"losses": {"1027_ESL": [0.014503867970865536, 0.019377723377031905, 0.019222005162511022, 0.016973448685495537, 0.014793382939738498]}, "coverage": {"1027_ESL": [0.02857142857142858, 0.0020408163265306367, 0.01224489795918371, 0.027835051546391765, 0.04845360824742262]}, "time_all": {"1027_ESL": [0.1968221664428711, 0.12116026878356934, 0.14792323112487793, 0.1412520408630371, 0.16477656364440918]}, "time_fit": {"1027_ESL": [0.03611397743225098, 0.02546095848083496, 0.030236005783081055, 0.031024694442749023, 0.03442955017089844]}, "sizes": {"1027_ESL": []}, "tau": 0.9}, "DecisionTree": {"losses": {"1027_ESL": [0.014145408163265307, 0.016645408163265304, 0.01534438775510204, 0.012615979381443298, 0.011636597938144332]}, "coverage": {"1027_ESL": [0.0020408163265306367, 0.01836734693877551, 0.0020408163265306367, 0.03814432989690719, 0.027835051546391765]}, "complexity": {"1027_ESL": [129, 125, 127, 121, 133]}, "time_all": {"1027_ESL": [0.06844282150268555, 0.0352933406829834, 0.03504800796508789, 0.03453946113586426, 0.06996321678161621]}, "time_fit": {"1027_ESL": [0.011697053909301758, 0.005810737609863281, 0.0058443546295166016, 0.0056498050689697266, 0.012152910232543945]}, "sizes": {"1027_ESL": []}, "tau": 0.9}, "LinearQuantile": {"losses": {"1027_ESL": [0.009853342845903052, 0.016490976740280383, 0.01065050510490831, 0.014545762188395196, 0.012603524689026577]}, "coverage": {"1027_ESL": [0.0836734693877551, 0.0836734693877551, 0.10408163265306125, 0.05463917525773199, 0.10618556701030935]}, "complexity": {"1027_ESL": [34, 34, 34, 34, 34]}, "time_all": {"1027_ESL": [0.6874902248382568, 1.0498430728912354, 1.284818410873413, 0.2950737476348877, 0.8519511222839355]}, "time_fit": {"1027_ESL": [0.05630898475646973, 0.09501290321350098, 0.12612295150756836, 0.03685712814331055, 0.07524299621582031]}, "sizes": {"1027_ESL": []}, "tau": 0.9}}