{"SQR": {"losses": {"557_analcatdata_apnea1": [0.004326564812853173, 0.007114574029507168, 0.007376559411726727, 0.0033103841088346865, 0.00620797519415173]}, "coverage": {"557_analcatdata_apnea1": [0.15263157894736845, 0.13157894736842113, 0.13157894736842113, 0.15263157894736845, 0.13157894736842113]}, "complexity": {"557_analcatdata_apnea1": [6, 8, 7, 6, 6]}, "tau": 0.9}, "LightGBM": {"losses": {"557_analcatdata_apnea1": [0.019916587922556864, 0.017328766277949298, 0.01834264319598934, 0.017144713035319042, 0.018347412242517357]}, "coverage": {"557_analcatdata_apnea1": [0.0368421052631579, 0.0368421052631579, 0.015789473684210464, 0.0368421052631579, 0.0052631578947368585]}, "tau": 0.9}, "DecisionTree": {"losses": {"557_analcatdata_apnea1": [0.0032275061835036803, 0.006140946037103249, 0.003756106140313772, 0.0028468873210902557, 0.004724722215419686]}, "coverage": {"557_analcatdata_apnea1": [0.0052631578947368585, 0.02631578947368418, 0.13157894736842113, 0.015789473684210575, 0.015789473684210575]}, "complexity": {"557_analcatdata_apnea1": [57, 123, 121, 53, 61]}, "tau": 0.9}, "LinearQuantile": {"losses": {"557_analcatdata_apnea1": [0.017900213479691438, 0.018678255216886066, 0.019709033020014855, 0.01775821794665213, 0.018087659760504835]}, "coverage": {"557_analcatdata_apnea1": [0.015789473684210575, 0.09999999999999998, 0.02631578947368418, 0.0368421052631579, 0.0368421052631579]}, "complexity": {"557_analcatdata_apnea1": [11, 11, 11, 11, 11]}, "tau": 0.9}}