{"SQR": {"losses": {"637_fri_c1_500_50": [0.015905961186649616, 0.004681341640564447, 0.011954387317241848, 0.004437488728051729, 0.004407404583127959]}, "coverage": {"637_fri_c1_500_50": [0.010000000000000009, 0.04999999999999993, 0.040000000000000036, 0.010000000000000009, 0.020000000000000018]}, "complexity": {"637_fri_c1_500_50": [11, 17, 10, 19, 18]}, "tau": 0.9}, "LightGBM": {"losses": {"637_fri_c1_500_50": [0.02444777172868344, 0.023762663222317168, 0.023478469145615348, 0.026075518176642647, 0.02171400449768062]}, "coverage": {"637_fri_c1_500_50": [0.010000000000000009, 0.020000000000000018, 0.10999999999999999, 0.06000000000000005, 0.010000000000000009]}, "tau": 0.9}, "DecisionTree": {"losses": {"637_fri_c1_500_50": [0.022825941444305196, 0.02231228724836007, 0.01779015866282847, 0.02018715375321133, 0.018776348968557302]}, "coverage": {"637_fri_c1_500_50": [0.06000000000000005, 0.13, 0.010000000000000009, 0.050000000000000044, 0.010000000000000009]}, "complexity": {"637_fri_c1_500_50": [31, 35, 31, 19, 17]}, "tau": 0.9}, "LinearQuantile": {"losses": {"637_fri_c1_500_50": [0.06694930670934678, 0.0838097037667098, 0.09375095233747267, 0.11262871443267258, 0.08029173337099033]}, "coverage": {"637_fri_c1_500_50": [0.42000000000000004, 0.44, 0.45, 0.5, 0.42000000000000004]}, "complexity": {"637_fri_c1_500_50": [50, 50, 50, 50, 50]}, "tau": 0.9}}