{"SQR": {"losses": {"4544_GeographicalOriginalofMusic": [0.02881860659888259, 0.03522151025724059, 0.028094347160979985, 0.03238620213723718, 0.029988877989073796]}, "coverage": {"4544_GeographicalOriginalofMusic": [0.4188679245283019, 0.4188679245283019, 0.4330188679245283, 0.42830188679245285, 0.3881516587677726]}, "complexity": {"4544_GeographicalOriginalofMusic": [4, 3, 4, 5, 4]}, "tau": 0.5}, "LightGBM": {"losses": {"4544_GeographicalOriginalofMusic": [0.029116052240317852, 0.03517277813976351, 0.036568876178499604, 0.033967230331261006, 0.02813359748415271]}, "coverage": {"4544_GeographicalOriginalofMusic": [0.38113207547169814, 0.46132075471698114, 0.4, 0.38584905660377355, 0.3407582938388626]}, "tau": 0.5}, "DecisionTree": {"losses": {"4544_GeographicalOriginalofMusic": [0.029671018437400182, 0.03647155427644313, 0.040348660651513574, 0.03277896206026986, 0.0336675180549323]}, "coverage": {"4544_GeographicalOriginalofMusic": [0.38584905660377355, 0.4849056603773585, 0.40943396226415096, 0.3952830188679245, 0.3644549763033176]}, "complexity": {"4544_GeographicalOriginalofMusic": [29, 59, 67, 35, 27]}, "tau": 0.5}, "LinearQuantile": {"losses": {"4544_GeographicalOriginalofMusic": [0.024377540751568467, 0.026618231599209025, 0.02414761859082673, 0.027437003121613103, 0.021969585048771317]}, "coverage": {"4544_GeographicalOriginalofMusic": [0.44245283018867926, 0.46132075471698114, 0.4, 0.4, 0.35023696682464456]}, "complexity": {"4544_GeographicalOriginalofMusic": [117, 117, 117, 117, 117]}, "tau": 0.5}}