{"SQR": {"losses": {"215_2dplanes": [0.025225231502582778, 0.021900628211755313, 0.025866883964601045, 0.03370631644344722, 0.032773074709275075]}, "coverage": {"215_2dplanes": [0.4038018150600932, 0.33684081432425805, 0.40355653666911945, 0.4080338525696063, 0.39478719489758374]}, "complexity": {"215_2dplanes": [13, 12, 13, 10, 9]}, "tau": 0.5}, "LightGBM": {"losses": {"215_2dplanes": [0.01869647898453776, 0.01903837562462061, 0.018627871706983472, 0.01880432014078822, 0.018321402659898255]}, "coverage": {"215_2dplanes": [0.39828305126318375, 0.40441501103752764, 0.3976698552857494, 0.400061327118852, 0.39466454065987977]}, "tau": 0.5}, "DecisionTree": {"losses": {"215_2dplanes": [0.016306587603936707, 0.01667002639556816, 0.016315277510871237, 0.016347463308240162, 0.016104987958810765]}, "coverage": {"215_2dplanes": [0.3991415256315919, 0.4012263919548688, 0.3977924944812362, 0.40447687967619284, 0.3956457745615112]}, "complexity": {"215_2dplanes": [1053, 1067, 981, 971, 997]}, "tau": 0.5}, "LinearQuantile": {"losses": {"215_2dplanes": [0.03874369845961661, 0.038565301224580115, 0.038873546002722116, 0.038497899141284, 0.0383760392045816]}, "coverage": {"215_2dplanes": [0.4, 0.3977924944812362, 0.39791513367672315, 0.40582607629093587, 0.3961363915123268]}, "complexity": {"215_2dplanes": [29, 29, 29, 29, 29]}, "tau": 0.5}}