{"SQR": {"losses": {"641_fri_c1_500_10": [0.012033907478448387, 0.014463801630936546, 0.01572906063071164, 0.01272225535435462, 0.011363253372090345]}, "coverage": {"641_fri_c1_500_10": [0.31000000000000005, 0.30000000000000004, 0.32000000000000006, 0.30000000000000004, 0.24]}, "complexity": {"641_fri_c1_500_10": [15, 13, 15, 13, 13]}, "tau": 0.5}, "LightGBM": {"losses": {"641_fri_c1_500_10": [0.041127966451338795, 0.03592906315707199, 0.036713673138201446, 0.03801534483918547, 0.034352149980887495]}, "coverage": {"641_fri_c1_500_10": [0.41000000000000003, 0.42000000000000004, 0.41000000000000003, 0.44, 0.35]}, "tau": 0.5}, "DecisionTree": {"losses": {"641_fri_c1_500_10": [0.04200376236582844, 0.037494502605249384, 0.03763114697753879, 0.038912815719128364, 0.03850553901867825]}, "coverage": {"641_fri_c1_500_10": [0.48000000000000004, 0.43000000000000005, 0.4, 0.4, 0.45]}, "complexity": {"641_fri_c1_500_10": [161, 159, 159, 163, 167]}, "tau": 0.5}, "LinearQuantile": {"losses": {"641_fri_c1_500_10": [0.08566597676545448, 0.08122988305236566, 0.0626566823476056, 0.08621271990555641, 0.06941393953933568]}, "coverage": {"641_fri_c1_500_10": [0.49000000000000005, 0.44, 0.47000000000000003, 0.5, 0.4]}, "complexity": {"641_fri_c1_500_10": [10, 10, 10, 10, 10]}, "tau": 0.5}}