{"SQR": {"losses": {"579_fri_c0_250_5": [0.011170136993427025, 0.01503195618935852, 0.011367276263561696, 0.015857543914857334, 0.011621047052247067]}, "coverage": {"579_fri_c0_250_5": [0.020000000000000018, 0.040000000000000036, 0.08000000000000007, 0.020000000000000018, 0.020000000000000018]}, "complexity": {"579_fri_c0_250_5": [9, 10, 13, 9, 9]}, "time_all": {"579_fri_c0_250_5": [362.5448615550995, 341.53422951698303, 341.2784776687622, 357.96746301651, 340.48429322242737]}, "time_fit": {"579_fri_c0_250_5": [362.5448615550995, 341.53422951698303, 341.2784776687622, 357.96746301651, 340.48429322242737]}, "sizes": {"579_fri_c0_250_5": []}, "tau": 0.9}, "LightGBM": {"losses": {"579_fri_c0_250_5": [0.02234423137875488, 0.030217441077129207, 0.029213657884309196, 0.026840486321433675, 0.029792419116087213]}, "coverage": {"579_fri_c0_250_5": [0.040000000000000036, 0.020000000000000018, 0.040000000000000036, 0.020000000000000018, 0.0]}, "time_all": {"579_fri_c0_250_5": [0.16559553146362305, 0.11578559875488281, 0.09776687622070312, 0.1027367115020752, 0.09218955039978027]}, "time_fit": {"579_fri_c0_250_5": [0.01894831657409668, 0.02789783477783203, 0.0214691162109375, 0.022704601287841797, 0.01612377166748047]}, "sizes": {"579_fri_c0_250_5": []}, "tau": 0.9}, "DecisionTree": {"losses": {"579_fri_c0_250_5": [0.024407078559304237, 0.029283698889141917, 0.03781087985346462, 0.02802694903498265, 0.026101897618370402]}, "coverage": {"579_fri_c0_250_5": [0.09999999999999998, 0.040000000000000036, 0.09999999999999998, 0.06000000000000005, 0.040000000000000036]}, "complexity": {"579_fri_c0_250_5": [33, 33, 5, 33, 9]}, "time_all": {"579_fri_c0_250_5": [0.05000782012939453, 0.026571273803710938, 0.024891138076782227, 0.026189565658569336, 0.025487184524536133]}, "time_fit": {"579_fri_c0_250_5": [0.0047130584716796875, 0.0024280548095703125, 0.0011301040649414062, 0.002456188201904297, 0.001359701156616211]}, "sizes": {"579_fri_c0_250_5": []}, "tau": 0.9}, "LinearQuantile": {"losses": {"579_fri_c0_250_5": [0.05245004934261034, 0.048511285299686395, 0.05766569166282957, 0.03947524411879031, 0.042914602955644705]}, "coverage": {"579_fri_c0_250_5": [0.5, 0.44, 0.42000000000000004, 0.42000000000000004, 0.5]}, "complexity": {"579_fri_c0_250_5": [5, 5, 5, 5, 5]}, "time_all": {"579_fri_c0_250_5": [0.11414027214050293, 0.2681560516357422, 0.14535045623779297, 0.1053304672241211, 0.0673065185546875]}, "time_fit": {"579_fri_c0_250_5": [0.009430646896362305, 0.023923873901367188, 0.012912988662719727, 0.009182929992675781, 0.0057888031005859375]}, "sizes": {"579_fri_c0_250_5": []}, "tau": 0.9}}