{"SQR": {"losses": {"649_fri_c0_500_5": [0.02170567367870708, 0.02994228668356573, 0.02121726564701139, 0.018460071847868013, 0.01833935559548721]}, "coverage": {"649_fri_c0_500_5": [0.12, 0.020000000000000018, 0.06999999999999995, 0.07999999999999996, 0.06]}, "complexity": {"649_fri_c0_500_5": [15, 11, 14, 13, 15]}, "time_all": {"649_fri_c0_500_5": [423.9653322696686, 456.6933557987213, 405.1019024848938, 442.18161487579346, 449.16925621032715]}, "time_fit": {"649_fri_c0_500_5": [423.9653322696686, 456.6933557987213, 405.1019024848938, 442.18161487579346, 449.16925621032715]}, "sizes": {"649_fri_c0_500_5": []}, "tau": 0.5}, "LightGBM": {"losses": {"649_fri_c0_500_5": [0.03924644707856422, 0.037709877079715744, 0.03245771166620408, 0.03040655656863204, 0.03352205376399304]}, "coverage": {"649_fri_c0_500_5": [0.16999999999999998, 0.010000000000000009, 0.08999999999999997, 0.06000000000000005, 0.0]}, "time_all": {"649_fri_c0_500_5": [0.18839359283447266, 0.18197298049926758, 0.18602466583251953, 0.18294858932495117, 0.20644879341125488]}, "time_fit": {"649_fri_c0_500_5": [0.04499983787536621, 0.04167580604553223, 0.042308807373046875, 0.041761159896850586, 0.0597538948059082]}, "sizes": {"649_fri_c0_500_5": []}, "tau": 0.5}, "DecisionTree": {"losses": {"649_fri_c0_500_5": [0.04009959138049299, 0.044021950469661494, 0.035819976938040794, 0.033273437467426704, 0.03777717973693649]}, "coverage": {"649_fri_c0_500_5": [0.09000000000000002, 0.010000000000000009, 0.010000000000000009, 0.020000000000000018, 0.030000000000000027]}, "complexity": {"649_fri_c0_500_5": [65, 165, 155, 161, 163]}, "time_all": {"649_fri_c0_500_5": [0.03953814506530762, 0.04322552680969238, 0.043248653411865234, 0.04376816749572754, 0.08201265335083008]}, "time_fit": {"649_fri_c0_500_5": [0.0041179656982421875, 0.007947683334350586, 0.0075490474700927734, 0.007811307907104492, 0.015058517456054688]}, "sizes": {"649_fri_c0_500_5": []}, "tau": 0.5}, "LinearQuantile": {"losses": {"649_fri_c0_500_5": [0.03312501712084588, 0.03775773503361795, 0.03627197787051786, 0.029960613335176384, 0.03183668754254139]}, "coverage": {"649_fri_c0_500_5": [0.08000000000000002, 0.07, 0.030000000000000027, 0.020000000000000018, 0.030000000000000027]}, "complexity": {"649_fri_c0_500_5": [5, 5, 5, 5, 5]}, "time_all": {"649_fri_c0_500_5": [0.07987761497497559, 0.12059235572814941, 0.06403803825378418, 0.3608577251434326, 0.41634035110473633]}, "time_fit": {"649_fri_c0_500_5": [0.007177829742431641, 0.010663986206054688, 0.005545616149902344, 0.03237199783325195, 0.03694891929626465]}, "sizes": {"649_fri_c0_500_5": []}, "tau": 0.5}}