{"SQR": {"losses": {"644_fri_c4_250_25": [0.010002785656025021, 0.009116614652798715, 0.008021005773090336, 0.008061257722373004, 0.017751178990443678]}, "coverage": {"644_fri_c4_250_25": [0.039999999999999925, 0.08000000000000007, 0.0, 0.040000000000000036, 0.06000000000000005]}, "complexity": {"644_fri_c4_250_25": [8, 11, 12, 12, 8]}, "time_all": {"644_fri_c4_250_25": [435.4603183269501, 406.7716715335846, 403.7131721973419, 426.34877610206604, 423.03563690185547]}, "time_fit": {"644_fri_c4_250_25": [435.4603183269501, 406.7716715335846, 403.7131721973419, 426.34877610206604, 423.03563690185547]}, "sizes": {"644_fri_c4_250_25": []}, "tau": 0.9}, "LightGBM": {"losses": {"644_fri_c4_250_25": [0.017772465132169984, 0.02119718248668477, 0.023544997523870397, 0.026489381656404565, 0.02038533511645675]}, "coverage": {"644_fri_c4_250_25": [0.020000000000000018, 0.020000000000000018, 0.06000000000000005, 0.08000000000000007, 0.040000000000000036]}, "time_all": {"644_fri_c4_250_25": [0.17500734329223633, 0.10667800903320312, 0.1251842975616455, 0.1319417953491211, 0.10424518585205078]}, "time_fit": {"644_fri_c4_250_25": [0.02991199493408203, 0.02441573143005371, 0.030015230178833008, 0.030549287796020508, 0.023726701736450195]}, "sizes": {"644_fri_c4_250_25": []}, "tau": 0.9}, "DecisionTree": {"losses": {"644_fri_c4_250_25": [0.018101860448064274, 0.022496601792533957, 0.02014259074295624, 0.02416517029125144, 0.020323906863765017]}, "coverage": {"644_fri_c4_250_25": [0.040000000000000036, 0.0, 0.0, 0.040000000000000036, 0.14]}, "complexity": {"644_fri_c4_250_25": [7, 7, 9, 9, 39]}, "time_all": {"644_fri_c4_250_25": [0.06731224060058594, 0.034981727600097656, 0.03581500053405762, 0.07027745246887207, 0.03660726547241211]}, "time_fit": {"644_fri_c4_250_25": [0.0036928653717041016, 0.0018343925476074219, 0.002049684524536133, 0.0041849613189697266, 0.00403904914855957]}, "sizes": {"644_fri_c4_250_25": []}, "tau": 0.9}, "LinearQuantile": {"losses": {"644_fri_c4_250_25": [0.08369150705834759, 0.06686325172082205, 0.09169705222630442, 0.09690907256875815, 0.07533725352255209]}, "coverage": {"644_fri_c4_250_25": [0.54, 0.4, 0.4, 0.4, 0.38]}, "complexity": {"644_fri_c4_250_25": [25, 25, 25, 25, 25]}, "time_all": {"644_fri_c4_250_25": [3.543962240219116, 0.2188398838043213, 1.7125933170318604, 0.9789564609527588, 0.594440221786499]}, "time_fit": {"644_fri_c4_250_25": [0.24627447128295898, 0.0199129581451416, 0.1552424430847168, 0.0876319408416748, 0.05384945869445801]}, "sizes": {"644_fri_c4_250_25": []}, "tau": 0.9}}