{"SQR": {"losses": {"561_cpu": [0.004744087361686766, 0.0048050047318839014, 0.0021784361121725835, 0.004721441981741619, 0.004768105413663091]}, "coverage": {"561_cpu": [0.023809523809523836, 0.0, 0.023809523809523836, 0.09523809523809523, 0.08536585365853655]}, "complexity": {"561_cpu": [10, 12, 13, 8, 10]}, "time_all": {"561_cpu": [320.98854660987854, 316.37164664268494, 332.1797077655792, 332.8454065322876, 325.1294119358063]}, "time_fit": {"561_cpu": [320.98854660987854, 316.37164664268494, 332.1797077655792, 332.8454065322876, 325.1294119358063]}, "sizes": {"561_cpu": []}, "tau": 0.5}, "LightGBM": {"losses": {"561_cpu": [0.021644955838193123, 0.014804422003962724, 0.00822861822211378, 0.009414142105205416, 0.0040629802137258425]}, "coverage": {"561_cpu": [0.0714285714285714, 0.023809523809523836, 0.26190476190476186, 0.16666666666666663, 0.1097560975609756]}, "time_all": {"561_cpu": [0.09213399887084961, 0.11135268211364746, 0.10868263244628906, 0.09277701377868652, 0.11261630058288574]}, "time_fit": {"561_cpu": [0.021914243698120117, 0.026758909225463867, 0.024825096130371094, 0.021996259689331055, 0.02580714225769043]}, "sizes": {"561_cpu": []}, "tau": 0.5}, "DecisionTree": {"losses": {"561_cpu": [0.018426585679243077, 0.009247362068294202, 0.006375812794455476, 0.00800626873807577, 0.0037841772530562592]}, "coverage": {"561_cpu": [0.16666666666666663, 0.11904761904761907, 0.04761904761904767, 0.0714285714285714, 0.1585365853658537]}, "complexity": {"561_cpu": [69, 69, 31, 63, 29]}, "time_all": {"561_cpu": [0.023891210556030273, 0.02483201026916504, 0.03210163116455078, 0.023458242416381836, 0.044493675231933594]}, "time_fit": {"561_cpu": [0.00354766845703125, 0.003554821014404297, 0.0029997825622558594, 0.003295421600341797, 0.004094839096069336]}, "sizes": {"561_cpu": []}, "tau": 0.5}, "LinearQuantile": {"losses": {"561_cpu": [0.014342117204803956, 0.01210353223726274, 0.005660601715175752, 0.0067917774019305285, 0.005558459187199018]}, "coverage": {"561_cpu": [0.023809523809523836, 0.0, 0.0714285714285714, 0.1428571428571429, 0.012195121951219523]}, "complexity": {"561_cpu": [7, 7, 7, 7, 7]}, "time_all": {"561_cpu": [0.07790517807006836, 0.25975942611694336, 0.2911968231201172, 0.11174583435058594, 0.10512018203735352]}, "time_fit": {"561_cpu": [0.007065773010253906, 0.023337841033935547, 0.023702621459960938, 0.00988626480102539, 0.008624792098999023]}, "sizes": {"561_cpu": []}, "tau": 0.5}}