{"SQR": {"losses": {"225_puma8NH": [0.023820206343582874, 0.022709109158444013, 0.022961637851402657, 0.022818195099633204, 0.022155251683950144]}, "coverage": {"225_puma8NH": [0.011653447223917035, 0.010311165344722317, 0.001098901098901095, 0.005372405372405353, 0.002564102564102555]}, "complexity": {"225_puma8NH": [4, 4, 4, 4, 5]}, "tau": 0.9}, "LightGBM": {"losses": {"225_puma8NH": [0.023132288508212685, 0.02154698887868266, 0.022046278353045557, 0.021889797218510355, 0.021379763179558756]}, "coverage": {"225_puma8NH": [0.007382550335570448, 0.016412446613788823, 0.009645909645909612, 0.00073260073260073, 0.02063492063492056]}, "tau": 0.9}, "DecisionTree": {"losses": {"225_puma8NH": [0.02319822132459719, 0.02157296486329018, 0.022404537717621163, 0.02161349377369081, 0.02115872829678733]}, "coverage": {"225_puma8NH": [0.03239780353874311, 0.023245881635143406, 0.012942612942613008, 0.03308913308913308, 0.01904761904761909]}, "complexity": {"225_puma8NH": [203, 227, 203, 207, 211]}, "tau": 0.9}, "LinearQuantile": {"losses": {"225_puma8NH": [0.09738842154262958, 0.09610681267955579, 0.09220987794786278, 0.0933650188674428, 0.09496202612290405]}, "coverage": {"225_puma8NH": [0.5241610738255034, 0.5143990237949969, 0.4927960927960928, 0.4897435897435898, 0.5037851037851038]}, "complexity": {"225_puma8NH": [8, 8, 8, 8, 8]}, "tau": 0.9}}