{"SQR": {"losses": {"643_fri_c2_500_25": [0.016673334762748522, 0.011180946337665162, 0.01415173547999691, 0.012712980986708946, 0.01052129538628272]}, "coverage": {"643_fri_c2_500_25": [0.08000000000000007, 0.039999999999999925, 0.010000000000000009, 0.0, 0.039999999999999925]}, "complexity": {"643_fri_c2_500_25": [9, 10, 8, 10, 15]}, "tau": 0.9}, "LightGBM": {"losses": {"643_fri_c2_500_25": [0.02760912812636945, 0.02349751476376277, 0.02128634591755726, 0.020102007042447773, 0.021486302355511026]}, "coverage": {"643_fri_c2_500_25": [0.08000000000000007, 0.040000000000000036, 0.010000000000000009, 0.050000000000000044, 0.0]}, "tau": 0.9}, "DecisionTree": {"losses": {"643_fri_c2_500_25": [0.021956557239522376, 0.017208239320999217, 0.018825389997543185, 0.02077663402167121, 0.018359491446491603]}, "coverage": {"643_fri_c2_500_25": [0.08000000000000007, 0.06000000000000005, 0.030000000000000027, 0.030000000000000027, 0.020000000000000018]}, "complexity": {"643_fri_c2_500_25": [29, 63, 19, 11, 29]}, "tau": 0.9}, "LinearQuantile": {"losses": {"643_fri_c2_500_25": [0.09929103844150107, 0.08754994746243105, 0.07292531813189214, 0.07939218604326462, 0.07902340513000881]}, "coverage": {"643_fri_c2_500_25": [0.49000000000000005, 0.44, 0.45, 0.49000000000000005, 0.39]}, "complexity": {"643_fri_c2_500_25": [25, 25, 25, 25, 25]}, "tau": 0.9}}