{"SQR": {"losses": {"596_fri_c2_250_5": [0.02849164990412101, 0.024655166347516248, 0.022541673072589006, 0.021477147275904426, 0.025583079530129404]}, "coverage": {"596_fri_c2_250_5": [0.08000000000000002, 0.0, 0.040000000000000036, 0.0, 0.0]}, "complexity": {"596_fri_c2_250_5": [12, 16, 14, 14, 13]}, "time_all": {"596_fri_c2_250_5": [391.1020097732544, 386.49212193489075, 395.9196619987488, 397.4650456905365, 363.1157078742981]}, "time_fit": {"596_fri_c2_250_5": [391.1020097732544, 386.49212193489075, 395.9196619987488, 397.4650456905365, 363.1157078742981]}, "sizes": {"596_fri_c2_250_5": []}, "tau": 0.5}, "LightGBM": {"losses": {"596_fri_c2_250_5": [0.05771893762468531, 0.03962850568716936, 0.052589541279440856, 0.057836348873656934, 0.040835059903741915]}, "coverage": {"596_fri_c2_250_5": [0.06, 0.020000000000000018, 0.040000000000000036, 0.14, 0.12]}, "time_all": {"596_fri_c2_250_5": [0.1332378387451172, 0.11363053321838379, 0.11299753189086914, 0.1360161304473877, 0.13909101486206055]}, "time_fit": {"596_fri_c2_250_5": [0.03335690498352051, 0.027966976165771484, 0.02721405029296875, 0.03436923027038574, 0.0352935791015625]}, "sizes": {"596_fri_c2_250_5": []}, "tau": 0.5}, "DecisionTree": {"losses": {"596_fri_c2_250_5": [0.06201734658266977, 0.043667229101641676, 0.06114339889752587, 0.05762097976459203, 0.04399878784254773]}, "coverage": {"596_fri_c2_250_5": [0.06, 0.020000000000000018, 0.020000000000000018, 0.12, 0.020000000000000018]}, "complexity": {"596_fri_c2_250_5": [77, 9, 81, 35, 35]}, "time_all": {"596_fri_c2_250_5": [0.027593612670898438, 0.024701356887817383, 0.02747178077697754, 0.042107343673706055, 0.026196002960205078]}, "time_fit": {"596_fri_c2_250_5": [0.0040357112884521484, 0.0013325214385986328, 0.004174470901489258, 0.004601716995239258, 0.002439737319946289]}, "sizes": {"596_fri_c2_250_5": []}, "tau": 0.5}, "LinearQuantile": {"losses": {"596_fri_c2_250_5": [0.09059111961225906, 0.07819444216185271, 0.09775508486853851, 0.08450264899173977, 0.08421211117679805]}, "coverage": {"596_fri_c2_250_5": [0.040000000000000036, 0.020000000000000018, 0.040000000000000036, 0.09999999999999998, 0.12]}, "complexity": {"596_fri_c2_250_5": [5, 5, 5, 5, 5]}, "time_all": {"596_fri_c2_250_5": [0.44512081146240234, 0.08069920539855957, 0.060280561447143555, 0.13683223724365234, 0.07006955146789551]}, "time_fit": {"596_fri_c2_250_5": [0.039888858795166016, 0.007077693939208984, 0.005167484283447266, 0.011785507202148438, 0.0060312747955322266]}, "sizes": {"596_fri_c2_250_5": []}, "tau": 0.5}}