{"SQR": {"losses": {"227_cpu_small": [0.012237273223306061, 0.012432870202654676, 0.012062944219162746, 0.013408127948788448, 0.014163756590909007]}, "coverage": {"227_cpu_small": [0.3954240390482001, 0.39725442342892014, 0.41892551892551894, 0.37313797313797314, 0.38656898656898664]}, "complexity": {"227_cpu_small": [6, 6, 6, 5, 4]}, "tau": 0.5}, "LightGBM": {"losses": {"227_cpu_small": [0.011740749484829277, 0.010438288995841963, 0.010605199154407522, 0.01068427219825791, 0.010588000728863074]}, "coverage": {"227_cpu_small": [0.45399633923123855, 0.4094569859670531, 0.41404151404151407, 0.4250305250305251, 0.4067155067155067]}, "tau": 0.5}, "DecisionTree": {"losses": {"227_cpu_small": [0.01177824615896611, 0.011511083994305473, 0.011515953182619849, 0.010292176958843624, 0.010651693985027319]}, "coverage": {"227_cpu_small": [0.32647956070774864, 0.30085417937766934, 0.3255189255189256, 0.3035409035409036, 0.2858363858363858]}, "complexity": {"227_cpu_small": [483, 1133, 493, 499, 1113]}, "tau": 0.5}, "LinearQuantile": {"losses": {"227_cpu_small": [0.07857560315674937, 0.07952331855420615, 0.08160213873184885, 0.07883503032883737, 0.07842423291614098]}, "coverage": {"227_cpu_small": [0.4594874923733984, 0.44850518608907874, 0.4573870573870574, 0.4628815628815629, 0.4561660561660562]}, "complexity": {"227_cpu_small": [12, 12, 12, 12, 12]}, "tau": 0.5}}