{"SQR": {"losses": {"527_analcatdata_election2000": [0.0, 0.0, 0.0, 0.0, 0.0]}, "coverage": {"527_analcatdata_election2000": [0.5, 0.5, 0.5, 0.5, 0.5]}, "complexity": {"527_analcatdata_election2000": [15, 15, 17, 15, 14]}, "time_all": {"527_analcatdata_election2000": [247.39615201950073, 250.08401918411255, 255.45767617225647, 267.6561350822449, 264.423143863678]}, "time_fit": {"527_analcatdata_election2000": [247.39615201950073, 250.08401918411255, 255.45767617225647, 267.6561350822449, 264.423143863678]}, "sizes": {"527_analcatdata_election2000": []}, "tau": 0.5}, "LightGBM": {"losses": {"527_analcatdata_election2000": [0.08794555701706605, 0.00692872816562133, 0.023131629968058544, 0.03458350372905025, 0.03073226060790554]}, "coverage": {"527_analcatdata_election2000": [0.2142857142857143, 0.0, 0.11538461538461542, 0.11538461538461542, 0.11538461538461542]}, "time_all": {"527_analcatdata_election2000": [0.05067324638366699, 0.04995250701904297, 0.051466941833496094, 0.050924062728881836, 0.0554044246673584]}, "time_fit": {"527_analcatdata_election2000": [0.012121438980102539, 0.011770248413085938, 0.012176513671875, 0.012127161026000977, 0.011909723281860352]}, "sizes": {"527_analcatdata_election2000": []}, "tau": 0.5}, "DecisionTree": {"losses": {"527_analcatdata_election2000": [0.05767626133750107, 0.005960821966512476, 0.01589403907476134, 0.00535124210039306, 0.020589581393122728]}, "coverage": {"527_analcatdata_election2000": [0.14285714285714285, 0.2142857142857143, 0.11538461538461542, 0.11538461538461536, 0.2692307692307693]}, "complexity": {"527_analcatdata_election2000": [19, 23, 9, 21, 19]}, "time_all": {"527_analcatdata_election2000": [0.017151594161987305, 0.01767897605895996, 0.01682758331298828, 0.017329931259155273, 0.023801326751708984]}, "time_fit": {"527_analcatdata_election2000": [0.0016636848449707031, 0.0018246173858642578, 0.0012476444244384766, 0.001753091812133789, 0.0024442672729492188]}, "sizes": {"527_analcatdata_election2000": []}, "tau": 0.5}, "LinearQuantile": {"losses": {"527_analcatdata_election2000": [1.3518050508803678e-12, 4.232265845157954e-12, 4.652456921086764e-14, 2.489220864598661e-12, 1.818331925259146e-13]}, "coverage": {"527_analcatdata_election2000": [0.5, 0.5, 0.5, 0.5, 0.5]}, "complexity": {"527_analcatdata_election2000": [14, 14, 14, 14, 14]}, "time_all": {"527_analcatdata_election2000": [0.015900850296020508, 0.01586294174194336, 0.01606893539428711, 0.01602768898010254, 0.022821903228759766]}, "time_fit": {"527_analcatdata_election2000": [0.0011131763458251953, 0.0011107921600341797, 0.0011260509490966797, 0.0011157989501953125, 0.0016062259674072266]}, "sizes": {"527_analcatdata_election2000": []}, "tau": 0.5}}