{"SQR": {"losses": {"562_cpu_small": [0.006389822199294461, 0.005652240223638963, 0.006486512487534699, 0.0064360899466797345, 0.006567901895412088]}, "coverage": {"562_cpu_small": [0.005430140329469202, 0.012873703477730314, 0.006837606837606813, 0.007203907203907178, 0.008424908424908395]}, "complexity": {"562_cpu_small": [4, 6, 4, 4, 4]}, "tau": 0.9}, "LightGBM": {"losses": {"562_cpu_small": [0.008710242803357566, 0.00916250504074613, 0.009165276715070976, 0.009599249798530395, 0.010202332670121318]}, "coverage": {"562_cpu_small": [0.006162294081757169, 0.011531421598535707, 0.0031746031746031633, 0.018803418803418737, 0.03284493284493284]}, "tau": 0.9}, "DecisionTree": {"losses": {"562_cpu_small": [0.005075711353929779, 0.0047612796667098065, 0.004859461526128192, 0.004578384578384578, 0.004772511439178105]}, "coverage": {"562_cpu_small": [0.007382550335570448, 0.001159243441122615, 0.007814407814407787, 0.01819291819291813, 0.02124542124542117]}, "complexity": {"562_cpu_small": [209, 313, 215, 225, 277]}, "tau": 0.9}, "LinearQuantile": {"losses": {"562_cpu_small": [0.033895035216421954, 0.03230507291279727, 0.03167368482457748, 0.032113803835288425, 0.031219120916313008]}, "coverage": {"562_cpu_small": [0.02934716290420991, 0.03239780353874311, 0.039804639804639774, 0.04285714285714293, 0.025763125763125783]}, "complexity": {"562_cpu_small": [12, 12, 12, 12, 12]}, "tau": 0.9}}