{"SQR": {"losses": {"644_fri_c4_250_25": [0.012140427235365618, 0.027987302319853725, 0.0167751184658343, 0.02166050178529172, 0.016243120951435673]}, "coverage": {"644_fri_c4_250_25": [0.040000000000000036, 0.040000000000000036, 0.08000000000000002, 0.08000000000000002, 0.0]}, "complexity": {"644_fri_c4_250_25": [11, 8, 14, 16, 13]}, "time_all": {"644_fri_c4_250_25": [421.79955673217773, 400.95396733283997, 417.72117352485657, 427.0998284816742, 421.7381753921509]}, "time_fit": {"644_fri_c4_250_25": [421.79955673217773, 400.95396733283997, 417.72117352485657, 427.0998284816742, 421.7381753921509]}, "sizes": {"644_fri_c4_250_25": []}, "tau": 0.5}, "LightGBM": {"losses": {"644_fri_c4_250_25": [0.03224192416598097, 0.040800947641149124, 0.037997986829892604, 0.045639672793133, 0.0355395490221608]}, "coverage": {"644_fri_c4_250_25": [0.040000000000000036, 0.09999999999999998, 0.08000000000000002, 0.0, 0.040000000000000036]}, "time_all": {"644_fri_c4_250_25": [0.14009928703308105, 0.13037753105163574, 0.14530611038208008, 0.12836909294128418, 0.12546873092651367]}, "time_fit": {"644_fri_c4_250_25": [0.03320789337158203, 0.03290224075317383, 0.03608441352844238, 0.032355546951293945, 0.03126788139343262]}, "sizes": {"644_fri_c4_250_25": []}, "tau": 0.5}, "DecisionTree": {"losses": {"644_fri_c4_250_25": [0.04096843990508093, 0.044563163657123456, 0.047139218036098066, 0.046176426796649635, 0.04283499997922342]}, "coverage": {"644_fri_c4_250_25": [0.12, 0.020000000000000018, 0.020000000000000018, 0.020000000000000018, 0.020000000000000018]}, "complexity": {"644_fri_c4_250_25": [81, 79, 35, 37, 39]}, "time_all": {"644_fri_c4_250_25": [0.039182424545288086, 0.03865671157836914, 0.03766059875488281, 0.03767228126525879, 0.036336660385131836]}, "time_fit": {"644_fri_c4_250_25": [0.0062046051025390625, 0.005926609039306641, 0.0038688182830810547, 0.004008293151855469, 0.004006385803222656]}, "sizes": {"644_fri_c4_250_25": []}, "tau": 0.5}, "LinearQuantile": {"losses": {"644_fri_c4_250_25": [0.07020270890193266, 0.07379438401462138, 0.07916446019168294, 0.07974683759767844, 0.07592098986490463]}, "coverage": {"644_fri_c4_250_25": [0.020000000000000018, 0.040000000000000036, 0.020000000000000018, 0.020000000000000018, 0.040000000000000036]}, "complexity": {"644_fri_c4_250_25": [25, 25, 25, 25, 25]}, "time_all": {"644_fri_c4_250_25": [0.3263583183288574, 0.11509370803833008, 0.9383225440979004, 1.0772309303283691, 0.539370059967041]}, "time_fit": {"644_fri_c4_250_25": [0.029363632202148438, 0.0101470947265625, 0.08480548858642578, 0.09777498245239258, 0.04880356788635254]}, "sizes": {"644_fri_c4_250_25": []}, "tau": 0.5}}