{"SQR": {"losses": {"594_fri_c2_100_5": [0.046175983885923005, 0.02728390839102705, 0.033636194917575524, 0.04815111340643448, 0.035987634813383976]}, "coverage": {"594_fri_c2_100_5": [0.0, 0.09999999999999998, 0.050000000000000044, 0.3, 0.15000000000000002]}, "complexity": {"594_fri_c2_100_5": [9, 15, 16, 9, 15]}, "time_all": {"594_fri_c2_100_5": [302.3665015697479, 319.560227394104, 316.2965624332428, 310.4429974555969, 324.7030336856842]}, "time_fit": {"594_fri_c2_100_5": [302.3665015697479, 319.560227394104, 316.2965624332428, 310.4429974555969, 324.7030336856842]}, "sizes": {"594_fri_c2_100_5": []}, "tau": 0.5}, "LightGBM": {"losses": {"594_fri_c2_100_5": [0.08704783480257536, 0.06903215133614443, 0.05937448129134567, 0.05913632623172838, 0.07439258039352697]}, "coverage": {"594_fri_c2_100_5": [0.25, 0.15000000000000002, 0.09999999999999998, 0.04999999999999999, 0.09999999999999998]}, "time_all": {"594_fri_c2_100_5": [0.09816861152648926, 0.06118059158325195, 0.06890726089477539, 0.06562304496765137, 0.0669405460357666]}, "time_fit": {"594_fri_c2_100_5": [0.020366191864013672, 0.009574651718139648, 0.01561117172241211, 0.014424800872802734, 0.017201662063598633]}, "sizes": {"594_fri_c2_100_5": []}, "tau": 0.5}, "DecisionTree": {"losses": {"594_fri_c2_100_5": [0.03981941806865115, 0.06222405353338572, 0.05204980484981903, 0.053139505237090975, 0.07586350890292613]}, "coverage": {"594_fri_c2_100_5": [0.15000000000000002, 0.15000000000000002, 0.25, 0.04999999999999999, 0.19999999999999996]}, "complexity": {"594_fri_c2_100_5": [33, 33, 1, 5, 13]}, "time_all": {"594_fri_c2_100_5": [0.03818011283874512, 0.018432140350341797, 0.017586231231689453, 0.01691603660583496, 0.017870187759399414]}, "time_fit": {"594_fri_c2_100_5": [0.0043773651123046875, 0.002162456512451172, 0.0008137226104736328, 0.0010173320770263672, 0.0013499259948730469]}, "sizes": {"594_fri_c2_100_5": []}, "tau": 0.5}, "LinearQuantile": {"losses": {"594_fri_c2_100_5": [0.09849137078321346, 0.08379906742236692, 0.07204605774451463, 0.10965058201244048, 0.09971539305582437]}, "coverage": {"594_fri_c2_100_5": [0.19999999999999996, 0.25, 0.25, 0.04999999999999999, 0.09999999999999998]}, "complexity": {"594_fri_c2_100_5": [5, 5, 5, 5, 5]}, "time_all": {"594_fri_c2_100_5": [0.38127589225769043, 0.04520058631896973, 0.11617684364318848, 0.05115032196044922, 0.19149398803710938]}, "time_fit": {"594_fri_c2_100_5": [0.03319120407104492, 0.003821134567260742, 0.010228157043457031, 0.004340648651123047, 0.017056941986083984]}, "sizes": {"594_fri_c2_100_5": []}, "tau": 0.5}}