{"SQR": {"losses": {"201_pol": [0.04079205407593739, 0.04418145893466922, 0.04362525344052031, 0.039737231607592155, 0.03218531997830997]}, "coverage": {"201_pol": [0.028000000000000025, 0.014000000000000012, 0.010333333333333306, 0.005333333333333301, 0.02200000000000002]}, "complexity": {"201_pol": [12, 8, 8, 10, 7]}, "tau": 0.9}, "LightGBM": {"losses": {"201_pol": [0.07214333333333332, 0.07180666666666666, 0.07016666666666665, 0.07014333333333332, 0.07101333333333332]}, "coverage": {"201_pol": [0.09999999999999998, 0.09999999999999998, 0.09999999999999998, 0.09999999999999998, 0.09999999999999998]}, "tau": 0.9}, "DecisionTree": {"losses": {"201_pol": [0.006234999999999998, 0.005655666666666666, 0.007678666666666666, 0.006717333333333333, 0.005843666666666666]}, "coverage": {"201_pol": [0.07166666666666666, 0.07699999999999996, 0.06366666666666665, 0.06766666666666665, 0.07266666666666666]}, "complexity": {"201_pol": [627, 639, 615, 617, 601]}, "tau": 0.9}, "LinearQuantile": {"losses": {"201_pol": [0.04704892834457758, 0.048296551557363274, 0.04762774835674143, 0.04818267188632773, 0.04833311483421945]}, "coverage": {"201_pol": [0.010666666666666602, 0.0, 0.003666666666666707, 0.004666666666666708, 0.00666666666666671]}, "complexity": {"201_pol": [48, 48, 48, 48, 48]}, "tau": 0.9}}