{"SQR": {"losses": {"523_analcatdata_neavote": [0.01888891111111111, 0.021111366722222254, 0.026668923333333327, 0.01944454, 0.0383334722222222]}, "coverage": {"523_analcatdata_neavote": [0.35, 0.6000000000000001, 0.25, 0.20000000000000007, 0.30000000000000004]}, "complexity": {"523_analcatdata_neavote": [3, 3, 3, 3, 3]}, "tau": 0.5}, "LightGBM": {"losses": {"523_analcatdata_neavote": [0.02433974743232898, 0.06122942999082887, 0.059480835098174936, 0.03688719178345225, 0.04934406759108206]}, "coverage": {"523_analcatdata_neavote": [0.20000000000000007, 0.6000000000000001, 0.55, 0.4, 0.30000000000000004]}, "tau": 0.5}, "DecisionTree": {"losses": {"523_analcatdata_neavote": [0.018888888888888886, 0.021111111111111112, 0.026666666666666665, 0.019444444444444445, 0.038333333333333344]}, "coverage": {"523_analcatdata_neavote": [0.0, 0.0, 0.050000000000000044, 0.050000000000000044, 0.050000000000000044]}, "complexity": {"523_analcatdata_neavote": [3, 3, 3, 3, 3]}, "tau": 0.5}, "LinearQuantile": {"losses": {"523_analcatdata_neavote": [0.031888893823685864, 0.021111159799198698, 0.026666688559863944, 0.019666679000419882, 0.03833334492704156]}, "coverage": {"523_analcatdata_neavote": [0.25, 0.8, 0.75, 0.55, 0.6000000000000001]}, "complexity": {"523_analcatdata_neavote": [6, 6, 6, 6, 6]}, "tau": 0.5}}