{"SQR": {"losses": {"527_analcatdata_election2000": [0.0, 0.0, 0.0, 0.0, 0.0]}, "coverage": {"527_analcatdata_election2000": [0.09999999999999998, 0.09999999999999998, 0.09999999999999998, 0.09999999999999998, 0.09999999999999998]}, "complexity": {"527_analcatdata_election2000": [16, 16, 13, 16, 19]}, "tau": 0.9}, "LightGBM": {"losses": {"527_analcatdata_election2000": [0.09131087853320677, 0.014995553214059704, 0.014330981525265737, 0.029258181522249876, 0.02242656017608726]}, "coverage": {"527_analcatdata_election2000": [0.11428571428571432, 0.04285714285714293, 0.09999999999999998, 0.05384615384615388, 0.09999999999999998]}, "tau": 0.9}, "DecisionTree": {"losses": {"527_analcatdata_election2000": [0.04925944128202184, 0.0029391728485135783, 0.012703206108696994, 0.006282995877945713, 0.013149145775542477]}, "coverage": {"527_analcatdata_election2000": [0.4, 0.04285714285714293, 0.05384615384615388, 0.20769230769230773, 0.13076923076923075]}, "complexity": {"527_analcatdata_election2000": [19, 9, 9, 21, 19]}, "tau": 0.9}, "LinearQuantile": {"losses": {"527_analcatdata_election2000": [7.74758096227033e-13, 2.385079801897757e-13, 1.1037100967201342e-12, 1.876549724941228e-11, 3.283860095002843e-14]}, "coverage": {"527_analcatdata_election2000": [0.8285714285714286, 0.09999999999999998, 0.9, 0.9, 0.2846153846153846]}, "complexity": {"527_analcatdata_election2000": [14, 14, 14, 14, 14]}, "tau": 0.9}}