{"SQR": {"losses": {"561_cpu": [0.0008939361310305639, 0.007218880294118977, 0.0014480462799790533, 6.47908643008639e-05, 0.0012140953721582284]}, "coverage": {"561_cpu": [0.02857142857142858, 0.04285714285714293, 0.07619047619047614, 0.052380952380952306, 0.07073170731707323]}, "complexity": {"561_cpu": [15, 12, 10, 17, 8]}, "tau": 0.9}, "LightGBM": {"losses": {"561_cpu": [0.025381227799747944, 0.013612922826735895, 0.00904751932017986, 0.01109884752035595, 0.006424048036117435]}, "coverage": {"561_cpu": [0.02857142857142858, 0.052380952380952306, 0.052380952380952306, 0.07619047619047614, 0.09999999999999998]}, "tau": 0.9}, "DecisionTree": {"losses": {"561_cpu": [0.015651598333528013, 0.0032692831834287266, 0.005753027294319201, 0.005788264610832068, 0.004145144885627106]}, "coverage": {"561_cpu": [0.11428571428571432, 0.04285714285714293, 0.13809523809523816, 0.11428571428571432, 0.04634146341463419]}, "complexity": {"561_cpu": [69, 69, 63, 63, 29]}, "tau": 0.9}, "LinearQuantile": {"losses": {"561_cpu": [0.012009287048673102, 0.006164703124059404, 0.006183199450815106, 0.007219987350686099, 0.004822895901458507]}, "coverage": {"561_cpu": [0.01904761904761909, 0.02857142857142858, 0.004761904761904745, 0.052380952380952306, 0.02195121951219514]}, "complexity": {"561_cpu": [7, 7, 7, 7, 7]}, "tau": 0.9}}