{"SQR": {"losses": {"627_fri_c2_500_10": [0.018284154048375377, 0.018907924801826403, 0.017617148945050825, 0.01879577440384839, 0.030686422821761955]}, "coverage": {"627_fri_c2_500_10": [0.03999999999999998, 0.09000000000000002, 0.030000000000000027, 0.06000000000000005, 0.020000000000000018]}, "complexity": {"627_fri_c2_500_10": [18, 13, 16, 12, 12]}, "time_all": {"627_fri_c2_500_10": [484.8033456802368, 480.2416844367981, 479.71601271629333, 484.1859681606293, 512.6510825157166]}, "time_fit": {"627_fri_c2_500_10": [484.8033456802368, 480.2416844367981, 479.71601271629333, 484.1859681606293, 512.6510825157166]}, "sizes": {"627_fri_c2_500_10": []}, "tau": 0.5}, "LightGBM": {"losses": {"627_fri_c2_500_10": [0.035800527679641626, 0.027902605573001595, 0.03601839293055584, 0.03384149081309479, 0.03868376936669027]}, "coverage": {"627_fri_c2_500_10": [0.12, 0.030000000000000027, 0.03999999999999998, 0.13, 0.0]}, "time_all": {"627_fri_c2_500_10": [0.22435498237609863, 0.22426271438598633, 0.20283007621765137, 0.21497845649719238, 0.22594237327575684]}, "time_fit": {"627_fri_c2_500_10": [0.04826235771179199, 0.04832744598388672, 0.04797005653381348, 0.05503439903259277, 0.04802870750427246]}, "sizes": {"627_fri_c2_500_10": []}, "tau": 0.5}, "DecisionTree": {"losses": {"627_fri_c2_500_10": [0.03641981925545622, 0.037567804913862024, 0.03791246785100529, 0.037956012553642365, 0.0399853156404302]}, "coverage": {"627_fri_c2_500_10": [0.07, 0.03999999999999998, 0.0, 0.14, 0.020000000000000018]}, "complexity": {"627_fri_c2_500_10": [161, 71, 159, 71, 163]}, "time_all": {"627_fri_c2_500_10": [0.053743839263916016, 0.05033373832702637, 0.05346345901489258, 0.09326839447021484, 0.05388164520263672]}, "time_fit": {"627_fri_c2_500_10": [0.009280920028686523, 0.005489826202392578, 0.009140253067016602, 0.010391473770141602, 0.009372949600219727]}, "sizes": {"627_fri_c2_500_10": []}, "tau": 0.5}, "LinearQuantile": {"losses": {"627_fri_c2_500_10": [0.0732769965418293, 0.06336127996582917, 0.07284476016553856, 0.07356919623834685, 0.07761489928986477]}, "coverage": {"627_fri_c2_500_10": [0.030000000000000027, 0.010000000000000009, 0.020000000000000018, 0.010000000000000009, 0.07]}, "complexity": {"627_fri_c2_500_10": [10, 10, 10, 10, 10]}, "time_all": {"627_fri_c2_500_10": [0.09206295013427734, 0.12559270858764648, 0.13022708892822266, 0.15438508987426758, 0.3238332271575928]}, "time_fit": {"627_fri_c2_500_10": [0.008025407791137695, 0.011087417602539062, 0.011485576629638672, 0.013170242309570312, 0.02903914451599121]}, "sizes": {"627_fri_c2_500_10": []}, "tau": 0.5}}