{"SQR": {"losses": {"215_2dplanes": [0.00941971161861628, 0.01348372335847072, 0.010711460414600462, 0.012239233027014417, 0.01352007782311211]}, "coverage": {"215_2dplanes": [0.008167770419426068, 0.014765759136620038, 0.0027716458180034875, 0.013160799705629778, 0.020765362443272428]}, "complexity": {"215_2dplanes": [17, 10, 12, 15, 10]}, "time_all": {"215_2dplanes": [19813.95684313774, 20131.97967505455, 21725.962225914, 52363.6214389801, 64194.57754802704]}, "time_fit": {"215_2dplanes": [19813.95684313774, 20131.97967505455, 21725.962225914, 52363.6214389801, 64194.57754802704]}, "sizes": {"215_2dplanes": []}, "tau": 0.9}, "LightGBM": {"losses": {"215_2dplanes": [0.010198140699472382, 0.010157419699642603, 0.010447002447692111, 0.0103872814087441, 0.010378884688783882]}, "coverage": {"215_2dplanes": [0.04419916605347063, 0.04419916605347063, 0.0444444444444444, 0.04946645406598793, 0.04836256592665278]}, "time_all": {"215_2dplanes": [111.3459038734436, 41.47777509689331, 24.11118197441101, 2058.9993851184845, 31.003786087036133]}, "time_fit": {"215_2dplanes": [13.596801996231079, 3.0186028480529785, 1.953568935394287, 1010.1150500774384, 3.0509209632873535]}, "sizes": {"215_2dplanes": []}, "tau": 0.9}, "DecisionTree": {"losses": {"215_2dplanes": [0.007276507467112172, 0.007421742091360939, 0.00725937082455071, 0.007278768752577575, 0.007232790549766769]}, "coverage": {"215_2dplanes": [0.012337503065979916, 0.025582536178562654, 0.01871474123129757, 0.014068441064638781, 0.012228627499080158]}, "complexity": {"215_2dplanes": [973, 1067, 981, 971, 997]}, "time_all": {"215_2dplanes": [1.6915619373321533, 2.0003650188446045, 1.9972620010375977, 1.9317591190338135, 2.4521732330322266]}, "time_fit": {"215_2dplanes": [0.08607983589172363, 0.18355083465576172, 0.1184530258178711, 0.11435508728027344, 0.10540914535522461]}, "sizes": {"215_2dplanes": []}, "tau": 0.9}, "LinearQuantile": {"losses": {"215_2dplanes": [0.016200968941487662, 0.01622040049791387, 0.016301501571893997, 0.016084802962173805, 0.016430661709217798]}, "coverage": {"215_2dplanes": [0.00029433406916845595, 0.004733872945793527, 0.0006622516556291647, 0.001508647123758089, 0.0011897461057279735]}, "complexity": {"215_2dplanes": [29, 29, 29, 29, 29]}, "time_all": {"215_2dplanes": [16.903829097747803, 24.400295734405518, 8.705482006072998, 15.789016008377075, 12.038444757461548]}, "time_fit": {"215_2dplanes": [1.6174330711364746, 2.126222848892212, 0.8606698513031006, 1.5108919143676758, 1.0170109272003174]}, "sizes": {"215_2dplanes": []}, "tau": 0.9}}