{"SQR": {"losses": {"603_fri_c0_250_50": [0.009335758554518013, 0.01072533999011632, 0.009996405433483065, 0.008193031908853687, 0.008650085012070556]}, "coverage": {"603_fri_c0_250_50": [0.039999999999999925, 0.08000000000000007, 0.0, 0.020000000000000018, 0.0]}, "complexity": {"603_fri_c0_250_50": [9, 8, 9, 11, 12]}, "tau": 0.9}, "LightGBM": {"losses": {"603_fri_c0_250_50": [0.02123737121632131, 0.02778322005256228, 0.0234265286452028, 0.02452398551035449, 0.026002430025868238]}, "coverage": {"603_fri_c0_250_50": [0.039999999999999925, 0.08000000000000007, 0.040000000000000036, 0.06000000000000005, 0.0]}, "tau": 0.9}, "DecisionTree": {"losses": {"603_fri_c0_250_50": [0.0217778312224005, 0.0262273081823163, 0.022809598849513547, 0.022503197270323533, 0.029647389623554284]}, "coverage": {"603_fri_c0_250_50": [0.020000000000000018, 0.020000000000000018, 0.020000000000000018, 0.020000000000000018, 0.09999999999999998]}, "complexity": {"603_fri_c0_250_50": [5, 5, 9, 9, 35]}, "tau": 0.9}, "LinearQuantile": {"losses": {"603_fri_c0_250_50": [0.050597401289103776, 0.06146015232119362, 0.056053230626981705, 0.04544215096391465, 0.05260243100532019]}, "coverage": {"603_fri_c0_250_50": [0.5, 0.52, 0.5, 0.38, 0.42000000000000004]}, "complexity": {"603_fri_c0_250_50": [50, 50, 50, 50, 50]}, "tau": 0.9}}