{"SQR": {"losses": {"646_fri_c3_500_10": [0.010378950424394089, 0.011189183396879016, 0.009204488044182972, 0.007555015245295436, 0.005616175319328049]}, "coverage": {"646_fri_c3_500_10": [0.0, 0.040000000000000036, 0.0, 0.040000000000000036, 0.030000000000000027]}, "complexity": {"646_fri_c3_500_10": [11, 11, 13, 14, 15]}, "time_all": {"646_fri_c3_500_10": [475.4033558368683, 449.9327201843262, 458.7544631958008, 459.49796962738037, 463.28896951675415]}, "time_fit": {"646_fri_c3_500_10": [475.4033558368683, 449.9327201843262, 458.7544631958008, 459.49796962738037, 463.28896951675415]}, "sizes": {"646_fri_c3_500_10": []}, "tau": 0.9}, "LightGBM": {"losses": {"646_fri_c3_500_10": [0.014443240868719615, 0.018245658468215267, 0.017591099758752903, 0.016954376270822136, 0.020668823122341293]}, "coverage": {"646_fri_c3_500_10": [0.04999999999999993, 0.010000000000000009, 0.010000000000000009, 0.010000000000000009, 0.08000000000000007]}, "time_all": {"646_fri_c3_500_10": [0.2230544090270996, 0.16163206100463867, 0.15311002731323242, 0.1508934497833252, 0.16963434219360352]}, "time_fit": {"646_fri_c3_500_10": [0.04153919219970703, 0.038056135177612305, 0.03620505332946777, 0.03448653221130371, 0.03828024864196777]}, "sizes": {"646_fri_c3_500_10": []}, "tau": 0.9}, "DecisionTree": {"losses": {"646_fri_c3_500_10": [0.020639908984799754, 0.016252545055195765, 0.018982276631605934, 0.015754122600819216, 0.015555291034518349]}, "coverage": {"646_fri_c3_500_10": [0.06000000000000005, 0.15000000000000002, 0.040000000000000036, 0.06000000000000005, 0.09999999999999998]}, "complexity": {"646_fri_c3_500_10": [17, 67, 21, 19, 69]}, "time_all": {"646_fri_c3_500_10": [0.08973169326782227, 0.051100730895996094, 0.0465087890625, 0.04851841926574707, 0.07473301887512207]}, "time_fit": {"646_fri_c3_500_10": [0.0049817562103271484, 0.005513906478881836, 0.0028197765350341797, 0.0029344558715820312, 0.00796651840209961]}, "sizes": {"646_fri_c3_500_10": []}, "tau": 0.9}, "LinearQuantile": {"losses": {"646_fri_c3_500_10": [0.06157500154080219, 0.05536755414333968, 0.06887114340344397, 0.0572991013435339, 0.06261650843932243]}, "coverage": {"646_fri_c3_500_10": [0.4, 0.36, 0.47000000000000003, 0.45, 0.4]}, "complexity": {"646_fri_c3_500_10": [10, 10, 10, 10, 10]}, "time_all": {"646_fri_c3_500_10": [0.8941178321838379, 0.1603081226348877, 0.18204355239868164, 0.11490440368652344, 0.0969393253326416]}, "time_fit": {"646_fri_c3_500_10": [0.0796198844909668, 0.014299392700195312, 0.016181230545043945, 0.010114431381225586, 0.008110523223876953]}, "sizes": {"646_fri_c3_500_10": []}, "tau": 0.9}}