{"SQR": {"losses": {"562_cpu_small": [0.01519887752986802, 0.015571468700973406, 0.015111569848931654, 0.019911241642918222, 0.015147185794264478]}, "coverage": {"562_cpu_small": [0.008236729713239799, 0.0003050640634533197, 0.0024420024420024333, 0.04029304029304026, 0.013431013431013383]}, "complexity": {"562_cpu_small": [6, 6, 6, 4, 6]}, "time_all": {"562_cpu_small": [4463.953344583511, 4209.331728219986, 3909.297498703003, 4085.615705728531, 3973.817900657654]}, "time_fit": {"562_cpu_small": [4463.953344583511, 4209.331728219986, 3909.297498703003, 4085.615705728531, 3973.817900657654]}, "sizes": {"562_cpu_small": []}, "tau": 0.5}, "LightGBM": {"losses": {"562_cpu_small": [0.01735260199448861, 0.01625765109822213, 0.01620251630673882, 0.01731988515167253, 0.01901439664209733]}, "coverage": {"562_cpu_small": [0.05399633923123853, 0.009456985967053078, 0.014041514041514047, 0.025030525030525053, 0.006715506715506692]}, "time_all": {"562_cpu_small": [1.0474975109100342, 0.9440710544586182, 0.9476940631866455, 1.0068950653076172, 1.0151033401489258]}, "time_fit": {"562_cpu_small": [0.14014744758605957, 0.13179945945739746, 0.13459300994873047, 0.1340501308441162, 0.14119577407836914]}, "sizes": {"562_cpu_small": []}, "tau": 0.5}, "DecisionTree": {"losses": {"562_cpu_small": [0.011929853754136853, 0.01199918649583079, 0.012365720699054034, 0.011599511599511598, 0.012151428818095484]}, "coverage": {"562_cpu_small": [0.07352043929225138, 0.09914582062233068, 0.07448107448107444, 0.09645909645909645, 0.1141636141636142]}, "complexity": {"562_cpu_small": [483, 1133, 493, 499, 1113]}, "time_all": {"562_cpu_small": [1.3870160579681396, 0.8905899524688721, 0.8606293201446533, 1.4007811546325684, 1.4695005416870117]}, "time_fit": {"562_cpu_small": [0.08264517784118652, 0.10332679748535156, 0.0717012882232666, 0.08366656303405762, 0.12141013145446777]}, "sizes": {"562_cpu_small": []}, "tau": 0.5}, "LinearQuantile": {"losses": {"562_cpu_small": [0.06366548436977396, 0.06420879046646258, 0.06451953322607999, 0.06412529771036268, 0.06355267141423879]}, "coverage": {"562_cpu_small": [0.0594874923733984, 0.04850518608907872, 0.057387057387057405, 0.06654456654456653, 0.05616605616605619]}, "complexity": {"562_cpu_small": [12, 12, 12, 12, 12]}, "time_all": {"562_cpu_small": [2.3621604442596436, 1.306868076324463, 4.114753484725952, 24.314414739608765, 1.6904313564300537]}, "time_fit": {"562_cpu_small": [0.2288501262664795, 0.1184854507446289, 0.3379397392272949, 2.088388204574585, 0.1263883113861084]}, "sizes": {"562_cpu_small": []}, "tau": 0.5}}