{"SQR": {"losses": {"624_fri_c0_100_5": [0.04368649633092742, 0.02693206473409989, 0.04218418274686447, 0.01943392690187226, 0.027663406376935658]}, "coverage": {"624_fri_c0_100_5": [0.35, 0.45, 0.55, 0.25, 0.30000000000000004]}, "complexity": {"624_fri_c0_100_5": [14, 17, 11, 14, 14]}, "tau": 0.5}, "LightGBM": {"losses": {"624_fri_c0_100_5": [0.04490439607245149, 0.03659824325483123, 0.07501081203740119, 0.04875578050329189, 0.07688680316551674]}, "coverage": {"624_fri_c0_100_5": [0.35, 0.09999999999999998, 0.5, 0.35, 0.6000000000000001]}, "tau": 0.5}, "DecisionTree": {"losses": {"624_fri_c0_100_5": [0.041958138326785584, 0.050639484175697316, 0.05473608673728442, 0.05962244257933177, 0.0813705508394365]}, "coverage": {"624_fri_c0_100_5": [0.4, 0.20000000000000007, 0.45, 0.30000000000000004, 0.5]}, "complexity": {"624_fri_c0_100_5": [31, 11, 13, 13, 11]}, "tau": 0.5}, "LinearQuantile": {"losses": {"624_fri_c0_100_5": [0.04144455885189171, 0.034835175011559256, 0.0463367324443358, 0.045795662452001465, 0.04105980397842715]}, "coverage": {"624_fri_c0_100_5": [0.25, 0.55, 0.55, 0.55, 0.35]}, "complexity": {"624_fri_c0_100_5": [5, 5, 5, 5, 5]}, "tau": 0.5}}