{"SQR": {"losses": {"621_fri_c0_100_10": [0.020565445580731454, 0.02994532329376769, 0.022160009860911517, 0.024054017353318226, 0.022603434782504053]}, "coverage": {"621_fri_c0_100_10": [0.30000000000000004, 0.30000000000000004, 0.30000000000000004, 0.45, 0.45]}, "complexity": {"621_fri_c0_100_10": [12, 10, 11, 12, 12]}, "tau": 0.5}, "LightGBM": {"losses": {"621_fri_c0_100_10": [0.04788141075304928, 0.0537557433065122, 0.06310107644340512, 0.04600514134401609, 0.09240323710139317]}, "coverage": {"621_fri_c0_100_10": [0.20000000000000007, 0.4, 0.5, 0.45, 0.45]}, "tau": 0.5}, "DecisionTree": {"losses": {"621_fri_c0_100_10": [0.03886952083456011, 0.06790114008378152, 0.07729978626777208, 0.05541100884187833, 0.08534952127415957]}, "coverage": {"621_fri_c0_100_10": [0.30000000000000004, 0.35, 0.35, 0.5, 0.55]}, "complexity": {"621_fri_c0_100_10": [13, 13, 31, 13, 7]}, "tau": 0.5}, "LinearQuantile": {"losses": {"621_fri_c0_100_10": [0.04202599915980313, 0.057496748415941094, 0.03945118265791968, 0.04777640728304764, 0.070425550278808]}, "coverage": {"621_fri_c0_100_10": [0.35, 0.55, 0.5, 0.4, 0.45]}, "complexity": {"621_fri_c0_100_10": [10, 10, 10, 10, 10]}, "tau": 0.5}}