{"SQR": {"losses": {"229_pwLinear": [0.04395836734227372, 0.04126892318682269, 0.0505136629727411, 0.036354843039586596, 0.0536643995162468]}, "coverage": {"229_pwLinear": [0.09999999999999998, 0.15000000000000002, 0.07500000000000001, 0.050000000000000044, 0.15000000000000002]}, "complexity": {"229_pwLinear": [9, 11, 9, 10, 7]}, "time_all": {"229_pwLinear": [330.7942292690277, 329.43420600891113, 341.5562481880188, 333.8873417377472, 323.0214171409607]}, "time_fit": {"229_pwLinear": [330.7942292690277, 329.43420600891113, 341.5562481880188, 333.8873417377472, 323.0214171409607]}, "sizes": {"229_pwLinear": []}, "tau": 0.5}, "LightGBM": {"losses": {"229_pwLinear": [0.03203471754889782, 0.034680395406896644, 0.0455578764676981, 0.03959332342687008, 0.047490381779966506]}, "coverage": {"229_pwLinear": [0.025000000000000022, 0.050000000000000044, 0.04999999999999999, 0.09999999999999998, 0.050000000000000044]}, "time_all": {"229_pwLinear": [0.11266136169433594, 0.09462690353393555, 0.09491682052612305, 0.0960538387298584, 0.11022639274597168]}, "time_fit": {"229_pwLinear": [0.026950359344482422, 0.02249932289123535, 0.022491931915283203, 0.022953510284423828, 0.02672600746154785]}, "sizes": {"229_pwLinear": []}, "tau": 0.5}, "DecisionTree": {"losses": {"229_pwLinear": [0.03712336191929513, 0.03353438801402478, 0.03717521792235179, 0.03829421301657177, 0.03837063149996769]}, "coverage": {"229_pwLinear": [0.09999999999999998, 0.025000000000000022, 0.025000000000000022, 0.09999999999999998, 0.025000000000000022]}, "complexity": {"229_pwLinear": [61, 65, 61, 65, 65]}, "time_all": {"229_pwLinear": [0.023779630661010742, 0.023387670516967773, 0.022779226303100586, 0.023519039154052734, 0.023728370666503906]}, "time_fit": {"229_pwLinear": [0.003317594528198242, 0.0034475326538085938, 0.003282308578491211, 0.0034363269805908203, 0.0034422874450683594]}, "sizes": {"229_pwLinear": []}, "tau": 0.5}, "LinearQuantile": {"losses": {"229_pwLinear": [0.03444120936461722, 0.039570030773922536, 0.0455544804302528, 0.04350557441681292, 0.042171024868894506]}, "coverage": {"229_pwLinear": [0.0, 0.175, 0.04999999999999999, 0.0, 0.17500000000000004]}, "complexity": {"229_pwLinear": [29, 29, 29, 29, 29]}, "time_all": {"229_pwLinear": [0.44619131088256836, 0.7894394397735596, 1.2636232376098633, 1.1224992275238037, 0.6368362903594971]}, "time_fit": {"229_pwLinear": [0.04014873504638672, 0.07124614715576172, 0.11423277854919434, 0.10170197486877441, 0.05771040916442871]}, "sizes": {"229_pwLinear": []}, "tau": 0.5}}