{"SQR": {"losses": {"591_fri_c1_100_10": [0.006455848007823081, 0.011565257196928556, 0.016997283350903954, 0.017226773504110473, 0.0167692843735316]}, "coverage": {"591_fri_c1_100_10": [0.09999999999999998, 0.050000000000000044, 0.050000000000000044, 0.09999999999999998, 0.050000000000000044]}, "complexity": {"591_fri_c1_100_10": [14, 13, 10, 11, 12]}, "time_all": {"591_fri_c1_100_10": [326.71295738220215, 300.98245191574097, 321.837797164917, 304.184175491333, 306.83542919158936]}, "time_fit": {"591_fri_c1_100_10": [326.71295738220215, 300.98245191574097, 321.837797164917, 304.184175491333, 306.83542919158936]}, "sizes": {"591_fri_c1_100_10": []}, "tau": 0.9}, "LightGBM": {"losses": {"591_fri_c1_100_10": [0.022936255918204567, 0.03188503174822285, 0.02765026113204239, 0.026435881871857535, 0.03385492502009127]}, "coverage": {"591_fri_c1_100_10": [0.04999999999999993, 0.09999999999999998, 0.09999999999999998, 0.050000000000000044, 0.15000000000000002]}, "time_all": {"591_fri_c1_100_10": [0.12512922286987305, 0.06390190124511719, 0.07866477966308594, 0.06839394569396973, 0.06504273414611816]}, "time_fit": {"591_fri_c1_100_10": [0.016577959060668945, 0.01373910903930664, 0.017106056213378906, 0.011069536209106445, 0.01544046401977539]}, "sizes": {"591_fri_c1_100_10": []}, "tau": 0.9}, "DecisionTree": {"losses": {"591_fri_c1_100_10": [0.02053507710174883, 0.02898421195818153, 0.02730573545616307, 0.03442356999705362, 0.04191404321491161]}, "coverage": {"591_fri_c1_100_10": [0.050000000000000044, 0.09999999999999998, 0.09999999999999998, 0.0, 0.15000000000000002]}, "complexity": {"591_fri_c1_100_10": [33, 5, 3, 1, 1]}, "time_all": {"591_fri_c1_100_10": [0.03568887710571289, 0.017633676528930664, 0.0340113639831543, 0.018095016479492188, 0.02265644073486328]}, "time_fit": {"591_fri_c1_100_10": [0.004294157028198242, 0.0010590553283691406, 0.0018968582153320312, 0.0008144378662109375, 0.0010526180267333984]}, "sizes": {"591_fri_c1_100_10": []}, "tau": 0.9}, "LinearQuantile": {"losses": {"591_fri_c1_100_10": [0.0527658345143786, 0.13202098181076866, 0.11161036509975757, 0.08828694728194211, 0.10153712000822132]}, "coverage": {"591_fri_c1_100_10": [0.35, 0.45, 0.35, 0.4, 0.45]}, "complexity": {"591_fri_c1_100_10": [10, 10, 10, 10, 10]}, "time_all": {"591_fri_c1_100_10": [0.9398553371429443, 0.08338260650634766, 0.21026372909545898, 0.46201229095458984, 0.3501431941986084]}, "time_fit": {"591_fri_c1_100_10": [0.08396172523498535, 0.0073735713958740234, 0.01847553253173828, 0.041576385498046875, 0.028002023696899414]}, "sizes": {"591_fri_c1_100_10": []}, "tau": 0.9}}