{"SQR": {"losses": {"1199_BNG_echoMonths": [0.029517112726172298, 0.029800478594716885, 0.029880630059974253, 0.029984331757255372, 0.029274882004637674]}, "coverage": {"1199_BNG_echoMonths": [0.0002857142857142225, 0.003458130894541278, 0.003400971706201794, 0.0028865390111461053, 0.0022577879394112266]}, "complexity": {"1199_BNG_echoMonths": [4, 4, 4, 3, 3]}, "time_all": {"1199_BNG_echoMonths": [5893.288623809814, 6371.312660932541, 7338.898328065872, 7029.847874879837, 6803.609417915344]}, "time_fit": {"1199_BNG_echoMonths": [5893.288623809814, 6371.312660932541, 7338.898328065872, 7029.847874879837, 6803.609417915344]}, "sizes": {"1199_BNG_echoMonths": []}, "tau": 0.9}, "LightGBM": {"losses": {"1199_BNG_echoMonths": [0.027710650666943476, 0.02760116146332616, 0.02801446428914458, 0.02827204645423486, 0.027217221627201717]}, "coverage": {"1199_BNG_echoMonths": [0.013142857142857123, 0.0031151757645041522, 0.007973706773363842, 0.0028293798228065103, 0.006258931123177991]}, "time_all": {"1199_BNG_echoMonths": [151.45069122314453, 108.84412002563477, 200.00651383399963, 70.08329486846924, 86.547532081604]}, "time_fit": {"1199_BNG_echoMonths": [15.296051979064941, 10.619839906692505, 11.689836025238037, 6.611595869064331, 10.78566312789917]}, "sizes": {"1199_BNG_echoMonths": []}, "tau": 0.9}, "DecisionTree": {"losses": {"1199_BNG_echoMonths": [0.027875493174197956, 0.02831542468420348, 0.029632219601642994, 0.02924817714526475, 0.028190652151146182]}, "coverage": {"1199_BNG_echoMonths": [0.011714285714285788, 0.022034867104887113, 0.028608173763932543, 0.03346670477279223, 0.02946556158902547]}, "complexity": {"1199_BNG_echoMonths": [451, 485, 447, 453, 449]}, "time_all": {"1199_BNG_echoMonths": [1.2676410675048828, 1.2680578231811523, 1.320605993270874, 1.3337433338165283, 1.3089849948883057]}, "time_fit": {"1199_BNG_echoMonths": [0.09433197975158691, 0.07365989685058594, 0.1016697883605957, 0.08101010322570801, 0.07770395278930664]}, "sizes": {"1199_BNG_echoMonths": []}, "tau": 0.9}, "LinearQuantile": {"losses": {"1199_BNG_echoMonths": [0.028071273688737148, 0.02830120608595803, 0.02825484827202259, 0.02839137482436138, 0.027745124742098955]}, "coverage": {"1199_BNG_echoMonths": [0.006000000000000005, 0.005172906544727129, 0.0025435838811088685, 0.007745070020005684, 0.0019719919977135847]}, "complexity": {"1199_BNG_echoMonths": [12, 12, 12, 12, 12]}, "time_all": {"1199_BNG_echoMonths": [1.737483024597168, 11.227100849151611, 1.7548868656158447, 2.4220499992370605, 2.7393689155578613]}, "time_fit": {"1199_BNG_echoMonths": [0.19014883041381836, 0.9602510929107666, 0.15290594100952148, 0.19295406341552734, 0.2819976806640625]}, "sizes": {"1199_BNG_echoMonths": []}, "tau": 0.9}}