{"SQR": {"losses": {"590_fri_c0_1000_50": [0.007426805623281752, 0.009820350719235106, 0.01136077378374808, 0.0080408861028101, 0.011243765381121736]}, "coverage": {"590_fri_c0_1000_50": [0.03500000000000003, 0.039999999999999925, 0.015000000000000013, 0.0050000000000000044, 0.015000000000000013]}, "complexity": {"590_fri_c0_1000_50": [12, 10, 9, 12, 10]}, "tau": 0.9}, "LightGBM": {"losses": {"590_fri_c0_1000_50": [0.019372469296098108, 0.020519050320794836, 0.0220080218024631, 0.020081861462044694, 0.021785948141550614]}, "coverage": {"590_fri_c0_1000_50": [0.0, 0.03500000000000003, 0.025000000000000022, 0.025000000000000022, 0.0]}, "tau": 0.9}, "DecisionTree": {"losses": {"590_fri_c0_1000_50": [0.020333589890757422, 0.020565675507617284, 0.02086571500288076, 0.02079335236077918, 0.019779505960937]}, "coverage": {"590_fri_c0_1000_50": [0.040000000000000036, 0.04500000000000004, 0.10499999999999998, 0.07000000000000006, 0.0]}, "complexity": {"590_fri_c0_1000_50": [27, 39, 57, 33, 25]}, "tau": 0.9}, "LinearQuantile": {"losses": {"590_fri_c0_1000_50": [0.04400979097304629, 0.04500280410698881, 0.038236245384079055, 0.04063745264892309, 0.03885642054585457]}, "coverage": {"590_fri_c0_1000_50": [0.465, 0.48000000000000004, 0.43000000000000005, 0.49000000000000005, 0.46]}, "complexity": {"590_fri_c0_1000_50": [50, 50, 50, 50, 50]}, "tau": 0.9}}