{"SQR": {"losses": {"584_fri_c4_500_25": [0.012658252890335495, 0.01834594229400086, 0.010676271280822401, 0.01458679432969387, 0.015405434353663865]}, "coverage": {"584_fri_c4_500_25": [0.04999999999999999, 0.08999999999999997, 0.030000000000000027, 0.030000000000000027, 0.010000000000000009]}, "complexity": {"584_fri_c4_500_25": [16, 11, 13, 13, 12]}, "time_all": {"584_fri_c4_500_25": [578.0510609149933, 595.5773985385895, 620.3910200595856, 601.1444058418274, 597.240656375885]}, "time_fit": {"584_fri_c4_500_25": [578.0510609149933, 595.5773985385895, 620.3910200595856, 601.1444058418274, 597.240656375885]}, "sizes": {"584_fri_c4_500_25": []}, "tau": 0.5}, "LightGBM": {"losses": {"584_fri_c4_500_25": [0.02640957583388586, 0.040961058997594106, 0.034839204322959554, 0.024831311866279564, 0.029580902203311926]}, "coverage": {"584_fri_c4_500_25": [0.03999999999999998, 0.040000000000000036, 0.010000000000000009, 0.04999999999999999, 0.06000000000000005]}, "time_all": {"584_fri_c4_500_25": [0.24967575073242188, 0.20762181282043457, 0.2304837703704834, 0.24689364433288574, 0.24892497062683105]}, "time_fit": {"584_fri_c4_500_25": [0.05881381034851074, 0.04927778244018555, 0.04949307441711426, 0.05811333656311035, 0.05609440803527832]}, "sizes": {"584_fri_c4_500_25": []}, "tau": 0.5}, "DecisionTree": {"losses": {"584_fri_c4_500_25": [0.03067984724357596, 0.037152470775857975, 0.03768342252067415, 0.03424404670797923, 0.03682308108791273]}, "coverage": {"584_fri_c4_500_25": [0.020000000000000018, 0.06000000000000005, 0.0, 0.08000000000000002, 0.030000000000000027]}, "complexity": {"584_fri_c4_500_25": [71, 159, 155, 157, 161]}, "time_all": {"584_fri_c4_500_25": [0.07227611541748047, 0.0760650634765625, 0.07463669776916504, 0.07727479934692383, 0.15424561500549316]}, "time_fit": {"584_fri_c4_500_25": [0.008066177368164062, 0.012240886688232422, 0.01202082633972168, 0.012338399887084961, 0.025792598724365234]}, "sizes": {"584_fri_c4_500_25": []}, "tau": 0.5}, "LinearQuantile": {"losses": {"584_fri_c4_500_25": [0.06696756300281816, 0.07495773198656487, 0.0685833230120044, 0.05622341415634376, 0.06053774902378808]}, "coverage": {"584_fri_c4_500_25": [0.010000000000000009, 0.0, 0.03999999999999998, 0.020000000000000018, 0.0]}, "complexity": {"584_fri_c4_500_25": [25, 25, 25, 25, 25]}, "time_all": {"584_fri_c4_500_25": [0.5879757404327393, 1.467566967010498, 0.5337531566619873, 0.7148275375366211, 0.5851473808288574]}, "time_fit": {"584_fri_c4_500_25": [0.05316567420959473, 0.1329503059387207, 0.048326969146728516, 0.06461787223815918, 0.05132770538330078]}, "sizes": {"584_fri_c4_500_25": []}, "tau": 0.5}}