{"SQR": {"losses": {"656_fri_c1_100_5": [0.026302707994403773, 0.012645284169336728, 0.02751735108978974, 0.01666814925749431, 0.027570974022240204]}, "coverage": {"656_fri_c1_100_5": [0.25, 0.04999999999999993, 0.25, 0.15000000000000002, 0.15000000000000002]}, "complexity": {"656_fri_c1_100_5": [12, 13, 11, 13, 11]}, "tau": 0.9}, "LightGBM": {"losses": {"656_fri_c1_100_5": [0.02125864920301588, 0.025901411732136823, 0.02564347150975543, 0.0392834555848172, 0.030911393918202978]}, "coverage": {"656_fri_c1_100_5": [0.09999999999999998, 0.0, 0.0, 0.09999999999999998, 0.0]}, "tau": 0.9}, "DecisionTree": {"losses": {"656_fri_c1_100_5": [0.02523679450802843, 0.020371578450294033, 0.027361517836750008, 0.022332429283803003, 0.0251592092877194]}, "coverage": {"656_fri_c1_100_5": [0.09999999999999998, 0.09999999999999998, 0.04999999999999993, 0.09999999999999998, 0.050000000000000044]}, "complexity": {"656_fri_c1_100_5": [3, 13, 3, 15, 31]}, "tau": 0.9}, "LinearQuantile": {"losses": {"656_fri_c1_100_5": [0.06535122926663393, 0.07530829874526333, 0.14462003870196274, 0.09002049102489942, 0.0796176080763328]}, "coverage": {"656_fri_c1_100_5": [0.35, 0.4, 0.75, 0.45, 0.4]}, "complexity": {"656_fri_c1_100_5": [5, 5, 5, 5, 5]}, "tau": 0.9}}