{"SQR": {"losses": {"690_visualizing_galaxy": [0.010196504685419935, 0.008945446651471262, 0.009286245704357252, 0.008201802725206974, 0.010659166221263856]}, "coverage": {"690_visualizing_galaxy": [0.007692307692307665, 0.038461538461538436, 0.007692307692307665, 0.021874999999999978, 0.08437499999999998]}, "complexity": {"690_visualizing_galaxy": [7, 8, 8, 7, 5]}, "time_all": {"690_visualizing_galaxy": [365.12249779701233, 342.0669183731079, 334.9362633228302, 379.0421087741852, 367.0304260253906]}, "time_fit": {"690_visualizing_galaxy": [365.12249779701233, 342.0669183731079, 334.9362633228302, 379.0421087741852, 367.0304260253906]}, "sizes": {"690_visualizing_galaxy": []}, "tau": 0.9}, "LightGBM": {"losses": {"690_visualizing_galaxy": [0.019904864298771124, 0.01976715095625097, 0.019076978139829132, 0.017896923936239005, 0.018861676418304836]}, "coverage": {"690_visualizing_galaxy": [0.007692307692307665, 0.038461538461538436, 0.007692307692307665, 0.009375000000000022, 0.06874999999999998]}, "time_all": {"690_visualizing_galaxy": [0.15409493446350098, 0.0918111801147461, 0.11040878295898438, 0.10818743705749512, 0.1112680435180664]}, "time_fit": {"690_visualizing_galaxy": [0.023461103439331055, 0.022172212600708008, 0.025560617446899414, 0.023543834686279297, 0.026805400848388672]}, "sizes": {"690_visualizing_galaxy": []}, "tau": 0.9}, "DecisionTree": {"losses": {"690_visualizing_galaxy": [0.008767969735182861, 0.013576712904581763, 0.011983186212694414, 0.008199709699453552, 0.00695525956284153]}, "coverage": {"690_visualizing_galaxy": [0.038461538461538436, 0.08461538461538465, 0.023076923076923106, 0.15000000000000002, 0.05625000000000002]}, "complexity": {"690_visualizing_galaxy": [43, 45, 11, 103, 97]}, "time_all": {"690_visualizing_galaxy": [0.054456472396850586, 0.028302669525146484, 0.027316570281982422, 0.060938119888305664, 0.0313875675201416]}, "time_fit": {"690_visualizing_galaxy": [0.0054857730865478516, 0.0027780532836914062, 0.001394510269165039, 0.010192394256591797, 0.004770040512084961]}, "sizes": {"690_visualizing_galaxy": []}, "tau": 0.9}, "LinearQuantile": {"losses": {"690_visualizing_galaxy": [0.013602818243293381, 0.013804617876439804, 0.012487842982715032, 0.01037225561394264, 0.011010563490538494]}, "coverage": {"690_visualizing_galaxy": [0.007692307692307665, 0.0692307692307692, 0.038461538461538436, 0.04062500000000002, 0.03749999999999998]}, "complexity": {"690_visualizing_galaxy": [10, 10, 10, 10, 10]}, "time_all": {"690_visualizing_galaxy": [0.9877848625183105, 0.2137758731842041, 0.49598002433776855, 0.26118969917297363, 0.2777855396270752]}, "time_fit": {"690_visualizing_galaxy": [0.08838152885437012, 0.019155263900756836, 0.04460644721984863, 0.02234196662902832, 0.024901151657104492]}, "sizes": {"690_visualizing_galaxy": []}, "tau": 0.9}}