{"SQR": {"losses": {"628_fri_c3_1000_5": [0.012720397334049274, 0.02023548977233891, 0.024281907197842956, 0.012547610874633103, 0.014859896738249985]}, "coverage": {"628_fri_c3_1000_5": [0.040000000000000036, 0.13, 0.15999999999999998, 0.015000000000000013, 0.07499999999999996]}, "complexity": {"628_fri_c3_1000_5": [18, 11, 11, 13, 12]}, "time_all": {"628_fri_c3_1000_5": [741.0796520709991, 777.4551520347595, 755.0629572868347, 793.6687741279602, 764.4598169326782]}, "time_fit": {"628_fri_c3_1000_5": [741.0796520709991, 777.4551520347595, 755.0629572868347, 793.6687741279602, 764.4598169326782]}, "sizes": {"628_fri_c3_1000_5": []}, "tau": 0.5}, "LightGBM": {"losses": {"628_fri_c3_1000_5": [0.026614903885517942, 0.02211133059430822, 0.024022972092578858, 0.022809969449594257, 0.026021468144342606]}, "coverage": {"628_fri_c3_1000_5": [0.010000000000000009, 0.0, 0.015000000000000013, 0.050000000000000044, 0.05499999999999999]}, "time_all": {"628_fri_c3_1000_5": [0.37571024894714355, 0.3549659252166748, 0.3150806427001953, 0.36874818801879883, 0.35549402236938477]}, "time_fit": {"628_fri_c3_1000_5": [0.07141399383544922, 0.06414008140563965, 0.06470489501953125, 0.074615478515625, 0.06817317008972168]}, "sizes": {"628_fri_c3_1000_5": []}, "tau": 0.5}, "DecisionTree": {"losses": {"628_fri_c3_1000_5": [0.02618529542577525, 0.02720407415520684, 0.026384740751636944, 0.02374197493656487, 0.026332012376527603]}, "coverage": {"628_fri_c3_1000_5": [0.015000000000000013, 0.010000000000000009, 0.06, 0.09999999999999998, 0.020000000000000018]}, "complexity": {"628_fri_c3_1000_5": [323, 313, 323, 315, 329]}, "time_all": {"628_fri_c3_1000_5": [0.15542888641357422, 0.07979726791381836, 0.0815885066986084, 0.08158564567565918, 0.08091926574707031]}, "time_fit": {"628_fri_c3_1000_5": [0.029535770416259766, 0.015145540237426758, 0.015552282333374023, 0.015220403671264648, 0.015723466873168945]}, "sizes": {"628_fri_c3_1000_5": []}, "tau": 0.5}, "LinearQuantile": {"losses": {"628_fri_c3_1000_5": [0.06350780021707704, 0.060143840689890087, 0.057849171638724044, 0.06054298036874835, 0.06250666352818858]}, "coverage": {"628_fri_c3_1000_5": [0.030000000000000027, 0.030000000000000027, 0.015000000000000013, 0.04999999999999999, 0.0050000000000000044]}, "complexity": {"628_fri_c3_1000_5": [5, 5, 5, 5, 5]}, "time_all": {"628_fri_c3_1000_5": [0.30466532707214355, 0.10353994369506836, 0.11616873741149902, 0.27129244804382324, 0.15343308448791504]}, "time_fit": {"628_fri_c3_1000_5": [0.026821136474609375, 0.00907444953918457, 0.01019906997680664, 0.024245738983154297, 0.013632774353027344]}, "sizes": {"628_fri_c3_1000_5": []}, "tau": 0.5}}