{"SQR": {"losses": {"608_fri_c3_1000_10": [0.008375327879379975, 0.005066868776072417, 0.007064066211240684, 0.009561773869955678, 0.007585637781001389]}, "coverage": {"608_fri_c3_1000_10": [0.010000000000000009, 0.0, 0.015000000000000013, 0.015000000000000013, 0.0050000000000000044]}, "complexity": {"608_fri_c3_1000_10": [11, 13, 14, 12, 10]}, "tau": 0.9}, "LightGBM": {"losses": {"608_fri_c3_1000_10": [0.013304287771521232, 0.015704824701940286, 0.015442867016512452, 0.016538136119286624, 0.011929213069320804]}, "coverage": {"608_fri_c3_1000_10": [0.015000000000000013, 0.030000000000000027, 0.03500000000000003, 0.0, 0.0050000000000000044]}, "tau": 0.9}, "DecisionTree": {"losses": {"608_fri_c3_1000_10": [0.012057071065642008, 0.014566211998080277, 0.011481973426105043, 0.018518423333657674, 0.011833963200890652]}, "coverage": {"608_fri_c3_1000_10": [0.06000000000000005, 0.05500000000000005, 0.03500000000000003, 0.040000000000000036, 0.04500000000000004]}, "complexity": {"608_fri_c3_1000_10": [61, 67, 63, 37, 37]}, "tau": 0.9}, "LinearQuantile": {"losses": {"608_fri_c3_1000_10": [0.056865362740850134, 0.05959510838517853, 0.05265956237343607, 0.054976413255088896, 0.05293263600194808]}, "coverage": {"608_fri_c3_1000_10": [0.47500000000000003, 0.445, 0.41500000000000004, 0.41500000000000004, 0.47000000000000003]}, "complexity": {"608_fri_c3_1000_10": [10, 10, 10, 10, 10]}, "tau": 0.9}}