{"SQR": {"losses": {"678_visualizing_environmental": [0.03492550347670921, 0.04119206083711199, 0.11961268181168963, 0.034503928402199034, 0.12300066152805617]}, "coverage": {"678_visualizing_environmental": [0.20434782608695656, 0.26363636363636367, 0.5818181818181818, 0.17272727272727273, 0.6727272727272727]}, "complexity": {"678_visualizing_environmental": [3, 5, 3, 4, 3]}, "tau": 0.5}, "LightGBM": {"losses": {"678_visualizing_environmental": [0.032926682080760224, 0.03916560827367666, 0.1257730604828294, 0.04388382405828285, 0.1167896307264694]}, "coverage": {"678_visualizing_environmental": [0.29130434782608694, 0.17272727272727273, 0.5818181818181818, 0.17272727272727273, 0.6727272727272727]}, "tau": 0.5}, "DecisionTree": {"losses": {"678_visualizing_environmental": [0.030588371433691933, 0.028063239846817144, 0.1318181736313782, 0.040933798034525626, 0.12262844852507826]}, "coverage": {"678_visualizing_environmental": [0.20434782608695656, 0.08181818181818179, 0.6272727272727273, 0.3090909090909091, 0.7181818181818183]}, "complexity": {"678_visualizing_environmental": [5, 5, 15, 1, 3]}, "tau": 0.5}, "LinearQuantile": {"losses": {"678_visualizing_environmental": [0.04509900377916904, 0.05675692444164707, 0.12069013229506369, 0.035658080989687625, 0.12847310936046408]}, "coverage": {"678_visualizing_environmental": [0.33478260869565224, 0.3545454545454546, 0.4, 0.26363636363636367, 0.6727272727272727]}, "complexity": {"678_visualizing_environmental": [3, 3, 3, 3, 3]}, "tau": 0.5}}