{"SQR": {"losses": {"215_2dplanes": [0.010827809879373117, 0.013483785682594443, 0.012338226410626416, 0.01334976362959423, 0.01066012281214205]}, "coverage": {"215_2dplanes": [0.005347068923227893, 0.014765759136620038, 0.012926171204316828, 0.018802894640009837, 0.006046853918802886]}, "complexity": {"215_2dplanes": [13, 10, 11, 10, 13]}, "tau": 0.9}, "LightGBM": {"losses": {"215_2dplanes": [0.010198140699472382, 0.0101574196996426, 0.010447002447692115, 0.0103872814087441, 0.010378884688783882]}, "coverage": {"215_2dplanes": [0.04419916605347063, 0.04419916605347063, 0.0444444444444444, 0.04946645406598793, 0.04836256592665278]}, "tau": 0.9}, "DecisionTree": {"losses": {"215_2dplanes": [0.007276507467112172, 0.007421742091360939, 0.00725937082455071, 0.007278768752577575, 0.007232790549766769]}, "coverage": {"215_2dplanes": [0.012337503065979916, 0.025582536178562654, 0.01871474123129757, 0.014068441064638781, 0.012228627499080158]}, "complexity": {"215_2dplanes": [973, 1067, 981, 971, 997]}, "tau": 0.9}, "LinearQuantile": {"losses": {"215_2dplanes": [0.016200968986223814, 0.016220431974747828, 0.016301477498469913, 0.016084802886370445, 0.016430662887107192]}, "coverage": {"215_2dplanes": [0.00029433406916845595, 0.004488594554819758, 0.0006622516556291647, 0.001508647123758089, 0.0011897461057279735]}, "complexity": {"215_2dplanes": [29, 29, 29, 29, 29]}, "tau": 0.9}}