{"SQR": {"losses": {"titanic": [0.11071428571428571, 0.07857142857142857, 0.1, 0.10714285714285714, 0.1026252983293556]}, "coverage": {"titanic": [0.3666666666666667, 0.37142857142857144, 0.330952380952381, 0.3142857142857143, 0.32816229116945106]}, "complexity": {"titanic": [2, 6, 6, 6, 6]}, "time_all": {"titanic": [928.5043823719025, 815.2435564994812, 805.3276629447937, 792.7696630954742, 954.6606345176697]}, "time_fit": {"titanic": [928.5043823719025, 815.2435564994812, 805.3276629447937, 792.7696630954742, 954.6606345176697]}, "sizes": {"titanic": []}, "tau": 0.5}, "LightGBM": {"losses": {"titanic": [0.11326154109645405, 0.0926321709834491, 0.10761470233095896, 0.1217836125050281, 0.1035193040302299]}, "coverage": {"titanic": [0.2047619047619048, 0.1880952380952381, 0.16666666666666663, 0.14047619047619042, 0.17780429594272074]}, "time_all": {"titanic": [0.5207874774932861, 0.599374532699585, 0.5711479187011719, 0.5568618774414062, 0.6051557064056396]}, "time_fit": {"titanic": [0.07770323753356934, 0.10483980178833008, 0.08333826065063477, 0.08328652381896973, 0.08456873893737793]}, "sizes": {"titanic": []}, "tau": 0.5}, "DecisionTree": {"losses": {"titanic": [0.0988095238095238, 0.075, 0.0988095238095238, 0.10714285714285714, 0.09844868735083533]}, "coverage": {"titanic": [0.3571428571428571, 0.38095238095238093, 0.3571428571428571, 0.3142857142857143, 0.34248210023866343]}, "complexity": {"titanic": [227, 77, 245, 53, 113]}, "time_all": {"titanic": [0.10227298736572266, 0.19133830070495605, 0.19991040229797363, 0.18380999565124512, 0.19071602821350098]}, "time_fit": {"titanic": [0.012226104736328125, 0.011772871017456055, 0.024593591690063477, 0.009501218795776367, 0.014705181121826172]}, "sizes": {"titanic": []}, "tau": 0.5}, "LinearQuantile": {"losses": {"titanic": [0.11428576931251407, 0.09047626261188836, 0.10476257626103508, 0.12066425815223329, 0.10918763280375308]}, "coverage": {"titanic": [0.16428571428571426, 0.16666666666666663, 0.1523809523809524, 0.12857142857142856, 0.13245823389021483]}, "complexity": {"titanic": [31, 31, 31, 31, 31]}, "time_all": {"titanic": [1.0006661415100098, 0.7061820030212402, 1.066497802734375, 0.649930477142334, 0.7374560832977295]}, "time_fit": {"titanic": [0.0759592056274414, 0.05157303810119629, 0.09452581405639648, 0.04892158508300781, 0.04834771156311035]}, "sizes": {"titanic": []}, "tau": 0.5}}