{"SQR": {"losses": {"210_cloud": [0.021224765322693295, 0.01447995689100553, 0.01615066500112341, 0.032216991810676075, 0.027562099335058488]}, "coverage": {"210_cloud": [0.04545454545454547, 0.09090909090909088, 0.09090909090909088, 0.11904761904761907, 0.11904761904761907]}, "complexity": {"210_cloud": [3, 8, 3, 8, 3]}, "time_all": {"210_cloud": [303.61243891716003, 300.2376103401184, 311.7812886238098, 314.44109439849854, 316.3003280162811]}, "time_fit": {"210_cloud": [303.61243891716003, 300.2376103401184, 311.7812886238098, 314.44109439849854, 316.3003280162811]}, "sizes": {"210_cloud": []}, "tau": 0.5}, "LightGBM": {"losses": {"210_cloud": [0.03697308016397972, 0.023311098499720555, 0.018725515287678147, 0.03743874901900761, 0.03501564819848037]}, "coverage": {"210_cloud": [0.0, 0.09090909090909094, 0.13636363636363635, 0.11904761904761907, 0.11904761904761907]}, "time_all": {"210_cloud": [0.07498645782470703, 0.07365632057189941, 0.07477521896362305, 0.07526826858520508, 0.07514715194702148]}, "time_fit": {"210_cloud": [0.016414642333984375, 0.01629018783569336, 0.016442537307739258, 0.016633272171020508, 0.016437530517578125]}, "sizes": {"210_cloud": []}, "tau": 0.5}, "DecisionTree": {"losses": {"210_cloud": [0.023522727699442345, 0.017196970145133408, 0.021988636757614033, 0.03621031916035073, 0.04176587144297267]}, "coverage": {"210_cloud": [0.09090909090909088, 0.09090909090909088, 0.13636363636363635, 0.023809523809523836, 0.07142857142857145]}, "complexity": {"210_cloud": [35, 13, 17, 37, 33]}, "time_all": {"210_cloud": [0.019262313842773438, 0.01803135871887207, 0.018576383590698242, 0.019392967224121094, 0.01887059211730957]}, "time_fit": {"210_cloud": [0.0021979808807373047, 0.0013666152954101562, 0.0015101432800292969, 0.0022695064544677734, 0.0021207332611083984]}, "sizes": {"210_cloud": []}, "tau": 0.5}, "LinearQuantile": {"losses": {"210_cloud": [0.022527828272946124, 0.019754578956648085, 0.014966876391114324, 0.02708378520883793, 0.02617209997045189]}, "coverage": {"210_cloud": [0.04545454545454547, 0.13636363636363635, 0.09090909090909088, 0.0714285714285714, 0.11904761904761907]}, "complexity": {"210_cloud": [9, 9, 9, 9, 9]}, "time_all": {"210_cloud": [0.19620966911315918, 0.06756258010864258, 0.08374667167663574, 0.3482627868652344, 0.16747140884399414]}, "time_fit": {"210_cloud": [0.017548322677612305, 0.005845308303833008, 0.0072574615478515625, 0.031147480010986328, 0.014934539794921875]}, "sizes": {"210_cloud": []}, "tau": 0.5}}