{"SQR": {"losses": {"598_fri_c0_1000_25": [0.010365662707513715, 0.00790769786643074, 0.0067608542216039255, 0.008944277521340796, 0.013352879002604484]}, "coverage": {"598_fri_c0_1000_25": [0.015000000000000013, 0.020000000000000018, 0.03500000000000003, 0.030000000000000027, 0.04500000000000004]}, "complexity": {"598_fri_c0_1000_25": [10, 21, 12, 12, 8]}, "time_all": {"598_fri_c0_1000_25": [760.3846008777618, 773.202734708786, 776.771226644516, 775.5778200626373, 719.9796388149261]}, "time_fit": {"598_fri_c0_1000_25": [760.3846008777618, 773.202734708786, 776.771226644516, 775.5778200626373, 719.9796388149261]}, "sizes": {"598_fri_c0_1000_25": []}, "tau": 0.9}, "LightGBM": {"losses": {"598_fri_c0_1000_25": [0.02103840019841297, 0.02279883886029122, 0.022640621356838957, 0.022253458528527583, 0.023422787729221822]}, "coverage": {"598_fri_c0_1000_25": [0.030000000000000027, 0.0050000000000000044, 0.010000000000000009, 0.0050000000000000044, 0.010000000000000009]}, "time_all": {"598_fri_c0_1000_25": [0.36987781524658203, 0.29210376739501953, 0.2909061908721924, 0.29814696311950684, 0.2888669967651367]}, "time_fit": {"598_fri_c0_1000_25": [0.07084441184997559, 0.06270694732666016, 0.06557273864746094, 0.0686500072479248, 0.057668209075927734]}, "sizes": {"598_fri_c0_1000_25": []}, "tau": 0.9}, "DecisionTree": {"losses": {"598_fri_c0_1000_25": [0.021896339037798907, 0.020214798163058333, 0.021331504076779223, 0.023352186728876546, 0.02289708044945666]}, "coverage": {"598_fri_c0_1000_25": [0.040000000000000036, 0.050000000000000044, 0.08000000000000007, 0.0, 0.040000000000000036]}, "complexity": {"598_fri_c0_1000_25": [59, 63, 59, 25, 23]}, "time_all": {"598_fri_c0_1000_25": [0.2810037136077881, 0.15106725692749023, 0.149763822555542, 0.27205729484558105, 0.1427924633026123]}, "time_fit": {"598_fri_c0_1000_25": [0.022362947463989258, 0.012656450271606445, 0.012487173080444336, 0.01658916473388672, 0.008449316024780273]}, "sizes": {"598_fri_c0_1000_25": []}, "tau": 0.9}, "LinearQuantile": {"losses": {"598_fri_c0_1000_25": [0.050789033381226804, 0.04658150369312842, 0.04386784067438862, 0.041027187937581366, 0.048188358355967464]}, "coverage": {"598_fri_c0_1000_25": [0.495, 0.385, 0.43000000000000005, 0.435, 0.4]}, "complexity": {"598_fri_c0_1000_25": [25, 25, 25, 25, 25]}, "time_all": {"598_fri_c0_1000_25": [0.860994815826416, 0.5569648742675781, 1.0866763591766357, 0.8676741123199463, 0.5804460048675537]}, "time_fit": {"598_fri_c0_1000_25": [0.0736851692199707, 0.05020928382873535, 0.09857559204101562, 0.07813692092895508, 0.052184104919433594]}, "sizes": {"598_fri_c0_1000_25": []}, "tau": 0.9}}