{"SQR": {"losses": {"529_pollen": [0.03154984031725838, 0.032810059864393594, 0.029475946936257325, 0.03253967397367085, 0.03295564196152962]}, "coverage": {"529_pollen": [0.0025974025974025983, 0.01558441558441559, 0.03116883116883118, 0.0006501950585175997, 0.0006501950585175997]}, "complexity": {"529_pollen": [4, 4, 4, 4, 4]}, "time_all": {"529_pollen": [1506.367399930954, 1684.6687519550323, 1633.456815958023, 1825.4578082561493, 1703.7707691192627]}, "time_fit": {"529_pollen": [1506.367399930954, 1684.6687519550323, 1633.456815958023, 1825.4578082561493, 1703.7707691192627]}, "sizes": {"529_pollen": []}, "tau": 0.5}, "LightGBM": {"losses": {"529_pollen": [0.03222726775524343, 0.030642207941978982, 0.03044408970070152, 0.030581670365215502, 0.03029704050504524]}, "coverage": {"529_pollen": [0.007792207792207795, 0.009090909090909094, 0.03506493506493508, 0.021456436931079348, 0.04616384915474647]}, "time_all": {"529_pollen": [0.8742005825042725, 0.8587486743927002, 0.7858870029449463, 0.9360668659210205, 0.9231157302856445]}, "time_fit": {"529_pollen": [0.20601892471313477, 0.2046821117401123, 0.19859552383422852, 0.22378277778625488, 0.22376155853271484]}, "sizes": {"529_pollen": []}, "tau": 0.5}, "DecisionTree": {"losses": {"529_pollen": [0.03193387745415234, 0.03072594367594815, 0.03044857675201946, 0.03129861086161488, 0.03121922118112947]}, "coverage": {"529_pollen": [0.02857142857142858, 0.02207792207792203, 0.006493506493506496, 0.0552665799739922, 0.02015604681404426]}, "complexity": {"529_pollen": [547, 541, 239, 527, 533]}, "time_all": {"529_pollen": [0.2591104507446289, 0.26395368576049805, 0.2479395866394043, 0.5027468204498291, 0.505669355392456]}, "time_fit": {"529_pollen": [0.03137636184692383, 0.03182530403137207, 0.018810510635375977, 0.057997703552246094, 0.05792713165283203]}, "sizes": {"529_pollen": []}, "tau": 0.5}, "LinearQuantile": {"losses": {"529_pollen": [0.02542947635141799, 0.024346101407795136, 0.025129765166022156, 0.023686652082415584, 0.024904696900069027]}, "coverage": {"529_pollen": [0.006493506493506496, 0.0012987012987012436, 0.0025974025974025983, 0.024057217165149525, 0.011053315994798418]}, "complexity": {"529_pollen": [4, 4, 4, 4, 4]}, "time_all": {"529_pollen": [0.1098179817199707, 0.08146119117736816, 0.2993016242980957, 0.21861004829406738, 0.36950111389160156]}, "time_fit": {"529_pollen": [0.009600400924682617, 0.007040500640869141, 0.02680516242980957, 0.01851487159729004, 0.030032873153686523]}, "sizes": {"529_pollen": []}, "tau": 0.5}}