{"SQR": {"losses": {"647_fri_c1_250_10": [0.005668378306590198, 0.00803487525716465, 0.004236024292318511, 0.005497786652744559, 0.005780510151990226]}, "coverage": {"647_fri_c1_250_10": [0.0, 0.0, 0.039999999999999925, 0.0, 0.06000000000000005]}, "complexity": {"647_fri_c1_250_10": [15, 13, 15, 14, 16]}, "tau": 0.9}, "LightGBM": {"losses": {"647_fri_c1_250_10": [0.02072942294994987, 0.026306457690751364, 0.025989814340636127, 0.0236988636315383, 0.021617066191628127]}, "coverage": {"647_fri_c1_250_10": [0.040000000000000036, 0.0, 0.0, 0.020000000000000018, 0.020000000000000018]}, "tau": 0.9}, "DecisionTree": {"losses": {"647_fri_c1_250_10": [0.020365509992661925, 0.0293192218421535, 0.018309296643319217, 0.020505363469650904, 0.01602411833910767]}, "coverage": {"647_fri_c1_250_10": [0.040000000000000036, 0.06000000000000005, 0.0, 0.18000000000000005, 0.040000000000000036]}, "complexity": {"647_fri_c1_250_10": [17, 33, 9, 35, 13]}, "tau": 0.9}, "LinearQuantile": {"losses": {"647_fri_c1_250_10": [0.08432417186453994, 0.07425864509237427, 0.08648666158170393, 0.07225589144114662, 0.08581258213789265]}, "coverage": {"647_fri_c1_250_10": [0.52, 0.44, 0.38, 0.46, 0.42000000000000004]}, "complexity": {"647_fri_c1_250_10": [10, 10, 10, 10, 10]}, "tau": 0.9}}