{"SQR": {"losses": {"522_pm10": [0.029582091762792216, 0.02718090320191616, 0.02757646906361679, 0.030864605705176636, 0.027149550445373188]}, "coverage": {"522_pm10": [0.040000000000000036, 0.030000000000000027, 0.0, 0.010000000000000009, 0.020000000000000018]}, "complexity": {"522_pm10": [5, 5, 5, 7, 7]}, "time_all": {"522_pm10": [461.84645986557007, 497.5618464946747, 491.4714021682739, 474.1320912837982, 508.9569809436798]}, "time_fit": {"522_pm10": [461.84645986557007, 497.5618464946747, 491.4714021682739, 474.1320912837982, 508.9569809436798]}, "sizes": {"522_pm10": []}, "tau": 0.9}, "LightGBM": {"losses": {"522_pm10": [0.027380217545612002, 0.0258021943581231, 0.028049791275078312, 0.0296546309541532, 0.027933312418681237]}, "coverage": {"522_pm10": [0.010000000000000009, 0.010000000000000009, 0.050000000000000044, 0.010000000000000009, 0.020000000000000018]}, "time_all": {"522_pm10": [0.23219037055969238, 0.15657639503479004, 0.18186569213867188, 0.15145492553710938, 0.1611166000366211]}, "time_fit": {"522_pm10": [0.040488481521606445, 0.03361678123474121, 0.03982114791870117, 0.03166842460632324, 0.0352780818939209]}, "sizes": {"522_pm10": []}, "tau": 0.9}, "DecisionTree": {"losses": {"522_pm10": [0.029763170632610414, 0.02659543365235596, 0.02974872180431868, 0.02864288651335237, 0.02796658348441039]}, "coverage": {"522_pm10": [0.020000000000000018, 0.020000000000000018, 0.08999999999999997, 0.030000000000000027, 0.07000000000000006]}, "complexity": {"522_pm10": [11, 19, 17, 13, 31]}, "time_all": {"522_pm10": [0.07618546485900879, 0.0398249626159668, 0.039202213287353516, 0.038373708724975586, 0.04026317596435547]}, "time_fit": {"522_pm10": [0.003323793411254883, 0.002193927764892578, 0.0021085739135742188, 0.0018343925476074219, 0.002784252166748047]}, "sizes": {"522_pm10": []}, "tau": 0.9}, "LinearQuantile": {"losses": {"522_pm10": [0.032507116124704374, 0.03401614801908336, 0.03320334021706717, 0.03384840081794292, 0.03472949639984479]}, "coverage": {"522_pm10": [0.06000000000000005, 0.010000000000000009, 0.020000000000000018, 0.010000000000000009, 0.0]}, "complexity": {"522_pm10": [7, 7, 7, 7, 7]}, "time_all": {"522_pm10": [0.5810947418212891, 0.1795663833618164, 0.22795820236206055, 0.12496781349182129, 0.2692136764526367]}, "time_fit": {"522_pm10": [0.05121636390686035, 0.0160520076751709, 0.020417213439941406, 0.01101994514465332, 0.02410602569580078]}, "sizes": {"522_pm10": []}, "tau": 0.9}}