{"SQR": {"losses": {"606_fri_c2_1000_10": [0.012459299567659425, 0.01528665050309, 0.014676521006960876, 0.007667473456265081, 0.010377189647859471]}, "coverage": {"606_fri_c2_1000_10": [0.015000000000000013, 0.039999999999999925, 0.03500000000000003, 0.020000000000000018, 0.010000000000000009]}, "complexity": {"606_fri_c2_1000_10": [13, 7, 8, 12, 10]}, "time_all": {"606_fri_c2_1000_10": [838.8255023956299, 895.4357175827026, 892.3301792144775, 898.1366746425629, 854.2653577327728]}, "time_fit": {"606_fri_c2_1000_10": [838.8255023956299, 895.4357175827026, 892.3301792144775, 898.1366746425629, 854.2653577327728]}, "sizes": {"606_fri_c2_1000_10": []}, "tau": 0.9}, "LightGBM": {"losses": {"606_fri_c2_1000_10": [0.02375437030516184, 0.02009615842530988, 0.018181791700648993, 0.018312717723778786, 0.019075758214711927]}, "coverage": {"606_fri_c2_1000_10": [0.03500000000000003, 0.015000000000000013, 0.0050000000000000044, 0.025000000000000022, 0.050000000000000044]}, "time_all": {"606_fri_c2_1000_10": [0.3529064655303955, 0.3188798427581787, 0.3139514923095703, 0.2774500846862793, 0.31362056732177734]}, "time_fit": {"606_fri_c2_1000_10": [0.06872057914733887, 0.06876921653747559, 0.06647849082946777, 0.058664560317993164, 0.06258773803710938]}, "sizes": {"606_fri_c2_1000_10": []}, "tau": 0.9}, "DecisionTree": {"losses": {"606_fri_c2_1000_10": [0.01846966584618997, 0.019313943223060244, 0.016221138226477548, 0.01726960833306699, 0.0179254152657281]}, "coverage": {"606_fri_c2_1000_10": [0.030000000000000027, 0.06500000000000006, 0.050000000000000044, 0.06500000000000006, 0.03500000000000003]}, "complexity": {"606_fri_c2_1000_10": [35, 61, 31, 57, 33]}, "time_all": {"606_fri_c2_1000_10": [0.1754162311553955, 0.17117595672607422, 0.16819548606872559, 0.09046316146850586, 0.17288517951965332]}, "time_fit": {"606_fri_c2_1000_10": [0.010627985000610352, 0.013307809829711914, 0.009790182113647461, 0.006807565689086914, 0.010422468185424805]}, "sizes": {"606_fri_c2_1000_10": []}, "tau": 0.9}, "LinearQuantile": {"losses": {"606_fri_c2_1000_10": [0.067883510558973, 0.07426829882944073, 0.07241952506354431, 0.07110115732197975, 0.07638727215705343]}, "coverage": {"606_fri_c2_1000_10": [0.41500000000000004, 0.405, 0.47500000000000003, 0.4, 0.47500000000000003]}, "complexity": {"606_fri_c2_1000_10": [10, 10, 10, 10, 10]}, "time_all": {"606_fri_c2_1000_10": [0.4060957431793213, 2.066535234451294, 0.6440320014953613, 0.20556855201721191, 0.34740638732910156]}, "time_fit": {"606_fri_c2_1000_10": [0.035629987716674805, 0.12056374549865723, 0.05817532539367676, 0.01839447021484375, 0.030909299850463867]}, "sizes": {"606_fri_c2_1000_10": []}, "tau": 0.9}}