{"SQR": {"losses": {"622_fri_c2_1000_50": [0.009132557409831269, 0.005200209325177524, 0.0076074135952514796, 0.013544319955488963, 0.005894524624345019]}, "coverage": {"622_fri_c2_1000_50": [0.020000000000000018, 0.020000000000000018, 0.015000000000000013, 0.015000000000000013, 0.010000000000000009]}, "complexity": {"622_fri_c2_1000_50": [13, 15, 13, 9, 17]}, "time_all": {"622_fri_c2_1000_50": [876.934987783432, 946.5451698303223, 953.6743168830872, 913.6652092933655, 967.1403334140778]}, "time_fit": {"622_fri_c2_1000_50": [876.934987783432, 946.5451698303223, 953.6743168830872, 913.6652092933655, 967.1403334140778]}, "sizes": {"622_fri_c2_1000_50": []}, "tau": 0.9}, "LightGBM": {"losses": {"622_fri_c2_1000_50": [0.021890316038279307, 0.01928028628523423, 0.021503022772049102, 0.021315036489603794, 0.022521850350264435]}, "coverage": {"622_fri_c2_1000_50": [0.040000000000000036, 0.020000000000000018, 0.010000000000000009, 0.05500000000000005, 0.040000000000000036]}, "time_all": {"622_fri_c2_1000_50": [0.41553616523742676, 0.36814212799072266, 0.337374210357666, 0.36783576011657715, 0.3583831787109375]}, "time_fit": {"622_fri_c2_1000_50": [0.07737302780151367, 0.07543277740478516, 0.07233858108520508, 0.07202720642089844, 0.0825502872467041]}, "sizes": {"622_fri_c2_1000_50": []}, "tau": 0.9}, "DecisionTree": {"losses": {"622_fri_c2_1000_50": [0.020284667045979147, 0.01712413591017572, 0.019280978753338764, 0.018564334653654067, 0.017601603036654038]}, "coverage": {"622_fri_c2_1000_50": [0.0050000000000000044, 0.020000000000000018, 0.05500000000000005, 0.06000000000000005, 0.010000000000000009]}, "complexity": {"622_fri_c2_1000_50": [29, 33, 61, 63, 31]}, "time_all": {"622_fri_c2_1000_50": [0.4837605953216553, 0.4927194118499756, 0.488541841506958, 0.5065629482269287, 0.2574758529663086]}, "time_fit": {"622_fri_c2_1000_50": [0.03278684616088867, 0.03482508659362793, 0.04306292533874512, 0.0435481071472168, 0.01848626136779785]}, "sizes": {"622_fri_c2_1000_50": []}, "tau": 0.9}, "LinearQuantile": {"losses": {"622_fri_c2_1000_50": [0.08588562036778191, 0.08743963925069542, 0.08306110261265053, 0.08276984543995754, 0.08421909897840403]}, "coverage": {"622_fri_c2_1000_50": [0.42000000000000004, 0.455, 0.45, 0.41000000000000003, 0.43000000000000005]}, "complexity": {"622_fri_c2_1000_50": [50, 50, 50, 50, 50]}, "time_all": {"622_fri_c2_1000_50": [25.72326421737671, 14.255099296569824, 10.858728170394897, 94.29367852210999, 44.01099491119385]}, "time_fit": {"622_fri_c2_1000_50": [2.264874219894409, 1.1686038970947266, 0.959148645401001, 0.6975674629211426, 1.1650547981262207]}, "sizes": {"622_fri_c2_1000_50": []}, "tau": 0.9}}