{"SQR": {"losses": {"1028_SWD": [0.03783333333333332, 0.031833333333333325, 0.028833333333333325, 0.033499999999999995, 0.033499999999999995]}, "coverage": {"1028_SWD": [0.07499999999999996, 0.09499999999999997, 0.09999999999999998, 0.08499999999999996, 0.09499999999999997]}, "complexity": {"1028_SWD": [3, 3, 3, 3, 3]}, "time_all": {"1028_SWD": [643.183673620224, 639.4296474456787, 623.3025786876678, 627.0694661140442, 629.2134861946106]}, "time_fit": {"1028_SWD": [643.183673620224, 639.4296474456787, 623.3025786876678, 627.0694661140442, 629.2134861946106]}, "sizes": {"1028_SWD": []}, "tau": 0.9}, "LightGBM": {"losses": {"1028_SWD": [0.03849999999999999, 0.040666666666666657, 0.039666666666666656, 0.039666666666666656, 0.041333333333333326]}, "coverage": {"1028_SWD": [0.09999999999999998, 0.09999999999999998, 0.09999999999999998, 0.09999999999999998, 0.09999999999999998]}, "time_all": {"1028_SWD": [0.10271596908569336, 0.04410123825073242, 0.03903388977050781, 0.04276752471923828, 0.041876792907714844]}, "time_fit": {"1028_SWD": [0.00932455062866211, 0.00819706916809082, 0.006817340850830078, 0.008003711700439453, 0.006931304931640625]}, "sizes": {"1028_SWD": []}, "tau": 0.9}, "DecisionTree": {"losses": {"1028_SWD": [0.03285, 0.03333333333333333, 0.027666666666666662, 0.030933333333333327, 0.028333333333333325]}, "coverage": {"1028_SWD": [0.039999999999999925, 0.04999999999999993, 0.08499999999999996, 0.06999999999999995, 0.08499999999999996]}, "complexity": {"1028_SWD": [129, 119, 31, 25, 23]}, "time_all": {"1028_SWD": [0.10834455490112305, 0.05550837516784668, 0.05176138877868652, 0.05200672149658203, 0.052056312561035156]}, "time_fit": {"1028_SWD": [0.013100862503051758, 0.006402492523193359, 0.0027687549591064453, 0.0024690628051757812, 0.002418994903564453]}, "sizes": {"1028_SWD": []}, "tau": 0.9}, "LinearQuantile": {"losses": {"1028_SWD": [0.033781457635514586, 0.03513226033944309, 0.031567838673704135, 0.03247679228637388, 0.03180382457313125]}, "coverage": {"1028_SWD": [0.040000000000000036, 0.040000000000000036, 0.04500000000000004, 0.07500000000000007, 0.0]}, "complexity": {"1028_SWD": [31, 31, 31, 31, 31]}, "time_all": {"1028_SWD": [1.5165317058563232, 1.8457927703857422, 0.9159393310546875, 3.751424789428711, 2.089149236679077]}, "time_fit": {"1028_SWD": [0.13193297386169434, 0.16069269180297852, 0.0882406234741211, 0.3268289566040039, 0.18048810958862305]}, "sizes": {"1028_SWD": []}, "tau": 0.9}}