{"SQR": {"losses": {"605_fri_c2_250_25": [0.0289045028132876, 0.027990500070597453, 0.027622175137535596, 0.013445574955357809, 0.019229641086223652]}, "coverage": {"605_fri_c2_250_25": [0.46, 0.4, 0.32000000000000006, 0.42000000000000004, 0.4]}, "complexity": {"605_fri_c2_250_25": [14, 12, 12, 16, 17]}, "tau": 0.5}, "LightGBM": {"losses": {"605_fri_c2_250_25": [0.03591086799653492, 0.03951519550048688, 0.060699039846045695, 0.04899818950694523, 0.048981906301067656]}, "coverage": {"605_fri_c2_250_25": [0.42000000000000004, 0.36, 0.44, 0.44, 0.38]}, "tau": 0.5}, "DecisionTree": {"losses": {"605_fri_c2_250_25": [0.05226344691416387, 0.04335641706912147, 0.05039471766227892, 0.053591261624926674, 0.055551965430757244]}, "coverage": {"605_fri_c2_250_25": [0.48000000000000004, 0.4, 0.38, 0.46, 0.38]}, "complexity": {"605_fri_c2_250_25": [37, 9, 15, 75, 35]}, "tau": 0.5}, "LinearQuantile": {"losses": {"605_fri_c2_250_25": [0.08009807273846001, 0.06744432429991944, 0.10918765773974619, 0.08542144138705766, 0.08441587400337719]}, "coverage": {"605_fri_c2_250_25": [0.4, 0.38, 0.44, 0.46, 0.4]}, "complexity": {"605_fri_c2_250_25": [25, 25, 25, 25, 25]}, "tau": 0.5}}