{"SQR": {"losses": {"201_pol": [0.0668364955931286, 0.05849275542027432, 0.07346604994237527, 0.07719758697982329, 0.051583370761867114]}, "coverage": {"201_pol": [0.15333333333333332, 0.14933333333333332, 0.20100000000000007, 0.19566666666666666, 0.15300000000000002]}, "complexity": {"201_pol": [13, 7, 8, 8, 13]}, "tau": 0.5}, "LightGBM": {"losses": {"201_pol": [0.050608760039738944, 0.05213695128367482, 0.053233922894380524, 0.05474395518134216, 0.05143569423692]}, "coverage": {"201_pol": [0.21166666666666667, 0.20766666666666667, 0.22333333333333338, 0.21966666666666668, 0.21599999999999997]}, "tau": 0.5}, "DecisionTree": {"losses": {"201_pol": [0.008773333333333333, 0.009559999999999999, 0.012226666666666665, 0.010708333333333334, 0.011486666666666668]}, "coverage": {"201_pol": [0.03933333333333333, 0.03500000000000003, 0.01633333333333331, 0.02966666666666662, 0.014666666666666606]}, "complexity": {"201_pol": [1213, 1167, 1173, 1193, 1155]}, "tau": 0.5}, "LinearQuantile": {"losses": {"201_pol": [0.13890773955704483, 0.1433908927891629, 0.15356431255846276, 0.15699486967122347, 0.1463609414879451]}, "coverage": {"201_pol": [0.3906666666666667, 0.3926666666666667, 0.4126666666666667, 0.41233333333333333, 0.3916666666666667]}, "complexity": {"201_pol": [48, 48, 48, 48, 48]}, "tau": 0.5}}