{"SQR": {"losses": {"228_elusage": [0.023050120327665034, 0.013465078607465259, 0.016479448835251834, 0.018222469645105835, 0.02536535818814423]}, "coverage": {"228_elusage": [0.09999999999999998, 0.009090909090909038, 0.08181818181818179, 0.17272727272727273, 0.17272727272727273]}, "complexity": {"228_elusage": [6, 6, 7, 9, 14]}, "tau": 0.9}, "LightGBM": {"losses": {"228_elusage": [0.035848686983542384, 0.045548375140152364, 0.0638121563848852, 0.03196960246153261, 0.040622284175758853]}, "coverage": {"228_elusage": [0.09999999999999998, 0.08181818181818179, 0.08181818181818179, 0.09999999999999998, 0.009090909090909038]}, "tau": 0.9}, "DecisionTree": {"losses": {"228_elusage": [0.01987274281533015, 0.027798994143323378, 0.024127105863302026, 0.02495496819187032, 0.0165832950540441]}, "coverage": {"228_elusage": [0.009090909090909038, 0.009090909090909038, 0.08181818181818179, 0.17272727272727273, 0.009090909090909038]}, "complexity": {"228_elusage": [17, 7, 3, 17, 7]}, "tau": 0.9}, "LinearQuantile": {"losses": {"228_elusage": [0.05298144382669159, 0.13070516429687246, 0.1343569623183215, 0.10288558304178659, 0.11852600371067969]}, "coverage": {"228_elusage": [0.009090909090909038, 0.08181818181818179, 0.17272727272727273, 0.009090909090909038, 0.17272727272727273]}, "complexity": {"228_elusage": [2, 2, 2, 2, 2]}, "tau": 0.9}}