{"SQR": {"losses": {"650_fri_c0_500_50": [0.026744442193899026, 0.019845383315336484, 0.023366213033184226, 0.013315761334177582, 0.02079818118687327]}, "coverage": {"650_fri_c0_500_50": [0.4, 0.32000000000000006, 0.43000000000000005, 0.33000000000000007, 0.36]}, "complexity": {"650_fri_c0_500_50": [11, 12, 11, 14, 13]}, "tau": 0.5}, "LightGBM": {"losses": {"650_fri_c0_500_50": [0.03751066116302897, 0.045679363380116474, 0.0373346276170928, 0.036978690523691696, 0.04123973705998782]}, "coverage": {"650_fri_c0_500_50": [0.41000000000000003, 0.41000000000000003, 0.39, 0.46, 0.4]}, "tau": 0.5}, "DecisionTree": {"losses": {"650_fri_c0_500_50": [0.040300153964738704, 0.059875580067972056, 0.04802915103380402, 0.05193139881115159, 0.04861176632079573]}, "coverage": {"650_fri_c0_500_50": [0.36, 0.46, 0.45, 0.41000000000000003, 0.43000000000000005]}, "complexity": {"650_fri_c0_500_50": [33, 69, 29, 73, 29]}, "tau": 0.5}, "LinearQuantile": {"losses": {"650_fri_c0_500_50": [0.04414738965203434, 0.0376194635659272, 0.040731424062759, 0.03815345733848217, 0.03974899950318181]}, "coverage": {"650_fri_c0_500_50": [0.51, 0.49000000000000005, 0.39, 0.4, 0.43000000000000005]}, "complexity": {"650_fri_c0_500_50": [50, 50, 50, 50, 50]}, "tau": 0.5}}