{"SQR": {"losses": {"653_fri_c0_250_25": [0.008629279105557056, 0.014072801764174171, 0.008075937783958433, 0.007903485131488969, 0.0137162354892899]}, "coverage": {"653_fri_c0_250_25": [0.040000000000000036, 0.0, 0.05999999999999994, 0.020000000000000018, 0.05999999999999994]}, "complexity": {"653_fri_c0_250_25": [13, 9, 13, 13, 9]}, "time_all": {"653_fri_c0_250_25": [389.73834705352783, 344.25326895713806, 360.1711235046387, 347.4525339603424, 369.67628049850464]}, "time_fit": {"653_fri_c0_250_25": [389.73834705352783, 344.25326895713806, 360.1711235046387, 347.4525339603424, 369.67628049850464]}, "sizes": {"653_fri_c0_250_25": []}, "tau": 0.9}, "LightGBM": {"losses": {"653_fri_c0_250_25": [0.030668752932746672, 0.023452164821484562, 0.021180035405658066, 0.029205403556861645, 0.024628597074099905]}, "coverage": {"653_fri_c0_250_25": [0.020000000000000018, 0.020000000000000018, 0.020000000000000018, 0.040000000000000036, 0.0]}, "time_all": {"653_fri_c0_250_25": [0.1757676601409912, 0.11000227928161621, 0.11013960838317871, 0.11352777481079102, 0.14815688133239746]}, "time_fit": {"653_fri_c0_250_25": [0.030571937561035156, 0.026525259017944336, 0.026679277420043945, 0.02157902717590332, 0.034822940826416016]}, "sizes": {"653_fri_c0_250_25": []}, "tau": 0.9}, "DecisionTree": {"losses": {"653_fri_c0_250_25": [0.022492618859245035, 0.025356004786154903, 0.027834213779774318, 0.02236831214730462, 0.024165287469337316]}, "coverage": {"653_fri_c0_250_25": [0.020000000000000018, 0.09999999999999998, 0.08000000000000007, 0.040000000000000036, 0.0]}, "complexity": {"653_fri_c0_250_25": [5, 35, 5, 15, 7]}, "time_all": {"653_fri_c0_250_25": [0.06538033485412598, 0.03542661666870117, 0.03348183631896973, 0.03468728065490723, 0.06463503837585449]}, "time_fit": {"653_fri_c0_250_25": [0.003042459487915039, 0.0036966800689697266, 0.00160980224609375, 0.0025343894958496094, 0.003440380096435547]}, "sizes": {"653_fri_c0_250_25": []}, "tau": 0.9}, "LinearQuantile": {"losses": {"653_fri_c0_250_25": [0.050972714235868126, 0.04222654817694768, 0.05835902685754109, 0.04931895749102562, 0.04532746880969959]}, "coverage": {"653_fri_c0_250_25": [0.54, 0.38, 0.6000000000000001, 0.46, 0.42000000000000004]}, "complexity": {"653_fri_c0_250_25": [25, 25, 25, 25, 25]}, "time_all": {"653_fri_c0_250_25": [1.51888108253479, 0.3958156108856201, 1.2311146259307861, 2.0484871864318848, 0.8720252513885498]}, "time_fit": {"653_fri_c0_250_25": [0.12178754806518555, 0.035710811614990234, 0.11154508590698242, 0.18596768379211426, 0.06102752685546875]}, "sizes": {"653_fri_c0_250_25": []}, "tau": 0.9}}