{"SQR": {"losses": {"620_fri_c1_1000_25": [0.014300228617348632, 0.023073309300152653, 0.011768988519983791, 0.010316802778686272, 0.009653385268828302]}, "coverage": {"620_fri_c1_1000_25": [0.39, 0.39, 0.39, 0.31500000000000006, 0.28]}, "complexity": {"620_fri_c1_1000_25": [15, 12, 16, 15, 16]}, "tau": 0.5}, "LightGBM": {"losses": {"620_fri_c1_1000_25": [0.03332671938062984, 0.03335443093159934, 0.03389199782552445, 0.026280338770811554, 0.03206138458185691]}, "coverage": {"620_fri_c1_1000_25": [0.42500000000000004, 0.3350000000000001, 0.42000000000000004, 0.41000000000000003, 0.41000000000000003]}, "tau": 0.5}, "DecisionTree": {"losses": {"620_fri_c1_1000_25": [0.03661505070691294, 0.03665715678181902, 0.03974873560855034, 0.03396599544190021, 0.034916579229818716]}, "coverage": {"620_fri_c1_1000_25": [0.46, 0.355, 0.4, 0.37, 0.41500000000000004]}, "complexity": {"620_fri_c1_1000_25": [135, 41, 135, 139, 61]}, "tau": 0.5}, "LinearQuantile": {"losses": {"620_fri_c1_1000_25": [0.067960884789295, 0.06794412058590023, 0.07046528336842593, 0.07127600298082232, 0.07270341387347791]}, "coverage": {"620_fri_c1_1000_25": [0.41500000000000004, 0.42000000000000004, 0.41500000000000004, 0.43000000000000005, 0.44]}, "complexity": {"620_fri_c1_1000_25": [25, 25, 25, 25, 25]}, "tau": 0.5}}