{"SQR": {"losses": {"687_sleuth_ex1605": [0.040357578044888376, 0.03596252080509679, 0.047488792883293385, 0.02699819064855731, 0.03008645132828955]}, "coverage": {"687_sleuth_ex1605": [0.20769230769230773, 0.05384615384615388, 0.2333333333333334, 0.016666666666666607, 0.31666666666666665]}, "complexity": {"687_sleuth_ex1605": [5, 6, 5, 11, 8]}, "time_all": {"687_sleuth_ex1605": [287.56673097610474, 275.51932287216187, 272.64802074432373, 282.42885637283325, 295.07752895355225]}, "time_fit": {"687_sleuth_ex1605": [287.56673097610474, 275.51932287216187, 272.64802074432373, 282.42885637283325, 295.07752895355225]}, "sizes": {"687_sleuth_ex1605": []}, "tau": 0.9}, "LightGBM": {"losses": {"687_sleuth_ex1605": [0.030927669362671925, 0.03135198135198135, 0.030328284369574646, 0.04049910876329961, 0.026662638146328698]}, "coverage": {"687_sleuth_ex1605": [0.023076923076923106, 0.023076923076923106, 0.06666666666666665, 0.06666666666666665, 0.09999999999999998]}, "time_all": {"687_sleuth_ex1605": [0.10318350791931152, 0.04261970520019531, 0.041921138763427734, 0.055931806564331055, 0.05092000961303711]}, "time_fit": {"687_sleuth_ex1605": [0.012459516525268555, 0.003147125244140625, 0.0029768943786621094, 0.011956453323364258, 0.011950969696044922]}, "sizes": {"687_sleuth_ex1605": []}, "tau": 0.9}, "DecisionTree": {"losses": {"687_sleuth_ex1605": [0.02934731934731934, 0.025641025641025626, 0.03032828282828284, 0.029608585858585848, 0.020934343434343427]}, "coverage": {"687_sleuth_ex1605": [0.05384615384615388, 0.05384615384615388, 0.06666666666666665, 0.2333333333333334, 0.09999999999999998]}, "complexity": {"687_sleuth_ex1605": [7, 7, 1, 7, 7]}, "time_all": {"687_sleuth_ex1605": [0.029346942901611328, 0.015969514846801758, 0.015744447708129883, 0.02433609962463379, 0.01603412628173828]}, "time_fit": {"687_sleuth_ex1605": [0.002059459686279297, 0.0010771751403808594, 0.0007982254028320312, 0.0017008781433105469, 0.001077413558959961]}, "sizes": {"687_sleuth_ex1605": []}, "tau": 0.9}, "LinearQuantile": {"losses": {"687_sleuth_ex1605": [0.028021346358086296, 0.03340834379427016, 0.05038736346830453, 0.029958960611360216, 0.028399606001323706]}, "coverage": {"687_sleuth_ex1605": [0.05384615384615388, 0.05384615384615388, 0.06666666666666665, 0.016666666666666607, 0.016666666666666607]}, "complexity": {"687_sleuth_ex1605": [5, 5, 5, 5, 5]}, "time_all": {"687_sleuth_ex1605": [0.2730543613433838, 0.0997457504272461, 0.16387104988098145, 0.168503999710083, 0.06720995903015137]}, "time_fit": {"687_sleuth_ex1605": [0.023184537887573242, 0.008761405944824219, 0.014594078063964844, 0.014102458953857422, 0.005822181701660156]}, "sizes": {"687_sleuth_ex1605": []}, "tau": 0.9}}