{"SQR": {"losses": {"616_fri_c4_500_50": [0.014172647044425984, 0.014870283557011157, 0.015508856904503196, 0.016449543295460254, 0.011202501405587586]}, "coverage": {"616_fri_c4_500_50": [0.36, 0.4, 0.38, 0.36, 0.33000000000000007]}, "complexity": {"616_fri_c4_500_50": [10, 11, 12, 11, 10]}, "tau": 0.5}, "LightGBM": {"losses": {"616_fri_c4_500_50": [0.03815399072514695, 0.03120963316341118, 0.035630250191464624, 0.03332612956066845, 0.026121482099389588]}, "coverage": {"616_fri_c4_500_50": [0.5, 0.33999999999999997, 0.44, 0.33000000000000007, 0.37]}, "tau": 0.5}, "DecisionTree": {"losses": {"616_fri_c4_500_50": [0.04631636206034486, 0.03718827509422674, 0.039934231155418505, 0.033706682620082716, 0.02825612201965994]}, "coverage": {"616_fri_c4_500_50": [0.47000000000000003, 0.41000000000000003, 0.43000000000000005, 0.36, 0.24]}, "complexity": {"616_fri_c4_500_50": [161, 159, 31, 31, 157]}, "tau": 0.5}, "LinearQuantile": {"losses": {"616_fri_c4_500_50": [0.06563018545768148, 0.07204928075533122, 0.07641477857010308, 0.07134499451857697, 0.06603348294459296]}, "coverage": {"616_fri_c4_500_50": [0.43000000000000005, 0.45, 0.45, 0.42000000000000004, 0.41000000000000003]}, "complexity": {"616_fri_c4_500_50": [50, 50, 50, 50, 50]}, "tau": 0.5}}