{"SQR": {"losses": {"648_fri_c1_250_50": [0.009154963012566275, 0.012614583488761665, 0.004817796958766773, 0.008762185898442106, 0.016522126573801452]}, "coverage": {"648_fri_c1_250_50": [0.08000000000000007, 0.14, 0.07999999999999996, 0.05999999999999994, 0.06000000000000005]}, "complexity": {"648_fri_c1_250_50": [12, 11, 17, 13, 7]}, "time_all": {"648_fri_c1_250_50": [446.15794110298157, 412.7788872718811, 435.5452778339386, 414.78730273246765, 413.9177849292755]}, "time_fit": {"648_fri_c1_250_50": [446.15794110298157, 412.7788872718811, 435.5452778339386, 414.78730273246765, 413.9177849292755]}, "sizes": {"648_fri_c1_250_50": []}, "tau": 0.9}, "LightGBM": {"losses": {"648_fri_c1_250_50": [0.024163166900677747, 0.028643134202958113, 0.02793421964716888, 0.029805029501390704, 0.02540213752540703]}, "coverage": {"648_fri_c1_250_50": [0.020000000000000018, 0.09999999999999998, 0.05999999999999994, 0.08000000000000007, 0.039999999999999925]}, "time_all": {"648_fri_c1_250_50": [0.1788468360900879, 0.11033034324645996, 0.14018917083740234, 0.13286638259887695, 0.11596918106079102]}, "time_fit": {"648_fri_c1_250_50": [0.02421879768371582, 0.020870685577392578, 0.033884525299072266, 0.025118589401245117, 0.02757430076599121]}, "sizes": {"648_fri_c1_250_50": []}, "tau": 0.9}, "DecisionTree": {"losses": {"648_fri_c1_250_50": [0.0240724761674535, 0.02167541749049118, 0.026455317901271324, 0.022568367620293326, 0.019860479619439524]}, "coverage": {"648_fri_c1_250_50": [0.0, 0.20000000000000007, 0.039999999999999925, 0.040000000000000036, 0.020000000000000018]}, "complexity": {"648_fri_c1_250_50": [5, 35, 5, 7, 15]}, "time_all": {"648_fri_c1_250_50": [0.08462214469909668, 0.04862475395202637, 0.045455217361450195, 0.04584550857543945, 0.04669785499572754]}, "time_fit": {"648_fri_c1_250_50": [0.004018545150756836, 0.005368709564208984, 0.002209186553955078, 0.0026121139526367188, 0.00370025634765625]}, "sizes": {"648_fri_c1_250_50": []}, "tau": 0.9}, "LinearQuantile": {"losses": {"648_fri_c1_250_50": [0.10216472986167734, 0.1184774603517716, 0.11120038922499395, 0.11911783301681014, 0.08833609904565083]}, "coverage": {"648_fri_c1_250_50": [0.56, 0.46, 0.48000000000000004, 0.56, 0.44]}, "complexity": {"648_fri_c1_250_50": [50, 50, 50, 50, 50]}, "time_all": {"648_fri_c1_250_50": [6.179182291030884, 15.143834590911865, 6.073425054550171, 36.72429323196411, 182.70979690551758]}, "time_fit": {"648_fri_c1_250_50": [0.5000393390655518, 1.287315845489502, 0.4769582748413086, 0.538649320602417, 0.4047725200653076]}, "sizes": {"648_fri_c1_250_50": []}, "tau": 0.9}}