{"SQR": {"losses": {"637_fri_c1_500_50": [0.028842868766205974, 0.02343380087155641, 0.020551631831496914, 0.030433359830442562, 0.025282977057638274]}, "coverage": {"637_fri_c1_500_50": [0.44, 0.33000000000000007, 0.32000000000000006, 0.4, 0.32000000000000006]}, "complexity": {"637_fri_c1_500_50": [15, 12, 14, 10, 15]}, "tau": 0.5}, "LightGBM": {"losses": {"637_fri_c1_500_50": [0.036398105610526775, 0.03525156100188925, 0.039044235187069724, 0.045774115505604264, 0.03629619010222169]}, "coverage": {"637_fri_c1_500_50": [0.37, 0.37, 0.33000000000000007, 0.48000000000000004, 0.43000000000000005]}, "tau": 0.5}, "DecisionTree": {"losses": {"637_fri_c1_500_50": [0.0449792433438918, 0.044779558659021716, 0.033318630241183006, 0.04870379600293161, 0.044249264369286785]}, "coverage": {"637_fri_c1_500_50": [0.45, 0.41000000000000003, 0.33000000000000007, 0.41000000000000003, 0.44]}, "complexity": {"637_fri_c1_500_50": [159, 71, 31, 69, 69]}, "tau": 0.5}, "LinearQuantile": {"losses": {"637_fri_c1_500_50": [0.06196573397754453, 0.0758947055172851, 0.08697856139468053, 0.09331506311279109, 0.07368941169507078]}, "coverage": {"637_fri_c1_500_50": [0.36, 0.43000000000000005, 0.45, 0.48000000000000004, 0.39]}, "complexity": {"637_fri_c1_500_50": [50, 50, 50, 50, 50]}, "tau": 0.5}}