{"SQR": {"losses": {"1096_FacultySalaries": [0.003850672872661421, 0.00030551990125544264, 0.0011172287328043411, 0.009887842873662303, 0.0062431202287992205]}, "coverage": {"1096_FacultySalaries": [0.09999999999999998, 0.09999999999999998, 0.09999999999999998, 0.09999999999999998, 0.0]}, "complexity": {"1096_FacultySalaries": [16, 7, 13, 17, 15]}, "tau": 0.9}, "LightGBM": {"losses": {"1096_FacultySalaries": [0.04161137676386791, 0.06305213171949359, 0.03175354382625662, 0.03976303139314718, 0.061374404541188685]}, "coverage": {"1096_FacultySalaries": [0.09999999999999998, 0.0, 0.0, 0.09999999999999998, 0.0]}, "tau": 0.9}, "DecisionTree": {"losses": {"1096_FacultySalaries": [0.016540278226993978, 0.024786729700162994, 0.020791469144616638, 0.021880561299195335, 0.024189564580377042]}, "coverage": {"1096_FacultySalaries": [0.09999999999999998, 0.30000000000000004, 0.09999999999999998, 0.20000000000000007, 0.20000000000000007]}, "complexity": {"1096_FacultySalaries": [3, 15, 3, 7, 15]}, "tau": 0.9}, "LinearQuantile": {"losses": {"1096_FacultySalaries": [0.0023976536898935087, 8.194979393291831e-05, 8.632940384348686e-05, 0.009839832752723142, 0.00010421619041775683]}, "coverage": {"1096_FacultySalaries": [0.20000000000000007, 0.09999999999999998, 0.09999999999999998, 0.09999999999999998, 0.30000000000000004]}, "complexity": {"1096_FacultySalaries": [5, 5, 5, 5, 5]}, "tau": 0.9}}