{"SQR": {"losses": {"519_vinnie": [0.04423976619736842, 0.043362642271929826, 0.043859691403508774, 0.049152051, 0.041316005]}, "coverage": {"519_vinnie": [0.09210526315789469, 0.03947368421052633, 0.03947368421052633, 0.11842105263157898, 0.0]}, "complexity": {"519_vinnie": [2, 2, 2, 2, 2]}, "time_all": {"519_vinnie": [429.67550826072693, 405.58757615089417, 421.0133390426636, 404.4311611652374, 420.0696051120758]}, "time_fit": {"519_vinnie": [429.67550826072693, 405.58757615089417, 421.0133390426636, 404.4311611652374, 420.0696051120758]}, "sizes": {"519_vinnie": []}, "tau": 0.5}, "LightGBM": {"losses": {"519_vinnie": [0.04642677162159659, 0.0415943757500726, 0.04310981453743001, 0.044533237637859484, 0.039248937868267955]}, "coverage": {"519_vinnie": [0.06578947368421051, 0.013157894736842146, 0.01315789473684209, 0.09210526315789469, 0.03947368421052633]}, "time_all": {"519_vinnie": [0.1347188949584961, 0.137955904006958, 0.13893771171569824, 0.1599900722503662, 0.12503504753112793]}, "time_fit": {"519_vinnie": [0.0307462215423584, 0.032698869705200195, 0.03384685516357422, 0.038681745529174805, 0.023072242736816406]}, "sizes": {"519_vinnie": []}, "tau": 0.5}, "DecisionTree": {"losses": {"519_vinnie": [0.04473684210526316, 0.03925438596491228, 0.04013157894736842, 0.0456140350877193, 0.04013157894736842]}, "coverage": {"519_vinnie": [0.1842105263157895, 0.07894736842105265, 0.07894736842105265, 0.17105263157894735, 0.013157894736842146]}, "complexity": {"519_vinnie": [19, 21, 97, 19, 21]}, "time_all": {"519_vinnie": [0.025132179260253906, 0.025038957595825195, 0.027521848678588867, 0.025699615478515625, 0.025120258331298828]}, "time_fit": {"519_vinnie": [0.0015952587127685547, 0.0016782283782958984, 0.0044744014739990234, 0.0015718936920166016, 0.0016465187072753906]}, "sizes": {"519_vinnie": []}, "tau": 0.5}, "LinearQuantile": {"losses": {"519_vinnie": [0.04143049702805974, 0.03824561548121403, 0.04157893313945409, 0.04517543163251191, 0.038508774805184595]}, "coverage": {"519_vinnie": [0.03947368421052633, 0.013157894736842146, 0.026315789473684237, 0.06578947368421051, 0.09210526315789475]}, "complexity": {"519_vinnie": [5, 5, 5, 5, 5]}, "time_all": {"519_vinnie": [0.043897390365600586, 0.04722881317138672, 0.18015408515930176, 0.09996843338012695, 0.13139629364013672]}, "time_fit": {"519_vinnie": [0.003666400909423828, 0.003952980041503906, 0.016077280044555664, 0.008772611618041992, 0.011590957641601562]}, "sizes": {"519_vinnie": []}, "tau": 0.5}}