{"SQR": {"losses": {"633_fri_c0_500_25": [0.014416937331624134, 0.013370205653880779, 0.00744885977023951, 0.011865770349799137, 0.010691247986978326]}, "coverage": {"633_fri_c0_500_25": [0.08000000000000007, 0.040000000000000036, 0.0, 0.039999999999999925, 0.010000000000000009]}, "complexity": {"633_fri_c0_500_25": [12, 11, 13, 9, 11]}, "time_all": {"633_fri_c0_500_25": [557.4848227500916, 495.4297525882721, 507.7564289569855, 530.1425631046295, 485.20078706741333]}, "time_fit": {"633_fri_c0_500_25": [557.4848227500916, 495.4297525882721, 507.7564289569855, 530.1425631046295, 485.20078706741333]}, "sizes": {"633_fri_c0_500_25": []}, "tau": 0.9}, "LightGBM": {"losses": {"633_fri_c0_500_25": [0.020757689508668922, 0.0218177820517369, 0.018794972309737396, 0.022223121705430636, 0.02528663100583866]}, "coverage": {"633_fri_c0_500_25": [0.0, 0.030000000000000027, 0.020000000000000018, 0.050000000000000044, 0.030000000000000027]}, "time_all": {"633_fri_c0_500_25": [0.23270893096923828, 0.1896958351135254, 0.16511797904968262, 0.1872718334197998, 0.21801352500915527]}, "time_fit": {"633_fri_c0_500_25": [0.04261898994445801, 0.03853654861450195, 0.03912925720214844, 0.03973388671875, 0.04296255111694336]}, "sizes": {"633_fri_c0_500_25": []}, "tau": 0.9}, "DecisionTree": {"losses": {"633_fri_c0_500_25": [0.018256907695134418, 0.021313212152869212, 0.019553907569148907, 0.021100981142154827, 0.021096580287667234]}, "coverage": {"633_fri_c0_500_25": [0.06000000000000005, 0.030000000000000027, 0.020000000000000018, 0.10999999999999999, 0.08999999999999997]}, "complexity": {"633_fri_c0_500_25": [31, 15, 15, 31, 31]}, "time_all": {"633_fri_c0_500_25": [0.12960171699523926, 0.06779766082763672, 0.06887054443359375, 0.06767392158508301, 0.1404891014099121]}, "time_fit": {"633_fri_c0_500_25": [0.010427474975585938, 0.0039234161376953125, 0.004145622253417969, 0.005422353744506836, 0.011110305786132812]}, "sizes": {"633_fri_c0_500_25": []}, "tau": 0.9}, "LinearQuantile": {"losses": {"633_fri_c0_500_25": [0.040647479252546935, 0.04824733542893932, 0.037966002575868775, 0.047869480048225777, 0.048875299162949415]}, "coverage": {"633_fri_c0_500_25": [0.44, 0.5900000000000001, 0.42000000000000004, 0.44, 0.48000000000000004]}, "complexity": {"633_fri_c0_500_25": [25, 25, 25, 25, 25]}, "time_all": {"633_fri_c0_500_25": [2.123685598373413, 0.41257476806640625, 4.338824510574341, 0.319124698638916, 0.6226739883422852]}, "time_fit": {"633_fri_c0_500_25": [0.12201666831970215, 0.05177617073059082, 0.25349926948547363, 0.028676748275756836, 0.05514979362487793]}, "sizes": {"633_fri_c0_500_25": []}, "tau": 0.9}}