{"SQR": {"losses": {"591_fri_c1_100_10": [0.01221973282897643, 0.015949851830298876, 0.022295840096166173, 0.025011602750381827, 0.017484251414093453]}, "coverage": {"591_fri_c1_100_10": [0.15000000000000002, 0.5, 0.35, 0.35, 0.55]}, "complexity": {"591_fri_c1_100_10": [11, 15, 12, 13, 15]}, "tau": 0.5}, "LightGBM": {"losses": {"591_fri_c1_100_10": [0.02646315625030472, 0.10871365956856402, 0.07658554846123712, 0.08692623149402859, 0.07455747839258495]}, "coverage": {"591_fri_c1_100_10": [0.20000000000000007, 0.45, 0.4, 0.45, 0.35]}, "tau": 0.5}, "DecisionTree": {"losses": {"591_fri_c1_100_10": [0.05233607221539667, 0.06889691455605924, 0.06878829838738006, 0.06820014550105649, 0.0672946828390336]}, "coverage": {"591_fri_c1_100_10": [0.25, 0.55, 0.4, 0.4, 0.45]}, "complexity": {"591_fri_c1_100_10": [3, 13, 3, 13, 33]}, "tau": 0.5}, "LinearQuantile": {"losses": {"591_fri_c1_100_10": [0.05788689783893818, 0.11239865145815035, 0.09832159741224972, 0.0803053415362035, 0.0937784641353076]}, "coverage": {"591_fri_c1_100_10": [0.30000000000000004, 0.45, 0.4, 0.45, 0.45]}, "complexity": {"591_fri_c1_100_10": [10, 10, 10, 10, 10]}, "tau": 0.5}}