{"SQR": {"losses": {"589_fri_c2_1000_25": [0.02463649866509771, 0.009560062657850373, 0.02201436044119993, 0.03487542287659918, 0.02342207770890768]}, "coverage": {"589_fri_c2_1000_25": [0.33999999999999997, 0.255, 0.435, 0.435, 0.42500000000000004]}, "complexity": {"589_fri_c2_1000_25": [16, 17, 15, 7, 11]}, "tau": 0.5}, "LightGBM": {"losses": {"589_fri_c2_1000_25": [0.03424658682270704, 0.02681045072542458, 0.026221825647602583, 0.032224533620717324, 0.03354405512200156]}, "coverage": {"589_fri_c2_1000_25": [0.42000000000000004, 0.37, 0.4, 0.46, 0.42500000000000004]}, "tau": 0.5}, "DecisionTree": {"losses": {"589_fri_c2_1000_25": [0.037741432361020684, 0.031212463886177835, 0.033096185263749155, 0.03285570765202078, 0.037473059775472516]}, "coverage": {"589_fri_c2_1000_25": [0.42500000000000004, 0.35, 0.41000000000000003, 0.41500000000000004, 0.42000000000000004]}, "complexity": {"589_fri_c2_1000_25": [323, 133, 65, 319, 131]}, "tau": 0.5}, "LinearQuantile": {"losses": {"589_fri_c2_1000_25": [0.07000372161021244, 0.06924137673151888, 0.07409896108800121, 0.07016323734965936, 0.07587904152468467]}, "coverage": {"589_fri_c2_1000_25": [0.42500000000000004, 0.445, 0.42500000000000004, 0.4, 0.405]}, "complexity": {"589_fri_c2_1000_25": [25, 25, 25, 25, 25]}, "tau": 0.5}}