{"SQR": {"losses": {"613_fri_c3_250_5": [0.01034994990805688, 0.011837531897615206, 0.010451681765401077, 0.008325425719404481, 0.01232800597766667]}, "coverage": {"613_fri_c3_250_5": [0.020000000000000018, 0.08000000000000007, 0.09999999999999998, 0.08000000000000007, 0.0]}, "complexity": {"613_fri_c3_250_5": [10, 7, 12, 13, 6]}, "tau": 0.9}, "LightGBM": {"losses": {"613_fri_c3_250_5": [0.020079574864997847, 0.024755060003756442, 0.022645764773368552, 0.02041108057915603, 0.018866950627608008]}, "coverage": {"613_fri_c3_250_5": [0.14, 0.020000000000000018, 0.020000000000000018, 0.020000000000000018, 0.020000000000000018]}, "tau": 0.9}, "DecisionTree": {"losses": {"613_fri_c3_250_5": [0.021123171556074506, 0.023975640618658065, 0.02279403968657638, 0.02577046253051413, 0.017795159980895033]}, "coverage": {"613_fri_c3_250_5": [0.08000000000000007, 0.26, 0.06000000000000005, 0.020000000000000018, 0.040000000000000036]}, "complexity": {"613_fri_c3_250_5": [37, 81, 29, 7, 17]}, "tau": 0.9}, "LinearQuantile": {"losses": {"613_fri_c3_250_5": [0.06872576316832549, 0.07812482862216237, 0.05410103791790163, 0.08285728844315579, 0.054064046683560366]}, "coverage": {"613_fri_c3_250_5": [0.48000000000000004, 0.4, 0.36, 0.5, 0.36]}, "complexity": {"613_fri_c3_250_5": [5, 5, 5, 5, 5]}, "tau": 0.9}}