{"SQR": {"losses": {"634_fri_c2_100_10": [0.028818120796347834, 0.011292396020731942, 0.02327715834446903, 0.02684579502849238, 0.012399724993415306]}, "coverage": {"634_fri_c2_100_10": [0.15000000000000002, 0.050000000000000044, 0.09999999999999998, 0.20000000000000007, 0.050000000000000044]}, "complexity": {"634_fri_c2_100_10": [11, 11, 13, 9, 13]}, "time_all": {"634_fri_c2_100_10": [333.4754784107208, 309.2569558620453, 318.0326669216156, 321.75173830986023, 331.5104248523712]}, "time_fit": {"634_fri_c2_100_10": [333.4754784107208, 309.2569558620453, 318.0326669216156, 321.75173830986023, 331.5104248523712]}, "sizes": {"634_fri_c2_100_10": []}, "tau": 0.9}, "LightGBM": {"losses": {"634_fri_c2_100_10": [0.033136378584050524, 0.036135632601386566, 0.0375244508365416, 0.033923896237244684, 0.03233153849110373]}, "coverage": {"634_fri_c2_100_10": [0.0, 0.050000000000000044, 0.050000000000000044, 0.0, 0.0]}, "time_all": {"634_fri_c2_100_10": [0.11746716499328613, 0.06603884696960449, 0.06024622917175293, 0.04988837242126465, 0.07436561584472656]}, "time_fit": {"634_fri_c2_100_10": [0.017040491104125977, 0.014476776123046875, 0.00972604751586914, 0.0048503875732421875, 0.017020225524902344]}, "sizes": {"634_fri_c2_100_10": []}, "tau": 0.9}, "DecisionTree": {"losses": {"634_fri_c2_100_10": [0.030127079976555886, 0.024280921534315908, 0.037968895982542286, 0.020170957879416297, 0.0219242505770213]}, "coverage": {"634_fri_c2_100_10": [0.050000000000000044, 0.20000000000000007, 0.04999999999999993, 0.0, 0.050000000000000044]}, "complexity": {"634_fri_c2_100_10": [3, 31, 1, 13, 29]}, "time_all": {"634_fri_c2_100_10": [0.034383296966552734, 0.019064664840698242, 0.017400264739990234, 0.018017053604125977, 0.019472360610961914]}, "time_fit": {"634_fri_c2_100_10": [0.0018491744995117188, 0.0022072792053222656, 0.0008113384246826172, 0.0014564990997314453, 0.0021195411682128906]}, "sizes": {"634_fri_c2_100_10": []}, "tau": 0.9}, "LinearQuantile": {"losses": {"634_fri_c2_100_10": [0.10544980200155708, 0.039466291796582086, 0.1169667856641149, 0.10035666029442213, 0.06371957866456505]}, "coverage": {"634_fri_c2_100_10": [0.45, 0.25, 0.55, 0.6000000000000001, 0.4]}, "complexity": {"634_fri_c2_100_10": [10, 10, 10, 10, 10]}, "time_all": {"634_fri_c2_100_10": [0.2515885829925537, 0.23581242561340332, 0.5462236404418945, 0.19077014923095703, 0.12612700462341309]}, "time_fit": {"634_fri_c2_100_10": [0.02118825912475586, 0.02115321159362793, 0.049356698989868164, 0.017108917236328125, 0.011202812194824219]}, "sizes": {"634_fri_c2_100_10": []}, "tau": 0.9}}