{"SQR": {"losses": {"666_rmftsa_ladata": [0.01828469024870459, 0.012988432194747289, 0.013883200158452286, 0.014688850738488926, 0.014956665326888646]}, "coverage": {"666_rmftsa_ladata": [0.0862745098039216, 0.050980392156862675, 0.04117647058823526, 0.000990099009900991, 0.03069306930693072]}, "complexity": {"666_rmftsa_ladata": [3, 3, 3, 3, 3]}, "time_all": {"666_rmftsa_ladata": [456.4004020690918, 491.5608470439911, 483.08617210388184, 464.7115342617035, 511.7336082458496]}, "time_fit": {"666_rmftsa_ladata": [456.4004020690918, 491.5608470439911, 483.08617210388184, 464.7115342617035, 511.7336082458496]}, "sizes": {"666_rmftsa_ladata": []}, "tau": 0.9}, "LightGBM": {"losses": {"666_rmftsa_ladata": [0.01617644490609788, 0.011840284497974437, 0.014705586337787464, 0.012343303705508925, 0.01657145928595773]}, "coverage": {"666_rmftsa_ladata": [0.03725490196078429, 0.007843137254901933, 0.0019607843137254832, 0.0108910891089109, 0.04851485148514856]}, "time_all": {"666_rmftsa_ladata": [0.21652674674987793, 0.1481616497039795, 0.1451277732849121, 0.1682746410369873, 0.18364858627319336]}, "time_fit": {"666_rmftsa_ladata": [0.0378575325012207, 0.03314995765686035, 0.03239083290100098, 0.03646731376647949, 0.03646206855773926]}, "sizes": {"666_rmftsa_ladata": []}, "tau": 0.9}, "DecisionTree": {"losses": {"666_rmftsa_ladata": [0.01378036628353388, 0.013847964681418959, 0.014621498133089578, 0.013313968634706226, 0.01589372683696059]}, "coverage": {"666_rmftsa_ladata": [0.1352941176470589, 0.06666666666666665, 0.01764705882352946, 0.03861386138613865, 0.04851485148514856]}, "complexity": {"666_rmftsa_ladata": [69, 19, 27, 19, 11]}, "time_all": {"666_rmftsa_ladata": [0.09987235069274902, 0.08917641639709473, 0.0494542121887207, 0.04872727394104004, 0.04723334312438965]}, "time_fit": {"666_rmftsa_ladata": [0.010493040084838867, 0.005424976348876953, 0.0035042762756347656, 0.0029888153076171875, 0.002245187759399414]}, "sizes": {"666_rmftsa_ladata": []}, "tau": 0.9}, "LinearQuantile": {"losses": {"666_rmftsa_ladata": [0.018007327824608333, 0.014283371506312668, 0.01486334420752569, 0.012130821848130798, 0.016147899414702866]}, "coverage": {"666_rmftsa_ladata": [0.0862745098039216, 0.021568627450980316, 0.027450980392156876, 0.03069306930693072, 0.0108910891089109]}, "complexity": {"666_rmftsa_ladata": [10, 10, 10, 10, 10]}, "time_all": {"666_rmftsa_ladata": [0.4315207004547119, 0.257007360458374, 0.20686674118041992, 0.17259621620178223, 0.16232991218566895]}, "time_fit": {"666_rmftsa_ladata": [0.03785538673400879, 0.022444725036621094, 0.018517017364501953, 0.015396595001220703, 0.014461755752563477]}, "sizes": {"666_rmftsa_ladata": []}, "tau": 0.9}}