{"SQR": {"losses": {"588_fri_c4_1000_100": [0.0056355511585742925, 0.010236134468889447, 0.006927642984771763, 0.005839651255718974, 0.007312615387707386]}, "coverage": {"588_fri_c4_1000_100": [0.025000000000000022, 0.010000000000000009, 0.010000000000000009, 0.030000000000000027, 0.015000000000000013]}, "complexity": {"588_fri_c4_1000_100": [13, 7, 14, 15, 12]}, "time_all": {"588_fri_c4_1000_100": [843.618332862854, 825.2794268131256, 792.9367983341217, 764.1912162303925, 812.3965871334076]}, "time_fit": {"588_fri_c4_1000_100": [843.618332862854, 825.2794268131256, 792.9367983341217, 764.1912162303925, 812.3965871334076]}, "sizes": {"588_fri_c4_1000_100": []}, "tau": 0.9}, "LightGBM": {"losses": {"588_fri_c4_1000_100": [0.015838302964089376, 0.014813735034627698, 0.017087693985067903, 0.014214587566461219, 0.01562324442178906]}, "coverage": {"588_fri_c4_1000_100": [0.030000000000000027, 0.0, 0.0050000000000000044, 0.010000000000000009, 0.010000000000000009]}, "time_all": {"588_fri_c4_1000_100": [0.42402219772338867, 0.3297872543334961, 0.3408079147338867, 0.32366442680358887, 0.3690159320831299]}, "time_fit": {"588_fri_c4_1000_100": [0.07011055946350098, 0.061691999435424805, 0.058983564376831055, 0.06060791015625, 0.06763219833374023]}, "sizes": {"588_fri_c4_1000_100": []}, "tau": 0.9}, "DecisionTree": {"losses": {"588_fri_c4_1000_100": [0.014356965647227892, 0.014452364791585426, 0.012325404495736469, 0.0119042459310398, 0.01254390910658728]}, "coverage": {"588_fri_c4_1000_100": [0.08500000000000008, 0.08999999999999997, 0.015000000000000013, 0.08000000000000007, 0.030000000000000027]}, "complexity": {"588_fri_c4_1000_100": [61, 57, 61, 63, 37]}, "time_all": {"588_fri_c4_1000_100": [1.005284309387207, 0.516099214553833, 0.516010046005249, 0.522087574005127, 0.9127705097198486]}, "time_fit": {"588_fri_c4_1000_100": [0.09156155586242676, 0.04582786560058594, 0.04667353630065918, 0.04681062698364258, 0.055805206298828125]}, "sizes": {"588_fri_c4_1000_100": []}, "tau": 0.9}, "LinearQuantile": {"losses": {"588_fri_c4_1000_100": [0.06955366522596429, 0.06951749543706852, 0.06351016785823749, 0.06518888022309366, 0.06375724484879149]}, "coverage": {"588_fri_c4_1000_100": [0.465, 0.435, 0.47000000000000003, 0.44, 0.42000000000000004]}, "complexity": {"588_fri_c4_1000_100": [100, 100, 100, 100, 100]}, "time_all": {"588_fri_c4_1000_100": [80.01170754432678, 103.75791764259338, 75.41716694831848, 74.11188387870789, 127.92919945716858]}, "time_fit": {"588_fri_c4_1000_100": [7.053828239440918, 5.822934627532959, 5.673949956893921, 4.199556589126587, 5.951983690261841]}, "sizes": {"588_fri_c4_1000_100": []}, "tau": 0.9}}