{"SQR": {"losses": {"618_fri_c3_1000_50": [0.012775999466761728, 0.017064983123346998, 0.017329336804892292, 0.014170402068408404, 0.016820719681488894]}, "coverage": {"618_fri_c3_1000_50": [0.05499999999999999, 0.015000000000000013, 0.0, 0.06499999999999995, 0.13]}, "complexity": {"618_fri_c3_1000_50": [16, 15, 14, 10, 12]}, "time_all": {"618_fri_c3_1000_50": [835.8574573993683, 861.3732900619507, 859.3144466876984, 892.1313600540161, 827.3163979053497]}, "time_fit": {"618_fri_c3_1000_50": [835.8574573993683, 861.3732900619507, 859.3144466876984, 892.1313600540161, 827.3163979053497]}, "sizes": {"618_fri_c3_1000_50": []}, "tau": 0.5}, "LightGBM": {"losses": {"618_fri_c3_1000_50": [0.026966966914908103, 0.022593640734534657, 0.029203547324026347, 0.025770091288870357, 0.027220937950648613]}, "coverage": {"618_fri_c3_1000_50": [0.010000000000000009, 0.015000000000000013, 0.015000000000000013, 0.044999999999999984, 0.04500000000000004]}, "time_all": {"618_fri_c3_1000_50": [0.395488977432251, 0.4295799732208252, 0.4399607181549072, 0.4266233444213867, 0.4262714385986328]}, "time_fit": {"618_fri_c3_1000_50": [0.07429075241088867, 0.07796025276184082, 0.07911229133605957, 0.08254671096801758, 0.07432770729064941]}, "sizes": {"618_fri_c3_1000_50": []}, "tau": 0.5}, "DecisionTree": {"losses": {"618_fri_c3_1000_50": [0.02954125186667555, 0.02893942271942694, 0.0299183995801126, 0.028140189444705817, 0.02969657547412064]}, "coverage": {"618_fri_c3_1000_50": [0.015000000000000013, 0.015000000000000013, 0.010000000000000009, 0.0, 0.06499999999999995]}, "complexity": {"618_fri_c3_1000_50": [133, 61, 135, 139, 61]}, "time_all": {"618_fri_c3_1000_50": [0.3003854751586914, 0.2915017604827881, 0.5790514945983887, 0.5631005764007568, 0.29148173332214355]}, "time_fit": {"618_fri_c3_1000_50": [0.0324251651763916, 0.02538156509399414, 0.06241750717163086, 0.06090593338012695, 0.0249326229095459]}, "sizes": {"618_fri_c3_1000_50": []}, "tau": 0.5}, "LinearQuantile": {"losses": {"618_fri_c3_1000_50": [0.062488147509241525, 0.05834118457513929, 0.06625175372078766, 0.06144569454697646, 0.06240008022087039]}, "coverage": {"618_fri_c3_1000_50": [0.04999999999999999, 0.010000000000000009, 0.020000000000000018, 0.05499999999999999, 0.010000000000000009]}, "complexity": {"618_fri_c3_1000_50": [50, 50, 50, 50, 50]}, "time_all": {"618_fri_c3_1000_50": [215.89755368232727, 38.04738688468933, 30.914337635040283, 6.567219495773315, 7.3718249797821045]}, "time_fit": {"618_fri_c3_1000_50": [0.8432426452636719, 0.4350461959838867, 2.3555617332458496, 0.5511674880981445, 0.613471269607544]}, "sizes": {"618_fri_c3_1000_50": []}, "tau": 0.5}}