{"SQR": {"losses": {"609_fri_c0_1000_5": [0.016672461371534036, 0.01675989232922352, 0.027039877446679683, 0.02492733379628287, 0.022679632886117428]}, "coverage": {"609_fri_c0_1000_5": [0.030000000000000027, 0.07500000000000001, 0.03500000000000003, 0.05500000000000005, 0.12]}, "complexity": {"609_fri_c0_1000_5": [16, 18, 11, 12, 14]}, "time_all": {"609_fri_c0_1000_5": [616.8390355110168, 661.6957173347473, 634.0393064022064, 675.068169593811, 698.4912052154541]}, "time_fit": {"609_fri_c0_1000_5": [616.8390355110168, 661.6957173347473, 634.0393064022064, 675.068169593811, 698.4912052154541]}, "sizes": {"609_fri_c0_1000_5": []}, "tau": 0.5}, "LightGBM": {"losses": {"609_fri_c0_1000_5": [0.03802512336358162, 0.039165553126160275, 0.03362138682504164, 0.033177668233252806, 0.03171038538910642]}, "coverage": {"609_fri_c0_1000_5": [0.040000000000000036, 0.0, 0.0050000000000000044, 0.010000000000000009, 0.0]}, "time_all": {"609_fri_c0_1000_5": [0.3428950309753418, 0.33316683769226074, 0.36475110054016113, 0.3572061061859131, 0.3302915096282959]}, "time_fit": {"609_fri_c0_1000_5": [0.06704258918762207, 0.06762933731079102, 0.06763219833374023, 0.06947994232177734, 0.06766152381896973]}, "sizes": {"609_fri_c0_1000_5": []}, "tau": 0.5}, "DecisionTree": {"losses": {"609_fri_c0_1000_5": [0.04090603074038892, 0.04188266153512189, 0.0386019713417198, 0.04229523788725822, 0.03625327986464616]}, "coverage": {"609_fri_c0_1000_5": [0.020000000000000018, 0.010000000000000009, 0.010000000000000009, 0.025000000000000022, 0.044999999999999984]}, "complexity": {"609_fri_c0_1000_5": [321, 317, 323, 327, 323]}, "time_all": {"609_fri_c0_1000_5": [0.08132433891296387, 0.08220982551574707, 0.08223533630371094, 0.08207917213439941, 0.08277654647827148]}, "time_fit": {"609_fri_c0_1000_5": [0.016066789627075195, 0.015935897827148438, 0.01608562469482422, 0.016233205795288086, 0.01613783836364746]}, "sizes": {"609_fri_c0_1000_5": []}, "tau": 0.5}, "LinearQuantile": {"losses": {"609_fri_c0_1000_5": [0.04105963880810232, 0.040431283930587675, 0.037357497821485494, 0.042013157773800096, 0.0352644616983366]}, "coverage": {"609_fri_c0_1000_5": [0.0050000000000000044, 0.044999999999999984, 0.08999999999999997, 0.030000000000000027, 0.020000000000000018]}, "complexity": {"609_fri_c0_1000_5": [5, 5, 5, 5, 5]}, "time_all": {"609_fri_c0_1000_5": [0.10372161865234375, 0.3632059097290039, 0.10957765579223633, 0.10101914405822754, 0.07473421096801758]}, "time_fit": {"609_fri_c0_1000_5": [0.009179830551147461, 0.03268599510192871, 0.009683370590209961, 0.008847475051879883, 0.006468772888183594]}, "sizes": {"609_fri_c0_1000_5": []}, "tau": 0.5}}