{"SQR": {"losses": {"659_sleuth_ex1714": [0.02746436408358139, 0.04967919903820492, 0.017143122859788716, 0.01387444582538071, 0.011058246780070658]}, "coverage": {"659_sleuth_ex1714": [0.09999999999999998, 0.09999999999999998, 0.011111111111111183, 0.011111111111111183, 0.011111111111111183]}, "complexity": {"659_sleuth_ex1714": [10, 11, 6, 13, 11]}, "tau": 0.9}, "LightGBM": {"losses": {"659_sleuth_ex1714": [0.036550926471975845, 0.0595999269712839, 0.020039070963773737, 0.029484460211089778, 0.01909388927003173]}, "coverage": {"659_sleuth_ex1714": [0.09999999999999998, 0.09999999999999998, 0.011111111111111183, 0.09999999999999998, 0.011111111111111183]}, "tau": 0.9}, "DecisionTree": {"losses": {"659_sleuth_ex1714": [0.026891300245329305, 0.053078002138768315, 0.020039070963773737, 0.012528848909298047, 0.01909388913351925]}, "coverage": {"659_sleuth_ex1714": [0.4, 0.20000000000000007, 0.011111111111111183, 0.09999999999999998, 0.011111111111111183]}, "complexity": {"659_sleuth_ex1714": [15, 13, 1, 5, 1]}, "tau": 0.9}, "LinearQuantile": {"losses": {"659_sleuth_ex1714": [0.014222047395963697, 0.013608607052190838, 0.028416558147629282, 0.027127294421339283, 0.017577347999908274]}, "coverage": {"659_sleuth_ex1714": [0.09999999999999998, 0.09999999999999998, 0.011111111111111183, 0.2333333333333334, 0.011111111111111183]}, "complexity": {"659_sleuth_ex1714": [7, 7, 7, 7, 7]}, "tau": 0.9}}