{"SQR": {"losses": {"602_fri_c3_250_10": [0.011978067594960286, 0.01531649355636687, 0.03440335743602245, 0.023825569798303744, 0.02046290777247145]}, "coverage": {"602_fri_c3_250_10": [0.4, 0.28, 0.42000000000000004, 0.46, 0.36]}, "complexity": {"602_fri_c3_250_10": [15, 13, 12, 9, 8]}, "tau": 0.5}, "LightGBM": {"losses": {"602_fri_c3_250_10": [0.030269373760009228, 0.03482421693494729, 0.03952703335094395, 0.055095561324724374, 0.024980368425553373]}, "coverage": {"602_fri_c3_250_10": [0.28, 0.4, 0.44, 0.56, 0.33999999999999997]}, "tau": 0.5}, "DecisionTree": {"losses": {"602_fri_c3_250_10": [0.03407723422725026, 0.031444261334066026, 0.04500508199100993, 0.05214115399101903, 0.03262573394437606]}, "coverage": {"602_fri_c3_250_10": [0.36, 0.30000000000000004, 0.46, 0.46, 0.33999999999999997]}, "complexity": {"602_fri_c3_250_10": [81, 35, 83, 35, 81]}, "tau": 0.5}, "LinearQuantile": {"losses": {"602_fri_c3_250_10": [0.06614507511977315, 0.06138846724134671, 0.07665976588036574, 0.07371121642286356, 0.05012170203436378]}, "coverage": {"602_fri_c3_250_10": [0.38, 0.32000000000000006, 0.48000000000000004, 0.56, 0.52]}, "complexity": {"602_fri_c3_250_10": [10, 10, 10, 10, 10]}, "tau": 0.5}}