{"SQR": {"losses": {"617_fri_c3_500_5": [0.01655179636554838, 0.014214092437667003, 0.01311271260398225, 0.01278018336490283, 0.01224445948625117]}, "coverage": {"617_fri_c3_500_5": [0.010000000000000009, 0.06999999999999995, 0.13, 0.010000000000000009, 0.12]}, "complexity": {"617_fri_c3_500_5": [14, 10, 11, 15, 16]}, "time_all": {"617_fri_c3_500_5": [498.4224286079407, 513.9794447422028, 537.6054844856262, 484.1202759742737, 493.36574482917786]}, "time_fit": {"617_fri_c3_500_5": [498.4224286079407, 513.9794447422028, 537.6054844856262, 484.1202759742737, 493.36574482917786]}, "sizes": {"617_fri_c3_500_5": []}, "tau": 0.5}, "LightGBM": {"losses": {"617_fri_c3_500_5": [0.029114865557267156, 0.02914485252080273, 0.02263829624265744, 0.025986664267443175, 0.029135285902656665]}, "coverage": {"617_fri_c3_500_5": [0.020000000000000018, 0.06999999999999995, 0.040000000000000036, 0.020000000000000018, 0.09999999999999998]}, "time_all": {"617_fri_c3_500_5": [0.22846293449401855, 0.19393658638000488, 0.23102569580078125, 0.22091174125671387, 0.21872568130493164]}, "time_fit": {"617_fri_c3_500_5": [0.05179476737976074, 0.0475001335144043, 0.05014824867248535, 0.05398416519165039, 0.049408674240112305]}, "sizes": {"617_fri_c3_500_5": []}, "tau": 0.5}, "DecisionTree": {"losses": {"617_fri_c3_500_5": [0.032665784986267744, 0.028939482110131847, 0.028630714722632476, 0.025300618916947064, 0.02831639688938894]}, "coverage": {"617_fri_c3_500_5": [0.08999999999999997, 0.0, 0.03999999999999998, 0.0, 0.06]}, "complexity": {"617_fri_c3_500_5": [165, 65, 165, 167, 157]}, "time_all": {"617_fri_c3_500_5": [0.08390307426452637, 0.04119157791137695, 0.0443112850189209, 0.08599114418029785, 0.08828568458557129]}, "time_fit": {"617_fri_c3_500_5": [0.015192747116088867, 0.004319429397583008, 0.008074522018432617, 0.015969038009643555, 0.01569819450378418]}, "sizes": {"617_fri_c3_500_5": []}, "tau": 0.5}, "LinearQuantile": {"losses": {"617_fri_c3_500_5": [0.05823640893217112, 0.060179214261383916, 0.04578285712826816, 0.058101766839162884, 0.0620956919337624]}, "coverage": {"617_fri_c3_500_5": [0.020000000000000018, 0.0, 0.010000000000000009, 0.020000000000000018, 0.04999999999999999]}, "complexity": {"617_fri_c3_500_5": [5, 5, 5, 5, 5]}, "time_all": {"617_fri_c3_500_5": [0.3536801338195801, 0.09738993644714355, 0.26996588706970215, 0.19037866592407227, 0.09413599967956543]}, "time_fit": {"617_fri_c3_500_5": [0.030946969985961914, 0.00853729248046875, 0.024262428283691406, 0.01641106605529785, 0.0075991153717041016]}, "sizes": {"617_fri_c3_500_5": []}, "tau": 0.5}}