{"SQR": {"losses": {"649_fri_c0_500_5": [0.00816245263615051, 0.013065253606416468, 0.011033447991150884, 0.006096884426906708, 0.011576076050872118]}, "coverage": {"649_fri_c0_500_5": [0.040000000000000036, 0.12, 0.030000000000000027, 0.030000000000000027, 0.07000000000000006]}, "complexity": {"649_fri_c0_500_5": [13, 8, 9, 15, 8]}, "tau": 0.9}, "LightGBM": {"losses": {"649_fri_c0_500_5": [0.019364609705849627, 0.02357301478568815, 0.019698485649585443, 0.017743881893675897, 0.018637455553862654]}, "coverage": {"649_fri_c0_500_5": [0.12, 0.020000000000000018, 0.020000000000000018, 0.020000000000000018, 0.010000000000000009]}, "tau": 0.9}, "DecisionTree": {"losses": {"649_fri_c0_500_5": [0.020980182680925698, 0.02015325292624409, 0.017921266736746155, 0.016197120654350885, 0.017873762713211113]}, "coverage": {"649_fri_c0_500_5": [0.08000000000000007, 0.050000000000000044, 0.07000000000000006, 0.020000000000000018, 0.09999999999999998]}, "complexity": {"649_fri_c0_500_5": [17, 29, 71, 33, 65]}, "tau": 0.9}, "LinearQuantile": {"losses": {"649_fri_c0_500_5": [0.037962196932425724, 0.03763209137133427, 0.03228662891199697, 0.030753741812048204, 0.03135871537624574]}, "coverage": {"649_fri_c0_500_5": [0.48000000000000004, 0.47000000000000003, 0.38, 0.41000000000000003, 0.41000000000000003]}, "complexity": {"649_fri_c0_500_5": [5, 5, 5, 5, 5]}, "tau": 0.9}}