{"SQR": {"losses": {"658_fri_c3_250_25": [0.011188626116550015, 0.013386324745750413, 0.02277533883859087, 0.016712621537458172, 0.027697577127591935]}, "coverage": {"658_fri_c3_250_25": [0.28, 0.44, 0.46, 0.56, 0.46]}, "complexity": {"658_fri_c3_250_25": [17, 12, 13, 14, 8]}, "tau": 0.5}, "LightGBM": {"losses": {"658_fri_c3_250_25": [0.022613781774687834, 0.027483412047084096, 0.033245468166653205, 0.04803090814755018, 0.03732207857293529]}, "coverage": {"658_fri_c3_250_25": [0.36, 0.36, 0.42000000000000004, 0.42000000000000004, 0.46]}, "tau": 0.5}, "DecisionTree": {"losses": {"658_fri_c3_250_25": [0.037852139885408115, 0.04168514970533344, 0.03513470549480468, 0.045964712221572265, 0.04263567269384327]}, "coverage": {"658_fri_c3_250_25": [0.32000000000000006, 0.42000000000000004, 0.4, 0.38, 0.5]}, "complexity": {"658_fri_c3_250_25": [33, 9, 9, 85, 83]}, "tau": 0.5}, "LinearQuantile": {"losses": {"658_fri_c3_250_25": [0.05686850111390687, 0.050134695178664215, 0.0621151256508052, 0.07842927653407655, 0.06310060933643259]}, "coverage": {"658_fri_c3_250_25": [0.38, 0.38, 0.44, 0.54, 0.4]}, "complexity": {"658_fri_c3_250_25": [25, 25, 25, 25, 25]}, "tau": 0.5}}