{"SQR": {"losses": {"631_fri_c1_500_5": [0.0048927706936620925, 0.005348251520778099, 0.00478587272314697, 0.010118156408223163, 0.010046599833562358]}, "coverage": {"631_fri_c1_500_5": [0.010000000000000009, 0.020000000000000018, 0.040000000000000036, 0.010000000000000009, 0.050000000000000044]}, "complexity": {"631_fri_c1_500_5": [16, 17, 15, 12, 13]}, "time_all": {"631_fri_c1_500_5": [495.3436505794525, 514.2587089538574, 522.5509889125824, 486.90852880477905, 488.96204805374146]}, "time_fit": {"631_fri_c1_500_5": [495.3436505794525, 514.2587089538574, 522.5509889125824, 486.90852880477905, 488.96204805374146]}, "sizes": {"631_fri_c1_500_5": []}, "tau": 0.9}, "LightGBM": {"losses": {"631_fri_c1_500_5": [0.023700785964070544, 0.02079134065020138, 0.023319008915872103, 0.02207771937329101, 0.023533075468224033]}, "coverage": {"631_fri_c1_500_5": [0.040000000000000036, 0.010000000000000009, 0.010000000000000009, 0.0, 0.08000000000000007]}, "time_all": {"631_fri_c1_500_5": [0.22910809516906738, 0.15530753135681152, 0.15574407577514648, 0.1481308937072754, 0.14682912826538086]}, "time_fit": {"631_fri_c1_500_5": [0.03937935829162598, 0.03298687934875488, 0.03317975997924805, 0.03191423416137695, 0.03127861022949219]}, "sizes": {"631_fri_c1_500_5": []}, "tau": 0.9}, "DecisionTree": {"losses": {"631_fri_c1_500_5": [0.019199319918033773, 0.024892004066951152, 0.021101556021509905, 0.017283135492882025, 0.02498437938762462]}, "coverage": {"631_fri_c1_500_5": [0.020000000000000018, 0.06000000000000005, 0.050000000000000044, 0.07000000000000006, 0.040000000000000036]}, "complexity": {"631_fri_c1_500_5": [17, 17, 29, 69, 11]}, "time_all": {"631_fri_c1_500_5": [0.07423663139343262, 0.03841137886047363, 0.038893938064575195, 0.04046177864074707, 0.03776192665100098]}, "time_fit": {"631_fri_c1_500_5": [0.0038864612579345703, 0.0020186901092529297, 0.0026009082794189453, 0.0042951107025146484, 0.001703023910522461]}, "sizes": {"631_fri_c1_500_5": []}, "tau": 0.9}, "LinearQuantile": {"losses": {"631_fri_c1_500_5": [0.08291092608917426, 0.07116668692054152, 0.06625461223046228, 0.06845582541558906, 0.07876298416149768]}, "coverage": {"631_fri_c1_500_5": [0.41000000000000003, 0.36, 0.39, 0.37, 0.42000000000000004]}, "complexity": {"631_fri_c1_500_5": [5, 5, 5, 5, 5]}, "time_all": {"631_fri_c1_500_5": [0.2253730297088623, 0.06783843040466309, 0.26998400688171387, 0.1729874610900879, 0.11867904663085938]}, "time_fit": {"631_fri_c1_500_5": [0.019075632095336914, 0.005824089050292969, 0.024074554443359375, 0.015428543090820312, 0.010451555252075195]}, "sizes": {"631_fri_c1_500_5": []}, "tau": 0.9}}