{"SQR": {"losses": {"1193_BNG_lowbwt": [0.019707906853295116, 0.019176231891694772, 0.019043694220456108, 0.019149008036844977, 0.01909271467125234]}, "coverage": {"1193_BNG_lowbwt": [0.0023951133258318658, 0.004967047098537236, 0.0009484005786851712, 0.004677704549107875, 0.0035369774919613572]}, "complexity": {"1193_BNG_lowbwt": [3, 3, 3, 3, 3]}, "time_all": {"1193_BNG_lowbwt": [13936.371810913086, 13340.82214474678, 15368.971904754639, 14829.906337976456, 28539.915542125702]}, "time_fit": {"1193_BNG_lowbwt": [13936.371810913086, 13340.82214474678, 15368.971904754639, 14829.906337976456, 28539.915542125702]}, "sizes": {"1193_BNG_lowbwt": []}, "tau": 0.9}, "LightGBM": {"losses": {"1193_BNG_lowbwt": [0.018685568744701567, 0.018074916946685175, 0.018144998890079193, 0.018246565252999905, 0.018345886794432973]}, "coverage": {"1193_BNG_lowbwt": [0.016251406526281875, 0.022681240958045357, 0.024610191287574357, 0.021395274071692616, 0.020739549839228322]}, "time_all": {"1193_BNG_lowbwt": [134.88864994049072, 78.26082015037537, 40.49983787536621, 37.46546173095703, 50.22271203994751]}, "time_fit": {"1193_BNG_lowbwt": [15.382889986038208, 8.119399309158325, 4.654691696166992, 3.184669017791748, 5.69339919090271]}, "sizes": {"1193_BNG_lowbwt": []}, "tau": 0.9}, "DecisionTree": {"losses": {"1193_BNG_lowbwt": [0.019185093286988888, 0.018442343315162986, 0.018836890779217245, 0.01855632709656452, 0.018716767022332798]}, "coverage": {"1193_BNG_lowbwt": [0.025221025558591847, 0.024578042115415588, 0.027792959331297218, 0.021041633177945718, 0.021061093247588425]}, "complexity": {"1193_BNG_lowbwt": [871, 789, 793, 793, 863]}, "time_all": {"1193_BNG_lowbwt": [1.7331666946411133, 2.0877811908721924, 1.9827892780303955, 2.052435874938965, 1.9666950702667236]}, "time_fit": {"1193_BNG_lowbwt": [0.08586788177490234, 0.11993789672851562, 0.1079869270324707, 0.11327791213989258, 0.1503298282623291]}, "sizes": {"1193_BNG_lowbwt": []}, "tau": 0.9}, "LinearQuantile": {"losses": {"1193_BNG_lowbwt": [0.01867940686491913, 0.01803831836118788, 0.018162112346874697, 0.01821616885041204, 0.018214313924642185]}, "coverage": {"1193_BNG_lowbwt": [0.005288538820125366, 1.607458607943979e-05, 0.0011412956116380046, 0.001269892300273301, 0.0009646302250803096]}, "complexity": {"1193_BNG_lowbwt": [23, 23, 23, 23, 23]}, "time_all": {"1193_BNG_lowbwt": [63.49913787841797, 5.558625936508179, 4.1769630908966064, 7.7137768268585205, 11.763693809509277]}, "time_fit": {"1193_BNG_lowbwt": [6.599634170532227, 0.5179970264434814, 0.34070801734924316, 0.5177211761474609, 0.938122034072876]}, "sizes": {"1193_BNG_lowbwt": []}, "tau": 0.9}}