{"SQR": {"losses": {"583_fri_c1_1000_50": [0.008365031800686488, 0.012698317463829841, 0.012321669865124438, 0.005138368851819253, 0.004273441502804945]}, "coverage": {"583_fri_c1_1000_50": [0.06000000000000005, 0.0050000000000000044, 0.025000000000000022, 0.015000000000000013, 0.010000000000000009]}, "complexity": {"583_fri_c1_1000_50": [14, 13, 10, 14, 14]}, "time_all": {"583_fri_c1_1000_50": [805.8876326084137, 850.3261306285858, 851.4808351993561, 865.6966350078583, 826.7805111408234]}, "time_fit": {"583_fri_c1_1000_50": [805.8876326084137, 850.3261306285858, 851.4808351993561, 865.6966350078583, 826.7805111408234]}, "sizes": {"583_fri_c1_1000_50": []}, "tau": 0.9}, "LightGBM": {"losses": {"583_fri_c1_1000_50": [0.02286130815550814, 0.025224347349821822, 0.022567693873531438, 0.02435212910248208, 0.024673003618136468]}, "coverage": {"583_fri_c1_1000_50": [0.010000000000000009, 0.020000000000000018, 0.010000000000000009, 0.0, 0.03500000000000003]}, "time_all": {"583_fri_c1_1000_50": [0.3901183605194092, 0.337369441986084, 0.30902814865112305, 0.31706833839416504, 0.36685729026794434]}, "time_fit": {"583_fri_c1_1000_50": [0.0705862045288086, 0.06519412994384766, 0.0645895004272461, 0.07385611534118652, 0.07384991645812988]}, "sizes": {"583_fri_c1_1000_50": []}, "tau": 0.9}, "DecisionTree": {"losses": {"583_fri_c1_1000_50": [0.021066673969505036, 0.019356735726463747, 0.019058646275801647, 0.01942567197934573, 0.01845353954563985]}, "coverage": {"583_fri_c1_1000_50": [0.025000000000000022, 0.05500000000000005, 0.06000000000000005, 0.08500000000000008, 0.04500000000000004]}, "complexity": {"583_fri_c1_1000_50": [41, 61, 59, 69, 35]}, "time_all": {"583_fri_c1_1000_50": [0.47542858123779297, 0.4769248962402344, 0.25692296028137207, 0.2576632499694824, 0.25397443771362305]}, "time_fit": {"583_fri_c1_1000_50": [0.03532075881958008, 0.04133725166320801, 0.02236461639404297, 0.02337479591369629, 0.01833629608154297]}, "sizes": {"583_fri_c1_1000_50": []}, "tau": 0.9}, "LinearQuantile": {"losses": {"583_fri_c1_1000_50": [0.08192171056771654, 0.07623183437632457, 0.07983468031730484, 0.08266310905731854, 0.08749362921147905]}, "coverage": {"583_fri_c1_1000_50": [0.48000000000000004, 0.395, 0.465, 0.42500000000000004, 0.405]}, "complexity": {"583_fri_c1_1000_50": [50, 50, 50, 50, 50]}, "time_all": {"583_fri_c1_1000_50": [22.0351619720459, 16.993671894073486, 32.32892823219299, 46.28668403625488, 166.73492884635925]}, "time_fit": {"583_fri_c1_1000_50": [1.9699428081512451, 1.5097501277923584, 1.505277156829834, 2.1834447383880615, 1.399886131286621]}, "sizes": {"583_fri_c1_1000_50": []}, "tau": 0.9}}