{"SQR": {"losses": {"592_fri_c4_1000_25": [0.010701748988736296, 0.005700126980462332, 0.008168866349461602, 0.008437861968207224, 0.007063281693271107]}, "coverage": {"592_fri_c4_1000_25": [0.030000000000000027, 0.030000000000000027, 0.015000000000000013, 0.010000000000000009, 0.010000000000000009]}, "complexity": {"592_fri_c4_1000_25": [6, 14, 11, 13, 12]}, "time_all": {"592_fri_c4_1000_25": [906.5791518688202, 929.5027616024017, 907.6838982105255, 934.3987491130829, 965.3700082302094]}, "time_fit": {"592_fri_c4_1000_25": [906.5791518688202, 929.5027616024017, 907.6838982105255, 934.3987491130829, 965.3700082302094]}, "sizes": {"592_fri_c4_1000_25": []}, "tau": 0.9}, "LightGBM": {"losses": {"592_fri_c4_1000_25": [0.014510865694160598, 0.016946142913617443, 0.018575567828445466, 0.017345473549287217, 0.01594138245273327]}, "coverage": {"592_fri_c4_1000_25": [0.04500000000000004, 0.030000000000000027, 0.04499999999999993, 0.020000000000000018, 0.030000000000000027]}, "time_all": {"592_fri_c4_1000_25": [0.3345603942871094, 0.27048730850219727, 0.2732572555541992, 0.2886686325073242, 0.2816793918609619]}, "time_fit": {"592_fri_c4_1000_25": [0.055910348892211914, 0.04560208320617676, 0.04895758628845215, 0.05427908897399902, 0.04785919189453125]}, "sizes": {"592_fri_c4_1000_25": []}, "tau": 0.9}, "DecisionTree": {"losses": {"592_fri_c4_1000_25": [0.014598700051847517, 0.01364220531714851, 0.012874177763055862, 0.018098029376221333, 0.015837351312573703]}, "coverage": {"592_fri_c4_1000_25": [0.08500000000000008, 0.020000000000000018, 0.020000000000000018, 0.09499999999999997, 0.05500000000000005]}, "complexity": {"592_fri_c4_1000_25": [63, 63, 59, 35, 41]}, "time_all": {"592_fri_c4_1000_25": [0.3232235908508301, 0.15656018257141113, 0.16794633865356445, 0.3035461902618408, 0.15607810020446777]}, "time_fit": {"592_fri_c4_1000_25": [0.02445220947265625, 0.01323390007019043, 0.01408529281616211, 0.019216537475585938, 0.010941505432128906]}, "sizes": {"592_fri_c4_1000_25": []}, "tau": 0.9}, "LinearQuantile": {"losses": {"592_fri_c4_1000_25": [0.0644553379740181, 0.0651225233943659, 0.0537812303440223, 0.056474052897859485, 0.07180302694106985]}, "coverage": {"592_fri_c4_1000_25": [0.49000000000000005, 0.445, 0.36, 0.395, 0.51]}, "complexity": {"592_fri_c4_1000_25": [25, 25, 25, 25, 25]}, "time_all": {"592_fri_c4_1000_25": [1.8926432132720947, 2.7223570346832275, 0.9103939533233643, 2.74515700340271, 0.42445969581604004]}, "time_fit": {"592_fri_c4_1000_25": [0.1127309799194336, 0.16717267036437988, 0.08212876319885254, 0.19298911094665527, 0.0384519100189209]}, "sizes": {"592_fri_c4_1000_25": []}, "tau": 0.9}}