{"SQR": {"losses": {"611_fri_c3_100_5": [0.00916973858386703, 0.00862371115220795, 0.011855484899347221, 0.011684493999024288, 0.01024129549403394]}, "coverage": {"611_fri_c3_100_5": [0.20000000000000007, 0.0, 0.09999999999999998, 0.0, 0.09999999999999998]}, "complexity": {"611_fri_c3_100_5": [13, 11, 12, 11, 13]}, "time_all": {"611_fri_c3_100_5": [305.9951694011688, 287.70140290260315, 306.658718585968, 316.0143675804138, 319.9496786594391]}, "time_fit": {"611_fri_c3_100_5": [305.9951694011688, 287.70140290260315, 306.658718585968, 316.0143675804138, 319.9496786594391]}, "sizes": {"611_fri_c3_100_5": []}, "tau": 0.9}, "LightGBM": {"losses": {"611_fri_c3_100_5": [0.021466805379950417, 0.02676987718320027, 0.01891962507744006, 0.021873678115192995, 0.06796268396723597]}, "coverage": {"611_fri_c3_100_5": [0.04999999999999993, 0.09999999999999998, 0.20000000000000007, 0.09999999999999998, 0.20000000000000007]}, "time_all": {"611_fri_c3_100_5": [0.11572122573852539, 0.05634355545043945, 0.06345224380493164, 0.06202077865600586, 0.0666041374206543]}, "time_fit": {"611_fri_c3_100_5": [0.017203807830810547, 0.01432347297668457, 0.01442408561706543, 0.013265371322631836, 0.016733169555664062]}, "sizes": {"611_fri_c3_100_5": []}, "tau": 0.9}, "DecisionTree": {"losses": {"611_fri_c3_100_5": [0.021996863840880666, 0.023442580325033494, 0.016462538462624573, 0.01742948105561394, 0.05148104980467854]}, "coverage": {"611_fri_c3_100_5": [0.04999999999999993, 0.04999999999999993, 0.050000000000000044, 0.0, 0.25]}, "complexity": {"611_fri_c3_100_5": [3, 3, 3, 13, 35]}, "time_all": {"611_fri_c3_100_5": [0.032843589782714844, 0.017010211944580078, 0.017130374908447266, 0.01746201515197754, 0.0366823673248291]}, "time_fit": {"611_fri_c3_100_5": [0.0018069744110107422, 0.0009279251098632812, 0.0009410381317138672, 0.0013470649719238281, 0.0044629573822021484]}, "sizes": {"611_fri_c3_100_5": []}, "tau": 0.9}, "LinearQuantile": {"losses": {"611_fri_c3_100_5": [0.0831313760226142, 0.06895854298100246, 0.09853983450918721, 0.05338251044580325, 0.15103475020871882]}, "coverage": {"611_fri_c3_100_5": [0.4, 0.4, 0.5, 0.45, 0.45]}, "complexity": {"611_fri_c3_100_5": [5, 5, 5, 5, 5]}, "time_all": {"611_fri_c3_100_5": [0.1403059959411621, 0.18116021156311035, 0.04251718521118164, 0.27434778213500977, 0.2704777717590332]}, "time_fit": {"611_fri_c3_100_5": [0.011703968048095703, 0.01605534553527832, 0.003586292266845703, 0.02455425262451172, 0.023016691207885742]}, "sizes": {"611_fri_c3_100_5": []}, "tau": 0.9}}