{"SQR": {"losses": {"624_fri_c0_100_5": [0.036342806548354374, 0.029441751995123725, 0.04125864808115712, 0.030402666462386325, 0.031177514197674266]}, "coverage": {"624_fri_c0_100_5": [0.050000000000000044, 0.09999999999999998, 0.25, 0.09999999999999998, 0.09999999999999998]}, "complexity": {"624_fri_c0_100_5": [14, 15, 10, 13, 17]}, "time_all": {"624_fri_c0_100_5": [305.24875235557556, 305.5079324245453, 315.98108744621277, 322.76570892333984, 309.903963804245]}, "time_fit": {"624_fri_c0_100_5": [305.24875235557556, 305.5079324245453, 315.98108744621277, 322.76570892333984, 309.903963804245]}, "sizes": {"624_fri_c0_100_5": []}, "tau": 0.5}, "LightGBM": {"losses": {"624_fri_c0_100_5": [0.059633701175204876, 0.0642822019637688, 0.06626238645151826, 0.053999533474342644, 0.05467896155718747]}, "coverage": {"624_fri_c0_100_5": [0.050000000000000044, 0.30000000000000004, 0.09999999999999998, 0.050000000000000044, 0.2]}, "time_all": {"624_fri_c0_100_5": [0.06412386894226074, 0.06438326835632324, 0.06211376190185547, 0.06259465217590332, 0.06424713134765625]}, "time_fit": {"624_fri_c0_100_5": [0.014203071594238281, 0.016303062438964844, 0.0135650634765625, 0.016222476959228516, 0.014325380325317383]}, "sizes": {"624_fri_c0_100_5": []}, "tau": 0.5}, "DecisionTree": {"losses": {"624_fri_c0_100_5": [0.05124339224364941, 0.060064648488451895, 0.05366679962731722, 0.052112688261885566, 0.05346493026433331]}, "coverage": {"624_fri_c0_100_5": [0.0, 0.19999999999999996, 0.04999999999999999, 0.09999999999999998, 0.09999999999999998]}, "complexity": {"624_fri_c0_100_5": [31, 11, 13, 13, 11]}, "time_all": {"624_fri_c0_100_5": [0.017964839935302734, 0.018835067749023438, 0.01698446273803711, 0.01784348487854004, 0.01690053939819336]}, "time_fit": {"624_fri_c0_100_5": [0.002044200897216797, 0.0012774467468261719, 0.0013496875762939453, 0.001348257064819336, 0.0012640953063964844]}, "sizes": {"624_fri_c0_100_5": []}, "tau": 0.5}, "LinearQuantile": {"losses": {"624_fri_c0_100_5": [0.0444523240373745, 0.03664543133384573, 0.04625839240911072, 0.0345271233935236, 0.05381032625915783]}, "coverage": {"624_fri_c0_100_5": [0.15000000000000002, 0.15000000000000002, 0.15000000000000002, 0.15000000000000002, 0.050000000000000044]}, "complexity": {"624_fri_c0_100_5": [5, 5, 5, 5, 5]}, "time_all": {"624_fri_c0_100_5": [0.08943939208984375, 0.5714695453643799, 0.0353090763092041, 0.17203450202941895, 0.5039618015289307]}, "time_fit": {"624_fri_c0_100_5": [0.007819414138793945, 0.051268577575683594, 0.0030105113983154297, 0.015283346176147461, 0.04564166069030762]}, "sizes": {"624_fri_c0_100_5": []}, "tau": 0.5}}