{"SQR": {"losses": {"547_no2": [0.05410634746967984, 0.0471155047131416, 0.04278344784150391, 0.037315803365533015, 0.06848818074647568]}, "coverage": {"547_no2": [0.53, 0.39, 0.41000000000000003, 0.35, 0.47000000000000003]}, "complexity": {"547_no2": [2, 2, 7, 2, 2]}, "tau": 0.5}, "LightGBM": {"losses": {"547_no2": [0.03576837226249907, 0.02968114062092053, 0.03590437250853155, 0.026139107799419737, 0.04075273075908612]}, "coverage": {"547_no2": [0.46, 0.37, 0.39, 0.32000000000000006, 0.43000000000000005]}, "tau": 0.5}, "DecisionTree": {"losses": {"547_no2": [0.03416836870312843, 0.03420786156451994, 0.03540265450790989, 0.03388531834175643, 0.045462416850973554]}, "coverage": {"547_no2": [0.4, 0.35, 0.42000000000000004, 0.43000000000000005, 0.44]}, "complexity": {"547_no2": [27, 19, 31, 13, 71]}, "tau": 0.5}, "LinearQuantile": {"losses": {"547_no2": [0.043659920436339074, 0.037380871807678503, 0.030689327098137726, 0.03512640591611443, 0.05025633520183475]}, "coverage": {"547_no2": [0.46, 0.41000000000000003, 0.30000000000000004, 0.4, 0.5]}, "complexity": {"547_no2": [7, 7, 7, 7, 7]}, "tau": 0.5}}