{"SQR": {"losses": {"542_pollution": [0.03499225963929645, 0.054066440673156343, 0.0200694775250289, 0.044088106856765404, 0.023176280753062634]}, "coverage": {"542_pollution": [0.016666666666666607, 0.31666666666666665, 0.06666666666666665, 0.2333333333333334, 0.06666666666666665]}, "complexity": {"542_pollution": [3, 8, 11, 16, 4]}, "time_all": {"542_pollution": [287.8244745731354, 273.32165145874023, 273.5086398124695, 278.99818539619446, 287.6692316532135]}, "time_fit": {"542_pollution": [287.8244745731354, 273.32165145874023, 273.5086398124695, 278.99818539619446, 287.6692316532135]}, "sizes": {"542_pollution": []}, "tau": 0.9}, "LightGBM": {"losses": {"542_pollution": [0.04850448261672113, 0.03233391782632777, 0.028404740058470178, 0.018128764504955402, 0.021439647037450285]}, "coverage": {"542_pollution": [0.06666666666666665, 0.15000000000000002, 0.016666666666666607, 0.016666666666666607, 0.016666666666666607]}, "time_all": {"542_pollution": [0.11396098136901855, 0.05206775665283203, 0.04160881042480469, 0.04554438591003418, 0.04447484016418457]}, "time_fit": {"542_pollution": [0.01282501220703125, 0.012253046035766602, 0.003032684326171875, 0.010320663452148438, 0.010290861129760742]}, "sizes": {"542_pollution": []}, "tau": 0.9}, "DecisionTree": {"losses": {"542_pollution": [0.04363540927010589, 0.024723776808007348, 0.021732949000857347, 0.0248287152922843, 0.018572792443488917]}, "coverage": {"542_pollution": [0.06666666666666665, 0.016666666666666607, 0.09999999999999998, 0.06666666666666665, 0.06666666666666665]}, "complexity": {"542_pollution": [7, 7, 3, 7, 3]}, "time_all": {"542_pollution": [0.03029346466064453, 0.01661062240600586, 0.0161440372467041, 0.015716552734375, 0.015954017639160156]}, "time_fit": {"542_pollution": [0.0021772384643554688, 0.0011420249938964844, 0.0009396076202392578, 0.001138448715209961, 0.0009417533874511719]}, "sizes": {"542_pollution": []}, "tau": 0.9}, "LinearQuantile": {"losses": {"542_pollution": [0.0292950605618401, 0.04521752089087726, 0.03597380127763947, 0.0341519807310676, 0.08185038027247137]}, "coverage": {"542_pollution": [0.06666666666666665, 0.15000000000000002, 0.06666666666666665, 0.31666666666666665, 0.15000000000000002]}, "complexity": {"542_pollution": [15, 15, 15, 15, 15]}, "time_all": {"542_pollution": [0.19143271446228027, 0.1872234344482422, 4.100123643875122, 0.8596386909484863, 3.799375534057617]}, "time_fit": {"542_pollution": [0.016389846801757812, 0.016623258590698242, 0.5164501667022705, 0.0789341926574707, 0.19043231010437012]}, "sizes": {"542_pollution": []}, "tau": 0.9}}