{"SQR": {"losses": {"537_houses": [0.03135011373910135, 0.04157451766493486, 0.04105125966903916, 0.030173799526273696, 0.03223405821299512]}, "coverage": {"537_houses": [0.010465116279069764, 0.041957364341085324, 0.024757751937984573, 0.003585271317829486, 0.0036821705426356433]}, "complexity": {"537_houses": [6, 2, 2, 6, 7]}, "tau": 0.9}, "LightGBM": {"losses": {"537_houses": [0.03146068911121633, 0.030529391485857062, 0.030989890571288516, 0.029665746468258637, 0.03111200745940608]}, "coverage": {"537_houses": [0.0028585271317829175, 0.00876937984496129, 0.003585271317829486, 0.0038275193798449347, 0.0031976744186046346]}, "tau": 0.9}, "DecisionTree": {"losses": {"537_houses": [0.023296933874027977, 0.023783620256149184, 0.022822127932206403, 0.02151092599486283, 0.02300950849791109]}, "coverage": {"537_houses": [0.04437984496124037, 0.04607558139534884, 0.020155038759689936, 0.04777131782945743, 0.014098837209302384]}, "complexity": {"537_houses": [1277, 1279, 589, 1265, 525]}, "tau": 0.9}, "LinearQuantile": {"losses": {"537_houses": [0.03205696960895811, 0.031623625975107546, 0.0313818204465408, 0.029659219124658062, 0.0330403077339989]}, "coverage": {"537_houses": [0.004408914728682212, 0.00019379844961242565, 0.0006782945736434343, 0.005038759689922512, 0.00029069767441858296]}, "complexity": {"537_houses": [8, 8, 8, 8, 8]}, "tau": 0.9}}