{"SQR": {"losses": {"621_fri_c0_100_10": [0.03411460692405814, 0.033576335728316524, 0.03085137322349076, 0.02419641465733135, 0.016065463947801232]}, "coverage": {"621_fri_c0_100_10": [0.050000000000000044, 0.0, 0.0, 0.09999999999999998, 0.09999999999999998]}, "complexity": {"621_fri_c0_100_10": [11, 11, 11, 14, 16]}, "time_all": {"621_fri_c0_100_10": [298.48905754089355, 305.2957317829132, 308.0592930316925, 310.0067992210388, 303.97983479499817]}, "time_fit": {"621_fri_c0_100_10": [298.48905754089355, 305.2957317829132, 308.0592930316925, 310.0067992210388, 303.97983479499817]}, "sizes": {"621_fri_c0_100_10": []}, "tau": 0.5}, "LightGBM": {"losses": {"621_fri_c0_100_10": [0.07381814441120757, 0.04997108748735687, 0.06720890506380375, 0.046701181257461664, 0.06919778411253971]}, "coverage": {"621_fri_c0_100_10": [0.19999999999999996, 0.0, 0.09999999999999998, 0.04999999999999999, 0.04999999999999999]}, "time_all": {"621_fri_c0_100_10": [0.06933283805847168, 0.06167292594909668, 0.06147408485412598, 0.07115054130554199, 0.06773734092712402]}, "time_fit": {"621_fri_c0_100_10": [0.016173362731933594, 0.01621532440185547, 0.012919425964355469, 0.015599489212036133, 0.014681816101074219]}, "sizes": {"621_fri_c0_100_10": []}, "tau": 0.5}, "DecisionTree": {"losses": {"621_fri_c0_100_10": [0.051237864366600584, 0.07179033725660504, 0.06439603157734823, 0.04523797221159005, 0.06994303028369908]}, "coverage": {"621_fri_c0_100_10": [0.09999999999999998, 0.050000000000000044, 0.050000000000000044, 0.09999999999999998, 0.15000000000000002]}, "complexity": {"621_fri_c0_100_10": [13, 13, 31, 13, 7]}, "time_all": {"621_fri_c0_100_10": [0.018792152404785156, 0.018688678741455078, 0.018461227416992188, 0.018257617950439453, 0.018448591232299805]}, "time_fit": {"621_fri_c0_100_10": [0.0014469623565673828, 0.0015969276428222656, 0.0021538734436035156, 0.0014231204986572266, 0.0011646747589111328]}, "sizes": {"621_fri_c0_100_10": []}, "tau": 0.5}, "LinearQuantile": {"losses": {"621_fri_c0_100_10": [0.05167224041935723, 0.054638263071194584, 0.045234027403990205, 0.04421790449446356, 0.06156471724737359]}, "coverage": {"621_fri_c0_100_10": [0.050000000000000044, 0.15000000000000002, 0.09999999999999998, 0.0, 0.04999999999999999]}, "complexity": {"621_fri_c0_100_10": [10, 10, 10, 10, 10]}, "time_all": {"621_fri_c0_100_10": [0.06727385520935059, 0.08782601356506348, 0.1177060604095459, 0.11771750450134277, 0.05838418006896973]}, "time_fit": {"621_fri_c0_100_10": [0.005783557891845703, 0.007643938064575195, 0.01038980484008789, 0.010342597961425781, 0.004992008209228516]}, "sizes": {"621_fri_c0_100_10": []}, "tau": 0.5}}