{"SQR": {"losses": {"607_fri_c4_1000_50": [0.010583153435049113, 0.004891371780509297, 0.004603861621257759, 0.0066025986438138186, 0.004330049914625206]}, "coverage": {"607_fri_c4_1000_50": [0.015000000000000013, 0.0, 0.0050000000000000044, 0.04499999999999993, 0.030000000000000027]}, "complexity": {"607_fri_c4_1000_50": [11, 15, 13, 13, 15]}, "time_all": {"607_fri_c4_1000_50": [820.1977279186249, 841.9433407783508, 829.2532224655151, 821.0959265232086, 836.4999213218689]}, "time_fit": {"607_fri_c4_1000_50": [820.1977279186249, 841.9433407783508, 829.2532224655151, 821.0959265232086, 836.4999213218689]}, "sizes": {"607_fri_c4_1000_50": []}, "tau": 0.9}, "LightGBM": {"losses": {"607_fri_c4_1000_50": [0.012640556345580773, 0.016334030766541847, 0.013643703040670935, 0.01360224756723629, 0.01645308698566694]}, "coverage": {"607_fri_c4_1000_50": [0.015000000000000013, 0.025000000000000022, 0.0050000000000000044, 0.030000000000000027, 0.025000000000000022]}, "time_all": {"607_fri_c4_1000_50": [0.3702409267425537, 0.31952881813049316, 0.3158760070800781, 0.34283924102783203, 0.291001558303833]}, "time_fit": {"607_fri_c4_1000_50": [0.06406950950622559, 0.058296918869018555, 0.0585484504699707, 0.05991625785827637, 0.054447174072265625]}, "sizes": {"607_fri_c4_1000_50": []}, "tau": 0.9}, "DecisionTree": {"losses": {"607_fri_c4_1000_50": [0.013430338590151051, 0.013567944824074465, 0.014100298224044018, 0.011432749691536495, 0.013499976851743698]}, "coverage": {"607_fri_c4_1000_50": [0.08500000000000008, 0.07000000000000006, 0.14500000000000002, 0.015000000000000013, 0.08000000000000007]}, "complexity": {"607_fri_c4_1000_50": [65, 61, 137, 33, 61]}, "time_all": {"607_fri_c4_1000_50": [0.49965620040893555, 0.4619016647338867, 0.26606225967407227, 0.4585990905761719, 0.25026440620422363]}, "time_fit": {"607_fri_c4_1000_50": [0.043615102767944336, 0.03975224494934082, 0.03000497817993164, 0.031566619873046875, 0.021741628646850586]}, "sizes": {"607_fri_c4_1000_50": []}, "tau": 0.9}, "LinearQuantile": {"losses": {"607_fri_c4_1000_50": [0.05762861036067733, 0.0617795809394848, 0.05994850268018668, 0.05471161560079202, 0.056570083065946096]}, "coverage": {"607_fri_c4_1000_50": [0.435, 0.41000000000000003, 0.42500000000000004, 0.42500000000000004, 0.385]}, "complexity": {"607_fri_c4_1000_50": [50, 50, 50, 50, 50]}, "time_all": {"607_fri_c4_1000_50": [29.51344060897827, 4.645008563995361, 55.4450798034668, 5.302625417709351, 41.90615725517273]}, "time_fit": {"607_fri_c4_1000_50": [2.246603488922119, 0.37988805770874023, 1.2253429889678955, 0.4404923915863037, 0.78835129737854]}, "sizes": {"607_fri_c4_1000_50": []}, "tau": 0.9}}