{"SQR": {"losses": {"627_fri_c2_500_10": [0.01000699125874579, 0.016686551528756262, 0.014464284586614199, 0.00814154671696518, 0.007506162643209717]}, "coverage": {"627_fri_c2_500_10": [0.010000000000000009, 0.06999999999999995, 0.06000000000000005, 0.06999999999999995, 0.04999999999999993]}, "complexity": {"627_fri_c2_500_10": [15, 8, 13, 17, 16]}, "tau": 0.9}, "LightGBM": {"losses": {"627_fri_c2_500_10": [0.022128652800092814, 0.020482054024174686, 0.019551932498728143, 0.02129492620413779, 0.021908265670483783]}, "coverage": {"627_fri_c2_500_10": [0.08000000000000007, 0.020000000000000018, 0.010000000000000009, 0.010000000000000009, 0.050000000000000044]}, "tau": 0.9}, "DecisionTree": {"losses": {"627_fri_c2_500_10": [0.022625277304820956, 0.017324158362393722, 0.015650434155926488, 0.01792039561481153, 0.024501198407280773]}, "coverage": {"627_fri_c2_500_10": [0.08999999999999997, 0.020000000000000018, 0.12, 0.0, 0.08000000000000007]}, "complexity": {"627_fri_c2_500_10": [13, 29, 71, 21, 31]}, "tau": 0.9}, "LinearQuantile": {"losses": {"627_fri_c2_500_10": [0.07922308557112054, 0.06794355355581763, 0.07323744030759567, 0.06731971484406274, 0.08515134531425919]}, "coverage": {"627_fri_c2_500_10": [0.45, 0.43000000000000005, 0.4, 0.4, 0.47000000000000003]}, "complexity": {"627_fri_c2_500_10": [10, 10, 10, 10, 10]}, "tau": 0.9}}