{"SQR": {"losses": {"560_bodyfat": [0.0005366955751421214, 0.002061638149980542, 0.008112149014037513, 0.00086787745322978, 0.00021188259405982926]}, "coverage": {"560_bodyfat": [0.4882352941176471, 0.46862745098039216, 0.33999999999999997, 0.52, 0.20000000000000007]}, "complexity": {"560_bodyfat": [9, 10, 10, 9, 9]}, "tau": 0.5}, "LightGBM": {"losses": {"560_bodyfat": [0.006607452969296307, 0.021268780369669556, 0.008705815610311854, 0.013270225944505033, 0.014202085510003942]}, "coverage": {"560_bodyfat": [0.44901960784313727, 0.46862745098039216, 0.44, 0.38, 0.32000000000000006]}, "tau": 0.5}, "DecisionTree": {"losses": {"560_bodyfat": [0.004652218607064991, 0.012369453008945017, 0.008366315540514495, 0.003983157290910423, 0.004517893208955463]}, "coverage": {"560_bodyfat": [0.46862745098039216, 0.3509803921568627, 0.46, 0.36, 0.4]}, "complexity": {"560_bodyfat": [75, 81, 79, 83, 81]}, "tau": 0.5}, "LinearQuantile": {"losses": {"560_bodyfat": [0.024175378712623142, 0.0426410131854846, 0.06162450368828526, 0.04033465746154774, 0.023247423084206957]}, "coverage": {"560_bodyfat": [0.31176470588235294, 0.46862745098039216, 0.54, 0.46, 0.26]}, "complexity": {"560_bodyfat": [14, 14, 14, 14, 14]}, "tau": 0.5}}