{"SQR": {"losses": {"647_fri_c1_250_10": [0.029868401673495314, 0.02434973649334895, 0.013755203646687445, 0.022383280427216486, 0.016132050575817156]}, "coverage": {"647_fri_c1_250_10": [0.0, 0.0, 0.0, 0.06000000000000005, 0.08000000000000002]}, "complexity": {"647_fri_c1_250_10": [11, 18, 16, 12, 13]}, "time_all": {"647_fri_c1_250_10": [398.35939288139343, 395.79978919029236, 388.6607084274292, 398.0672867298126, 387.0289378166199]}, "time_fit": {"647_fri_c1_250_10": [398.35939288139343, 395.79978919029236, 388.6607084274292, 398.0672867298126, 387.0289378166199]}, "sizes": {"647_fri_c1_250_10": []}, "tau": 0.5}, "LightGBM": {"losses": {"647_fri_c1_250_10": [0.04428316596890411, 0.05077612272843144, 0.03585025966100123, 0.049700387521695755, 0.040472807584263984]}, "coverage": {"647_fri_c1_250_10": [0.040000000000000036, 0.07999999999999996, 0.08000000000000002, 0.040000000000000036, 0.06000000000000005]}, "time_all": {"647_fri_c1_250_10": [0.16361212730407715, 0.13272643089294434, 0.13341999053955078, 0.13628864288330078, 0.13352227210998535]}, "time_fit": {"647_fri_c1_250_10": [0.03789567947387695, 0.032546043395996094, 0.03301048278808594, 0.033583879470825195, 0.030913591384887695]}, "sizes": {"647_fri_c1_250_10": []}, "tau": 0.5}, "DecisionTree": {"losses": {"647_fri_c1_250_10": [0.0489942682285823, 0.04530469384045427, 0.04277777891208232, 0.039643843668826735, 0.04126194455424958]}, "coverage": {"647_fri_c1_250_10": [0.07999999999999996, 0.020000000000000018, 0.040000000000000036, 0.06, 0.0]}, "complexity": {"647_fri_c1_250_10": [33, 33, 9, 81, 33]}, "time_all": {"647_fri_c1_250_10": [0.05219459533691406, 0.0279080867767334, 0.02765965461730957, 0.030434608459472656, 0.05388331413269043]}, "time_fit": {"647_fri_c1_250_10": [0.004990577697753906, 0.002672910690307617, 0.0015060901641845703, 0.004625082015991211, 0.0053863525390625]}, "sizes": {"647_fri_c1_250_10": []}, "tau": 0.5}, "LinearQuantile": {"losses": {"647_fri_c1_250_10": [0.0688028511960505, 0.08111824951023038, 0.08137688226710259, 0.07681694083905799, 0.09002411117087328]}, "coverage": {"647_fri_c1_250_10": [0.09999999999999998, 0.03999999999999998, 0.020000000000000018, 0.020000000000000018, 0.0]}, "complexity": {"647_fri_c1_250_10": [10, 10, 10, 10, 10]}, "time_all": {"647_fri_c1_250_10": [0.7094473838806152, 0.450289249420166, 0.15151357650756836, 0.23053622245788574, 0.3152632713317871]}, "time_fit": {"647_fri_c1_250_10": [0.06402111053466797, 0.04064226150512695, 0.013505935668945312, 0.020609378814697266, 0.02700495719909668]}, "sizes": {"647_fri_c1_250_10": []}, "tau": 0.5}}