{"SQR": {"losses": {"584_fri_c4_500_25": [0.006209994146970527, 0.014221187045853881, 0.007758876463291976, 0.0058194204304570915, 0.011076927785088078]}, "coverage": {"584_fri_c4_500_25": [0.010000000000000009, 0.020000000000000018, 0.010000000000000009, 0.030000000000000027, 0.04999999999999993]}, "complexity": {"584_fri_c4_500_25": [12, 10, 12, 13, 9]}, "time_all": {"584_fri_c4_500_25": [614.6986556053162, 608.0203368663788, 618.1144428253174, 615.8624269962311, 613.8206448554993]}, "time_fit": {"584_fri_c4_500_25": [614.6986556053162, 608.0203368663788, 618.1144428253174, 615.8624269962311, 613.8206448554993]}, "sizes": {"584_fri_c4_500_25": []}, "tau": 0.9}, "LightGBM": {"losses": {"584_fri_c4_500_25": [0.01412846471178622, 0.021204597981092883, 0.024528770245090915, 0.016228255431653908, 0.017569540430136532]}, "coverage": {"584_fri_c4_500_25": [0.010000000000000009, 0.06000000000000005, 0.050000000000000044, 0.030000000000000027, 0.030000000000000027]}, "time_all": {"584_fri_c4_500_25": [0.23430776596069336, 0.2077629566192627, 0.16045308113098145, 0.18758487701416016, 0.15375137329101562]}, "time_fit": {"584_fri_c4_500_25": [0.03969883918762207, 0.04242706298828125, 0.03738141059875488, 0.03720736503601074, 0.03412365913391113]}, "sizes": {"584_fri_c4_500_25": []}, "tau": 0.9}, "DecisionTree": {"losses": {"584_fri_c4_500_25": [0.01666680298278017, 0.019901174991088014, 0.0238237232156153, 0.015112530327178632, 0.019303362748123457]}, "coverage": {"584_fri_c4_500_25": [0.0, 0.17000000000000004, 0.20000000000000007, 0.06000000000000005, 0.13]}, "complexity": {"584_fri_c4_500_25": [21, 69, 29, 27, 67]}, "time_all": {"584_fri_c4_500_25": [0.132310152053833, 0.1445598602294922, 0.12990903854370117, 0.0697026252746582, 0.07203340530395508]}, "time_fit": {"584_fri_c4_500_25": [0.008869409561157227, 0.016047239303588867, 0.010064363479614258, 0.005257606506347656, 0.007874250411987305]}, "sizes": {"584_fri_c4_500_25": []}, "tau": 0.9}, "LinearQuantile": {"losses": {"584_fri_c4_500_25": [0.06939912736427523, 0.0743781804908854, 0.07753940947578608, 0.06610255870180366, 0.062386174114552405]}, "coverage": {"584_fri_c4_500_25": [0.43000000000000005, 0.43000000000000005, 0.46, 0.42000000000000004, 0.42000000000000004]}, "complexity": {"584_fri_c4_500_25": [25, 25, 25, 25, 25]}, "time_all": {"584_fri_c4_500_25": [1.5699982643127441, 7.207676887512207, 3.4916799068450928, 1.8900039196014404, 0.4068915843963623]}, "time_fit": {"584_fri_c4_500_25": [0.11550688743591309, 0.2690558433532715, 0.21793484687805176, 0.17203450202941895, 0.0368344783782959]}, "sizes": {"584_fri_c4_500_25": []}, "tau": 0.9}}