{"SQR": {"losses": {"634_fri_c2_100_10": [0.06488251751123059, 0.05510188102436578, 0.04481927860951516, 0.035371333782162964, 0.031888503854358256]}, "coverage": {"634_fri_c2_100_10": [0.0, 0.050000000000000044, 0.050000000000000044, 0.09999999999999998, 0.19999999999999996]}, "complexity": {"634_fri_c2_100_10": [9, 10, 11, 15, 9]}, "time_all": {"634_fri_c2_100_10": [305.02012395858765, 316.485582113266, 300.08204317092896, 321.0002176761627, 305.1546802520752]}, "time_fit": {"634_fri_c2_100_10": [305.02012395858765, 316.485582113266, 300.08204317092896, 321.0002176761627, 305.1546802520752]}, "sizes": {"634_fri_c2_100_10": []}, "tau": 0.5}, "LightGBM": {"losses": {"634_fri_c2_100_10": [0.07159299969676439, 0.06099709801649817, 0.08185205494546417, 0.06151498098541625, 0.06558338108927624]}, "coverage": {"634_fri_c2_100_10": [0.04999999999999999, 0.19999999999999996, 0.050000000000000044, 0.15000000000000002, 0.0]}, "time_all": {"634_fri_c2_100_10": [0.06314659118652344, 0.06346344947814941, 0.06380200386047363, 0.07108736038208008, 0.07444381713867188]}, "time_fit": {"634_fri_c2_100_10": [0.014080047607421875, 0.013910531997680664, 0.01414346694946289, 0.017017364501953125, 0.016924619674682617]}, "sizes": {"634_fri_c2_100_10": []}, "tau": 0.5}, "DecisionTree": {"losses": {"634_fri_c2_100_10": [0.07788605889947738, 0.04883431943061704, 0.08504996476714485, 0.05911753063650647, 0.04191746442059528]}, "coverage": {"634_fri_c2_100_10": [0.04999999999999999, 0.0, 0.09999999999999998, 0.2, 0.09999999999999998]}, "complexity": {"634_fri_c2_100_10": [13, 31, 3, 13, 29]}, "time_all": {"634_fri_c2_100_10": [0.01808619499206543, 0.0189516544342041, 0.01748180389404297, 0.018809080123901367, 0.019661903381347656]}, "time_fit": {"634_fri_c2_100_10": [0.0014641284942626953, 0.0022039413452148438, 0.0009610652923583984, 0.0014498233795166016, 0.002111673355102539]}, "sizes": {"634_fri_c2_100_10": []}, "tau": 0.5}, "LinearQuantile": {"losses": {"634_fri_c2_100_10": [0.10319716225921129, 0.05082016989103733, 0.07787782631991283, 0.0779371865865464, 0.06910568699831036]}, "coverage": {"634_fri_c2_100_10": [0.04999999999999999, 0.15000000000000002, 0.050000000000000044, 0.2, 0.0]}, "complexity": {"634_fri_c2_100_10": [10, 10, 10, 10, 10]}, "time_all": {"634_fri_c2_100_10": [2.633960247039795, 0.07123255729675293, 0.6462702751159668, 1.224048376083374, 0.043691158294677734]}, "time_fit": {"634_fri_c2_100_10": [0.13000965118408203, 0.0064296722412109375, 0.05838418006896973, 0.11054277420043945, 0.003869771957397461]}, "sizes": {"634_fri_c2_100_10": []}, "tau": 0.5}}