{"SQR": {"losses": {"582_fri_c1_500_25": [0.016929841660493807, 0.010729595266819205, 0.01052086706889536, 0.009443895928352005, 0.008360031513395053]}, "coverage": {"582_fri_c1_500_25": [0.040000000000000036, 0.0, 0.040000000000000036, 0.04999999999999993, 0.020000000000000018]}, "complexity": {"582_fri_c1_500_25": [9, 13, 14, 14, 15]}, "time_all": {"582_fri_c1_500_25": [565.2829532623291, 580.1387715339661, 557.7369103431702, 573.8311767578125, 561.1454520225525]}, "time_fit": {"582_fri_c1_500_25": [565.2829532623291, 580.1387715339661, 557.7369103431702, 573.8311767578125, 561.1454520225525]}, "sizes": {"582_fri_c1_500_25": []}, "tau": 0.9}, "LightGBM": {"losses": {"582_fri_c1_500_25": [0.022667511662561535, 0.0239531833464259, 0.023372635933813977, 0.0269667940320101, 0.021812873407987966]}, "coverage": {"582_fri_c1_500_25": [0.06000000000000005, 0.0, 0.020000000000000018, 0.020000000000000018, 0.010000000000000009]}, "time_all": {"582_fri_c1_500_25": [0.2449474334716797, 0.19414305686950684, 0.20304441452026367, 0.219773530960083, 0.1920459270477295]}, "time_fit": {"582_fri_c1_500_25": [0.04465842247009277, 0.04737091064453125, 0.051178932189941406, 0.040280818939208984, 0.04627060890197754]}, "sizes": {"582_fri_c1_500_25": []}, "tau": 0.9}, "DecisionTree": {"losses": {"582_fri_c1_500_25": [0.02397976643512184, 0.018649135494505156, 0.019712979087229823, 0.018896526047479267, 0.01911626212619249]}, "coverage": {"582_fri_c1_500_25": [0.15000000000000002, 0.10999999999999999, 0.040000000000000036, 0.010000000000000009, 0.010000000000000009]}, "complexity": {"582_fri_c1_500_25": [69, 71, 31, 29, 17]}, "time_all": {"582_fri_c1_500_25": [0.13513684272766113, 0.13533782958984375, 0.13032221794128418, 0.12586212158203125, 0.1294722557067871]}, "time_fit": {"582_fri_c1_500_25": [0.014788389205932617, 0.015144586563110352, 0.010409116744995117, 0.009815692901611328, 0.007842063903808594]}, "sizes": {"582_fri_c1_500_25": []}, "tau": 0.9}, "LinearQuantile": {"losses": {"582_fri_c1_500_25": [0.09799522803569015, 0.08012443202547062, 0.07876516329254891, 0.07691792667179749, 0.0740950945802765]}, "coverage": {"582_fri_c1_500_25": [0.47000000000000003, 0.42000000000000004, 0.44, 0.39, 0.43000000000000005]}, "complexity": {"582_fri_c1_500_25": [25, 25, 25, 25, 25]}, "time_all": {"582_fri_c1_500_25": [0.6756298542022705, 0.8595032691955566, 1.1227643489837646, 3.9822630882263184, 1.4566049575805664]}, "time_fit": {"582_fri_c1_500_25": [0.057596683502197266, 0.07742047309875488, 0.10091590881347656, 0.28856611251831055, 0.12310433387756348]}, "sizes": {"582_fri_c1_500_25": []}, "tau": 0.9}}