{"SQR": {"losses": {"583_fri_c1_1000_50": [0.032002086193939044, 0.026711375332750968, 0.014486624749336019, 0.01455304086437745, 0.011075997465336886]}, "coverage": {"583_fri_c1_1000_50": [0.47000000000000003, 0.385, 0.26, 0.33000000000000007, 0.44]}, "complexity": {"583_fri_c1_1000_50": [14, 14, 12, 14, 14]}, "tau": 0.5}, "LightGBM": {"losses": {"583_fri_c1_1000_50": [0.03096351842930475, 0.03509760142676415, 0.028826293221952817, 0.03594048981716772, 0.03508405505798079]}, "coverage": {"583_fri_c1_1000_50": [0.405, 0.355, 0.37, 0.44, 0.42000000000000004]}, "tau": 0.5}, "DecisionTree": {"losses": {"583_fri_c1_1000_50": [0.04333745769399386, 0.04089471214415485, 0.037702718208493205, 0.03616792687131702, 0.04167711483032548]}, "coverage": {"583_fri_c1_1000_50": [0.345, 0.41500000000000004, 0.41500000000000004, 0.375, 0.4]}, "complexity": {"583_fri_c1_1000_50": [139, 139, 139, 137, 59]}, "tau": 0.5}, "LinearQuantile": {"losses": {"583_fri_c1_1000_50": [0.07838458381537833, 0.07338396387950989, 0.07631707105223484, 0.077470246846493, 0.08296060904875675]}, "coverage": {"583_fri_c1_1000_50": [0.445, 0.38, 0.42000000000000004, 0.43000000000000005, 0.41000000000000003]}, "complexity": {"583_fri_c1_1000_50": [50, 50, 50, 50, 50]}, "tau": 0.5}}