{"SQR": {"losses": {"560_bodyfat": [0.0004493593484449797, 0.001846448348471163, 0.008142841082635714, 0.002231765142875889, 0.00015080382211404568]}, "coverage": {"560_bodyfat": [0.0607843137254902, 0.01764705882352946, 0.06000000000000005, 0.020000000000000018, 0.020000000000000018]}, "complexity": {"560_bodyfat": [11, 16, 10, 17, 14]}, "time_all": {"560_bodyfat": [338.38100481033325, 309.33648920059204, 346.9824035167694, 318.1448612213135, 320.549298286438]}, "time_fit": {"560_bodyfat": [338.38100481033325, 309.33648920059204, 346.9824035167694, 318.1448612213135, 320.549298286438]}, "sizes": {"560_bodyfat": []}, "tau": 0.9}, "LightGBM": {"losses": {"560_bodyfat": [0.017385827259112936, 0.021663519813585864, 0.01372594547770319, 0.016956325362542133, 0.016873279095891057]}, "coverage": {"560_bodyfat": [0.0607843137254902, 0.056862745098039236, 0.07999999999999996, 0.07999999999999996, 0.020000000000000018]}, "time_all": {"560_bodyfat": [0.1301729679107666, 0.07899284362792969, 0.07128453254699707, 0.10496139526367188, 0.08561038970947266]}, "time_fit": {"560_bodyfat": [0.017488479614257812, 0.016595840454101562, 0.014883756637573242, 0.021030426025390625, 0.017679452896118164]}, "sizes": {"560_bodyfat": []}, "tau": 0.9}, "DecisionTree": {"losses": {"560_bodyfat": [0.0028928809997590065, 0.009112486267483517, 0.006246315757349918, 0.0032901041236676662, 0.0021637874482807367]}, "coverage": {"560_bodyfat": [0.27254901960784317, 0.1941176470588235, 0.14, 0.20000000000000007, 0.12]}, "complexity": {"560_bodyfat": [75, 81, 33, 83, 81]}, "time_all": {"560_bodyfat": [0.05761361122131348, 0.031501054763793945, 0.028521299362182617, 0.05780220031738281, 0.031880855560302734]}, "time_fit": {"560_bodyfat": [0.008812665939331055, 0.0046994686126708984, 0.0027480125427246094, 0.008957862854003906, 0.004767417907714844]}, "sizes": {"560_bodyfat": []}, "tau": 0.9}, "LinearQuantile": {"losses": {"560_bodyfat": [0.012188515533091604, 0.013300459102908608, 0.023099252075744196, 0.013025391932124052, 0.016285722566226787]}, "coverage": {"560_bodyfat": [0.0607843137254902, 0.0019607843137254832, 0.06000000000000005, 0.08000000000000007, 0.020000000000000018]}, "complexity": {"560_bodyfat": [14, 14, 14, 14, 14]}, "time_all": {"560_bodyfat": [1.1712079048156738, 0.803429365158081, 0.319699764251709, 1.079007863998413, 0.49445247650146484]}, "time_fit": {"560_bodyfat": [0.10468006134033203, 0.07287144660949707, 0.028908491134643555, 0.07215380668640137, 0.0447382926940918]}, "sizes": {"560_bodyfat": []}, "tau": 0.9}}