{"SQR": {"losses": {"592_fri_c4_1000_25": [0.010589427077920726, 0.005402748693169722, 0.006823290698295531, 0.012677178410501004, 0.010033678925555229]}, "coverage": {"592_fri_c4_1000_25": [0.025000000000000022, 0.025000000000000022, 0.030000000000000027, 0.0050000000000000044, 0.0050000000000000044]}, "complexity": {"592_fri_c4_1000_25": [9, 15, 15, 10, 13]}, "tau": 0.9}, "LightGBM": {"losses": {"592_fri_c4_1000_25": [0.014510865694160598, 0.016946142913617443, 0.018575567828445466, 0.017345473549287217, 0.01594138245273327]}, "coverage": {"592_fri_c4_1000_25": [0.04500000000000004, 0.030000000000000027, 0.04499999999999993, 0.020000000000000018, 0.030000000000000027]}, "tau": 0.9}, "DecisionTree": {"losses": {"592_fri_c4_1000_25": [0.014598700051847517, 0.01364220531714851, 0.012874177763055862, 0.018098029376221333, 0.015837351312573703]}, "coverage": {"592_fri_c4_1000_25": [0.08500000000000008, 0.020000000000000018, 0.020000000000000018, 0.09499999999999997, 0.05500000000000005]}, "complexity": {"592_fri_c4_1000_25": [63, 63, 59, 35, 41]}, "tau": 0.9}, "LinearQuantile": {"losses": {"592_fri_c4_1000_25": [0.0644553379740181, 0.0651225233943659, 0.0537812303440223, 0.056474052897859485, 0.07180302694106985]}, "coverage": {"592_fri_c4_1000_25": [0.49000000000000005, 0.445, 0.36, 0.395, 0.51]}, "complexity": {"592_fri_c4_1000_25": [25, 25, 25, 25, 25]}, "tau": 0.9}}