{"SQR": {"losses": {"581_fri_c3_500_25": [0.012614707959896918, 0.03298619351214696, 0.01737874876968681, 0.02021926946047743, 0.031675127963417135]}, "coverage": {"581_fri_c3_500_25": [0.30000000000000004, 0.51, 0.32000000000000006, 0.33000000000000007, 0.47000000000000003]}, "complexity": {"581_fri_c3_500_25": [12, 11, 14, 15, 10]}, "tau": 0.5}, "LightGBM": {"losses": {"581_fri_c3_500_25": [0.02724191693529569, 0.03687544592221362, 0.027198985349687493, 0.02912406325995502, 0.030565601031585135]}, "coverage": {"581_fri_c3_500_25": [0.39, 0.43000000000000005, 0.38, 0.39, 0.41000000000000003]}, "tau": 0.5}, "DecisionTree": {"losses": {"581_fri_c3_500_25": [0.03780655262456692, 0.03388481689295777, 0.03403412318477884, 0.03200485252329008, 0.03286512238192056]}, "coverage": {"581_fri_c3_500_25": [0.41000000000000003, 0.4, 0.44, 0.33999999999999997, 0.42000000000000004]}, "complexity": {"581_fri_c3_500_25": [65, 69, 67, 161, 161]}, "tau": 0.5}, "LinearQuantile": {"losses": {"581_fri_c3_500_25": [0.07091224143936695, 0.07041791561322809, 0.06154212111193638, 0.06456994762938907, 0.05792996956832341]}, "coverage": {"581_fri_c3_500_25": [0.45, 0.49000000000000005, 0.45, 0.45, 0.38]}, "complexity": {"581_fri_c3_500_25": [25, 25, 25, 25, 25]}, "tau": 0.5}}