{"SQR": {"losses": {"574_house_16H": [0.0177596700549389, 0.017813996410830684, 0.018131629559760384, 0.018255754240882525, 0.018257602406135633]}, "coverage": {"574_house_16H": [0.009062980030722034, 0.0055518981786263355, 0.014329602808865527, 0.0001536098310291889, 0.0018437225636523946]}, "complexity": {"574_house_16H": [6, 7, 7, 6, 6]}, "time_all": {"574_house_16H": [9867.142848014832, 10350.267362833023, 9802.543920755386, 12159.684760093689, 11414.330955028534]}, "time_fit": {"574_house_16H": [9867.142848014832, 10350.267362833023, 9802.543920755386, 12159.684760093689, 11414.330955028534]}, "sizes": {"574_house_16H": []}, "tau": 0.9}, "LightGBM": {"losses": {"574_house_16H": [0.01194148860447744, 0.012591902513301478, 0.011586542075019225, 0.012570303447057308, 0.012101341822671023]}, "coverage": {"574_house_16H": [0.03285055957867011, 0.03811718235681372, 0.033728330041694066, 0.03350888742593805, 0.032835820895522394]}, "time_all": {"574_house_16H": [82.08364701271057, 87.21037578582764, 46.815765142440796, 56.20428800582886, 56.102917194366455]}, "time_fit": {"574_house_16H": [20.909663915634155, 33.12157082557678, 14.135712146759033, 13.540789127349854, 14.527518033981323]}, "sizes": {"574_house_16H": []}, "tau": 0.9}, "DecisionTree": {"losses": {"574_house_16H": [0.01240349715043383, 0.01257939565314637, 0.011583089561492592, 0.012281245799588716, 0.01217900957525565]}, "coverage": {"574_house_16H": [0.027715602369980274, 0.04110160193109502, 0.02201009436032475, 0.04175992977836296, 0.0356453028972783]}, "complexity": {"574_house_16H": [631, 775, 639, 757, 585]}, "time_all": {"574_house_16H": [3.659949779510498, 3.4429030418395996, 3.639043092727661, 3.849102258682251, 3.9728848934173584]}, "time_fit": {"574_house_16H": [0.3021559715270996, 0.23427629470825195, 0.26427698135375977, 0.2898550033569336, 0.2619009017944336]}, "sizes": {"574_house_16H": []}, "tau": 0.9}, "LinearQuantile": {"losses": {"574_house_16H": [0.018104882139642044, 0.01829160285164874, 0.017907787302783633, 0.018976748560235734, 0.018424064514347097]}, "coverage": {"574_house_16H": [0.0024797015580425574, 0.0025674786043449194, 0.0040157998683344465, 0.003138029405310494, 0.003160667251975391]}, "complexity": {"574_house_16H": [16, 16, 16, 16, 16]}, "time_all": {"574_house_16H": [37.46670484542847, 28.80121397972107, 30.697901010513306, 34.00432896614075, 43.098777055740356]}, "time_fit": {"574_house_16H": [4.335580825805664, 2.178011178970337, 3.089040994644165, 3.643554210662842, 2.469083070755005]}, "sizes": {"574_house_16H": []}, "tau": 0.9}}