{"SQR": {"losses": {"657_fri_c2_250_10": [0.03195617020700714, 0.0309923198886882, 0.03288074533436052, 0.026304262564886077, 0.02099224476026122]}, "coverage": {"657_fri_c2_250_10": [0.42000000000000004, 0.48000000000000004, 0.52, 0.33999999999999997, 0.28]}, "complexity": {"657_fri_c2_250_10": [12, 13, 10, 12, 14]}, "tau": 0.5}, "LightGBM": {"losses": {"657_fri_c2_250_10": [0.04621468857447348, 0.04972716136798179, 0.0489106823160622, 0.03811594238477813, 0.036771551377528175]}, "coverage": {"657_fri_c2_250_10": [0.44, 0.38, 0.4, 0.32000000000000006, 0.42000000000000004]}, "tau": 0.5}, "DecisionTree": {"losses": {"657_fri_c2_250_10": [0.04885171293338406, 0.05289847621738567, 0.0557557067637902, 0.03317481786335664, 0.04711840859595067]}, "coverage": {"657_fri_c2_250_10": [0.46, 0.42000000000000004, 0.38, 0.30000000000000004, 0.56]}, "complexity": {"657_fri_c2_250_10": [85, 15, 79, 81, 35]}, "tau": 0.5}, "LinearQuantile": {"losses": {"657_fri_c2_250_10": [0.08253616974659082, 0.08613653278216711, 0.08022637645722128, 0.08258390166015157, 0.08529237542082722]}, "coverage": {"657_fri_c2_250_10": [0.52, 0.33999999999999997, 0.44, 0.48000000000000004, 0.5]}, "complexity": {"657_fri_c2_250_10": [10, 10, 10, 10, 10]}, "tau": 0.5}}