{"SQR": {"losses": {"523_analcatdata_neavote": [0.018884376141632717, 0.012229029555555552, 0.015000073333333336, 0.017219038305099996, 0.029407614444444445]}, "coverage": {"523_analcatdata_neavote": [0.04999999999999993, 0.04999999999999993, 0.0, 0.09999999999999998, 0.0]}, "complexity": {"523_analcatdata_neavote": [3, 3, 4, 4, 4]}, "time_all": {"523_analcatdata_neavote": [296.63052678108215, 276.4121503829956, 274.2656853199005, 290.67458415031433, 284.46332240104675]}, "time_fit": {"523_analcatdata_neavote": [296.63052678108215, 276.4121503829956, 274.2656853199005, 290.67458415031433, 284.46332240104675]}, "sizes": {"523_analcatdata_neavote": []}, "tau": 0.9}, "LightGBM": {"losses": {"523_analcatdata_neavote": [0.06888888888888887, 0.02999999999999999, 0.03888888888888888, 0.047222222222222214, 0.06166666666666666]}, "coverage": {"523_analcatdata_neavote": [0.09999999999999998, 0.09999999999999998, 0.09999999999999998, 0.09999999999999998, 0.09999999999999998]}, "time_all": {"523_analcatdata_neavote": [0.10641241073608398, 0.028081178665161133, 0.02843618392944336, 0.031213045120239258, 0.030723094940185547]}, "time_fit": {"523_analcatdata_neavote": [0.007029533386230469, 0.005188703536987305, 0.005238056182861328, 0.005766391754150391, 0.005079507827758789]}, "sizes": {"523_analcatdata_neavote": []}, "tau": 0.9}, "DecisionTree": {"losses": {"523_analcatdata_neavote": [0.018888888888888886, 0.013388888888888882, 0.015000000000000001, 0.013555555555555552, 0.02944444444444444]}, "coverage": {"523_analcatdata_neavote": [0.09999999999999998, 0.04999999999999993, 0.0, 0.09999999999999998, 0.0]}, "complexity": {"523_analcatdata_neavote": [3, 3, 3, 5, 3]}, "time_all": {"523_analcatdata_neavote": [0.028608322143554688, 0.014646053314208984, 0.01458883285522461, 0.015267610549926758, 0.014760494232177734]}, "time_fit": {"523_analcatdata_neavote": [0.0017857551574707031, 0.0009148120880126953, 0.0009195804595947266, 0.0009884834289550781, 0.0009086132049560547]}, "sizes": {"523_analcatdata_neavote": []}, "tau": 0.9}, "LinearQuantile": {"losses": {"523_analcatdata_neavote": [0.02822222481336785, 0.014444425405547844, 0.015555557154309285, 0.013444441497553005, 0.029999998938523884]}, "coverage": {"523_analcatdata_neavote": [0.20000000000000007, 0.55, 0.55, 0.25, 0.25]}, "complexity": {"523_analcatdata_neavote": [6, 6, 6, 6, 6]}, "time_all": {"523_analcatdata_neavote": [0.09297490119934082, 0.05210471153259277, 0.03798484802246094, 0.04290938377380371, 0.03763985633850098]}, "time_fit": {"523_analcatdata_neavote": [0.007539987564086914, 0.004413604736328125, 0.003117084503173828, 0.003574848175048828, 0.003092527389526367]}, "sizes": {"523_analcatdata_neavote": []}, "tau": 0.9}}