{"SQR": {"losses": {"601_fri_c1_250_5": [0.045334613691489944, 0.022641779279530438, 0.025701126401639622, 0.03373017836940283, 0.020003581385417763]}, "coverage": {"601_fri_c1_250_5": [0.44, 0.6000000000000001, 0.28, 0.38, 0.28]}, "complexity": {"601_fri_c1_250_5": [8, 15, 16, 10, 16]}, "tau": 0.5}, "LightGBM": {"losses": {"601_fri_c1_250_5": [0.06044731193218218, 0.03401128243048386, 0.05096340988051462, 0.03411789337991334, 0.051130763226747415]}, "coverage": {"601_fri_c1_250_5": [0.42000000000000004, 0.30000000000000004, 0.52, 0.44, 0.36]}, "tau": 0.5}, "DecisionTree": {"losses": {"601_fri_c1_250_5": [0.06925926451723806, 0.04648326534008056, 0.03149932538268885, 0.047050096993887514, 0.032400004931389656]}, "coverage": {"601_fri_c1_250_5": [0.4, 0.4, 0.36, 0.5800000000000001, 0.30000000000000004]}, "complexity": {"601_fri_c1_250_5": [79, 75, 79, 83, 81]}, "tau": 0.5}, "LinearQuantile": {"losses": {"601_fri_c1_250_5": [0.09277266395197357, 0.06485552694353221, 0.07698965838707622, 0.05689737365043332, 0.06974143658820948]}, "coverage": {"601_fri_c1_250_5": [0.46, 0.38, 0.46, 0.36, 0.42000000000000004]}, "complexity": {"601_fri_c1_250_5": [5, 5, 5, 5, 5]}, "tau": 0.5}}