{"SQR": {"losses": {"635_fri_c0_250_10": [0.011005427406265289, 0.013766403790163535, 0.009516401683333188, 0.018223084136351, 0.014992819150270212]}, "coverage": {"635_fri_c0_250_10": [0.0, 0.05999999999999994, 0.06000000000000005, 0.06000000000000005, 0.040000000000000036]}, "complexity": {"635_fri_c0_250_10": [14, 9, 12, 8, 11]}, "tau": 0.9}, "LightGBM": {"losses": {"635_fri_c0_250_10": [0.0265474909347893, 0.025135175728513256, 0.022685712880924216, 0.023913208350483824, 0.025674261345858256]}, "coverage": {"635_fri_c0_250_10": [0.020000000000000018, 0.0, 0.020000000000000018, 0.06000000000000005, 0.06000000000000005]}, "tau": 0.9}, "DecisionTree": {"losses": {"635_fri_c0_250_10": [0.02154995268472913, 0.022373405444943564, 0.01975692930948468, 0.02509805695287673, 0.023800477729844723]}, "coverage": {"635_fri_c0_250_10": [0.08000000000000007, 0.08000000000000007, 0.0, 0.020000000000000018, 0.040000000000000036]}, "complexity": {"635_fri_c0_250_10": [33, 15, 9, 7, 15]}, "tau": 0.9}, "LinearQuantile": {"losses": {"635_fri_c0_250_10": [0.04727754511006504, 0.06395106089041573, 0.051407686296670134, 0.04560383175315143, 0.053471044477641054]}, "coverage": {"635_fri_c0_250_10": [0.42000000000000004, 0.56, 0.46, 0.5, 0.48000000000000004]}, "complexity": {"635_fri_c0_250_10": [10, 10, 10, 10, 10]}, "tau": 0.9}}