{"SQR": {"losses": {"616_fri_c4_500_50": [0.015520858743396627, 0.013294035607057258, 0.004993454235918314, 0.005724082078318469, 0.011085237981328032]}, "coverage": {"616_fri_c4_500_50": [0.15000000000000002, 0.19000000000000006, 0.030000000000000027, 0.039999999999999925, 0.010000000000000009]}, "complexity": {"616_fri_c4_500_50": [8, 13, 19, 15, 10]}, "tau": 0.9}, "LightGBM": {"losses": {"616_fri_c4_500_50": [0.019620682425559196, 0.023957337457769554, 0.01794582108039293, 0.02208378883836296, 0.018959842238151947]}, "coverage": {"616_fri_c4_500_50": [0.020000000000000018, 0.050000000000000044, 0.010000000000000009, 0.040000000000000036, 0.010000000000000009]}, "tau": 0.9}, "DecisionTree": {"losses": {"616_fri_c4_500_50": [0.020969561210035563, 0.018525799838249344, 0.017416724000059215, 0.014222604823837423, 0.01675369795588411]}, "coverage": {"616_fri_c4_500_50": [0.12, 0.030000000000000027, 0.08999999999999997, 0.020000000000000018, 0.12]}, "complexity": {"616_fri_c4_500_50": [29, 23, 31, 31, 71]}, "tau": 0.9}, "LinearQuantile": {"losses": {"616_fri_c4_500_50": [0.08662760500825788, 0.07303975382483444, 0.08468427057566967, 0.07578348837218545, 0.07059721952986793]}, "coverage": {"616_fri_c4_500_50": [0.46, 0.44, 0.46, 0.44, 0.4]}, "complexity": {"616_fri_c4_500_50": [50, 50, 50, 50, 50]}, "tau": 0.9}}