{"SQR": {"losses": {"695_chatfield_4": [0.04215477771076267, 0.03371259471970961, 0.01572757641427309, 0.020055359586681323, 0.02970176979547354]}, "coverage": {"695_chatfield_4": [0.5595744680851065, 0.474468085106383, 0.3468085106382979, 0.36808510638297876, 0.4319148936170213]}, "complexity": {"695_chatfield_4": [5, 3, 7, 8, 7]}, "tau": 0.5}, "LightGBM": {"losses": {"695_chatfield_4": [0.04125803740968605, 0.037456755513705704, 0.016315917662620333, 0.033272849640766905, 0.041178109992072526]}, "coverage": {"695_chatfield_4": [0.325531914893617, 0.41063829787234046, 0.2404255319148937, 0.474468085106383, 0.41063829787234046]}, "tau": 0.5}, "DecisionTree": {"losses": {"695_chatfield_4": [0.035150822215014, 0.03482465150697103, 0.020788672711888057, 0.03357062802340736, 0.03770063448115012]}, "coverage": {"695_chatfield_4": [0.474468085106383, 0.4319148936170213, 0.3042553191489362, 0.325531914893617, 0.36808510638297876]}, "complexity": {"695_chatfield_4": [13, 9, 13, 13, 9]}, "tau": 0.5}, "LinearQuantile": {"losses": {"695_chatfield_4": [0.025171344611196283, 0.03371125328817716, 0.016712912421631438, 0.02121148144003249, 0.027300176976568988]}, "coverage": {"695_chatfield_4": [0.5170212765957447, 0.4319148936170213, 0.36808510638297876, 0.36808510638297876, 0.3468085106382979]}, "complexity": {"695_chatfield_4": [12, 12, 12, 12, 12]}, "tau": 0.5}}