{"SQR": {"losses": {"218_house_8L": [0.02267839087402882, 0.02272074336627955, 0.02245816526038592, 0.022969759405057293, 0.023019308112018147]}, "coverage": {"218_house_8L": [0.04092604783849019, 0.05782312925170063, 0.047509326311169664, 0.03346499890278687, 0.045215100965759425]}, "complexity": {"218_house_8L": [5, 5, 5, 5, 5]}, "time_all": {"218_house_8L": [9759.088239908218, 9715.463704824448, 23855.884059906006, 39160.717908144, 24808.757627010345]}, "time_fit": {"218_house_8L": [9759.088239908218, 9715.463704824448, 23855.884059906006, 39160.717908144, 24808.757627010345]}, "sizes": {"218_house_8L": []}, "tau": 0.5}, "LightGBM": {"losses": {"218_house_8L": [0.016687161250119, 0.016635156099036878, 0.01624939846591833, 0.01682479484985137, 0.01677521948314927]}, "coverage": {"218_house_8L": [0.01810401579986831, 0.020956769804696074, 0.033245556287030964, 0.0055957867017775165, 0.021729587357330993]}, "time_all": {"218_house_8L": [52.66843008995056, 34.55223512649536, 44.56583905220032, 55.499470233917236, 90.65064787864685]}, "time_fit": {"218_house_8L": [14.450149059295654, 9.057607889175415, 13.07639193534851, 14.262598276138306, 25.88559103012085]}, "sizes": {"218_house_8L": []}, "tau": 0.5}, "DecisionTree": {"losses": {"218_house_8L": [0.016367379268752546, 0.016342231963330674, 0.016308938086534622, 0.016644770089876103, 0.01653964404977248]}, "coverage": {"218_house_8L": [0.02205398288347593, 0.02797893350888747, 0.037634408602150504, 0.011740179942944962, 0.022827041264266934]}, "complexity": {"218_house_8L": [581, 785, 779, 587, 879]}, "time_all": {"218_house_8L": [2.200511932373047, 2.4307618141174316, 2.021920919418335, 1.9356050491333008, 1.9293630123138428]}, "time_fit": {"218_house_8L": [0.1308300495147705, 0.16623997688293457, 0.12755393981933594, 0.12504196166992188, 0.14492297172546387]}, "sizes": {"218_house_8L": []}, "tau": 0.5}, "LinearQuantile": {"losses": {"218_house_8L": [0.022996923255638502, 0.022958853554343423, 0.022606561904981736, 0.02325601569790593, 0.023480704165308064]}, "coverage": {"218_house_8L": [0.005156901470265485, 0.030612244897959218, 0.014154048716260692, 0.008448540706605168, 0.01207199297629502]}, "complexity": {"218_house_8L": [8, 8, 8, 8, 8]}, "time_all": {"218_house_8L": [22.11736011505127, 27.602514028549194, 27.754882097244263, 20.649457931518555, 21.1983060836792]}, "time_fit": {"218_house_8L": [0.8434901237487793, 3.9417660236358643, 2.580430030822754, 2.6778228282928467, 2.407257080078125]}, "sizes": {"218_house_8L": []}, "tau": 0.5}}