{"SQR": {"losses": {"706_sleuth_case1202": [0.04475124794333461, 0.05149359748827651, 0.06337310947354606, 0.0456487585074673, 0.05762356033829105]}, "coverage": {"706_sleuth_case1202": [0.026315789473684237, 0.07894736842105265, 0.02631578947368418, 0.11111111111111116, 0.05555555555555558]}, "complexity": {"706_sleuth_case1202": [8, 5, 4, 6, 3]}, "time_all": {"706_sleuth_case1202": [306.7379729747772, 297.9825291633606, 301.78349924087524, 312.4253363609314, 299.67995524406433]}, "time_fit": {"706_sleuth_case1202": [306.7379729747772, 297.9825291633606, 301.78349924087524, 312.4253363609314, 299.67995524406433]}, "sizes": {"706_sleuth_case1202": []}, "tau": 0.5}, "LightGBM": {"losses": {"706_sleuth_case1202": [0.06431171778066418, 0.05261423515447579, 0.05779645315601721, 0.04962132168413101, 0.06632499637849737]}, "coverage": {"706_sleuth_case1202": [0.1842105263157895, 0.07894736842105265, 0.23684210526315785, 0.16666666666666663, 0.16666666666666669]}, "time_all": {"706_sleuth_case1202": [0.04956650733947754, 0.05035114288330078, 0.06001162528991699, 0.050642967224121094, 0.05289340019226074]}, "time_fit": {"706_sleuth_case1202": [0.011879682540893555, 0.012499570846557617, 0.015304327011108398, 0.011928081512451172, 0.01309967041015625]}, "sizes": {"706_sleuth_case1202": []}, "tau": 0.5}, "DecisionTree": {"losses": {"706_sleuth_case1202": [0.059918497029976515, 0.037729658792650916, 0.05504903992264125, 0.04494750656167979, 0.07252478856809565]}, "coverage": {"706_sleuth_case1202": [0.1842105263157895, 0.02631578947368418, 0.1842105263157895, 0.2222222222222222, 0.0]}, "complexity": {"706_sleuth_case1202": [11, 13, 5, 11, 5]}, "time_all": {"706_sleuth_case1202": [0.016846418380737305, 0.017007827758789062, 0.017182588577270508, 0.01673150062561035, 0.016454219818115234]}, "time_fit": {"706_sleuth_case1202": [0.0012552738189697266, 0.0013315677642822266, 0.0010101795196533203, 0.001262664794921875, 0.0010170936584472656]}, "sizes": {"706_sleuth_case1202": []}, "tau": 0.5}, "LinearQuantile": {"losses": {"706_sleuth_case1202": [0.05179748255801997, 0.055994072466733553, 0.061810675107155086, 0.041151666239589525, 0.05586498658799267]}, "coverage": {"706_sleuth_case1202": [0.026315789473684237, 0.07894736842105265, 0.026315789473684237, 0.0, 0.1111111111111111]}, "complexity": {"706_sleuth_case1202": [11, 11, 11, 11, 11]}, "time_all": {"706_sleuth_case1202": [0.24883627891540527, 0.08933377265930176, 3.5073764324188232, 1.0142250061035156, 0.18656039237976074]}, "time_fit": {"706_sleuth_case1202": [0.023099422454833984, 0.007818460464477539, 0.2623715400695801, 0.09211444854736328, 0.01675724983215332]}, "sizes": {"706_sleuth_case1202": []}, "tau": 0.5}}