{"SQR": {"losses": {"588_fri_c4_1000_100": [0.011589080080023599, 0.012536274831178237, 0.020244557752690438, 0.012990297694646264, 0.027587125333890985]}, "coverage": {"588_fri_c4_1000_100": [0.345, 0.385, 0.37, 0.43000000000000005, 0.525]}, "complexity": {"588_fri_c4_1000_100": [12, 12, 7, 12, 8]}, "tau": 0.5}, "LightGBM": {"losses": {"588_fri_c4_1000_100": [0.024237943716471134, 0.024944248758833887, 0.019134964757747622, 0.021079325072828895, 0.0255665486727018]}, "coverage": {"588_fri_c4_1000_100": [0.41500000000000004, 0.47500000000000003, 0.3350000000000001, 0.43000000000000005, 0.37]}, "tau": 0.5}, "DecisionTree": {"losses": {"588_fri_c4_1000_100": [0.029568757057381184, 0.032873085044656504, 0.022522399357384554, 0.02371669527954772, 0.028735338795005335]}, "coverage": {"588_fri_c4_1000_100": [0.41000000000000003, 0.43000000000000005, 0.33999999999999997, 0.36, 0.41500000000000004]}, "complexity": {"588_fri_c4_1000_100": [133, 135, 141, 141, 143]}, "tau": 0.5}, "LinearQuantile": {"losses": {"588_fri_c4_1000_100": [0.061886088643574824, 0.0595301695407621, 0.05355757047134006, 0.060519260623697495, 0.06104530140345068]}, "coverage": {"588_fri_c4_1000_100": [0.41000000000000003, 0.42000000000000004, 0.42500000000000004, 0.41000000000000003, 0.405]}, "complexity": {"588_fri_c4_1000_100": [100, 100, 100, 100, 100]}, "tau": 0.5}}