{"SQR": {"losses": {"665_sleuth_case2002": [Infinity, 0.02627576103464554, 0.05598709062383142, 0.045408735294445515, 0.03673127967507549]}, "coverage": {"665_sleuth_case2002": [0.033333333333333326, 0.033333333333333326, 0.17586206896551726, 0.03103448275862064, 0.03103448275862064]}, "complexity": {"665_sleuth_case2002": [3, 5, 6, 7, 8]}, "tau": 0.9}, "LightGBM": {"losses": {"665_sleuth_case2002": [0.03439896120081774, 0.0322213848015586, 0.046288166370118955, 0.04109979932258582, 0.03905903233420326]}, "coverage": {"665_sleuth_case2002": [0.033333333333333326, 0.0, 0.10689655172413792, 0.03103448275862064, 0.03103448275862064]}, "tau": 0.9}, "DecisionTree": {"losses": {"665_sleuth_case2002": [0.0307037037037037, 0.033111111111111105, 0.0450038314176245, 0.031379310344827584, 0.03302681992337164]}, "coverage": {"665_sleuth_case2002": [0.0, 0.033333333333333326, 0.10689655172413792, 0.03103448275862064, 0.06551724137931036]}, "complexity": {"665_sleuth_case2002": [19, 3, 9, 21, 5]}, "tau": 0.9}, "LinearQuantile": {"losses": {"665_sleuth_case2002": [0.03074151515046576, 0.038065647721117195, 0.05373982942765303, 0.04780847477653504, 0.04474889150279248]}, "coverage": {"665_sleuth_case2002": [0.033333333333333326, 0.06666666666666665, 0.07241379310344831, 0.0034482758620689724, 0.03103448275862064]}, "complexity": {"665_sleuth_case2002": [10, 10, 10, 10, 10]}, "tau": 0.9}}