{"SQR": {"losses": {"588_fri_c4_1000_100": [0.012966429374122953, 0.013112507273373597, 0.014189903744354308, 0.012031515781983516, 0.009764837343833122]}, "coverage": {"588_fri_c4_1000_100": [0.05500000000000005, 0.040000000000000036, 0.07499999999999996, 0.015000000000000013, 0.05499999999999999]}, "complexity": {"588_fri_c4_1000_100": [15, 10, 15, 13, 12]}, "time_all": {"588_fri_c4_1000_100": [794.447478055954, 876.1955711841583, 808.1565084457397, 835.236631155014, 852.5688343048096]}, "time_fit": {"588_fri_c4_1000_100": [794.447478055954, 876.1955711841583, 808.1565084457397, 835.236631155014, 852.5688343048096]}, "sizes": {"588_fri_c4_1000_100": []}, "tau": 0.5}, "LightGBM": {"losses": {"588_fri_c4_1000_100": [0.024335802285693275, 0.023705921965063683, 0.023254371659546354, 0.02076903740065006, 0.02544597702254364]}, "coverage": {"588_fri_c4_1000_100": [0.015000000000000013, 0.07500000000000001, 0.06499999999999995, 0.030000000000000027, 0.030000000000000027]}, "time_all": {"588_fri_c4_1000_100": [0.49758219718933105, 0.47057127952575684, 0.46900081634521484, 0.5229942798614502, 0.48669910430908203]}, "time_fit": {"588_fri_c4_1000_100": [0.08128499984741211, 0.08032083511352539, 0.08026933670043945, 0.09058618545532227, 0.08347105979919434]}, "sizes": {"588_fri_c4_1000_100": []}, "tau": 0.5}, "DecisionTree": {"losses": {"588_fri_c4_1000_100": [0.026535402991547604, 0.030230297377343864, 0.024848229403018923, 0.02635480489108748, 0.0281555931601261]}, "coverage": {"588_fri_c4_1000_100": [0.010000000000000009, 0.030000000000000027, 0.06000000000000005, 0.040000000000000036, 0.015000000000000013]}, "complexity": {"588_fri_c4_1000_100": [133, 135, 141, 141, 143]}, "time_all": {"588_fri_c4_1000_100": [0.5502803325653076, 0.5288751125335693, 0.5277996063232422, 0.9981942176818848, 0.5250062942504883]}, "time_fit": {"588_fri_c4_1000_100": [0.060880422592163086, 0.05854654312133789, 0.0597226619720459, 0.11132168769836426, 0.0604398250579834]}, "sizes": {"588_fri_c4_1000_100": []}, "tau": 0.5}, "LinearQuantile": {"losses": {"588_fri_c4_1000_100": [0.060488095944366264, 0.055767817885077405, 0.05780304507180705, 0.05839892721045889, 0.060815919737143516]}, "coverage": {"588_fri_c4_1000_100": [0.010000000000000009, 0.020000000000000018, 0.025000000000000022, 0.010000000000000009, 0.0050000000000000044]}, "complexity": {"588_fri_c4_1000_100": [100, 100, 100, 100, 100]}, "time_all": {"588_fri_c4_1000_100": [62.606876373291016, 40.48497176170349, 40.2403347492218, 54.903528690338135, 20.645704746246338]}, "time_fit": {"588_fri_c4_1000_100": [5.472461700439453, 1.8487324714660645, 1.9493987560272217, 4.770130395889282, 1.7624914646148682]}, "sizes": {"588_fri_c4_1000_100": []}, "tau": 0.5}}