{"SQR": {"losses": {"626_fri_c2_500_50": [0.0186220362912717, 0.02045196102757407, 0.014922974289919715, 0.019104284334527166, 0.03588674374508974]}, "coverage": {"626_fri_c2_500_50": [0.38, 0.42000000000000004, 0.39, 0.35, 0.46]}, "complexity": {"626_fri_c2_500_50": [11, 14, 17, 15, 13]}, "tau": 0.5}, "LightGBM": {"losses": {"626_fri_c2_500_50": [0.03813327752433483, 0.03297933994836355, 0.031343066404621936, 0.032358995570078826, 0.046037289930832954]}, "coverage": {"626_fri_c2_500_50": [0.42000000000000004, 0.35, 0.31000000000000005, 0.36, 0.46]}, "tau": 0.5}, "DecisionTree": {"losses": {"626_fri_c2_500_50": [0.038388325570767046, 0.04697326567542094, 0.03913702122857389, 0.0345128402901745, 0.05264286160969455]}, "coverage": {"626_fri_c2_500_50": [0.36, 0.48000000000000004, 0.37, 0.30000000000000004, 0.45]}, "complexity": {"626_fri_c2_500_50": [29, 161, 71, 73, 15]}, "tau": 0.5}, "LinearQuantile": {"losses": {"626_fri_c2_500_50": [0.08711792529130553, 0.09274266673290647, 0.08081204718090267, 0.07017287492620822, 0.09055822966428126]}, "coverage": {"626_fri_c2_500_50": [0.42000000000000004, 0.43000000000000005, 0.44, 0.38, 0.45]}, "complexity": {"626_fri_c2_500_50": [50, 50, 50, 50, 50]}, "tau": 0.5}}