{"SQR": {"losses": {"557_analcatdata_apnea1": [0.007262472533221723, 0.008912705179894875, 0.008261277130052829, 0.005282303936737915, 0.00700878576246886]}, "coverage": {"557_analcatdata_apnea1": [0.07894736842105265, 0.12105263157894741, 0.047368421052631615, 0.15263157894736845, 0.1105263157894737]}, "complexity": {"557_analcatdata_apnea1": [5, 3, 3, 3, 5]}, "time_all": {"557_analcatdata_apnea1": [384.8066062927246, 381.26731967926025, 373.9718074798584, 371.4624562263489, 386.399596452713]}, "time_fit": {"557_analcatdata_apnea1": [384.8066062927246, 381.26731967926025, 373.9718074798584, 371.4624562263489, 386.399596452713]}, "sizes": {"557_analcatdata_apnea1": []}, "tau": 0.5}, "LightGBM": {"losses": {"557_analcatdata_apnea1": [0.020780767629590195, 0.01737076935755106, 0.01358374596970457, 0.01332673752832207, 0.012529137927089734]}, "coverage": {"557_analcatdata_apnea1": [0.09999999999999998, 0.15263157894736845, 0.05789473684210522, 0.23684210526315785, 0.12105263157894741]}, "time_all": {"557_analcatdata_apnea1": [0.16882729530334473, 0.16931390762329102, 0.19110989570617676, 0.2002854347229004, 0.18747782707214355]}, "time_fit": {"557_analcatdata_apnea1": [0.04783916473388672, 0.04928112030029297, 0.05294227600097656, 0.05686140060424805, 0.05040407180786133]}, "sizes": {"557_analcatdata_apnea1": []}, "tau": 0.5}, "DecisionTree": {"losses": {"557_analcatdata_apnea1": [0.005684259504562769, 0.006950792445773289, 0.005498698737029113, 0.004445555112772414, 0.0057228855311579575]}, "coverage": {"557_analcatdata_apnea1": [0.17368421052631577, 0.22631578947368425, 0.13157894736842102, 0.24736842105263157, 0.17368421052631577]}, "complexity": {"557_analcatdata_apnea1": [129, 53, 121, 53, 61]}, "time_all": {"557_analcatdata_apnea1": [0.03441286087036133, 0.03145790100097656, 0.06821322441101074, 0.031636953353881836, 0.03220772743225098]}, "time_fit": {"557_analcatdata_apnea1": [0.0059468746185302734, 0.003079652786254883, 0.011364459991455078, 0.003047943115234375, 0.003328084945678711]}, "sizes": {"557_analcatdata_apnea1": []}, "tau": 0.5}, "LinearQuantile": {"losses": {"557_analcatdata_apnea1": [0.023437868787469004, 0.019588001020143665, 0.01650388820432486, 0.01551043311584955, 0.01375018314081932]}, "coverage": {"557_analcatdata_apnea1": [0.0368421052631579, 0.09999999999999998, 0.01578947368421052, 0.07894736842105265, 0.04736842105263156]}, "complexity": {"557_analcatdata_apnea1": [11, 11, 11, 11, 11]}, "time_all": {"557_analcatdata_apnea1": [0.08878087997436523, 0.26775622367858887, 0.1987903118133545, 0.1572885513305664, 0.10882210731506348]}, "time_fit": {"557_analcatdata_apnea1": [0.0076580047607421875, 0.023888826370239258, 0.016637086868286133, 0.013939142227172852, 0.009575605392456055]}, "sizes": {"557_analcatdata_apnea1": []}, "tau": 0.5}}