{"SQR": {"losses": {"230_machine_cpu": [0.015627674052885447, 0.029873651409305525, 0.011772281686569581, 0.010217498384866816, 0.011651047242442012]}, "coverage": {"230_machine_cpu": [0.4714285714285715, 0.6142857142857143, 0.4714285714285715, 0.3047619047619048, 0.3878048780487805]}, "complexity": {"230_machine_cpu": [6, 8, 5, 5, 7]}, "tau": 0.5}, "LightGBM": {"losses": {"230_machine_cpu": [0.039805615168118015, 0.04570093489025282, 0.012147616998063637, 0.014498705148733667, 0.010097781847066861]}, "coverage": {"230_machine_cpu": [0.3047619047619048, 0.638095238095238, 0.3761904761904762, 0.28095238095238095, 0.2902439024390244]}, "tau": 0.5}, "DecisionTree": {"losses": {"230_machine_cpu": [0.02794601232101232, 0.029747335997335995, 0.008356227106227106, 0.013782051282051283, 0.012337966911137643]}, "coverage": {"230_machine_cpu": [0.28095238095238095, 0.5428571428571429, 0.42380952380952386, 0.3047619047619048, 0.36341463414634145]}, "complexity": {"230_machine_cpu": [63, 67, 65, 65, 63]}, "tau": 0.5}, "LinearQuantile": {"losses": {"230_machine_cpu": [0.02732900731580868, 0.033716198824425704, 0.006149126959216652, 0.01140382118257515, 0.008664868877680693]}, "coverage": {"230_machine_cpu": [0.3047619047619048, 0.5904761904761905, 0.2571428571428571, 0.2333333333333334, 0.24146341463414633]}, "complexity": {"230_machine_cpu": [6, 6, 6, 6, 6]}, "tau": 0.5}}