{"SQR": {"losses": {"519_vinnie": [0.017423217456140346, 0.01672139384210526, 0.018529014175438587, 0.019851557531578943, 0.016637426228070174]}, "coverage": {"519_vinnie": [0.021052631578947323, 0.021052631578947323, 0.018421052631579005, 0.018421052631579005, 0.021052631578947323]}, "complexity": {"519_vinnie": [2, 2, 2, 2, 2]}, "tau": 0.9}, "LightGBM": {"losses": {"519_vinnie": [0.020488143796085195, 0.018560292466408692, 0.01808342800334484, 0.020554319101720113, 0.019924632967371514]}, "coverage": {"519_vinnie": [0.007894736842105288, 0.021052631578947323, 0.018421052631579005, 0.0052631578947368585, 0.0052631578947368585]}, "tau": 0.9}, "DecisionTree": {"losses": {"519_vinnie": [0.02122807017543859, 0.017482456140350874, 0.01789473684210526, 0.01917543859649123, 0.01707017543859649]}, "coverage": {"519_vinnie": [0.021052631578947323, 0.03421052631578947, 0.03421052631578947, 0.0052631578947368585, 0.06052631578947365]}, "complexity": {"519_vinnie": [9, 9, 11, 93, 11]}, "tau": 0.9}, "LinearQuantile": {"losses": {"519_vinnie": [0.01783627555737392, 0.016900584253278506, 0.0188596374264966, 0.020614035559686262, 0.0169298172928808]}, "coverage": {"519_vinnie": [0.05789473684210533, 0.0052631578947368585, 0.0052631578947368585, 0.0052631578947368585, 0.021052631578947323]}, "complexity": {"519_vinnie": [5, 5, 5, 5, 5]}, "tau": 0.9}}