{"SQR": {"losses": {"596_fri_c2_250_5": [0.037218414087933166, 0.026428445069174637, 0.020421606562040173, 0.020499862565012853, 0.02024173019761669]}, "coverage": {"596_fri_c2_250_5": [0.44, 0.4, 0.36, 0.4, 0.38]}, "complexity": {"596_fri_c2_250_5": [13, 11, 16, 15, 14]}, "tau": 0.5}, "LightGBM": {"losses": {"596_fri_c2_250_5": [0.06147445204943541, 0.04273548864273749, 0.044267416962236794, 0.03711650903003159, 0.05008770898747807]}, "coverage": {"596_fri_c2_250_5": [0.46, 0.42000000000000004, 0.36, 0.26, 0.52]}, "tau": 0.5}, "DecisionTree": {"losses": {"596_fri_c2_250_5": [0.07360053897959433, 0.0447940117898296, 0.053721460293876824, 0.045624990005186654, 0.05354299465053408]}, "coverage": {"596_fri_c2_250_5": [0.46, 0.38, 0.38, 0.28, 0.42000000000000004]}, "complexity": {"596_fri_c2_250_5": [77, 9, 81, 35, 35]}, "tau": 0.5}, "LinearQuantile": {"losses": {"596_fri_c2_250_5": [0.09598236021560656, 0.08443441658988106, 0.0875978451200046, 0.06601832248438785, 0.09464958709548874]}, "coverage": {"596_fri_c2_250_5": [0.36, 0.42000000000000004, 0.36, 0.30000000000000004, 0.52]}, "complexity": {"596_fri_c2_250_5": [5, 5, 5, 5, 5]}, "tau": 0.5}}