{"SQR": {"losses": {"589_fri_c2_1000_25": [0.02176014703239657, 0.023074762986113453, 0.019366730989547942, 0.03641343006236765, 0.031560431473005995]}, "coverage": {"589_fri_c2_1000_25": [0.04500000000000004, 0.06000000000000005, 0.015000000000000013, 0.135, 0.0050000000000000044]}, "complexity": {"589_fri_c2_1000_25": [10, 16, 12, 7, 7]}, "time_all": {"589_fri_c2_1000_25": [1007.8416001796722, 967.6400451660156, 956.1861720085144, 902.782529592514, 938.514185667038]}, "time_fit": {"589_fri_c2_1000_25": [1007.8416001796722, 967.6400451660156, 956.1861720085144, 902.782529592514, 938.514185667038]}, "sizes": {"589_fri_c2_1000_25": []}, "tau": 0.5}, "LightGBM": {"losses": {"589_fri_c2_1000_25": [0.03403706846105951, 0.03155312213521432, 0.028430621469123393, 0.03091308887123952, 0.03379031172593783]}, "coverage": {"589_fri_c2_1000_25": [0.020000000000000018, 0.030000000000000027, 0.0, 0.06, 0.025000000000000022]}, "time_all": {"589_fri_c2_1000_25": [0.4025564193725586, 0.3862419128417969, 0.3837423324584961, 0.40001368522644043, 0.38216209411621094]}, "time_fit": {"589_fri_c2_1000_25": [0.0749363899230957, 0.07320213317871094, 0.07044506072998047, 0.07230329513549805, 0.07290220260620117]}, "sizes": {"589_fri_c2_1000_25": []}, "tau": 0.5}, "DecisionTree": {"losses": {"589_fri_c2_1000_25": [0.03510579669369942, 0.036239015225558245, 0.03507332307974869, 0.03332446454524936, 0.03573286581476329]}, "coverage": {"589_fri_c2_1000_25": [0.025000000000000022, 0.050000000000000044, 0.010000000000000009, 0.015000000000000013, 0.020000000000000018]}, "complexity": {"589_fri_c2_1000_25": [323, 133, 65, 319, 131]}, "time_all": {"589_fri_c2_1000_25": [0.31179213523864746, 0.15648913383483887, 0.15289092063903809, 0.16246795654296875, 0.16339516639709473]}, "time_fit": {"589_fri_c2_1000_25": [0.048850059509277344, 0.017367839813232422, 0.013167619705200195, 0.02589559555053711, 0.017696619033813477]}, "sizes": {"589_fri_c2_1000_25": []}, "tau": 0.5}, "LinearQuantile": {"losses": {"589_fri_c2_1000_25": [0.07306258415081758, 0.07170810149993409, 0.07106516710302706, 0.06932128580247804, 0.07389518394433205]}, "coverage": {"589_fri_c2_1000_25": [0.025000000000000022, 0.044999999999999984, 0.025000000000000022, 0.0, 0.0050000000000000044]}, "complexity": {"589_fri_c2_1000_25": [25, 25, 25, 25, 25]}, "time_all": {"589_fri_c2_1000_25": [1.0649781227111816, 0.6568863391876221, 1.9585919380187988, 1.9899470806121826, 2.112739086151123]}, "time_fit": {"589_fri_c2_1000_25": [0.08921551704406738, 0.05931258201599121, 0.17782163619995117, 0.1796116828918457, 0.13974976539611816]}, "sizes": {"589_fri_c2_1000_25": []}, "tau": 0.5}}