{"SQR": {"losses": {"1027_ESL": [0.039540816326530615, 0.03826530612244898, 0.03762755102040816, 0.03414948453608247, 0.03350515463917526]}, "coverage": {"1027_ESL": [0.34693877551020413, 0.23469387755102045, 0.33673469387755106, 0.28350515463917525, 0.31443298969072164]}, "complexity": {"1027_ESL": [8, 9, 8, 10, 8]}, "time_all": {"1027_ESL": [409.3933517932892, 420.67897272109985, 416.4611201286316, 430.3666832447052, 409.95831394195557]}, "time_fit": {"1027_ESL": [409.3933517932892, 420.67897272109985, 416.4611201286316, 430.3666832447052, 409.95831394195557]}, "sizes": {"1027_ESL": []}, "tau": 0.5}, "LightGBM": {"losses": {"1027_ESL": [0.037221778655055174, 0.04612120763347823, 0.04004744244386181, 0.03717932072349425, 0.03224375453826367]}, "coverage": {"1027_ESL": [0.061224489795918324, 0.04081632653061229, 0.05102040816326531, 0.03608247422680411, 0.07731958762886598]}, "time_all": {"1027_ESL": [0.14675426483154297, 0.21745586395263672, 0.18478846549987793, 0.18759918212890625, 0.15615200996398926]}, "time_fit": {"1027_ESL": [0.028792142868041992, 0.04317831993103027, 0.0346982479095459, 0.03971409797668457, 0.032462358474731445]}, "sizes": {"1027_ESL": []}, "tau": 0.5}, "DecisionTree": {"losses": {"1027_ESL": [0.029017857142857144, 0.03284438775510204, 0.03380102040816327, 0.031894329896907214, 0.025128865979381444]}, "coverage": {"1027_ESL": [0.2551020408163265, 0.26530612244897955, 0.29591836734693877, 0.31443298969072164, 0.25257731958762886]}, "complexity": {"1027_ESL": [129, 125, 127, 121, 133]}, "time_all": {"1027_ESL": [0.03453564643859863, 0.07106137275695801, 0.03499794006347656, 0.06777691841125488, 0.03539609909057617]}, "time_fit": {"1027_ESL": [0.005898475646972656, 0.011803388595581055, 0.0058748722076416016, 0.011296749114990234, 0.006066322326660156]}, "sizes": {"1027_ESL": []}, "tau": 0.5}, "LinearQuantile": {"losses": {"1027_ESL": [0.029336624601460335, 0.027931281449002844, 0.0312499096696521, 0.027090420914426233, 0.022943145710722503]}, "coverage": {"1027_ESL": [0.010204081632653073, 0.020408163265306145, 0.030612244897959162, 0.005154639175257714, 0.02577319587628868]}, "complexity": {"1027_ESL": [34, 34, 34, 34, 34]}, "time_all": {"1027_ESL": [0.6820147037506104, 4.547565460205078, 0.6853358745574951, 0.9698872566223145, 0.84661865234375]}, "time_fit": {"1027_ESL": [0.061646461486816406, 0.3516068458557129, 0.06165146827697754, 0.0870361328125, 0.07620620727539062]}, "sizes": {"1027_ESL": []}, "tau": 0.5}}