{"SQR": {"losses": {"215_2dplanes": [0.024822435670106186, 0.024720361542873742, 0.025488320281316788, 0.03333915621946637, 0.02478152025618461]}, "coverage": {"215_2dplanes": [0.0012263919548687885, 0.001349031150355673, 0.0009811135638950197, 0.008033852569606259, 0.0026370661106340787]}, "complexity": {"215_2dplanes": [18, 14, 14, 8, 17]}, "time_all": {"215_2dplanes": [104075.56429409981, 38411.48935389519, 27327.27926301956, 51441.255996227264, 89928.83432507515]}, "time_fit": {"215_2dplanes": [104075.56429409981, 38411.48935389519, 27327.27926301956, 51441.255996227264, 89928.83432507515]}, "sizes": {"215_2dplanes": []}, "tau": 0.5}, "LightGBM": {"losses": {"215_2dplanes": [0.018681479516494657, 0.01876955107037772, 0.018616362735250636, 0.01868439772809664, 0.01862273899997741]}, "coverage": {"215_2dplanes": [0.0017169487368162706, 0.004415011037527616, 0.002330144714250637, 6.132711885198372e-05, 0.005335459340120252]}, "time_all": {"215_2dplanes": [1072.0687069892883, 17.429793119430542, 7.634175062179565, 7.8243701457977295, 7.5476391315460205]}, "time_fit": {"215_2dplanes": [3.0891780853271484, 2.254807233810425, 0.4162471294403076, 0.9419729709625244, 0.452099084854126]}, "sizes": {"215_2dplanes": []}, "tau": 0.5}, "DecisionTree": {"losses": {"215_2dplanes": [0.01641729830984612, 0.01652263555345847, 0.016266543325806446, 0.016222356616128874, 0.016285455854526266]}, "coverage": {"215_2dplanes": [0.0008584743684081353, 0.0012263919548687885, 0.002207505518763808, 0.004476879676192813, 0.004354225438488846]}, "complexity": {"215_2dplanes": [1053, 1067, 981, 971, 997]}, "time_all": {"215_2dplanes": [1.733473777770996, 1.6164138317108154, 1.4629271030426025, 1.4245991706848145, 1.3767602443695068]}, "time_fit": {"215_2dplanes": [0.06982779502868652, 0.08369898796081543, 0.07575392723083496, 0.0735161304473877, 0.06818509101867676]}, "sizes": {"215_2dplanes": []}, "tau": 0.5}, "LinearQuantile": {"losses": {"215_2dplanes": [0.03853634640159849, 0.03868721782845185, 0.03859010954345735, 0.038337655257676954, 0.03894882284713549]}, "coverage": {"215_2dplanes": [0.0, 0.002207505518763808, 0.0020848663232768683, 0.005826076290935844, 0.003863608487673198]}, "complexity": {"215_2dplanes": [29, 29, 29, 29, 29]}, "time_all": {"215_2dplanes": [33.29287004470825, 15.970376968383789, 12.094274044036865, 26.376381874084473, 5.6176228523254395]}, "time_fit": {"215_2dplanes": [3.0791208744049072, 1.4156081676483154, 1.1690659523010254, 2.4102511405944824, 0.4017038345336914]}, "sizes": {"215_2dplanes": []}, "tau": 0.5}}