{"SQR": {"losses": {"589_fri_c2_1000_25": [0.00975638116942561, 0.010387756317301792, 0.01130114552667671, 0.0089492928065701, 0.009180477254208758]}, "coverage": {"589_fri_c2_1000_25": [0.0050000000000000044, 0.015000000000000013, 0.010000000000000009, 0.04500000000000004, 0.010000000000000009]}, "complexity": {"589_fri_c2_1000_25": [13, 12, 11, 13, 11]}, "time_all": {"589_fri_c2_1000_25": [1096.1409227848053, 1042.7408187389374, 1056.19118475914, 1046.468178987503, 1050.8036541938782]}, "time_fit": {"589_fri_c2_1000_25": [1096.1409227848053, 1042.7408187389374, 1056.19118475914, 1046.468178987503, 1050.8036541938782]}, "sizes": {"589_fri_c2_1000_25": []}, "tau": 0.9}, "LightGBM": {"losses": {"589_fri_c2_1000_25": [0.021614302472091968, 0.018590446528773834, 0.020357689672010532, 0.018997362740387703, 0.020590863576742176]}, "coverage": {"589_fri_c2_1000_25": [0.030000000000000027, 0.015000000000000013, 0.030000000000000027, 0.030000000000000027, 0.010000000000000009]}, "time_all": {"589_fri_c2_1000_25": [0.36516451835632324, 0.3267834186553955, 0.3110952377319336, 0.2951955795288086, 0.3149564266204834]}, "time_fit": {"589_fri_c2_1000_25": [0.06621170043945312, 0.06541013717651367, 0.05571579933166504, 0.0616302490234375, 0.05783987045288086]}, "sizes": {"589_fri_c2_1000_25": []}, "tau": 0.9}, "DecisionTree": {"losses": {"589_fri_c2_1000_25": [0.01891524078723031, 0.015926903523899257, 0.015871924149779674, 0.016604760823258083, 0.01964419155045191]}, "coverage": {"589_fri_c2_1000_25": [0.08999999999999997, 0.025000000000000022, 0.04500000000000004, 0.07000000000000006, 0.08500000000000008]}, "complexity": {"589_fri_c2_1000_25": [63, 61, 65, 61, 59]}, "time_all": {"589_fri_c2_1000_25": [0.2900211811065674, 0.15193891525268555, 0.1536087989807129, 0.14922213554382324, 0.15938448905944824]}, "time_fit": {"589_fri_c2_1000_25": [0.023833036422729492, 0.012773990631103516, 0.013141870498657227, 0.012674093246459961, 0.013130664825439453]}, "sizes": {"589_fri_c2_1000_25": []}, "tau": 0.9}, "LinearQuantile": {"losses": {"589_fri_c2_1000_25": [0.0722276185669744, 0.07128083008541533, 0.07485029675040213, 0.07106640508844184, 0.07838347530774674]}, "coverage": {"589_fri_c2_1000_25": [0.435, 0.455, 0.42500000000000004, 0.405, 0.41500000000000004]}, "complexity": {"589_fri_c2_1000_25": [25, 25, 25, 25, 25]}, "time_all": {"589_fri_c2_1000_25": [1.242217779159546, 0.5222864151000977, 0.8566715717315674, 0.3882143497467041, 2.4135637283325195]}, "time_fit": {"589_fri_c2_1000_25": [0.09145236015319824, 0.04720759391784668, 0.08672237396240234, 0.03459453582763672, 0.21742987632751465]}, "sizes": {"589_fri_c2_1000_25": []}, "tau": 0.9}}