{"SQR": {"losses": {"557_analcatdata_apnea1": [0.008067937776245777, 0.013427603338535416, 0.013006134748062576, 0.004492148279416446, 0.012542083133895396]}, "coverage": {"557_analcatdata_apnea1": [0.32105263157894737, 0.2789473684210526, 0.3526315789473684, 0.24736842105263157, 0.30000000000000004]}, "complexity": {"557_analcatdata_apnea1": [5, 3, 3, 6, 3]}, "tau": 0.5}, "LightGBM": {"losses": {"557_analcatdata_apnea1": [0.03601549300475944, 0.030657406232340884, 0.02367326400741235, 0.023206660985443987, 0.021555690176587552]}, "coverage": {"557_analcatdata_apnea1": [0.30000000000000004, 0.24736842105263157, 0.3421052631578948, 0.16315789473684217, 0.2789473684210526]}, "tau": 0.5}, "DecisionTree": {"losses": {"557_analcatdata_apnea1": [0.005575705898984593, 0.008845538193014365, 0.007012037517337187, 0.003752646495049858, 0.008930871656956359]}, "coverage": {"557_analcatdata_apnea1": [0.22631578947368425, 0.17368421052631577, 0.268421052631579, 0.15263157894736845, 0.22631578947368425]}, "complexity": {"557_analcatdata_apnea1": [129, 53, 121, 53, 61]}, "tau": 0.5}, "LinearQuantile": {"losses": {"557_analcatdata_apnea1": [0.04196423236623805, 0.034962530069790526, 0.029362548115937307, 0.026808466401432102, 0.023980466563369517]}, "coverage": {"557_analcatdata_apnea1": [0.4368421052631579, 0.5, 0.41578947368421054, 0.32105263157894737, 0.4473684210526316]}, "complexity": {"557_analcatdata_apnea1": [11, 11, 11, 11, 11]}, "tau": 0.5}}