{"SQR": {"losses": {"620_fri_c1_1000_25": [0.029161263362192127, 0.03315083959569371, 0.011399350275406986, 0.02634440927298544, 0.011610483692874781]}, "coverage": {"620_fri_c1_1000_25": [0.034999999999999976, 0.0, 0.010000000000000009, 0.034999999999999976, 0.015000000000000013]}, "complexity": {"620_fri_c1_1000_25": [11, 10, 16, 12, 15]}, "time_all": {"620_fri_c1_1000_25": [962.3649017810822, 908.3884871006012, 970.1390240192413, 969.2127676010132, 952.9224789142609]}, "time_fit": {"620_fri_c1_1000_25": [962.3649017810822, 908.3884871006012, 970.1390240192413, 969.2127676010132, 952.9224789142609]}, "sizes": {"620_fri_c1_1000_25": []}, "tau": 0.5}, "LightGBM": {"losses": {"620_fri_c1_1000_25": [0.03207007636514041, 0.03612779304907345, 0.0322484761682763, 0.027400719821977976, 0.03288213865282865]}, "coverage": {"620_fri_c1_1000_25": [0.025000000000000022, 0.06499999999999995, 0.020000000000000018, 0.010000000000000009, 0.010000000000000009]}, "time_all": {"620_fri_c1_1000_25": [0.4131505489349365, 0.3827331066131592, 0.36759161949157715, 0.38822293281555176, 0.43601441383361816]}, "time_fit": {"620_fri_c1_1000_25": [0.07190537452697754, 0.06726336479187012, 0.07000923156738281, 0.06743407249450684, 0.0742034912109375]}, "sizes": {"620_fri_c1_1000_25": []}, "tau": 0.5}, "DecisionTree": {"losses": {"620_fri_c1_1000_25": [0.0318616259131207, 0.03720723867630966, 0.03893365651322837, 0.03704395969957264, 0.035777486399824074]}, "coverage": {"620_fri_c1_1000_25": [0.06, 0.04500000000000004, 0.0, 0.030000000000000027, 0.015000000000000013]}, "complexity": {"620_fri_c1_1000_25": [135, 41, 135, 139, 61]}, "time_all": {"620_fri_c1_1000_25": [0.2969954013824463, 0.15120625495910645, 0.15638518333435059, 0.1570727825164795, 0.2915520668029785]}, "time_fit": {"620_fri_c1_1000_25": [0.03224968910217285, 0.010809898376464844, 0.01729583740234375, 0.01744818687438965, 0.023218393325805664]}, "sizes": {"620_fri_c1_1000_25": []}, "tau": 0.5}, "LinearQuantile": {"losses": {"620_fri_c1_1000_25": [0.06883512118882189, 0.0714323807088211, 0.06947665858010577, 0.06761916743187552, 0.07081987117059614]}, "coverage": {"620_fri_c1_1000_25": [0.015000000000000013, 0.020000000000000018, 0.015000000000000013, 0.030000000000000027, 0.03999999999999998]}, "complexity": {"620_fri_c1_1000_25": [25, 25, 25, 25, 25]}, "time_all": {"620_fri_c1_1000_25": [2.18080735206604, 0.4341731071472168, 0.3749356269836426, 1.20046067237854, 1.9657559394836426]}, "time_fit": {"620_fri_c1_1000_25": [0.13433313369750977, 0.039305686950683594, 0.033743858337402344, 0.10870528221130371, 0.11663985252380371]}, "sizes": {"620_fri_c1_1000_25": []}, "tau": 0.5}}