{"SQR": {"losses": {"603_fri_c0_250_50": [0.008168294117280381, 0.008292923289348834, 0.007230597415486645, 0.011915152356135236, 0.011091171367000312]}, "coverage": {"603_fri_c0_250_50": [0.06000000000000005, 0.020000000000000018, 0.020000000000000018, 0.08000000000000007, 0.020000000000000018]}, "complexity": {"603_fri_c0_250_50": [13, 15, 12, 9, 8]}, "time_all": {"603_fri_c0_250_50": [384.25577044487, 368.75662779808044, 372.32410073280334, 355.9021806716919, 355.52929615974426]}, "time_fit": {"603_fri_c0_250_50": [384.25577044487, 368.75662779808044, 372.32410073280334, 355.9021806716919, 355.52929615974426]}, "sizes": {"603_fri_c0_250_50": []}, "tau": 0.9}, "LightGBM": {"losses": {"603_fri_c0_250_50": [0.02123737121632131, 0.02778322005256228, 0.0234265286452028, 0.02452398551035449, 0.026002430025868238]}, "coverage": {"603_fri_c0_250_50": [0.039999999999999925, 0.08000000000000007, 0.040000000000000036, 0.06000000000000005, 0.0]}, "time_all": {"603_fri_c0_250_50": [0.18909215927124023, 0.12956500053405762, 0.11835837364196777, 0.11592388153076172, 0.10709977149963379]}, "time_fit": {"603_fri_c0_250_50": [0.03399944305419922, 0.024798870086669922, 0.028423309326171875, 0.027827739715576172, 0.020488739013671875]}, "sizes": {"603_fri_c0_250_50": []}, "tau": 0.9}, "DecisionTree": {"losses": {"603_fri_c0_250_50": [0.0217778312224005, 0.0262273081823163, 0.022809598849513547, 0.022503197270323533, 0.029647389623554284]}, "coverage": {"603_fri_c0_250_50": [0.020000000000000018, 0.020000000000000018, 0.020000000000000018, 0.020000000000000018, 0.09999999999999998]}, "complexity": {"603_fri_c0_250_50": [5, 5, 9, 9, 35]}, "time_all": {"603_fri_c0_250_50": [0.08656167984008789, 0.045560359954833984, 0.046561241149902344, 0.04627418518066406, 0.04981827735900879]}, "time_fit": {"603_fri_c0_250_50": [0.0044097900390625, 0.002208709716796875, 0.002965211868286133, 0.0029382705688476562, 0.0055005550384521484]}, "sizes": {"603_fri_c0_250_50": []}, "tau": 0.9}, "LinearQuantile": {"losses": {"603_fri_c0_250_50": [0.050597401289103776, 0.06146015232119362, 0.056053230626981705, 0.04544215096391465, 0.05260243100532019]}, "coverage": {"603_fri_c0_250_50": [0.5, 0.52, 0.5, 0.38, 0.42000000000000004]}, "complexity": {"603_fri_c0_250_50": [50, 50, 50, 50, 50]}, "time_all": {"603_fri_c0_250_50": [2.192401647567749, 2.9314963817596436, 48.37999749183655, 141.3909990787506, 31.057446002960205]}, "time_fit": {"603_fri_c0_250_50": [0.13771367073059082, 0.2554292678833008, 0.5040531158447266, 0.9359908103942871, 1.187910556793213]}, "sizes": {"603_fri_c0_250_50": []}, "tau": 0.9}}