{"SQR": {"losses": {"581_fri_c3_500_25": [0.010571898622110335, 0.006089280664924256, 0.011384403224632716, 0.006794171698749184, 0.009497034823039678]}, "coverage": {"581_fri_c3_500_25": [0.020000000000000018, 0.030000000000000027, 0.020000000000000018, 0.0, 0.04999999999999993]}, "complexity": {"581_fri_c3_500_25": [8, 13, 10, 14, 12]}, "tau": 0.9}, "LightGBM": {"losses": {"581_fri_c3_500_25": [0.021079626239548496, 0.02218639160929171, 0.016628968085244698, 0.01843827981451382, 0.020015172909007364]}, "coverage": {"581_fri_c3_500_25": [0.06000000000000005, 0.050000000000000044, 0.0, 0.030000000000000027, 0.0]}, "tau": 0.9}, "DecisionTree": {"losses": {"581_fri_c3_500_25": [0.020219340019663662, 0.01832554410715176, 0.017357513792978018, 0.020802590814454427, 0.016707498898470986]}, "coverage": {"581_fri_c3_500_25": [0.16000000000000003, 0.10999999999999999, 0.020000000000000018, 0.12, 0.15000000000000002]}, "complexity": {"581_fri_c3_500_25": [65, 69, 17, 65, 69]}, "tau": 0.9}, "LinearQuantile": {"losses": {"581_fri_c3_500_25": [0.07501051665189667, 0.0750500884837195, 0.06791697841048804, 0.06948361181703587, 0.06016071996199198]}, "coverage": {"581_fri_c3_500_25": [0.46, 0.52, 0.49000000000000005, 0.45, 0.39]}, "complexity": {"581_fri_c3_500_25": [25, 25, 25, 25, 25]}, "tau": 0.9}}