{"SQR": {"losses": {"595_fri_c0_1000_10": [0.01976722541659153, 0.024463403542990602, 0.01595079565764827, 0.016756590806916445, 0.0157378481051459]}, "coverage": {"595_fri_c0_1000_10": [0.020000000000000018, 0.015000000000000013, 0.010000000000000009, 0.050000000000000044, 0.015000000000000013]}, "complexity": {"595_fri_c0_1000_10": [13, 11, 18, 15, 13]}, "time_all": {"595_fri_c0_1000_10": [688.5157027244568, 623.5502319335938, 729.1980884075165, 658.8338627815247, 700.5518033504486]}, "time_fit": {"595_fri_c0_1000_10": [688.5157027244568, 623.5502319335938, 729.1980884075165, 658.8338627815247, 700.5518033504486]}, "sizes": {"595_fri_c0_1000_10": []}, "tau": 0.5}, "LightGBM": {"losses": {"595_fri_c0_1000_10": [0.03344893105309172, 0.03259873909630168, 0.033654807565606355, 0.0360638798525137, 0.03631136545732584]}, "coverage": {"595_fri_c0_1000_10": [0.044999999999999984, 0.025000000000000022, 0.025000000000000022, 0.06000000000000005, 0.0]}, "time_all": {"595_fri_c0_1000_10": [0.4069488048553467, 0.342257022857666, 0.39505743980407715, 0.36916065216064453, 0.3424952030181885]}, "time_fit": {"595_fri_c0_1000_10": [0.0724937915802002, 0.06598734855651855, 0.07331180572509766, 0.06710267066955566, 0.06654238700866699]}, "sizes": {"595_fri_c0_1000_10": []}, "tau": 0.5}, "DecisionTree": {"losses": {"595_fri_c0_1000_10": [0.03768333681726102, 0.04048762595495749, 0.040064614051770794, 0.04181091176712303, 0.04228948830300274]}, "coverage": {"595_fri_c0_1000_10": [0.025000000000000022, 0.030000000000000027, 0.0050000000000000044, 0.015000000000000013, 0.030000000000000027]}, "complexity": {"595_fri_c0_1000_10": [37, 139, 59, 135, 135]}, "time_all": {"595_fri_c0_1000_10": [0.13988590240478516, 0.09223532676696777, 0.1709442138671875, 0.09296035766601562, 0.0940699577331543]}, "time_fit": {"595_fri_c0_1000_10": [0.00843501091003418, 0.01054239273071289, 0.013176441192626953, 0.010404348373413086, 0.010652542114257812]}, "sizes": {"595_fri_c0_1000_10": []}, "tau": 0.5}, "LinearQuantile": {"losses": {"595_fri_c0_1000_10": [0.03436873598708859, 0.03687904373529114, 0.03939720892974144, 0.03871627739544081, 0.03991576161468567]}, "coverage": {"595_fri_c0_1000_10": [0.08000000000000002, 0.020000000000000018, 0.030000000000000027, 0.06999999999999995, 0.030000000000000027]}, "complexity": {"595_fri_c0_1000_10": [10, 10, 10, 10, 10]}, "time_all": {"595_fri_c0_1000_10": [0.45391201972961426, 0.22983312606811523, 0.25226616859436035, 0.1080176830291748, 0.3128325939178467]}, "time_fit": {"595_fri_c0_1000_10": [0.03502178192138672, 0.020632266998291016, 0.022225379943847656, 0.009470224380493164, 0.0280911922454834]}, "sizes": {"595_fri_c0_1000_10": []}, "tau": 0.5}}