{"SQR": {"losses": {"505_tecator": [0.0028284152871776973, 0.00308533647643802, 0.0028327542500641775, 0.003373453778186507, 0.0019947143418308512]}, "coverage": {"505_tecator": [0.04583333333333339, 0.016666666666666607, 0.04583333333333339, 0.04583333333333339, 0.05833333333333335]}, "complexity": {"505_tecator": [5, 5, 5, 17, 5]}, "tau": 0.9}, "LightGBM": {"losses": {"505_tecator": [0.026274070600867526, 0.023500298015549925, 0.02202255867177393, 0.027056189165898414, 0.027988965068823025]}, "coverage": {"505_tecator": [0.05833333333333335, 0.004166666666666652, 0.05833333333333335, 0.004166666666666652, 0.07916666666666661]}, "tau": 0.9}, "DecisionTree": {"losses": {"505_tecator": [0.005736039923199333, 0.0049005359925603405, 0.010092231520171973, 0.007222583432520745, 0.006054324643870888]}, "coverage": {"505_tecator": [0.025000000000000022, 0.016666666666666607, 0.1708333333333334, 0.10833333333333339, 0.04583333333333339]}, "complexity": {"505_tecator": [35, 33, 73, 35, 33]}, "tau": 0.9}, "LinearQuantile": {"losses": {"505_tecator": [0.003121103727164935, 0.002320295401687702, 0.004981988924921542, 0.003764145026796433, 0.001343279609035193]}, "coverage": {"505_tecator": [0.275, 0.08750000000000002, 0.15000000000000002, 0.21250000000000002, 0.025000000000000022]}, "complexity": {"505_tecator": [124, 124, 124, 124, 124]}, "tau": 0.9}}