{"SQR": {"losses": {"645_fri_c3_500_50": [0.005147467059575882, 0.0045051176196820265, 0.0057591996258209415, 0.006929634748555515, 0.005228665701290678]}, "coverage": {"645_fri_c3_500_50": [0.039999999999999925, 0.010000000000000009, 0.010000000000000009, 0.07000000000000006, 0.0]}, "complexity": {"645_fri_c3_500_50": [16, 15, 13, 15, 16]}, "time_all": {"645_fri_c3_500_50": [532.1034564971924, 532.7303049564362, 542.7485716342926, 521.5343196392059, 520.7918286323547]}, "time_fit": {"645_fri_c3_500_50": [532.1034564971924, 532.7303049564362, 542.7485716342926, 521.5343196392059, 520.7918286323547]}, "sizes": {"645_fri_c3_500_50": []}, "tau": 0.9}, "LightGBM": {"losses": {"645_fri_c3_500_50": [0.01399546893399872, 0.016869308719064554, 0.016910903538118253, 0.015601597620558239, 0.019629102403702043]}, "coverage": {"645_fri_c3_500_50": [0.030000000000000027, 0.06000000000000005, 0.020000000000000018, 0.030000000000000027, 0.010000000000000009]}, "time_all": {"645_fri_c3_500_50": [0.24875569343566895, 0.1988697052001953, 0.20909833908081055, 0.19792509078979492, 0.17609953880310059]}, "time_fit": {"645_fri_c3_500_50": [0.045256614685058594, 0.04137539863586426, 0.04625558853149414, 0.03996396064758301, 0.03923225402832031]}, "sizes": {"645_fri_c3_500_50": []}, "tau": 0.9}, "DecisionTree": {"losses": {"645_fri_c3_500_50": [0.015465215664977713, 0.016464401634290138, 0.014832938714041647, 0.017767476937809182, 0.01432812718925216]}, "coverage": {"645_fri_c3_500_50": [0.10999999999999999, 0.20000000000000007, 0.09999999999999998, 0.020000000000000018, 0.010000000000000009]}, "complexity": {"645_fri_c3_500_50": [67, 67, 31, 15, 29]}, "time_all": {"645_fri_c3_500_50": [0.22721505165100098, 0.11641502380371094, 0.11367988586425781, 0.11356234550476074, 0.11397433280944824]}, "time_fit": {"645_fri_c3_500_50": [0.02671337127685547, 0.013810873031616211, 0.010752201080322266, 0.006728172302246094, 0.009887218475341797]}, "sizes": {"645_fri_c3_500_50": []}, "tau": 0.9}, "LinearQuantile": {"losses": {"645_fri_c3_500_50": [0.06481180052456921, 0.06809116278824803, 0.07138477155943992, 0.049393631772344335, 0.05393633195459643]}, "coverage": {"645_fri_c3_500_50": [0.49000000000000005, 0.52, 0.54, 0.47000000000000003, 0.4]}, "complexity": {"645_fri_c3_500_50": [50, 50, 50, 50, 50]}, "time_all": {"645_fri_c3_500_50": [8.480417251586914, 13.599421739578247, 11.833066940307617, 9.198580980300903, 8.631255149841309]}, "time_fit": {"645_fri_c3_500_50": [0.7232265472412109, 1.0482735633850098, 0.9666836261749268, 0.606863260269165, 0.8028483390808105]}, "sizes": {"645_fri_c3_500_50": []}, "tau": 0.9}}