{"SQR": {"losses": {"banana": [0.08967437477880016, 0.07975532094137519, 0.08348554764896958, 0.08570363133937288, 0.09036995642864687]}, "coverage": {"banana": [0.34716981132075475, 0.34905660377358494, 0.3311320754716981, 0.35377358490566035, 0.36037735849056607]}, "complexity": {"banana": [8, 9, 8, 8, 8]}, "tau": 0.5}, "LightGBM": {"losses": {"banana": [0.12627780294375485, 0.12548645111698156, 0.11690056653056731, 0.12864185019197633, 0.12828453104162574]}, "coverage": {"banana": [0.34716981132075475, 0.34905660377358494, 0.3311320754716981, 0.35377358490566035, 0.36037735849056607]}, "tau": 0.5}, "DecisionTree": {"losses": {"banana": [0.06169811320754717, 0.05712264150943396, 0.0675, 0.0684433962264151, 0.051698113207547164]}, "coverage": {"banana": [0.036792452830188616, 0.04056603773584899, 0.027358490566037674, 0.027358490566037674, 0.04622641509433956]}, "complexity": {"banana": [121, 181, 191, 177, 317]}, "tau": 0.5}, "LinearQuantile": {"losses": {"banana": [0.40245284948537835, 0.404150959269264, 0.3880188892068683, 0.4083962444817909, 0.4143396443494396]}, "coverage": {"banana": [0.6216981132075472, 0.6226415094339623, 0.6037735849056605, 0.6433962264150943, 0.649056603773585]}, "complexity": {"banana": [2, 2, 2, 2, 2]}, "tau": 0.5}}