{"SQR": {"losses": {"582_fri_c1_500_25": [0.024582862099358324, 0.031097287662023403, 0.0227575243094546, 0.02936591498839885, 0.03404548063460381]}, "coverage": {"582_fri_c1_500_25": [0.10999999999999999, 0.010000000000000009, 0.14, 0.07, 0.08000000000000002]}, "complexity": {"582_fri_c1_500_25": [10, 12, 14, 12, 8]}, "time_all": {"582_fri_c1_500_25": [604.1014099121094, 590.7299811840057, 585.0602769851685, 579.2752861976624, 587.3884916305542]}, "time_fit": {"582_fri_c1_500_25": [604.1014099121094, 590.7299811840057, 585.0602769851685, 579.2752861976624, 587.3884916305542]}, "sizes": {"582_fri_c1_500_25": []}, "tau": 0.5}, "LightGBM": {"losses": {"582_fri_c1_500_25": [0.038370598762373774, 0.038863249394643966, 0.04131010111996539, 0.04353569540675095, 0.03515617640644032]}, "coverage": {"582_fri_c1_500_25": [0.09999999999999998, 0.020000000000000018, 0.030000000000000027, 0.030000000000000027, 0.030000000000000027]}, "time_all": {"582_fri_c1_500_25": [0.2215719223022461, 0.24917840957641602, 0.22487807273864746, 0.2635776996612549, 0.25331735610961914]}, "time_fit": {"582_fri_c1_500_25": [0.053597450256347656, 0.053869009017944336, 0.052774667739868164, 0.056643009185791016, 0.0575408935546875]}, "sizes": {"582_fri_c1_500_25": []}, "tau": 0.5}, "DecisionTree": {"losses": {"582_fri_c1_500_25": [0.04481702270712513, 0.039689164585580305, 0.04447461454068386, 0.043301610346803604, 0.042575513350506355]}, "coverage": {"582_fri_c1_500_25": [0.03999999999999998, 0.06000000000000005, 0.08999999999999997, 0.020000000000000018, 0.07]}, "complexity": {"582_fri_c1_500_25": [157, 171, 73, 161, 33]}, "time_all": {"582_fri_c1_500_25": [0.07438302040100098, 0.07506561279296875, 0.07076215744018555, 0.142411470413208, 0.13820219039916992]}, "time_fit": {"582_fri_c1_500_25": [0.01194906234741211, 0.012485504150390625, 0.007918119430541992, 0.023190736770629883, 0.011505126953125]}, "sizes": {"582_fri_c1_500_25": []}, "tau": 0.5}, "LinearQuantile": {"losses": {"582_fri_c1_500_25": [0.07541309060151163, 0.0810528214098457, 0.07606990121707302, 0.08420298111606904, 0.06867377156472064]}, "coverage": {"582_fri_c1_500_25": [0.020000000000000018, 0.0, 0.010000000000000009, 0.030000000000000027, 0.050000000000000044]}, "complexity": {"582_fri_c1_500_25": [25, 25, 25, 25, 25]}, "time_all": {"582_fri_c1_500_25": [1.516077995300293, 3.5390303134918213, 1.296870231628418, 1.5291085243225098, 0.4810030460357666]}, "time_fit": {"582_fri_c1_500_25": [0.13730525970458984, 0.2401437759399414, 0.1266193389892578, 0.11663103103637695, 0.04219818115234375]}, "sizes": {"582_fri_c1_500_25": []}, "tau": 0.5}}