{"SQR": {"losses": {"banana": [0.04507646397055691, 0.036752156164116104, 0.049209514855825226, 0.03293547054504003, 0.049350042311042]}, "coverage": {"banana": [0.34716981132075475, 0.34905660377358494, 0.3311320754716981, 0.35377358490566035, 0.36037735849056607]}, "complexity": {"banana": [12, 11, 5, 11, 8]}, "tau": 0.9}, "LightGBM": {"losses": {"banana": [0.05528301886792451, 0.05509433962264149, 0.056886792452830175, 0.05462264150943395, 0.053962264150943386]}, "coverage": {"banana": [0.09999999999999998, 0.09999999999999998, 0.09999999999999998, 0.09999999999999998, 0.09999999999999998]}, "tau": 0.9}, "DecisionTree": {"losses": {"banana": [0.027132075471698106, 0.026349056603773582, 0.028735849056603775, 0.026433962264150936, 0.031037735849056603]}, "coverage": {"banana": [0.08396226415094332, 0.08867924528301885, 0.09056603773584904, 0.09245283018867922, 0.08207547169811313]}, "complexity": {"banana": [189, 181, 141, 99, 123]}, "tau": 0.9}, "LinearQuantile": {"losses": {"banana": [0.4024528658053571, 0.40415096940836914, 0.388018909162921, 0.4083962566669367, 0.4143396671611299]}, "coverage": {"banana": [0.6330188679245283, 0.6330188679245283, 0.6018867924528302, 0.6528301886792454, 0.6556603773584906]}, "complexity": {"banana": [2, 2, 2, 2, 2]}, "tau": 0.9}}