{"SQR": {"losses": {"505_tecator": [0.005866785001198909, 0.005079459093201854, 0.005986608244214631, 0.004386583732773183, 0.004491409432419776]}, "coverage": {"505_tecator": [0.5041666666666667, 0.3583333333333334, 0.4, 0.4416666666666667, 0.2958333333333334]}, "complexity": {"505_tecator": [13, 13, 12, 13, 10]}, "tau": 0.5}, "LightGBM": {"losses": {"505_tecator": [0.02602421585963754, 0.020578646428913407, 0.022262345128662604, 0.05413496274932344, 0.01030136919175874]}, "coverage": {"505_tecator": [0.4, 0.48333333333333334, 0.4416666666666667, 0.4, 0.3583333333333334]}, "tau": 0.5}, "DecisionTree": {"losses": {"505_tecator": [0.011318359870728508, 0.009385127481931287, 0.014762010203634972, 0.01309823668968282, 0.008991608659774778]}, "coverage": {"505_tecator": [0.37916666666666665, 0.3375, 0.3583333333333334, 0.48333333333333334, 0.19166666666666665]}, "complexity": {"505_tecator": [75, 75, 73, 77, 33]}, "tau": 0.5}, "LinearQuantile": {"losses": {"505_tecator": [0.005638921421297805, 0.0029760502169150754, 0.005546767487462003, 0.006584308587229934, 0.0032705304025790736]}, "coverage": {"505_tecator": [0.525, 0.25416666666666665, 0.42083333333333334, 0.4, 0.3583333333333334]}, "complexity": {"505_tecator": [124, 124, 124, 124, 124]}, "tau": 0.5}}