{"SQR": {"losses": {"606_fri_c2_1000_10": [0.028326214749390864, 0.01597998368919072, 0.019433117630584928, 0.02383992112334507, 0.021300383525252042]}, "coverage": {"606_fri_c2_1000_10": [0.015000000000000013, 0.0050000000000000044, 0.03500000000000003, 0.10499999999999998, 0.044999999999999984]}, "complexity": {"606_fri_c2_1000_10": [13, 15, 13, 15, 13]}, "time_all": {"606_fri_c2_1000_10": [810.0531499385834, 844.7428102493286, 822.1009151935577, 797.012749671936, 805.8756642341614]}, "time_fit": {"606_fri_c2_1000_10": [810.0531499385834, 844.7428102493286, 822.1009151935577, 797.012749671936, 805.8756642341614]}, "sizes": {"606_fri_c2_1000_10": []}, "tau": 0.5}, "LightGBM": {"losses": {"606_fri_c2_1000_10": [0.034997387411728864, 0.031965223098556775, 0.03141062978823207, 0.03409122205544274, 0.02850127250419322]}, "coverage": {"606_fri_c2_1000_10": [0.025000000000000022, 0.04500000000000004, 0.044999999999999984, 0.015000000000000013, 0.020000000000000018]}, "time_all": {"606_fri_c2_1000_10": [0.34349560737609863, 0.35991525650024414, 0.38654470443725586, 0.3692452907562256, 0.3457913398742676]}, "time_fit": {"606_fri_c2_1000_10": [0.0680844783782959, 0.06746530532836914, 0.07578158378601074, 0.07821488380432129, 0.07095646858215332]}, "sizes": {"606_fri_c2_1000_10": []}, "tau": 0.5}, "DecisionTree": {"losses": {"606_fri_c2_1000_10": [0.03347963207311068, 0.035947605766132124, 0.0322058065377796, 0.0316505506622738, 0.0348939469852553]}, "coverage": {"606_fri_c2_1000_10": [0.0050000000000000044, 0.030000000000000027, 0.0050000000000000044, 0.020000000000000018, 0.010000000000000009]}, "complexity": {"606_fri_c2_1000_10": [139, 139, 325, 139, 325]}, "time_all": {"606_fri_c2_1000_10": [0.09601378440856934, 0.09408307075500488, 0.20172905921936035, 0.17891788482666016, 0.10473942756652832]}, "time_fit": {"606_fri_c2_1000_10": [0.01079249382019043, 0.010682106018066406, 0.0351259708404541, 0.020473957061767578, 0.0185239315032959]}, "sizes": {"606_fri_c2_1000_10": []}, "tau": 0.5}, "LinearQuantile": {"losses": {"606_fri_c2_1000_10": [0.07202543345482984, 0.07305458805911581, 0.06917710323008211, 0.0707490737563883, 0.0689257728619275]}, "coverage": {"606_fri_c2_1000_10": [0.010000000000000009, 0.0, 0.07, 0.0050000000000000044, 0.07]}, "complexity": {"606_fri_c2_1000_10": [10, 10, 10, 10, 10]}, "time_all": {"606_fri_c2_1000_10": [0.42136335372924805, 0.2646627426147461, 0.3099052906036377, 0.6228616237640381, 0.437122106552124]}, "time_fit": {"606_fri_c2_1000_10": [0.037903547286987305, 0.023812294006347656, 0.02744603157043457, 0.055918216705322266, 0.03941798210144043]}, "sizes": {"606_fri_c2_1000_10": []}, "tau": 0.5}}