{"SQR": {"losses": {"523_analcatdata_neavote": [0.018890305555555556, 0.012241920611111113, 0.01499986861111111, 0.01390342819659189, 0.029440776111111105]}, "coverage": {"523_analcatdata_neavote": [0.09999999999999998, 0.04999999999999993, 0.0, 0.09999999999999998, 0.0]}, "complexity": {"523_analcatdata_neavote": [3, 4, 3, 3, 3]}, "tau": 0.9}, "LightGBM": {"losses": {"523_analcatdata_neavote": [0.06888888888888887, 0.02999999999999999, 0.03888888888888888, 0.047222222222222214, 0.06166666666666666]}, "coverage": {"523_analcatdata_neavote": [0.09999999999999998, 0.09999999999999998, 0.09999999999999998, 0.09999999999999998, 0.09999999999999998]}, "tau": 0.9}, "DecisionTree": {"losses": {"523_analcatdata_neavote": [0.018888888888888886, 0.013388888888888882, 0.015000000000000001, 0.013555555555555552, 0.02944444444444444]}, "coverage": {"523_analcatdata_neavote": [0.09999999999999998, 0.04999999999999993, 0.0, 0.09999999999999998, 0.0]}, "complexity": {"523_analcatdata_neavote": [3, 3, 3, 5, 3]}, "tau": 0.9}, "LinearQuantile": {"losses": {"523_analcatdata_neavote": [0.02822222481336785, 0.014444425405547844, 0.015555557154309285, 0.013444441497553005, 0.029999998938523884]}, "coverage": {"523_analcatdata_neavote": [0.20000000000000007, 0.55, 0.55, 0.25, 0.25]}, "complexity": {"523_analcatdata_neavote": [6, 6, 6, 6, 6]}, "tau": 0.9}}