{"SQR": {"losses": {"titanic": [0.0683333333333333, 0.06857142857142856, 0.06357142857142856, 0.06619047619047617, 0.06181384248210022]}, "coverage": {"titanic": [0.09999999999999998, 0.0976190476190476, 0.09999999999999998, 0.09523809523809523, 0.09999999999999998]}, "complexity": {"titanic": [3, 3, 3, 3, 4]}, "tau": 0.9}, "LightGBM": {"losses": {"titanic": [0.07047619047619046, 0.06880952380952379, 0.06666666666666665, 0.06404761904761903, 0.06778042959427205]}, "coverage": {"titanic": [0.09999999999999998, 0.09999999999999998, 0.09999999999999998, 0.09999999999999998, 0.09999999999999998]}, "tau": 0.9}, "DecisionTree": {"losses": {"titanic": [0.07292857142857141, 0.060428571428571415, 0.06842857142857141, 0.0788095238095238, 0.07050119331742244]}, "coverage": {"titanic": [0.06428571428571428, 0.08333333333333326, 0.06904761904761902, 0.06428571428571428, 0.06420047732696899]}, "complexity": {"titanic": [77, 77, 117, 53, 113]}, "tau": 0.9}, "LinearQuantile": {"losses": {"titanic": [0.06666670890331652, 0.06761906742512895, 0.06261909657394356, 0.06785719796096912, 0.06300723810902417]}, "coverage": {"titanic": [0.0976190476190476, 0.09999999999999998, 0.1071428571428572, 0.15476190476190477, 0.1386634844868735]}, "complexity": {"titanic": [31, 31, 31, 31, 31]}, "tau": 0.9}}