{"SQR": {"losses": {"608_fri_c3_1000_10": [0.00760158249358461, 0.005917940278399722, 0.009068901444636356, 0.005390420967224654, 0.006777731980376165]}, "coverage": {"608_fri_c3_1000_10": [0.010000000000000009, 0.0050000000000000044, 0.010000000000000009, 0.0050000000000000044, 0.0]}, "complexity": {"608_fri_c3_1000_10": [9, 14, 11, 15, 14]}, "time_all": {"608_fri_c3_1000_10": [785.0225987434387, 743.97731757164, 773.6850161552429, 778.2128565311432, 757.9624011516571]}, "time_fit": {"608_fri_c3_1000_10": [785.0225987434387, 743.97731757164, 773.6850161552429, 778.2128565311432, 757.9624011516571]}, "sizes": {"608_fri_c3_1000_10": []}, "tau": 0.9}, "LightGBM": {"losses": {"608_fri_c3_1000_10": [0.013304287771521232, 0.015704824701940286, 0.015442867016512452, 0.016538136119286624, 0.011929213069320804]}, "coverage": {"608_fri_c3_1000_10": [0.015000000000000013, 0.030000000000000027, 0.03500000000000003, 0.0, 0.0050000000000000044]}, "time_all": {"608_fri_c3_1000_10": [0.3321225643157959, 0.2818284034729004, 0.2438652515411377, 0.2600116729736328, 0.256105899810791]}, "time_fit": {"608_fri_c3_1000_10": [0.06222724914550781, 0.055075883865356445, 0.048468828201293945, 0.0469660758972168, 0.04907846450805664]}, "sizes": {"608_fri_c3_1000_10": []}, "tau": 0.9}, "DecisionTree": {"losses": {"608_fri_c3_1000_10": [0.012057071065642008, 0.014566211998080277, 0.011481973426105043, 0.018518423333657674, 0.011833963200890652]}, "coverage": {"608_fri_c3_1000_10": [0.06000000000000005, 0.05500000000000005, 0.03500000000000003, 0.040000000000000036, 0.04500000000000004]}, "complexity": {"608_fri_c3_1000_10": [61, 67, 63, 37, 37]}, "time_all": {"608_fri_c3_1000_10": [0.17922306060791016, 0.1866745948791504, 0.0937645435333252, 0.08940792083740234, 0.09218025207519531]}, "time_fit": {"608_fri_c3_1000_10": [0.01364278793334961, 0.01428532600402832, 0.0073146820068359375, 0.005380392074584961, 0.005640745162963867]}, "sizes": {"608_fri_c3_1000_10": []}, "tau": 0.9}, "LinearQuantile": {"losses": {"608_fri_c3_1000_10": [0.056865362740850134, 0.05959510838517853, 0.05265956237343607, 0.054976413255088896, 0.05293263600194808]}, "coverage": {"608_fri_c3_1000_10": [0.47500000000000003, 0.445, 0.41500000000000004, 0.41500000000000004, 0.47000000000000003]}, "complexity": {"608_fri_c3_1000_10": [10, 10, 10, 10, 10]}, "time_all": {"608_fri_c3_1000_10": [1.9717247486114502, 0.3129081726074219, 0.32165956497192383, 0.27884864807128906, 0.6546649932861328]}, "time_fit": {"608_fri_c3_1000_10": [0.11506366729736328, 0.027751684188842773, 0.028953075408935547, 0.025076627731323242, 0.05916190147399902]}, "sizes": {"608_fri_c3_1000_10": []}, "tau": 0.9}}