{"SQR": {"losses": {"643_fri_c2_500_25": [0.022903225482233298, 0.017427555439950358, 0.022959020795853706, 0.028547580236071013, 0.022716293213197448]}, "coverage": {"643_fri_c2_500_25": [0.030000000000000027, 0.0, 0.010000000000000009, 0.040000000000000036, 0.06000000000000005]}, "complexity": {"643_fri_c2_500_25": [12, 13, 10, 10, 14]}, "time_all": {"643_fri_c2_500_25": [619.191020488739, 579.3645918369293, 637.8370704650879, 593.4453299045563, 624.4304888248444]}, "time_fit": {"643_fri_c2_500_25": [619.191020488739, 579.3645918369293, 637.8370704650879, 593.4453299045563, 624.4304888248444]}, "sizes": {"643_fri_c2_500_25": []}, "tau": 0.5}, "LightGBM": {"losses": {"643_fri_c2_500_25": [0.042323204310028735, 0.03578220100514233, 0.03933050042774449, 0.031376053697960433, 0.037567240903839345]}, "coverage": {"643_fri_c2_500_25": [0.010000000000000009, 0.06, 0.03999999999999998, 0.020000000000000018, 0.040000000000000036]}, "time_all": {"643_fri_c2_500_25": [0.2482302188873291, 0.21926164627075195, 0.24543356895446777, 0.22683429718017578, 0.2409219741821289]}, "time_fit": {"643_fri_c2_500_25": [0.05590701103210449, 0.0531764030456543, 0.05491924285888672, 0.05629706382751465, 0.05252385139465332]}, "sizes": {"643_fri_c2_500_25": []}, "tau": 0.5}, "DecisionTree": {"losses": {"643_fri_c2_500_25": [0.05005086207205634, 0.03894535712186831, 0.04601126533618424, 0.04013542714310859, 0.04158916356393609]}, "coverage": {"643_fri_c2_500_25": [0.06000000000000005, 0.040000000000000036, 0.04999999999999999, 0.050000000000000044, 0.040000000000000036]}, "complexity": {"643_fri_c2_500_25": [29, 63, 151, 69, 67]}, "time_all": {"643_fri_c2_500_25": [0.13399934768676758, 0.0698399543762207, 0.1426076889038086, 0.13765883445739746, 0.07147407531738281]}, "time_fit": {"643_fri_c2_500_25": [0.010449647903442383, 0.007520198822021484, 0.02274036407470703, 0.01604604721069336, 0.007976055145263672]}, "sizes": {"643_fri_c2_500_25": []}, "tau": 0.5}, "LinearQuantile": {"losses": {"643_fri_c2_500_25": [0.08497979142918395, 0.08429560561287179, 0.08105853597390948, 0.06909398828825629, 0.08361290237976486]}, "coverage": {"643_fri_c2_500_25": [0.08000000000000002, 0.030000000000000027, 0.06, 0.08000000000000002, 0.020000000000000018]}, "complexity": {"643_fri_c2_500_25": [25, 25, 25, 25, 25]}, "time_all": {"643_fri_c2_500_25": [0.5068211555480957, 0.6558530330657959, 0.8787212371826172, 0.4803776741027832, 0.5170896053314209]}, "time_fit": {"643_fri_c2_500_25": [0.044847965240478516, 0.05917644500732422, 0.07913684844970703, 0.04282832145690918, 0.05650591850280762]}, "sizes": {"643_fri_c2_500_25": []}, "tau": 0.5}}