{"SQR": {"losses": {"645_fri_c3_500_50": [0.006758274871686924, 0.008736592172723615, 0.007484550838418804, 0.0085297769281573, 0.013580943152962138]}, "coverage": {"645_fri_c3_500_50": [0.010000000000000009, 0.06000000000000005, 0.010000000000000009, 0.030000000000000027, 0.030000000000000027]}, "complexity": {"645_fri_c3_500_50": [9, 10, 12, 11, 10]}, "tau": 0.9}, "LightGBM": {"losses": {"645_fri_c3_500_50": [0.01399546893399872, 0.016869308719064554, 0.016910903538118253, 0.015601597620558239, 0.019629102403702043]}, "coverage": {"645_fri_c3_500_50": [0.030000000000000027, 0.06000000000000005, 0.020000000000000018, 0.030000000000000027, 0.010000000000000009]}, "tau": 0.9}, "DecisionTree": {"losses": {"645_fri_c3_500_50": [0.015465215664977713, 0.016464401634290138, 0.014832938714041647, 0.017767476937809182, 0.01432812718925216]}, "coverage": {"645_fri_c3_500_50": [0.10999999999999999, 0.20000000000000007, 0.09999999999999998, 0.020000000000000018, 0.010000000000000009]}, "complexity": {"645_fri_c3_500_50": [67, 67, 31, 15, 29]}, "tau": 0.9}, "LinearQuantile": {"losses": {"645_fri_c3_500_50": [0.06481180052456921, 0.06809116278824803, 0.07138477155943992, 0.049393631772344335, 0.05393633195459643]}, "coverage": {"645_fri_c3_500_50": [0.49000000000000005, 0.52, 0.54, 0.47000000000000003, 0.4]}, "complexity": {"645_fri_c3_500_50": [50, 50, 50, 50, 50]}, "tau": 0.9}}