{"SQR": {"losses": {"229_pwLinear": [0.016559812153761098, 0.018703263423057274, 0.027202579174899, 0.01683767620032915, 0.023676753711006596]}, "coverage": {"229_pwLinear": [0.050000000000000044, 0.025000000000000022, 0.125, 0.0, 0.09999999999999998]}, "complexity": {"229_pwLinear": [17, 10, 8, 19, 11]}, "time_all": {"229_pwLinear": [335.6666488647461, 323.58221912384033, 322.59539580345154, 319.1981725692749, 330.3311188220978]}, "time_fit": {"229_pwLinear": [335.6666488647461, 323.58221912384033, 322.59539580345154, 319.1981725692749, 330.3311188220978]}, "sizes": {"229_pwLinear": []}, "tau": 0.9}, "LightGBM": {"losses": {"229_pwLinear": [0.0230256253476321, 0.0154811330327069, 0.024922237726296093, 0.021619945717744823, 0.026215333124555405]}, "coverage": {"229_pwLinear": [0.025000000000000022, 0.07499999999999996, 0.050000000000000044, 0.025000000000000022, 0.025000000000000022]}, "time_all": {"229_pwLinear": [0.15428876876831055, 0.0877225399017334, 0.08228445053100586, 0.09014105796813965, 0.10262227058410645]}, "time_fit": {"229_pwLinear": [0.02382349967956543, 0.02097463607788086, 0.01880049705505371, 0.02086019515991211, 0.023903608322143555]}, "sizes": {"229_pwLinear": []}, "tau": 0.9}, "DecisionTree": {"losses": {"229_pwLinear": [0.01731069799806691, 0.02177270667822051, 0.021115174766574485, 0.01775120079544459, 0.021017029911781403]}, "coverage": {"229_pwLinear": [0.04999999999999993, 0.25, 0.22499999999999998, 0.050000000000000044, 0.04999999999999993]}, "complexity": {"229_pwLinear": [11, 65, 25, 27, 9]}, "time_all": {"229_pwLinear": [0.04102015495300293, 0.023643016815185547, 0.02168869972229004, 0.022416353225708008, 0.021729707717895508]}, "time_fit": {"229_pwLinear": [0.0025789737701416016, 0.003467559814453125, 0.001912832260131836, 0.001980304718017578, 0.0012462139129638672]}, "sizes": {"229_pwLinear": []}, "tau": 0.9}, "LinearQuantile": {"losses": {"229_pwLinear": [0.013947324673276095, 0.016892117105705838, 0.026285600007483128, 0.018335124535563293, 0.017894933041766904]}, "coverage": {"229_pwLinear": [0.07499999999999996, 0.09999999999999998, 0.17500000000000004, 0.050000000000000044, 0.0]}, "complexity": {"229_pwLinear": [29, 29, 29, 29, 29]}, "time_all": {"229_pwLinear": [0.7066681385040283, 0.4133951663970947, 0.8244421482086182, 0.29526853561401367, 0.5227639675140381]}, "time_fit": {"229_pwLinear": [0.06264972686767578, 0.03728914260864258, 0.07452082633972168, 0.02658843994140625, 0.047153472900390625]}, "sizes": {"229_pwLinear": []}, "tau": 0.9}}