{"SQR": {"losses": {"201_pol": [0.05509821996423737, 0.05670175005497181, 0.06288667585593564, 0.07697874976827787, 0.07584133673604743]}, "coverage": {"201_pol": [0.25, 0.244, 0.2393333333333333, 0.21833333333333338, 0.21099999999999997]}, "complexity": {"201_pol": [13, 13, 8, 10, 8]}, "time_all": {"201_pol": [4243.446499347687, 3204.504780292511, 8525.402379512787, 8938.080689907074, 7938.029738903046]}, "time_fit": {"201_pol": [4243.446499347687, 3204.504780292511, 8525.402379512787, 8938.080689907074, 7938.029738903046]}, "sizes": {"201_pol": []}, "tau": 0.5}, "LightGBM": {"losses": {"201_pol": [0.03466048393127125, 0.033818542087772754, 0.034329076134247315, 0.03589880390905472, 0.033641881314950425]}, "coverage": {"201_pol": [0.18833333333333335, 0.19233333333333336, 0.17666666666666664, 0.18033333333333335, 0.18400000000000005]}, "time_all": {"201_pol": [2.034209728240967, 2.270890712738037, 2.128235340118408, 1.9253406524658203, 1.971386432647705]}, "time_fit": {"201_pol": [0.4976980686187744, 0.5152862071990967, 0.5551893711090088, 0.5318896770477295, 0.5252277851104736]}, "sizes": {"201_pol": []}, "tau": 0.5}, "DecisionTree": {"losses": {"201_pol": [0.01, 0.0096, 0.010533333333333332, 0.010808333333333333, 0.009899999999999999]}, "coverage": {"201_pol": [0.43933333333333335, 0.43500000000000005, 0.41633333333333333, 0.42966666666666664, 0.41466666666666663]}, "complexity": {"201_pol": [1213, 1167, 1173, 1193, 1155]}, "time_all": {"201_pol": [0.865687370300293, 0.8384809494018555, 0.8689591884613037, 0.7835679054260254, 0.7631916999816895]}, "time_fit": {"201_pol": [0.1063227653503418, 0.10406088829040527, 0.10210728645324707, 0.10430431365966797, 0.10215640068054199]}, "sizes": {"201_pol": []}, "tau": 0.5}, "LinearQuantile": {"losses": {"201_pol": [0.12981493480669665, 0.13175078826891712, 0.13157675270081642, 0.1340453806375623, 0.13333342560616407]}, "coverage": {"201_pol": [0.009333333333333305, 0.007333333333333303, 0.01266666666666666, 0.012333333333333307, 0.008333333333333304]}, "complexity": {"201_pol": [48, 48, 48, 48, 48]}, "time_all": {"201_pol": [140.09723258018494, 60.851664304733276, 111.49300932884216, 53.38971924781799, 185.37071347236633]}, "time_fit": {"201_pol": [1.1794102191925049, 5.496696949005127, 10.362129211425781, 4.863712549209595, 4.497668266296387]}, "sizes": {"201_pol": []}, "tau": 0.5}}