{"SQR": {"losses": {"627_fri_c2_500_10": [0.013818351604545425, 0.010284903035440648, 0.012553371130228468, 0.004686114694223784, 0.016646600544784836]}, "coverage": {"627_fri_c2_500_10": [0.06000000000000005, 0.020000000000000018, 0.020000000000000018, 0.04999999999999993, 0.010000000000000009]}, "complexity": {"627_fri_c2_500_10": [15, 13, 13, 17, 9]}, "time_all": {"627_fri_c2_500_10": [514.3602414131165, 504.80254006385803, 515.6806738376617, 501.56150794029236, 528.941478729248]}, "time_fit": {"627_fri_c2_500_10": [514.3602414131165, 504.80254006385803, 515.6806738376617, 501.56150794029236, 528.941478729248]}, "sizes": {"627_fri_c2_500_10": []}, "tau": 0.9}, "LightGBM": {"losses": {"627_fri_c2_500_10": [0.022128652800092814, 0.020482054024174686, 0.019551932498728143, 0.02129492620413779, 0.021908265670483783]}, "coverage": {"627_fri_c2_500_10": [0.08000000000000007, 0.020000000000000018, 0.010000000000000009, 0.010000000000000009, 0.050000000000000044]}, "time_all": {"627_fri_c2_500_10": [0.24057245254516602, 0.19228529930114746, 0.2025909423828125, 0.20046591758728027, 0.18168139457702637]}, "time_fit": {"627_fri_c2_500_10": [0.044080257415771484, 0.0391695499420166, 0.045476436614990234, 0.04622006416320801, 0.038547515869140625]}, "sizes": {"627_fri_c2_500_10": []}, "tau": 0.9}, "DecisionTree": {"losses": {"627_fri_c2_500_10": [0.022625277304820956, 0.017324158362393722, 0.015650434155926488, 0.01792039561481153, 0.024501198407280773]}, "coverage": {"627_fri_c2_500_10": [0.08999999999999997, 0.020000000000000018, 0.12, 0.0, 0.08000000000000007]}, "complexity": {"627_fri_c2_500_10": [13, 29, 71, 21, 31]}, "time_all": {"627_fri_c2_500_10": [0.09017324447631836, 0.04797983169555664, 0.08856701850891113, 0.04767799377441406, 0.04811549186706543]}, "time_fit": {"627_fri_c2_500_10": [0.004399299621582031, 0.003392934799194336, 0.009607315063476562, 0.002854585647583008, 0.003509998321533203]}, "sizes": {"627_fri_c2_500_10": []}, "tau": 0.9}, "LinearQuantile": {"losses": {"627_fri_c2_500_10": [0.07922308557112054, 0.06794355355581763, 0.07323744030759567, 0.06731971484406274, 0.08515134531425919]}, "coverage": {"627_fri_c2_500_10": [0.45, 0.43000000000000005, 0.4, 0.4, 0.47000000000000003]}, "complexity": {"627_fri_c2_500_10": [10, 10, 10, 10, 10]}, "time_all": {"627_fri_c2_500_10": [0.40888357162475586, 0.22948408126831055, 0.2994670867919922, 0.5991897583007812, 0.12455129623413086]}, "time_fit": {"627_fri_c2_500_10": [0.03558468818664551, 0.020498275756835938, 0.02455449104309082, 0.05400705337524414, 0.011060237884521484]}, "sizes": {"627_fri_c2_500_10": []}, "tau": 0.9}}