{"SQR": {"losses": {"624_fri_c0_100_5": [0.014602622097660767, 0.01582883083048852, 0.018289266663898206, 0.01060803526889919, 0.020136981443832164]}, "coverage": {"624_fri_c0_100_5": [0.09999999999999998, 0.09999999999999998, 0.20000000000000007, 0.09999999999999998, 0.15000000000000002]}, "complexity": {"624_fri_c0_100_5": [13, 14, 8, 10, 9]}, "time_all": {"624_fri_c0_100_5": [294.76395630836487, 276.2430350780487, 283.82695174217224, 294.17242193222046, 297.4760973453522]}, "time_fit": {"624_fri_c0_100_5": [294.76395630836487, 276.2430350780487, 283.82695174217224, 294.17242193222046, 297.4760973453522]}, "sizes": {"624_fri_c0_100_5": []}, "tau": 0.9}, "LightGBM": {"losses": {"624_fri_c0_100_5": [0.030901555330205013, 0.03121501863022394, 0.025767561882234027, 0.024950751266239062, 0.028178837477059942]}, "coverage": {"624_fri_c0_100_5": [0.050000000000000044, 0.04999999999999993, 0.20000000000000007, 0.0, 0.050000000000000044]}, "time_all": {"624_fri_c0_100_5": [0.12095284461975098, 0.08502435684204102, 0.05693793296813965, 0.06387066841125488, 0.07321453094482422]}, "time_fit": {"624_fri_c0_100_5": [0.015318155288696289, 0.02003002166748047, 0.01229095458984375, 0.0161130428314209, 0.01619577407836914]}, "sizes": {"624_fri_c0_100_5": []}, "tau": 0.9}, "DecisionTree": {"losses": {"624_fri_c0_100_5": [0.01918382362254947, 0.029964398806103472, 0.028534558238948245, 0.026791214373538492, 0.03348619570539137]}, "coverage": {"624_fri_c0_100_5": [0.09999999999999998, 0.09999999999999998, 0.050000000000000044, 0.09999999999999998, 0.0]}, "complexity": {"624_fri_c0_100_5": [31, 5, 3, 3, 1]}, "time_all": {"624_fri_c0_100_5": [0.03511309623718262, 0.03399085998535156, 0.016671419143676758, 0.01752781867980957, 0.01722407341003418]}, "time_fit": {"624_fri_c0_100_5": [0.003979206085205078, 0.0019011497497558594, 0.0009150505065917969, 0.0009191036224365234, 0.0008039474487304688]}, "sizes": {"624_fri_c0_100_5": []}, "tau": 0.9}, "LinearQuantile": {"losses": {"624_fri_c0_100_5": [0.05409655127437101, 0.03605058678484184, 0.05010355049199846, 0.048328469512556926, 0.04783770852161275]}, "coverage": {"624_fri_c0_100_5": [0.35, 0.45, 0.5, 0.65, 0.45]}, "complexity": {"624_fri_c0_100_5": [5, 5, 5, 5, 5]}, "time_all": {"624_fri_c0_100_5": [0.23690199851989746, 0.22179508209228516, 0.11246156692504883, 0.6967041492462158, 0.09071183204650879]}, "time_fit": {"624_fri_c0_100_5": [0.01986837387084961, 0.01920008659362793, 0.00990438461303711, 0.06317901611328125, 0.008087396621704102]}, "sizes": {"624_fri_c0_100_5": []}, "tau": 0.9}}