{"SQR": {"losses": {"593_fri_c1_1000_10": [0.013597081990138983, 0.03164193065405739, 0.008182212363086002, 0.010105601991854398, 0.02441248316056078]}, "coverage": {"593_fri_c1_1000_10": [0.3350000000000001, 0.37, 0.28500000000000003, 0.39, 0.41000000000000003]}, "complexity": {"593_fri_c1_1000_10": [14, 11, 14, 17, 12]}, "tau": 0.5}, "LightGBM": {"losses": {"593_fri_c1_1000_10": [0.029768002330123094, 0.03022768209439025, 0.03611436994371486, 0.027845987996184495, 0.02665840088176542]}, "coverage": {"593_fri_c1_1000_10": [0.43000000000000005, 0.41500000000000004, 0.495, 0.36, 0.365]}, "tau": 0.5}, "DecisionTree": {"losses": {"593_fri_c1_1000_10": [0.03454711397010521, 0.038205627026575324, 0.04332640247207672, 0.037377951536006544, 0.030773666341312556]}, "coverage": {"593_fri_c1_1000_10": [0.42500000000000004, 0.41500000000000004, 0.495, 0.41500000000000004, 0.365]}, "complexity": {"593_fri_c1_1000_10": [325, 141, 139, 323, 323]}, "tau": 0.5}, "LinearQuantile": {"losses": {"593_fri_c1_1000_10": [0.07230185557901887, 0.06899937310038932, 0.07519185521825404, 0.06676417896864602, 0.06985293312259944]}, "coverage": {"593_fri_c1_1000_10": [0.44, 0.42500000000000004, 0.465, 0.405, 0.405]}, "complexity": {"593_fri_c1_1000_10": [10, 10, 10, 10, 10]}, "tau": 0.5}}