{"SQR": {"losses": {"564_fried": [0.00601623649076204, 0.0056893788021496325, 0.009623246460250602, 0.005620245385255352, 0.010979057698178746]}, "coverage": {"564_fried": [0.02092224675006138, 0.005445180279617379, 0.0014226146676478146, 0.0022936342450632363, 0.00572795290077277]}, "complexity": {"564_fried": [13, 18, 16, 17, 9]}, "tau": 0.9}, "LightGBM": {"losses": {"564_fried": [0.013281444072944553, 0.013381188423950802, 0.013575579267909452, 0.013341923531814279, 0.01320828745610851]}, "coverage": {"564_fried": [0.0335295560461123, 0.026416482707873445, 0.026171204316899677, 0.026039494664540586, 0.022359867533423228]}, "tau": 0.9}, "DecisionTree": {"losses": {"564_fried": [0.010263377629102777, 0.01010180689168719, 0.010370116529786443, 0.010276500944615873, 0.010282719042362927]}, "coverage": {"564_fried": [0.06605347068923229, 0.060902624478783474, 0.06887417218543046, 0.07564086839200301, 0.053195142892186964]}, "complexity": {"564_fried": [2517, 2503, 2499, 2529, 1615]}, "tau": 0.9}, "LinearQuantile": {"losses": {"564_fried": [0.013476195767229011, 0.01333191567560444, 0.013624634018473582, 0.013499431910860017, 0.013664967673824543]}, "coverage": {"564_fried": [0.0021339220014716664, 0.0027716458180034875, 0.008290409614912897, 0.010879430884337071, 0.009652888507297952]}, "complexity": {"564_fried": [10, 10, 10, 10, 10]}, "tau": 0.9}}