{"SQR": {"losses": {"218_house_8L": [0.03161098140281396, 0.03148891359187961, 0.031122931638817998, 0.032335972588098144, 0.03231547049755476]}, "coverage": {"218_house_8L": [0.3588545095457538, 0.3419574281325434, 0.3527101163045864, 0.36653500109721315, 0.3547848990342406]}, "complexity": {"218_house_8L": [5, 5, 5, 5, 5]}, "tau": 0.5}, "LightGBM": {"losses": {"218_house_8L": [0.023927602357110833, 0.023952737457175213, 0.023053995658352963, 0.024461837964727107, 0.02437095280311622]}, "coverage": {"218_house_8L": [0.3818959842001317, 0.37904323019530395, 0.36675444371296906, 0.3944042132982225, 0.37827041264266903]}, "tau": 0.5}, "DecisionTree": {"losses": {"218_house_8L": [0.020136643882955378, 0.02003005043803386, 0.01958178640149193, 0.02085476860426573, 0.02058176678203272]}, "coverage": {"218_house_8L": [0.3779460171165241, 0.37202106649111255, 0.3623655913978495, 0.38825982005705506, 0.3771729587357331]}, "complexity": {"218_house_8L": [581, 785, 779, 587, 879]}, "tau": 0.5}, "LinearQuantile": {"losses": {"218_house_8L": [0.030547815482298003, 0.0318025320165201, 0.029668582270836664, 0.03207086089983945, 0.02890753529737229]}, "coverage": {"218_house_8L": [0.3941847706824666, 0.3724599517226246, 0.3812376563528638, 0.39484309852973454, 0.35566286215978926]}, "complexity": {"218_house_8L": [8, 8, 8, 8, 8]}, "tau": 0.5}}