{"SQR": {"losses": {"594_fri_c2_100_5": [0.05031883947798603, 0.02651053241316489, 0.022984986781814636, 0.05967738119717083, 0.028632641047357476]}, "coverage": {"594_fri_c2_100_5": [0.55, 0.35, 0.35, 0.6000000000000001, 0.35]}, "complexity": {"594_fri_c2_100_5": [13, 12, 15, 11, 13]}, "tau": 0.5}, "LightGBM": {"losses": {"594_fri_c2_100_5": [0.03777910147990948, 0.08135199027002474, 0.08642900057701776, 0.05309288169984151, 0.04569204978179517]}, "coverage": {"594_fri_c2_100_5": [0.15000000000000002, 0.55, 0.5, 0.45, 0.30000000000000004]}, "tau": 0.5}, "DecisionTree": {"losses": {"594_fri_c2_100_5": [0.02948015897553318, 0.0877898174146366, 0.07901741903450861, 0.055408671984795536, 0.056403770964844974]}, "coverage": {"594_fri_c2_100_5": [0.25, 0.55, 0.65, 0.45, 0.20000000000000007]}, "complexity": {"594_fri_c2_100_5": [33, 33, 1, 5, 13]}, "tau": 0.5}, "LinearQuantile": {"losses": {"594_fri_c2_100_5": [0.05769071062746123, 0.12004228076732602, 0.11184191336560481, 0.11301240347658204, 0.06826304167723843]}, "coverage": {"594_fri_c2_100_5": [0.20000000000000007, 0.65, 0.65, 0.45, 0.30000000000000004]}, "complexity": {"594_fri_c2_100_5": [5, 5, 5, 5, 5]}, "tau": 0.5}}