{"SQR": {"losses": {"4544_GeographicalOriginalofMusic": [0.015235072042612518, 0.013966062244512113, 0.021029570518412383, 0.014654551748639043, 0.015248975258075387]}, "coverage": {"4544_GeographicalOriginalofMusic": [0.024528301886792447, 0.0009433962264150386, 0.03679245283018873, 0.017924528301886844, 0.03270142180094793]}, "complexity": {"4544_GeographicalOriginalofMusic": [5, 6, 2, 6, 5]}, "time_all": {"4544_GeographicalOriginalofMusic": [715.4949963092804, 672.3160920143127, 694.280611038208, 679.6335034370422, 650.9019656181335]}, "time_fit": {"4544_GeographicalOriginalofMusic": [715.4949963092804, 672.3160920143127, 694.280611038208, 679.6335034370422, 650.9019656181335]}, "sizes": {"4544_GeographicalOriginalofMusic": []}, "tau": 0.9}, "LightGBM": {"losses": {"4544_GeographicalOriginalofMusic": [0.015613011368706747, 0.015498021980358039, 0.01864102956363321, 0.016738915230323413, 0.01522170621789009]}, "coverage": {"4544_GeographicalOriginalofMusic": [0.01981132075471692, 0.01037735849056598, 0.04150943396226414, 0.0037735849056603765, 0.03838862559241707]}, "time_all": {"4544_GeographicalOriginalofMusic": [0.43596315383911133, 0.3475625514984131, 0.38980746269226074, 0.3409767150878906, 0.3865053653717041]}, "time_fit": {"4544_GeographicalOriginalofMusic": [0.08097004890441895, 0.06816411018371582, 0.0785682201385498, 0.06876230239868164, 0.08318567276000977]}, "sizes": {"4544_GeographicalOriginalofMusic": []}, "tau": 0.9}, "DecisionTree": {"losses": {"4544_GeographicalOriginalofMusic": [0.015139331819428545, 0.016778472547376105, 0.020323909112814578, 0.01630090213840876, 0.018184982463192906]}, "coverage": {"4544_GeographicalOriginalofMusic": [0.017924528301886844, 0.013207547169811318, 0.14056603773584908, 0.04150943396226414, 0.02322274881516595]}, "complexity": {"4544_GeographicalOriginalofMusic": [35, 25, 67, 35, 27]}, "time_all": {"4544_GeographicalOriginalofMusic": [1.0005648136138916, 0.524512767791748, 1.027207851409912, 0.5294253826141357, 0.9755570888519287]}, "time_fit": {"4544_GeographicalOriginalofMusic": [0.0738837718963623, 0.03504490852355957, 0.09020018577575684, 0.03940153121948242, 0.06676363945007324]}, "sizes": {"4544_GeographicalOriginalofMusic": []}, "tau": 0.9}, "LinearQuantile": {"losses": {"4544_GeographicalOriginalofMusic": [0.01412595750645473, 0.016493035890286438, 0.015676124180212324, 0.017635782950334526, 0.014210218879544762]}, "coverage": {"4544_GeographicalOriginalofMusic": [0.08396226415094343, 0.0792452830188679, 0.1264150943396226, 0.13584905660377355, 0.07061611374407584]}, "complexity": {"4544_GeographicalOriginalofMusic": [117, 117, 117, 117, 117]}, "time_all": {"4544_GeographicalOriginalofMusic": [27.258138418197632, 100.76377749443054, 55.03718447685242, 83.78896164894104, 62.17297410964966]}, "time_fit": {"4544_GeographicalOriginalofMusic": [2.455325126647949, 7.720382928848267, 4.960952520370483, 6.972104072570801, 5.559837341308594]}, "sizes": {"4544_GeographicalOriginalofMusic": []}, "tau": 0.9}}