{"SQR": {"losses": {"611_fri_c3_100_5": [0.012204680321671374, 0.02188898712258748, 0.009813100305864813, 0.009063554108668404, 0.04371363487652468]}, "coverage": {"611_fri_c3_100_5": [0.30000000000000004, 0.35, 0.5, 0.25, 0.5]}, "complexity": {"611_fri_c3_100_5": [12, 9, 13, 11, 9]}, "tau": 0.5}, "LightGBM": {"losses": {"611_fri_c3_100_5": [0.04405785729485151, 0.03460319680866419, 0.08150682820162415, 0.02374083836916663, 0.13400280559703037]}, "coverage": {"611_fri_c3_100_5": [0.45, 0.4, 0.5, 0.30000000000000004, 0.4]}, "tau": 0.5}, "DecisionTree": {"losses": {"611_fri_c3_100_5": [0.056511312328987894, 0.04092808751888033, 0.06625679102208899, 0.021218423339484205, 0.05987669895341504]}, "coverage": {"611_fri_c3_100_5": [0.4, 0.30000000000000004, 0.6000000000000001, 0.20000000000000007, 0.30000000000000004]}, "complexity": {"611_fri_c3_100_5": [13, 33, 13, 13, 35]}, "tau": 0.5}, "LinearQuantile": {"losses": {"611_fri_c3_100_5": [0.08223721912642047, 0.054432189511002815, 0.08649038088122608, 0.04321258323605822, 0.13053478977533245]}, "coverage": {"611_fri_c3_100_5": [0.4, 0.35, 0.5, 0.4, 0.45]}, "complexity": {"611_fri_c3_100_5": [5, 5, 5, 5, 5]}, "tau": 0.5}}