{"SQR": {"losses": {"647_fri_c1_250_10": [0.011501095663146835, 0.03588868155737088, 0.03823782230015966, 0.02460865072900653, 0.021019215446731555]}, "coverage": {"647_fri_c1_250_10": [0.4, 0.36, 0.52, 0.38, 0.33999999999999997]}, "complexity": {"647_fri_c1_250_10": [13, 11, 11, 11, 16]}, "tau": 0.5}, "LightGBM": {"losses": {"647_fri_c1_250_10": [0.0419211320526251, 0.03883463631985186, 0.03962967883447184, 0.0445127915497297, 0.04103440938942068]}, "coverage": {"647_fri_c1_250_10": [0.36, 0.32000000000000006, 0.48000000000000004, 0.36, 0.33999999999999997]}, "tau": 0.5}, "DecisionTree": {"losses": {"647_fri_c1_250_10": [0.04589850274319495, 0.0443801997963641, 0.03950755772363348, 0.039527094704232116, 0.03748601788139387]}, "coverage": {"647_fri_c1_250_10": [0.32000000000000006, 0.38, 0.36, 0.46, 0.4]}, "complexity": {"647_fri_c1_250_10": [33, 33, 9, 81, 33]}, "tau": 0.5}, "LinearQuantile": {"losses": {"647_fri_c1_250_10": [0.0747954909114066, 0.07424402319874178, 0.0847098340487323, 0.07063749248869625, 0.088689720944615]}, "coverage": {"647_fri_c1_250_10": [0.5, 0.44, 0.38, 0.42000000000000004, 0.4]}, "complexity": {"647_fri_c1_250_10": [10, 10, 10, 10, 10]}, "tau": 0.5}}