{"SQR": {"losses": {"227_cpu_small": [0.004741237385153651, 0.006529047007181241, 0.0064859605539078855, 0.006436339216005702, 0.00656776977945289]}, "coverage": {"227_cpu_small": [0.01836485661989018, 0.00555216595485053, 0.005616605616605597, 0.007814407814407787, 0.008424908424908395]}, "complexity": {"227_cpu_small": [8, 4, 4, 4, 4]}, "time_all": {"227_cpu_small": [3314.4365429878235, 5393.118396520615, 4543.666220664978, 3334.7475509643555, 5122.908299922943]}, "time_fit": {"227_cpu_small": [3314.4365429878235, 5393.118396520615, 4543.666220664978, 3334.7475509643555, 5122.908299922943]}, "sizes": {"227_cpu_small": []}, "tau": 0.9}, "LightGBM": {"losses": {"227_cpu_small": [0.008710242803357566, 0.00916250504074613, 0.009165276715070976, 0.009599249798530395, 0.010202332670121318]}, "coverage": {"227_cpu_small": [0.006162294081757169, 0.011531421598535707, 0.0031746031746031633, 0.018803418803418737, 0.03284493284493284]}, "time_all": {"227_cpu_small": [0.9660618305206299, 0.8778090476989746, 0.9171311855316162, 0.9203369617462158, 0.9272472858428955]}, "time_fit": {"227_cpu_small": [0.14298582077026367, 0.13352084159851074, 0.14273548126220703, 0.1406400203704834, 0.1436610221862793]}, "sizes": {"227_cpu_small": []}, "tau": 0.9}, "DecisionTree": {"losses": {"227_cpu_small": [0.005075711353929779, 0.0047612796667098065, 0.004859461526128192, 0.004578384578384578, 0.004772511439178105]}, "coverage": {"227_cpu_small": [0.007382550335570448, 0.001159243441122615, 0.007814407814407787, 0.01819291819291813, 0.02124542124542117]}, "complexity": {"227_cpu_small": [209, 313, 215, 225, 277]}, "time_all": {"227_cpu_small": [1.3452088832855225, 0.8549087047576904, 1.3571269512176514, 1.4123964309692383, 1.4638829231262207]}, "time_fit": {"227_cpu_small": [0.05911374092102051, 0.059287309646606445, 0.058748483657836914, 0.06583619117736816, 0.0729207992553711]}, "sizes": {"227_cpu_small": []}, "tau": 0.9}, "LinearQuantile": {"losses": {"227_cpu_small": [0.033895035216421954, 0.03230507291279727, 0.03167368482457748, 0.032113803835288425, 0.031219120916313008]}, "coverage": {"227_cpu_small": [0.02934716290420991, 0.03239780353874311, 0.039804639804639774, 0.04285714285714293, 0.025763125763125783]}, "complexity": {"227_cpu_small": [12, 12, 12, 12, 12]}, "time_all": {"227_cpu_small": [12.576852798461914, 24.109646320343018, 20.45170283317566, 20.306371927261353, 2.020582437515259]}, "time_fit": {"227_cpu_small": [0.7088930606842041, 2.8368418216705322, 0.7084310054779053, 1.4261200428009033, 0.22983622550964355]}, "sizes": {"227_cpu_small": []}, "tau": 0.9}}