{"SQR": {"losses": {"560_bodyfat": [0.00046171777973196877, 0.0016921094392514696, 0.004711916647829279, 0.003113823057969824, 0.0004968629678755867]}, "coverage": {"560_bodyfat": [0.02941176470588236, 0.06862745098039214, 0.06, 0.0, 0.19999999999999996]}, "complexity": {"560_bodyfat": [10, 10, 12, 12, 10]}, "time_all": {"560_bodyfat": [318.1238932609558, 328.8265962600708, 332.3937511444092, 322.47535848617554, 326.64975142478943]}, "time_fit": {"560_bodyfat": [318.1238932609558, 328.8265962600708, 332.3937511444092, 322.47535848617554, 326.64975142478943]}, "sizes": {"560_bodyfat": []}, "tau": 0.5}, "LightGBM": {"losses": {"560_bodyfat": [0.007387417991616346, 0.015801926367918207, 0.008136193256368527, 0.016401345555053008, 0.014209140467340382]}, "coverage": {"560_bodyfat": [0.04901960784313725, 0.06862745098039214, 0.03999999999999998, 0.020000000000000018, 0.07999999999999996]}, "time_all": {"560_bodyfat": [0.1087186336517334, 0.10604405403137207, 0.10629963874816895, 0.12116217613220215, 0.14026927947998047]}, "time_fit": {"560_bodyfat": [0.025960445404052734, 0.025210142135620117, 0.025495290756225586, 0.029462575912475586, 0.03426218032836914]}, "sizes": {"560_bodyfat": []}, "tau": 0.5}, "DecisionTree": {"losses": {"560_bodyfat": [0.004189886077392706, 0.008926729668773727, 0.006210526115015932, 0.006357894608848974, 0.003894736189591258]}, "coverage": {"560_bodyfat": [0.06862745098039214, 0.0490196078431373, 0.06, 0.040000000000000036, 0.0]}, "complexity": {"560_bodyfat": [75, 81, 79, 83, 81]}, "time_all": {"560_bodyfat": [0.030364036560058594, 0.03085923194885254, 0.030324459075927734, 0.05769038200378418, 0.062334299087524414]}, "time_fit": {"560_bodyfat": [0.004503488540649414, 0.004692792892456055, 0.00462031364440918, 0.009131431579589844, 0.00898432731628418]}, "sizes": {"560_bodyfat": []}, "tau": 0.5}, "LinearQuantile": {"losses": {"560_bodyfat": [0.027682196836679898, 0.03764171496045298, 0.043789624331134834, 0.03387752863581792, 0.031448714327970986]}, "coverage": {"560_bodyfat": [0.08823529411764708, 0.06862745098039214, 0.14, 0.06, 0.14]}, "complexity": {"560_bodyfat": [14, 14, 14, 14, 14]}, "time_all": {"560_bodyfat": [0.46816182136535645, 2.7521495819091797, 0.2056903839111328, 0.46327710151672363, 0.6455714702606201]}, "time_fit": {"560_bodyfat": [0.04243803024291992, 0.2708580493927002, 0.01876544952392578, 0.04118824005126953, 0.05752897262573242]}, "sizes": {"560_bodyfat": []}, "tau": 0.5}}