{"SQR": {"losses": {"529_pollen": [0.01379264540260714, 0.014627147296867166, 0.011373812979413169, 0.014011853390535008, 0.01432407583172305]}, "coverage": {"529_pollen": [0.010389610389610393, 0.0025974025974025983, 0.0012987012987013546, 0.009232769830949339, 0.0053315994798439625]}, "complexity": {"529_pollen": [5, 5, 7, 5, 5]}, "time_all": {"529_pollen": [1539.5056262016296, 1640.5491847991943, 1452.9225544929504, 1566.8634836673737, 1545.4657640457153]}, "time_fit": {"529_pollen": [1539.5056262016296, 1640.5491847991943, 1452.9225544929504, 1566.8634836673737, 1545.4657640457153]}, "sizes": {"529_pollen": []}, "tau": 0.9}, "LightGBM": {"losses": {"529_pollen": [0.01516915257186542, 0.01529947901089294, 0.014665248842785446, 0.01513955260427273, 0.014799437803735974]}, "coverage": {"529_pollen": [0.0, 0.009090909090909038, 0.0012987012987013546, 0.027178153446033804, 0.03237971391417427]}, "time_all": {"529_pollen": [0.839245080947876, 0.6804640293121338, 0.6928296089172363, 0.5858025550842285, 0.6050493717193604]}, "time_fit": {"529_pollen": [0.16865229606628418, 0.15497636795043945, 0.15834569931030273, 0.14162182807922363, 0.14757323265075684]}, "sizes": {"529_pollen": []}, "tau": 0.9}, "DecisionTree": {"losses": {"529_pollen": [0.01574724242757039, 0.014761671829959817, 0.014563810703846249, 0.01485644167321212, 0.014511129214932491]}, "coverage": {"529_pollen": [0.0714285714285714, 0.045454545454545525, 0.05974025974025976, 0.04954486345903775, 0.019635890767230157]}, "complexity": {"529_pollen": [107, 149, 239, 237, 153]}, "time_all": {"529_pollen": [0.45647096633911133, 0.2452850341796875, 0.24723601341247559, 0.24925661087036133, 0.24736452102661133]}, "time_fit": {"529_pollen": [0.023465633392333984, 0.014984846115112305, 0.018793344497680664, 0.019194364547729492, 0.015311241149902344]}, "sizes": {"529_pollen": []}, "tau": 0.9}, "LinearQuantile": {"losses": {"529_pollen": [0.026091667755701462, 0.02454788102345529, 0.025915273082067786, 0.023281951292334496, 0.02371896465504734]}, "coverage": {"529_pollen": [0.4103896103896104, 0.3974025974025974, 0.4038961038961039, 0.3733420026007802, 0.3889466840052016]}, "complexity": {"529_pollen": [4, 4, 4, 4, 4]}, "time_all": {"529_pollen": [0.1586763858795166, 0.3508446216583252, 0.261699914932251, 0.1484832763671875, 0.13635468482971191]}, "time_fit": {"529_pollen": [0.011569976806640625, 0.0314788818359375, 0.023412704467773438, 0.013185977935791016, 0.012044191360473633]}, "sizes": {"529_pollen": []}, "tau": 0.9}}