{"SQR": {"losses": {"654_fri_c0_500_10": [0.009906048868288725, 0.01145071622025894, 0.010306648757174014, 0.013704390696981572, 0.009879609497687576]}, "coverage": {"654_fri_c0_500_10": [0.020000000000000018, 0.030000000000000027, 0.020000000000000018, 0.050000000000000044, 0.020000000000000018]}, "complexity": {"654_fri_c0_500_10": [9, 9, 9, 8, 10]}, "tau": 0.9}, "LightGBM": {"losses": {"654_fri_c0_500_10": [0.02188899769322027, 0.024906230683734414, 0.018803667661953384, 0.021259096704336445, 0.0209710486093676]}, "coverage": {"654_fri_c0_500_10": [0.020000000000000018, 0.050000000000000044, 0.020000000000000018, 0.020000000000000018, 0.020000000000000018]}, "tau": 0.9}, "DecisionTree": {"losses": {"654_fri_c0_500_10": [0.02081650279650364, 0.02258915617322881, 0.02158154148286335, 0.020425386737451715, 0.021508114636664653]}, "coverage": {"654_fri_c0_500_10": [0.030000000000000027, 0.020000000000000018, 0.08000000000000007, 0.020000000000000018, 0.030000000000000027]}, "complexity": {"654_fri_c0_500_10": [13, 15, 15, 31, 15]}, "tau": 0.9}, "LinearQuantile": {"losses": {"654_fri_c0_500_10": [0.05011946463933891, 0.039072735934813925, 0.045361047666626665, 0.038511690540826995, 0.039501036834237974]}, "coverage": {"654_fri_c0_500_10": [0.45, 0.47000000000000003, 0.46, 0.36, 0.41000000000000003]}, "complexity": {"654_fri_c0_500_10": [10, 10, 10, 10, 10]}, "tau": 0.9}}