{"SQR": {"losses": {"654_fri_c0_500_10": [0.01961778990078479, 0.018117015154395212, 0.02743470115468033, 0.017456913532177293, 0.02852880408885264]}, "coverage": {"654_fri_c0_500_10": [0.42000000000000004, 0.30000000000000004, 0.45, 0.41000000000000003, 0.41000000000000003]}, "complexity": {"654_fri_c0_500_10": [15, 11, 11, 17, 10]}, "tau": 0.5}, "LightGBM": {"losses": {"654_fri_c0_500_10": [0.041563200195910734, 0.03859745399206688, 0.043341368821640816, 0.04096170141455377, 0.03372122138791946]}, "coverage": {"654_fri_c0_500_10": [0.45, 0.31000000000000005, 0.5, 0.37, 0.36]}, "tau": 0.5}, "DecisionTree": {"losses": {"654_fri_c0_500_10": [0.0452035415514612, 0.03961768960865195, 0.04681986348136324, 0.041603481273691276, 0.05131755927902905]}, "coverage": {"654_fri_c0_500_10": [0.44, 0.35, 0.44, 0.41000000000000003, 0.42000000000000004]}, "complexity": {"654_fri_c0_500_10": [73, 67, 69, 67, 71]}, "tau": 0.5}, "LinearQuantile": {"losses": {"654_fri_c0_500_10": [0.04834466771511722, 0.038522027248165155, 0.04456592894469252, 0.037447469652393144, 0.03862919222280461]}, "coverage": {"654_fri_c0_500_10": [0.43000000000000005, 0.47000000000000003, 0.45, 0.33999999999999997, 0.39]}, "complexity": {"654_fri_c0_500_10": [10, 10, 10, 10, 10]}, "tau": 0.5}}