{"SQR": {"losses": {"678_visualizing_environmental": [0.05734288204492082, 0.05770121438107266, 0.0805876739332763, 0.05762752491762568, 0.07730512451292633]}, "coverage": {"678_visualizing_environmental": [0.19565217391304346, 0.09090909090909094, 0.18181818181818182, 0.2272727272727273, 0.2727272727272727]}, "complexity": {"678_visualizing_environmental": [4, 8, 4, 3, 3]}, "time_all": {"678_visualizing_environmental": [326.06352400779724, 341.7199442386627, 326.8645598888397, 331.80978441238403, 324.6385381221771]}, "time_fit": {"678_visualizing_environmental": [326.06352400779724, 341.7199442386627, 326.8645598888397, 331.80978441238403, 324.6385381221771]}, "sizes": {"678_visualizing_environmental": []}, "tau": 0.5}, "LightGBM": {"losses": {"678_visualizing_environmental": [0.05130719906179341, 0.05444661939623448, 0.08506035052462348, 0.05906166295965191, 0.07634133853002037]}, "coverage": {"678_visualizing_environmental": [0.10869565217391308, 0.2272727272727273, 0.18181818181818182, 0.2272727272727273, 0.2727272727272727]}, "time_all": {"678_visualizing_environmental": [0.07443618774414062, 0.06245756149291992, 0.06832170486450195, 0.07446599006652832, 0.0864098072052002]}, "time_fit": {"678_visualizing_environmental": [0.01666092872619629, 0.013599872589111328, 0.011471748352050781, 0.01684260368347168, 0.02016615867614746]}, "sizes": {"678_visualizing_environmental": []}, "tau": 0.5}, "DecisionTree": {"losses": {"678_visualizing_environmental": [0.04849952493550937, 0.04446640296999707, 0.08399209057235885, 0.05447134194493272, 0.07756916442279436]}, "coverage": {"678_visualizing_environmental": [0.19565217391304346, 0.31818181818181823, 0.2272727272727273, 0.09090909090909094, 0.3181818181818182]}, "complexity": {"678_visualizing_environmental": [5, 5, 15, 1, 3]}, "time_all": {"678_visualizing_environmental": [0.017696142196655273, 0.017172813415527344, 0.018372535705566406, 0.01789712905883789, 0.034451961517333984]}, "time_fit": {"678_visualizing_environmental": [0.0010037422180175781, 0.0010046958923339844, 0.0013959407806396484, 0.0008206367492675781, 0.0018067359924316406]}, "sizes": {"678_visualizing_environmental": []}, "tau": 0.5}, "LinearQuantile": {"losses": {"678_visualizing_environmental": [0.05840819564368756, 0.048261509026128656, 0.09051345719328209, 0.05508427488281226, 0.0804602521778761]}, "coverage": {"678_visualizing_environmental": [0.06521739130434778, 0.045454545454545414, 0.0, 0.13636363636363635, 0.2727272727272727]}, "complexity": {"678_visualizing_environmental": [3, 3, 3, 3, 3]}, "time_all": {"678_visualizing_environmental": [0.11679506301879883, 0.026434898376464844, 0.09009289741516113, 0.03755760192871094, 0.06475186347961426]}, "time_fit": {"678_visualizing_environmental": [0.010277509689331055, 0.0021026134490966797, 0.007858991622924805, 0.0030875205993652344, 0.005257368087768555]}, "sizes": {"678_visualizing_environmental": []}, "tau": 0.5}}