{"SQR": {"losses": {"542_pollution": [0.0754958667892104, 0.0653580741934647, 0.028251640696922542, 0.06774699059122515, 0.049018579029345165]}, "coverage": {"542_pollution": [0.06666666666666665, 0.4, 0.4, 0.5666666666666667, 0.65]}, "complexity": {"542_pollution": [5, 7, 7, 9, 7]}, "tau": 0.5}, "LightGBM": {"losses": {"542_pollution": [0.06266961846767669, 0.0750945914979897, 0.048559434065818405, 0.07225307316073949, 0.04959807367294759]}, "coverage": {"542_pollution": [0.2333333333333334, 0.4, 0.31666666666666665, 0.48333333333333334, 0.4]}, "tau": 0.5}, "DecisionTree": {"losses": {"542_pollution": [0.05919523320585141, 0.041608992028325534, 0.04728217347372686, 0.07909553111589386, 0.0578635288748166]}, "coverage": {"542_pollution": [0.2333333333333334, 0.31666666666666665, 0.31666666666666665, 0.65, 0.65]}, "complexity": {"542_pollution": [3, 7, 3, 7, 19]}, "tau": 0.5}, "LinearQuantile": {"losses": {"542_pollution": [0.038393288815342944, 0.06722889869406563, 0.034355397055902216, 0.08196989772978691, 0.1140434138249516]}, "coverage": {"542_pollution": [0.15000000000000002, 0.31666666666666665, 0.31666666666666665, 0.5666666666666667, 0.48333333333333334]}, "complexity": {"542_pollution": [15, 15, 15, 15, 15]}, "tau": 0.5}}