{"SQR": {"losses": {"657_fri_c2_250_10": [0.020533408656975703, 0.010145210198821699, 0.011560553453998057, 0.008371138152159703, 0.010991281490006756]}, "coverage": {"657_fri_c2_250_10": [0.0, 0.040000000000000036, 0.05999999999999994, 0.06000000000000005, 0.0]}, "complexity": {"657_fri_c2_250_10": [7, 15, 12, 18, 17]}, "tau": 0.9}, "LightGBM": {"losses": {"657_fri_c2_250_10": [0.025570742201666347, 0.024838306817715382, 0.028907122773928637, 0.028926660845908198, 0.023529468147998195]}, "coverage": {"657_fri_c2_250_10": [0.08000000000000007, 0.040000000000000036, 0.06000000000000005, 0.0, 0.020000000000000018]}, "tau": 0.9}, "DecisionTree": {"losses": {"657_fri_c2_250_10": [0.018835203281114137, 0.025345679155948632, 0.031110824836280766, 0.02439431814232025, 0.017426632885831083]}, "coverage": {"657_fri_c2_250_10": [0.020000000000000018, 0.09999999999999998, 0.09999999999999998, 0.08000000000000007, 0.12]}, "complexity": {"657_fri_c2_250_10": [17, 15, 13, 81, 35]}, "tau": 0.9}, "LinearQuantile": {"losses": {"657_fri_c2_250_10": [0.08694505314216276, 0.08485696015681198, 0.0852298773036173, 0.08551464151025129, 0.08574325040854412]}, "coverage": {"657_fri_c2_250_10": [0.54, 0.36, 0.46, 0.46, 0.48000000000000004]}, "complexity": {"657_fri_c2_250_10": [10, 10, 10, 10, 10]}, "tau": 0.9}}