{"SQR": {"losses": {"602_fri_c3_250_10": [0.007480830631436229, 0.009514508942106429, 0.007724295900764344, 0.0103163598700957, 0.011798283796150564]}, "coverage": {"602_fri_c3_250_10": [0.020000000000000018, 0.039999999999999925, 0.06000000000000005, 0.0, 0.020000000000000018]}, "complexity": {"602_fri_c3_250_10": [14, 6, 13, 7, 8]}, "time_all": {"602_fri_c3_250_10": [389.74212431907654, 348.96471667289734, 375.51482939720154, 371.6493136882782, 355.3726007938385]}, "time_fit": {"602_fri_c3_250_10": [389.74212431907654, 348.96471667289734, 375.51482939720154, 371.6493136882782, 355.3726007938385]}, "sizes": {"602_fri_c3_250_10": []}, "tau": 0.9}, "LightGBM": {"losses": {"602_fri_c3_250_10": [0.02873645622374976, 0.024495678809051447, 0.022134132363232386, 0.016270015069486974, 0.017822860476861786]}, "coverage": {"602_fri_c3_250_10": [0.039999999999999925, 0.039999999999999925, 0.08000000000000007, 0.020000000000000018, 0.039999999999999925]}, "time_all": {"602_fri_c3_250_10": [0.164764404296875, 0.13549566268920898, 0.12077951431274414, 0.11751413345336914, 0.1190187931060791]}, "time_fit": {"602_fri_c3_250_10": [0.027398109436035156, 0.03082108497619629, 0.028426170349121094, 0.0272216796875, 0.027829647064208984]}, "sizes": {"602_fri_c3_250_10": []}, "tau": 0.9}, "DecisionTree": {"losses": {"602_fri_c3_250_10": [0.020252961580782113, 0.020517729878022944, 0.020881390841761865, 0.025924323980248434, 0.020759128758839764]}, "coverage": {"602_fri_c3_250_10": [0.18000000000000005, 0.09999999999999998, 0.20000000000000007, 0.20000000000000007, 0.05999999999999994]}, "complexity": {"602_fri_c3_250_10": [81, 35, 35, 35, 9]}, "time_all": {"602_fri_c3_250_10": [0.060092926025390625, 0.053871870040893555, 0.029064178466796875, 0.02879786491394043, 0.028382539749145508]}, "time_fit": {"602_fri_c3_250_10": [0.009463071823120117, 0.0052187442779541016, 0.002779722213745117, 0.002752542495727539, 0.0015790462493896484]}, "sizes": {"602_fri_c3_250_10": []}, "tau": 0.9}, "LinearQuantile": {"losses": {"602_fri_c3_250_10": [0.06688286726747615, 0.06461254535152366, 0.08230125289568567, 0.0828974914733096, 0.060317107731581804]}, "coverage": {"602_fri_c3_250_10": [0.4, 0.4, 0.54, 0.56, 0.5800000000000001]}, "complexity": {"602_fri_c3_250_10": [10, 10, 10, 10, 10]}, "time_all": {"602_fri_c3_250_10": [0.9487769603729248, 0.24961137771606445, 0.16196322441101074, 0.4340839385986328, 0.14345335960388184]}, "time_fit": {"602_fri_c3_250_10": [0.08498811721801758, 0.022173643112182617, 0.014397621154785156, 0.039154767990112305, 0.012863397598266602]}, "sizes": {"602_fri_c3_250_10": []}, "tau": 0.9}}