{"SQR": {"losses": {"1028_SWD": [0.08916666666666667, 0.08583333333333333, 0.08083333333333333, 0.08583333333333333, 0.07416666666666667]}, "coverage": {"1028_SWD": [0.19999999999999996, 0.19999999999999996, 0.18999999999999995, 0.18500000000000005, 0.26]}, "complexity": {"1028_SWD": [3, 3, 3, 3, 3]}, "time_all": {"1028_SWD": [610.7840678691864, 604.1968293190002, 601.3337113857269, 615.6942729949951, 607.114134311676]}, "time_fit": {"1028_SWD": [610.7840678691864, 604.1968293190002, 601.3337113857269, 615.6942729949951, 607.114134311676]}, "sizes": {"1028_SWD": []}, "tau": 0.5}, "LightGBM": {"losses": {"1028_SWD": [0.0891723741314865, 0.08285813216138443, 0.07978942401472165, 0.08409761146908755, 0.07025652980357519]}, "coverage": {"1028_SWD": [0.08499999999999996, 0.04500000000000004, 0.050000000000000044, 0.025000000000000022, 0.13]}, "time_all": {"1028_SWD": [0.2857825756072998, 0.30729222297668457, 0.31660962104797363, 0.30930519104003906, 0.2811007499694824]}, "time_fit": {"1028_SWD": [0.06063222885131836, 0.055898427963256836, 0.06192803382873535, 0.05788898468017578, 0.05735898017883301]}, "sizes": {"1028_SWD": []}, "tau": 0.5}, "DecisionTree": {"losses": {"1028_SWD": [0.07333333333333333, 0.0775, 0.07291666666666667, 0.07791666666666668, 0.06083333333333333]}, "coverage": {"1028_SWD": [0.275, 0.28, 0.245, 0.245, 0.32499999999999996]}, "complexity": {"1028_SWD": [129, 203, 31, 121, 23]}, "time_all": {"1028_SWD": [0.05575990676879883, 0.05818748474121094, 0.10273194313049316, 0.055307626724243164, 0.051964759826660156]}, "time_fit": {"1028_SWD": [0.00674891471862793, 0.009637594223022461, 0.0055048465728759766, 0.006415367126464844, 0.0024080276489257812]}, "sizes": {"1028_SWD": []}, "tau": 0.5}, "LinearQuantile": {"losses": {"1028_SWD": [0.08790533878972671, 0.08169540479003685, 0.08276710752835538, 0.08630464831774588, 0.06848160475763894]}, "coverage": {"1028_SWD": [0.010000000000000009, 0.015000000000000013, 0.010000000000000009, 0.03999999999999998, 0.06000000000000005]}, "complexity": {"1028_SWD": [31, 31, 31, 31, 31]}, "time_all": {"1028_SWD": [1.639850378036499, 2.185760736465454, 1.6377596855163574, 1.7663307189941406, 1.8400192260742188]}, "time_fit": {"1028_SWD": [0.12769699096679688, 0.25126051902770996, 0.10391998291015625, 0.13723468780517578, 0.1448657512664795]}, "sizes": {"1028_SWD": []}, "tau": 0.5}}