{"SQR": {"losses": {"601_fri_c1_250_5": [0.03708701278752457, 0.013320068740978968, 0.018497176475664998, 0.02049352297805877, 0.021945825753612928]}, "coverage": {"601_fri_c1_250_5": [0.03999999999999998, 0.15999999999999998, 0.06000000000000005, 0.0, 0.12]}, "complexity": {"601_fri_c1_250_5": [8, 16, 15, 14, 16]}, "time_all": {"601_fri_c1_250_5": [389.6218230724335, 407.77996015548706, 398.51735973358154, 388.8231563568115, 394.489066362381]}, "time_fit": {"601_fri_c1_250_5": [389.6218230724335, 407.77996015548706, 398.51735973358154, 388.8231563568115, 394.489066362381]}, "sizes": {"601_fri_c1_250_5": []}, "tau": 0.5}, "LightGBM": {"losses": {"601_fri_c1_250_5": [0.05029843023343807, 0.03893291090376795, 0.04279714345721877, 0.03026225020998778, 0.049326125151735574]}, "coverage": {"601_fri_c1_250_5": [0.020000000000000018, 0.09999999999999998, 0.12, 0.03999999999999998, 0.040000000000000036]}, "time_all": {"601_fri_c1_250_5": [0.11407470703125, 0.13231420516967773, 0.14041805267333984, 0.11674737930297852, 0.11477971076965332]}, "time_fit": {"601_fri_c1_250_5": [0.027531862258911133, 0.028290748596191406, 0.034772396087646484, 0.027826547622680664, 0.027967453002929688]}, "sizes": {"601_fri_c1_250_5": []}, "tau": 0.5}, "DecisionTree": {"losses": {"601_fri_c1_250_5": [0.057256980061762656, 0.04651343061005671, 0.03746941341323438, 0.037613289979040745, 0.034892029976496285]}, "coverage": {"601_fri_c1_250_5": [0.0, 0.0, 0.040000000000000036, 0.18, 0.09999999999999998]}, "complexity": {"601_fri_c1_250_5": [79, 75, 79, 83, 81]}, "time_all": {"601_fri_c1_250_5": [0.028362035751342773, 0.027170419692993164, 0.028150320053100586, 0.0274960994720459, 0.027733564376831055]}, "time_fit": {"601_fri_c1_250_5": [0.00419306755065918, 0.0040204524993896484, 0.004198312759399414, 0.0043070316314697266, 0.004225015640258789]}, "sizes": {"601_fri_c1_250_5": []}, "tau": 0.5}, "LinearQuantile": {"losses": {"601_fri_c1_250_5": [0.08293724783096701, 0.06566068948025729, 0.072770165613325, 0.06440017333330648, 0.07121005490757383]}, "coverage": {"601_fri_c1_250_5": [0.06, 0.020000000000000018, 0.06, 0.040000000000000036, 0.020000000000000018]}, "complexity": {"601_fri_c1_250_5": [5, 5, 5, 5, 5]}, "time_all": {"601_fri_c1_250_5": [0.2675039768218994, 0.08979010581970215, 0.03837299346923828, 0.14514851570129395, 0.06685209274291992]}, "time_fit": {"601_fri_c1_250_5": [0.023967981338500977, 0.007886886596679688, 0.003176450729370117, 0.012857675552368164, 0.005785703659057617]}, "sizes": {"601_fri_c1_250_5": []}, "tau": 0.5}}