{"SQR": {"losses": {"529_pollen": [0.013792499600820402, 0.01462714021507254, 0.013357108265115698, 0.012141970772918466, 0.014324073980945096]}, "coverage": {"529_pollen": [0.010389610389610393, 0.0025974025974025983, 0.0051948051948051965, 0.0027308192457737857, 0.0053315994798439625]}, "complexity": {"529_pollen": [5, 5, 5, 8, 5]}, "tau": 0.9}, "LightGBM": {"losses": {"529_pollen": [0.01516915257186542, 0.01529947901089294, 0.014665248842785446, 0.01513955260427273, 0.014799437803735974]}, "coverage": {"529_pollen": [0.0, 0.009090909090909038, 0.0012987012987013546, 0.027178153446033804, 0.03237971391417427]}, "tau": 0.9}, "DecisionTree": {"losses": {"529_pollen": [0.01574724242757039, 0.014761671829959817, 0.014563810703846249, 0.01485644167321212, 0.014511129214932491]}, "coverage": {"529_pollen": [0.0714285714285714, 0.045454545454545525, 0.05974025974025976, 0.04954486345903775, 0.019635890767230157]}, "complexity": {"529_pollen": [107, 149, 239, 237, 153]}, "tau": 0.9}, "LinearQuantile": {"losses": {"529_pollen": [0.026091667755701462, 0.02454788102345529, 0.025915273082067786, 0.023281951292334496, 0.02371896465504734]}, "coverage": {"529_pollen": [0.4103896103896104, 0.3974025974025974, 0.4038961038961039, 0.3733420026007802, 0.3889466840052016]}, "complexity": {"529_pollen": [4, 4, 4, 4, 4]}, "tau": 0.9}}