{"SQR": {"losses": {"612_fri_c1_1000_5": [0.004340070976803523, 0.011237775352744221, 0.004553591336177776, 0.0048774108924597, 0.014842536504823072]}, "coverage": {"612_fri_c1_1000_5": [0.020000000000000018, 0.010000000000000009, 0.010000000000000009, 0.020000000000000018, 0.040000000000000036]}, "complexity": {"612_fri_c1_1000_5": [16, 11, 16, 15, 10]}, "time_all": {"612_fri_c1_1000_5": [807.6923196315765, 767.6686940193176, 781.9860820770264, 833.8214926719666, 743.6189754009247]}, "time_fit": {"612_fri_c1_1000_5": [807.6923196315765, 767.6686940193176, 781.9860820770264, 833.8214926719666, 743.6189754009247]}, "sizes": {"612_fri_c1_1000_5": []}, "tau": 0.9}, "LightGBM": {"losses": {"612_fri_c1_1000_5": [0.017532728777970182, 0.020155119108495687, 0.019391886948660092, 0.01919053747104464, 0.020426565255087823]}, "coverage": {"612_fri_c1_1000_5": [0.0, 0.0050000000000000044, 0.020000000000000018, 0.015000000000000013, 0.015000000000000013]}, "time_all": {"612_fri_c1_1000_5": [0.3409757614135742, 0.25955939292907715, 0.28874659538269043, 0.25896763801574707, 0.23575162887573242]}, "time_fit": {"612_fri_c1_1000_5": [0.06244087219238281, 0.05499911308288574, 0.0579838752746582, 0.05156707763671875, 0.048790693283081055]}, "sizes": {"612_fri_c1_1000_5": []}, "tau": 0.9}, "DecisionTree": {"losses": {"612_fri_c1_1000_5": [0.016235451869364762, 0.017798766032713288, 0.01686074871382217, 0.017282119959873856, 0.018769461771355276]}, "coverage": {"612_fri_c1_1000_5": [0.0, 0.08999999999999997, 0.19500000000000006, 0.010000000000000009, 0.08000000000000007]}, "complexity": {"612_fri_c1_1000_5": [31, 39, 331, 23, 59]}, "time_all": {"612_fri_c1_1000_5": [0.1347663402557373, 0.06903719902038574, 0.15938329696655273, 0.12983059883117676, 0.07025027275085449]}, "time_fit": {"612_fri_c1_1000_5": [0.0069980621337890625, 0.004048585891723633, 0.03169870376586914, 0.0059814453125, 0.005097389221191406]}, "sizes": {"612_fri_c1_1000_5": []}, "tau": 0.9}, "LinearQuantile": {"losses": {"612_fri_c1_1000_5": [0.07745083441842866, 0.06807662308226957, 0.07006140566670611, 0.06636107825919196, 0.06662932893853618]}, "coverage": {"612_fri_c1_1000_5": [0.47000000000000003, 0.4, 0.44, 0.42500000000000004, 0.435]}, "complexity": {"612_fri_c1_1000_5": [5, 5, 5, 5, 5]}, "time_all": {"612_fri_c1_1000_5": [0.4069089889526367, 0.5360252857208252, 0.5257952213287354, 0.22322940826416016, 0.09041595458984375]}, "time_fit": {"612_fri_c1_1000_5": [0.03564953804016113, 0.04846310615539551, 0.0471186637878418, 0.0194704532623291, 0.00789785385131836]}, "sizes": {"612_fri_c1_1000_5": []}, "tau": 0.9}}