{"SQR": {"losses": {"590_fri_c0_1000_50": [0.025423783555249428, 0.015736186433070277, 0.02817624355330645, 0.02660457541755206, 0.014355262995462349]}, "coverage": {"590_fri_c0_1000_50": [0.37, 0.33999999999999997, 0.405, 0.49000000000000005, 0.4]}, "complexity": {"590_fri_c0_1000_50": [11, 11, 9, 10, 17]}, "tau": 0.5}, "LightGBM": {"losses": {"590_fri_c0_1000_50": [0.037989674418798414, 0.0385102914574657, 0.032499297658924446, 0.03979916145960384, 0.03271517337051123]}, "coverage": {"590_fri_c0_1000_50": [0.47500000000000003, 0.42500000000000004, 0.38, 0.42000000000000004, 0.355]}, "tau": 0.5}, "DecisionTree": {"losses": {"590_fri_c0_1000_50": [0.04674340112966081, 0.051468281003818526, 0.04324259432919129, 0.04734319667739636, 0.03722201173054556]}, "coverage": {"590_fri_c0_1000_50": [0.42000000000000004, 0.445, 0.365, 0.45, 0.35]}, "complexity": {"590_fri_c0_1000_50": [37, 65, 323, 61, 37]}, "tau": 0.5}, "LinearQuantile": {"losses": {"590_fri_c0_1000_50": [0.04156902628012624, 0.04215416262757563, 0.037148419342851034, 0.03739691535603717, 0.03646760700574826]}, "coverage": {"590_fri_c0_1000_50": [0.46, 0.47000000000000003, 0.41000000000000003, 0.445, 0.44]}, "complexity": {"590_fri_c0_1000_50": [50, 50, 50, 50, 50]}, "tau": 0.5}}