{"SQR": {"losses": {"1028_SWD": [0.10450000000000002, 0.09849999999999999, 0.09883333333333334, 0.10516666666666667, 0.08016666666666665]}, "coverage": {"1028_SWD": [0.20000000000000007, 0.20000000000000007, 0.21000000000000008, 0.21499999999999997, 0.14]}, "complexity": {"1028_SWD": [3, 3, 3, 3, 3]}, "tau": 0.5}, "LightGBM": {"losses": {"1028_SWD": [0.09038491102014422, 0.0805029999671437, 0.08204165521809886, 0.07974003714398684, 0.052656845748383065]}, "coverage": {"1028_SWD": [0.31500000000000006, 0.355, 0.35, 0.375, 0.27]}, "tau": 0.5}, "DecisionTree": {"losses": {"1028_SWD": [0.076, 0.07083333333333333, 0.07658333333333334, 0.08158333333333334, 0.06016666666666667]}, "coverage": {"1028_SWD": [0.125, 0.12, 0.15500000000000003, 0.15500000000000003, 0.07500000000000007]}, "complexity": {"1028_SWD": [129, 203, 31, 121, 23]}, "tau": 0.5}, "LinearQuantile": {"losses": {"1028_SWD": [0.09271071756444865, 0.0808066558684775, 0.09355310349284451, 0.09325605910103361, 0.06286471219399646]}, "coverage": {"1028_SWD": [0.39, 0.385, 0.39, 0.44, 0.33999999999999997]}, "complexity": {"1028_SWD": [31, 31, 31, 31, 31]}, "tau": 0.5}}