{"SQR": {"losses": {"601_fri_c1_250_5": [0.014123526705122708, 0.005536153028591986, 0.00974120703144518, 0.008730428956192358, 0.0055714617182887165]}, "coverage": {"601_fri_c1_250_5": [0.08000000000000007, 0.12, 0.0, 0.06000000000000005, 0.039999999999999925]}, "complexity": {"601_fri_c1_250_5": [13, 15, 12, 12, 16]}, "tau": 0.9}, "LightGBM": {"losses": {"601_fri_c1_250_5": [0.031646606260695834, 0.0259295459200643, 0.02177072913904126, 0.025461727221831584, 0.026275765223026302]}, "coverage": {"601_fri_c1_250_5": [0.06000000000000005, 0.039999999999999925, 0.039999999999999925, 0.020000000000000018, 0.06000000000000005]}, "tau": 0.9}, "DecisionTree": {"losses": {"601_fri_c1_250_5": [0.03248492300115433, 0.02461040942856811, 0.020079357487037486, 0.019671425488553752, 0.016771834650592513]}, "coverage": {"601_fri_c1_250_5": [0.09999999999999998, 0.0, 0.0, 0.06000000000000005, 0.040000000000000036]}, "complexity": {"601_fri_c1_250_5": [7, 9, 15, 15, 37]}, "tau": 0.9}, "LinearQuantile": {"losses": {"601_fri_c1_250_5": [0.09365181502577716, 0.0680385620004487, 0.08242399942173093, 0.06551448000158118, 0.07682229925189936]}, "coverage": {"601_fri_c1_250_5": [0.46, 0.4, 0.5, 0.4, 0.44]}, "complexity": {"601_fri_c1_250_5": [5, 5, 5, 5, 5]}, "tau": 0.9}}