{"SQR": {"losses": {"605_fri_c2_250_25": [0.009944925483841011, 0.022664865383935338, 0.011402373130536709, 0.01744390508212078, 0.004825538466244649]}, "coverage": {"605_fri_c2_250_25": [0.05999999999999994, 0.06000000000000005, 0.020000000000000018, 0.020000000000000018, 0.09999999999999998]}, "complexity": {"605_fri_c2_250_25": [15, 9, 13, 8, 16]}, "time_all": {"605_fri_c2_250_25": [439.6320471763611, 407.14492678642273, 426.3025164604187, 435.62224555015564, 451.63573956489563]}, "time_fit": {"605_fri_c2_250_25": [439.6320471763611, 407.14492678642273, 426.3025164604187, 435.62224555015564, 451.63573956489563]}, "sizes": {"605_fri_c2_250_25": []}, "tau": 0.9}, "LightGBM": {"losses": {"605_fri_c2_250_25": [0.025886255758530676, 0.03047129255338336, 0.03158524301872526, 0.022594628857713565, 0.028915813421993043]}, "coverage": {"605_fri_c2_250_25": [0.0, 0.020000000000000018, 0.08000000000000007, 0.020000000000000018, 0.040000000000000036]}, "time_all": {"605_fri_c2_250_25": [0.16957640647888184, 0.11251473426818848, 0.10605788230895996, 0.1235501766204834, 0.11904501914978027]}, "time_fit": {"605_fri_c2_250_25": [0.023269176483154297, 0.026812076568603516, 0.02464008331298828, 0.022673845291137695, 0.022167444229125977]}, "sizes": {"605_fri_c2_250_25": []}, "tau": 0.9}, "DecisionTree": {"losses": {"605_fri_c2_250_25": [0.020954352598760075, 0.02381263896915577, 0.026536877753624132, 0.022383750289283015, 0.027105511256181956]}, "coverage": {"605_fri_c2_250_25": [0.0, 0.020000000000000018, 0.06000000000000005, 0.0, 0.06000000000000005]}, "complexity": {"605_fri_c2_250_25": [9, 7, 15, 5, 17]}, "time_all": {"605_fri_c2_250_25": [0.06752538681030273, 0.033995866775512695, 0.03552532196044922, 0.03422355651855469, 0.035865068435668945]}, "time_fit": {"605_fri_c2_250_25": [0.00398707389831543, 0.0018513202667236328, 0.002561330795288086, 0.0016009807586669922, 0.002687215805053711]}, "sizes": {"605_fri_c2_250_25": []}, "tau": 0.9}, "LinearQuantile": {"losses": {"605_fri_c2_250_25": [0.09223070981964306, 0.07377247551347951, 0.11038479470904945, 0.09408408857114918, 0.0886866617329567]}, "coverage": {"605_fri_c2_250_25": [0.44, 0.36, 0.48000000000000004, 0.46, 0.4]}, "complexity": {"605_fri_c2_250_25": [25, 25, 25, 25, 25]}, "time_all": {"605_fri_c2_250_25": [0.5341134071350098, 1.4452247619628906, 1.4466156959533691, 0.8802447319030762, 0.5384194850921631]}, "time_fit": {"605_fri_c2_250_25": [0.04687142372131348, 0.131056547164917, 0.13147735595703125, 0.08001351356506348, 0.04858732223510742]}, "sizes": {"605_fri_c2_250_25": []}, "tau": 0.9}}