{"SQR": {"losses": {"485_analcatdata_vehicle": [0.02800522229144716, 0.009669698731514008, 0.027504770012373742, 0.056331178629301946, 0.06725093145785861]}, "coverage": {"485_analcatdata_vehicle": [0.0, 0.0, 0.20000000000000007, 0.2333333333333334, 0.12222222222222223]}, "complexity": {"485_analcatdata_vehicle": [21, 17, 19, 10, 19]}, "time_all": {"485_analcatdata_vehicle": [266.39742398262024, 251.49382829666138, 252.24619817733765, 271.3408191204071, 267.06852316856384]}, "time_fit": {"485_analcatdata_vehicle": [266.39742398262024, 251.49382829666138, 252.24619817733765, 271.3408191204071, 267.06852316856384]}, "sizes": {"485_analcatdata_vehicle": []}, "tau": 0.9}, "LightGBM": {"losses": {"485_analcatdata_vehicle": [0.06986188182514674, 0.055966847456621185, 0.04575506108461382, 0.03862696726287536, 0.09138532107364723]}, "coverage": {"485_analcatdata_vehicle": [0.09999999999999998, 0.09999999999999998, 0.09999999999999998, 0.09999999999999998, 0.2333333333333334]}, "time_all": {"485_analcatdata_vehicle": [0.3005223274230957, 0.020480632781982422, 0.020127296447753906, 0.0200655460357666, 0.02260565757751465]}, "time_fit": {"485_analcatdata_vehicle": [0.003901958465576172, 0.0025854110717773438, 0.00254058837890625, 0.002496004104614258, 0.002929210662841797]}, "sizes": {"485_analcatdata_vehicle": []}, "tau": 0.9}, "DecisionTree": {"losses": {"485_analcatdata_vehicle": [0.05610681399631676, 0.016596685082872924, 0.019839779005524857, 0.030491098833640273, 0.05334356455903416]}, "coverage": {"485_analcatdata_vehicle": [0.09999999999999998, 0.09999999999999998, 0.09999999999999998, 0.12222222222222223, 0.2333333333333334]}, "complexity": {"485_analcatdata_vehicle": [7, 13, 13, 15, 5]}, "time_all": {"485_analcatdata_vehicle": [0.02820897102355957, 0.015001058578491211, 0.015123605728149414, 0.015458106994628906, 0.015320062637329102]}, "time_fit": {"485_analcatdata_vehicle": [0.002020597457885742, 0.0012831687927246094, 0.0012726783752441406, 0.0013587474822998047, 0.000986337661743164]}, "sizes": {"485_analcatdata_vehicle": []}, "tau": 0.9}, "LinearQuantile": {"losses": {"485_analcatdata_vehicle": [0.03949355436735876, 0.022664211238432864, 0.028195211666789486, 0.022924480061385793, 0.06607325557752619]}, "coverage": {"485_analcatdata_vehicle": [0.09999999999999998, 0.20000000000000007, 0.0, 0.011111111111111183, 0.12222222222222223]}, "complexity": {"485_analcatdata_vehicle": [12, 12, 12, 12, 12]}, "time_all": {"485_analcatdata_vehicle": [0.15134668350219727, 0.10199141502380371, 0.07787513732910156, 3.6352956295013428, 0.08456110954284668]}, "time_fit": {"485_analcatdata_vehicle": [0.012567520141601562, 0.008880853652954102, 0.0067653656005859375, 0.40253305435180664, 0.008157014846801758]}, "sizes": {"485_analcatdata_vehicle": []}, "tau": 0.9}}