{"SQR": {"losses": {"582_fri_c1_500_25": [0.02853237787930569, 0.034210349954211725, 0.011843640882542765, 0.027007912448960777, 0.022072329196529978]}, "coverage": {"582_fri_c1_500_25": [0.38, 0.41000000000000003, 0.30000000000000004, 0.43000000000000005, 0.42000000000000004]}, "complexity": {"582_fri_c1_500_25": [13, 8, 19, 13, 11]}, "tau": 0.5}, "LightGBM": {"losses": {"582_fri_c1_500_25": [0.04379182136319288, 0.039232922335740134, 0.03568244812209111, 0.03808563841675453, 0.035405050156069866]}, "coverage": {"582_fri_c1_500_25": [0.5, 0.38, 0.37, 0.37, 0.37]}, "tau": 0.5}, "DecisionTree": {"losses": {"582_fri_c1_500_25": [0.04606453099722988, 0.033480853799960145, 0.032721901473559446, 0.04268853568510328, 0.043139016539343836]}, "coverage": {"582_fri_c1_500_25": [0.44, 0.33999999999999997, 0.31000000000000005, 0.42000000000000004, 0.47000000000000003]}, "complexity": {"582_fri_c1_500_25": [157, 171, 73, 161, 33]}, "tau": 0.5}, "LinearQuantile": {"losses": {"582_fri_c1_500_25": [0.08743915786134036, 0.077754453299119, 0.07671781142304125, 0.07490614244843663, 0.06905906891508322]}, "coverage": {"582_fri_c1_500_25": [0.42000000000000004, 0.4, 0.41000000000000003, 0.37, 0.35]}, "complexity": {"582_fri_c1_500_25": [25, 25, 25, 25, 25]}, "tau": 0.5}}