{"SQR": {"losses": {"597_fri_c2_500_5": [0.009593335609169825, 0.017798835950351317, 0.028292288339972875, 0.02675547487588994, 0.015779978805060792]}, "coverage": {"597_fri_c2_500_5": [0.31000000000000005, 0.45, 0.48000000000000004, 0.48000000000000004, 0.29000000000000004]}, "complexity": {"597_fri_c2_500_5": [18, 15, 10, 11, 16]}, "tau": 0.5}, "LightGBM": {"losses": {"597_fri_c2_500_5": [0.027018375567652173, 0.03215195718133278, 0.031173802181310935, 0.036232102495653715, 0.03565205815721015]}, "coverage": {"597_fri_c2_500_5": [0.33999999999999997, 0.31000000000000005, 0.4, 0.51, 0.43000000000000005]}, "tau": 0.5}, "DecisionTree": {"losses": {"597_fri_c2_500_5": [0.03441233154672151, 0.03760325882169315, 0.03910494476335957, 0.04491829431333465, 0.042715916074215675]}, "coverage": {"597_fri_c2_500_5": [0.36, 0.33000000000000007, 0.43000000000000005, 0.53, 0.43000000000000005]}, "complexity": {"597_fri_c2_500_5": [161, 73, 165, 69, 71]}, "tau": 0.5}, "LinearQuantile": {"losses": {"597_fri_c2_500_5": [0.07386145076568032, 0.06705117811624021, 0.07792223167062126, 0.08565801874483735, 0.08775084579989066]}, "coverage": {"597_fri_c2_500_5": [0.35, 0.4, 0.43000000000000005, 0.46, 0.45]}, "complexity": {"597_fri_c2_500_5": [5, 5, 5, 5, 5]}, "tau": 0.5}}