{"SQR": {"losses": {"583_fri_c1_1000_50": [0.013942558621876095, 0.027138728007632767, 0.024432005802394248, 0.018251592817625766, 0.03362210426796191]}, "coverage": {"583_fri_c1_1000_50": [0.025000000000000022, 0.034999999999999976, 0.09499999999999997, 0.05500000000000005, 0.010000000000000009]}, "complexity": {"583_fri_c1_1000_50": [15, 12, 12, 19, 10]}, "time_all": {"583_fri_c1_1000_50": [838.9067003726959, 823.5948762893677, 848.8035275936127, 840.5441224575043, 868.3776338100433]}, "time_fit": {"583_fri_c1_1000_50": [838.9067003726959, 823.5948762893677, 848.8035275936127, 840.5441224575043, 868.3776338100433]}, "sizes": {"583_fri_c1_1000_50": []}, "tau": 0.5}, "LightGBM": {"losses": {"583_fri_c1_1000_50": [0.031019975972245536, 0.036756880727883565, 0.03207316599760979, 0.03472317015715724, 0.03415482378360349]}, "coverage": {"583_fri_c1_1000_50": [0.0050000000000000044, 0.04500000000000004, 0.030000000000000027, 0.03999999999999998, 0.020000000000000018]}, "time_all": {"583_fri_c1_1000_50": [0.4104907512664795, 0.3896617889404297, 0.40235066413879395, 0.4544076919555664, 0.4541752338409424]}, "time_fit": {"583_fri_c1_1000_50": [0.07395768165588379, 0.0762021541595459, 0.07825040817260742, 0.08169221878051758, 0.08378148078918457]}, "sizes": {"583_fri_c1_1000_50": []}, "tau": 0.5}, "DecisionTree": {"losses": {"583_fri_c1_1000_50": [0.04229800349447675, 0.03915745582827827, 0.038719280652483486, 0.03756545105184892, 0.039710936597704555]}, "coverage": {"583_fri_c1_1000_50": [0.05500000000000005, 0.015000000000000013, 0.015000000000000013, 0.025000000000000022, 0.0]}, "complexity": {"583_fri_c1_1000_50": [139, 139, 139, 137, 59]}, "time_all": {"583_fri_c1_1000_50": [0.26361680030822754, 0.2630124092102051, 0.26534318923950195, 0.49631285667419434, 0.4811122417449951]}, "time_fit": {"583_fri_c1_1000_50": [0.0300295352935791, 0.029830217361450195, 0.030681848526000977, 0.05604243278503418, 0.041411399841308594]}, "sizes": {"583_fri_c1_1000_50": []}, "tau": 0.5}, "LinearQuantile": {"losses": {"583_fri_c1_1000_50": [0.07508249685708238, 0.07840952524105547, 0.07367685279038455, 0.07844014787644366, 0.08185817663473517]}, "coverage": {"583_fri_c1_1000_50": [0.044999999999999984, 0.020000000000000018, 0.020000000000000018, 0.030000000000000027, 0.010000000000000009]}, "complexity": {"583_fri_c1_1000_50": [50, 50, 50, 50, 50]}, "time_all": {"583_fri_c1_1000_50": [73.49397230148315, 54.336669921875, 4.618950366973877, 5.486579895019531, 18.88491463661194]}, "time_fit": {"583_fri_c1_1000_50": [2.2067739963531494, 0.46815919876098633, 0.408397912979126, 0.4597470760345459, 1.670233964920044]}, "sizes": {"583_fri_c1_1000_50": []}, "tau": 0.5}}