{"SQR": {"losses": {"556_analcatdata_apnea2": [0.008660022688769442, 0.015348982729243243, 0.00437042331889112, 0.007865317478764676, 0.007617214489591652]}, "coverage": {"556_analcatdata_apnea2": [0.32105263157894737, 0.39473684210526316, 0.23684210526315796, 0.2578947368421053, 0.3421052631578948]}, "complexity": {"556_analcatdata_apnea2": [17, 3, 12, 5, 11]}, "tau": 0.5}, "LightGBM": {"losses": {"556_analcatdata_apnea2": [0.0404510785109407, 0.029890961902310095, 0.020867489729755086, 0.026996753226827357, 0.013057447996858759]}, "coverage": {"556_analcatdata_apnea2": [0.32105263157894737, 0.38421052631578945, 0.21578947368421053, 0.23684210526315796, 0.32105263157894737]}, "tau": 0.5}, "DecisionTree": {"losses": {"556_analcatdata_apnea2": [0.00636145917974597, 0.009957008803066558, 0.004412900060097641, 0.005361587478082368, 0.00763606938914236]}, "coverage": {"556_analcatdata_apnea2": [0.22631578947368425, 0.32105263157894737, 0.1947368421052632, 0.15263157894736845, 0.30000000000000004]}, "complexity": {"556_analcatdata_apnea2": [135, 55, 57, 135, 127]}, "tau": 0.5}, "LinearQuantile": {"losses": {"556_analcatdata_apnea2": [0.04593098277676367, 0.03627561678717859, 0.02422772279700217, 0.031191819604575663, 0.01756140085375751]}, "coverage": {"556_analcatdata_apnea2": [0.4368421052631579, 0.4789473684210527, 0.3315789473684211, 0.37368421052631584, 0.5105263157894737]}, "complexity": {"556_analcatdata_apnea2": [11, 11, 11, 11, 11]}, "tau": 0.5}}