{"SQR": {"losses": {"505_tecator": [0.005432111401220929, 0.008085330369471207, 0.0062382836733243805, 0.003956115127980468, 0.004642815013906978]}, "coverage": {"505_tecator": [0.0625, 0.04166666666666663, 0.020833333333333315, 0.0625, 0.0]}, "complexity": {"505_tecator": [14, 10, 12, 15, 12]}, "time_all": {"505_tecator": [385.1763460636139, 414.97325706481934, 408.58543157577515, 396.383141040802, 410.791978597641]}, "time_fit": {"505_tecator": [385.1763460636139, 414.97325706481934, 408.58543157577515, 396.383141040802, 410.791978597641]}, "sizes": {"505_tecator": []}, "tau": 0.5}, "LightGBM": {"losses": {"505_tecator": [0.02144123533895661, 0.015835559365283566, 0.018263824128968244, 0.036071425897400304, 0.01129383630063214]}, "coverage": {"505_tecator": [0.0, 0.08333333333333331, 0.041666666666666685, 0.0, 0.04166666666666663]}, "time_all": {"505_tecator": [0.14858412742614746, 0.16972088813781738, 0.1495964527130127, 0.14433073997497559, 0.1668078899383545]}, "time_fit": {"505_tecator": [0.03799128532409668, 0.04066324234008789, 0.04119157791137695, 0.038266658782958984, 0.04288911819458008]}, "sizes": {"505_tecator": []}, "tau": 0.5}, "DecisionTree": {"losses": {"505_tecator": [0.012436704478614983, 0.011885127174939773, 0.012250434973001026, 0.011584925895970072, 0.013635704865967909]}, "coverage": {"505_tecator": [0.02083333333333337, 0.0625, 0.04166666666666663, 0.08333333333333331, 0.20833333333333337]}, "complexity": {"505_tecator": [75, 75, 73, 77, 33]}, "time_all": {"505_tecator": [0.07596921920776367, 0.0765085220336914, 0.07735538482666016, 0.14469099044799805, 0.07332587242126465]}, "time_fit": {"505_tecator": [0.011310577392578125, 0.011380910873413086, 0.01169729232788086, 0.02168440818786621, 0.008159399032592773]}, "sizes": {"505_tecator": []}, "tau": 0.5}, "LinearQuantile": {"losses": {"505_tecator": [0.004036931527469786, 0.005995377017544077, 0.005060198951459709, 0.005047402455736275, 0.003249085409292202]}, "coverage": {"505_tecator": [0.08333333333333331, 0.125, 0.020833333333333315, 0.04166666666666663, 0.041666666666666685]}, "complexity": {"505_tecator": [124, 124, 124, 124, 124]}, "time_all": {"505_tecator": [212.14167165756226, 222.18228816986084, 216.1816370487213, 198.98918294906616, 212.53045344352722]}, "time_fit": {"505_tecator": [23.611549139022827, 29.05293321609497, 23.163216590881348, 7.417309761047363, 25.33781337738037]}, "sizes": {"505_tecator": []}, "tau": 0.5}}