{"SQR": {"losses": {"623_fri_c4_1000_10": [0.01781684796347615, 0.013320068329525822, 0.01548407870709548, 0.011159224894155047, 0.013752280937106561]}, "coverage": {"623_fri_c4_1000_10": [0.33999999999999997, 0.455, 0.445, 0.375, 0.35]}, "complexity": {"623_fri_c4_1000_10": [11, 14, 12, 11, 13]}, "tau": 0.5}, "LightGBM": {"losses": {"623_fri_c4_1000_10": [0.021492813871628075, 0.022872333270727647, 0.025450287681519867, 0.020808282334656522, 0.025631322168131427]}, "coverage": {"623_fri_c4_1000_10": [0.395, 0.4, 0.41000000000000003, 0.36, 0.42500000000000004]}, "tau": 0.5}, "DecisionTree": {"losses": {"623_fri_c4_1000_10": [0.027261217255424502, 0.0205204826645551, 0.023568696616776175, 0.02537589728317573, 0.022092022045144283]}, "coverage": {"623_fri_c4_1000_10": [0.42500000000000004, 0.355, 0.405, 0.405, 0.365]}, "complexity": {"623_fri_c4_1000_10": [337, 315, 321, 141, 321]}, "tau": 0.5}, "LinearQuantile": {"losses": {"623_fri_c4_1000_10": [0.05039795916346704, 0.05062682224699334, 0.05334433722303398, 0.05398746566032842, 0.057964388079968746]}, "coverage": {"623_fri_c4_1000_10": [0.405, 0.405, 0.385, 0.38, 0.495]}, "complexity": {"623_fri_c4_1000_10": [10, 10, 10, 10, 10]}, "tau": 0.5}}