{"SQR": {"losses": {"612_fri_c1_1000_5": [0.004362622983644999, 0.009451838149638044, 0.006147771056676578, 0.0094830048970525, 0.01037083138241864]}, "coverage": {"612_fri_c1_1000_5": [0.020000000000000018, 0.06500000000000006, 0.010000000000000009, 0.030000000000000027, 0.015000000000000013]}, "complexity": {"612_fri_c1_1000_5": [15, 12, 15, 11, 12]}, "tau": 0.9}, "LightGBM": {"losses": {"612_fri_c1_1000_5": [0.017532728777970182, 0.020155119108495687, 0.019391886948660092, 0.01919053747104464, 0.020426565255087823]}, "coverage": {"612_fri_c1_1000_5": [0.0, 0.0050000000000000044, 0.020000000000000018, 0.015000000000000013, 0.015000000000000013]}, "tau": 0.9}, "DecisionTree": {"losses": {"612_fri_c1_1000_5": [0.016235451869364762, 0.017798766032713288, 0.01686074871382217, 0.017282119959873856, 0.018769461771355276]}, "coverage": {"612_fri_c1_1000_5": [0.0, 0.08999999999999997, 0.19500000000000006, 0.010000000000000009, 0.08000000000000007]}, "complexity": {"612_fri_c1_1000_5": [31, 39, 331, 23, 59]}, "tau": 0.9}, "LinearQuantile": {"losses": {"612_fri_c1_1000_5": [0.07745083441842866, 0.06807662308226957, 0.07006140566670611, 0.06636107825919196, 0.06662932893853618]}, "coverage": {"612_fri_c1_1000_5": [0.47000000000000003, 0.4, 0.44, 0.42500000000000004, 0.435]}, "complexity": {"612_fri_c1_1000_5": [5, 5, 5, 5, 5]}, "tau": 0.9}}