{"SQR": {"losses": {"618_fri_c3_1000_50": [0.017833546943783272, 0.011808642342329232, 0.017202384223052487, 0.01388235560779295, 0.025338523727280488]}, "coverage": {"618_fri_c3_1000_50": [0.38, 0.30500000000000005, 0.445, 0.37, 0.435]}, "complexity": {"618_fri_c3_1000_50": [16, 13, 13, 14, 8]}, "tau": 0.5}, "LightGBM": {"losses": {"618_fri_c3_1000_50": [0.02687951504157142, 0.02188449772253141, 0.02878992191090227, 0.028095162392026737, 0.02712815244475744]}, "coverage": {"618_fri_c3_1000_50": [0.39, 0.41500000000000004, 0.41500000000000004, 0.445, 0.355]}, "tau": 0.5}, "DecisionTree": {"losses": {"618_fri_c3_1000_50": [0.026520383703199316, 0.027768188049189502, 0.029146577660046656, 0.02923363840561416, 0.02973692200769619]}, "coverage": {"618_fri_c3_1000_50": [0.385, 0.385, 0.39, 0.4, 0.3350000000000001]}, "complexity": {"618_fri_c3_1000_50": [133, 61, 135, 139, 61]}, "tau": 0.5}, "LinearQuantile": {"losses": {"618_fri_c3_1000_50": [0.0670289938480904, 0.05523344662571284, 0.06279111259276227, 0.06450319359711959, 0.06407539126465492]}, "coverage": {"618_fri_c3_1000_50": [0.45, 0.39, 0.42000000000000004, 0.455, 0.41000000000000003]}, "complexity": {"618_fri_c3_1000_50": [50, 50, 50, 50, 50]}, "tau": 0.5}}