{"SQR": {"losses": {"1199_BNG_echoMonths": [0.029516137140066994, 0.029800428230136955, 0.02988038441663222, 0.02998433720205632, 0.029274799119009973]}, "coverage": {"1199_BNG_echoMonths": [0.0, 0.003458130894541278, 0.003400971706201794, 0.0028865390111461053, 0.0022577879394112266]}, "complexity": {"1199_BNG_echoMonths": [3, 3, 3, 4, 3]}, "tau": 0.9}, "LightGBM": {"losses": {"1199_BNG_echoMonths": [0.027710650666943476, 0.02760116146332616, 0.02801446428914458, 0.02827204645423486, 0.027217221627201717]}, "coverage": {"1199_BNG_echoMonths": [0.013142857142857123, 0.0031151757645041522, 0.007973706773363842, 0.0028293798228065103, 0.006258931123177991]}, "tau": 0.9}, "DecisionTree": {"losses": {"1199_BNG_echoMonths": [0.027875493174197956, 0.02831542468420348, 0.029632219601642994, 0.02924817714526475, 0.028190652151146182]}, "coverage": {"1199_BNG_echoMonths": [0.011714285714285788, 0.022034867104887113, 0.028608173763932543, 0.03346670477279223, 0.02946556158902547]}, "complexity": {"1199_BNG_echoMonths": [451, 485, 447, 453, 449]}, "tau": 0.9}, "LinearQuantile": {"losses": {"1199_BNG_echoMonths": [0.028071273740688046, 0.028301206080561147, 0.02825484827225244, 0.0283913748243473, 0.027745148975742942]}, "coverage": {"1199_BNG_echoMonths": [0.006000000000000005, 0.005172906544727129, 0.0025435838811088685, 0.007745070020005684, 0.0019719919977135847]}, "complexity": {"1199_BNG_echoMonths": [12, 12, 12, 12, 12]}, "tau": 0.9}}