{"SQR": {"losses": {"641_fri_c1_500_10": [0.007920890305812887, 0.005669945204574316, 0.006760241864732918, 0.01127547719231795, 0.010916291839277675]}, "coverage": {"641_fri_c1_500_10": [0.020000000000000018, 0.020000000000000018, 0.0, 0.09999999999999998, 0.010000000000000009]}, "complexity": {"641_fri_c1_500_10": [14, 16, 16, 13, 11]}, "time_all": {"641_fri_c1_500_10": [496.6824896335602, 461.65186309814453, 468.5108735561371, 465.87165546417236, 473.8034133911133]}, "time_fit": {"641_fri_c1_500_10": [496.6824896335602, 461.65186309814453, 468.5108735561371, 465.87165546417236, 473.8034133911133]}, "sizes": {"641_fri_c1_500_10": []}, "tau": 0.9}, "LightGBM": {"losses": {"641_fri_c1_500_10": [0.025026531226881397, 0.024010674486257377, 0.02056518484483482, 0.019011153995498017, 0.024606536728610018]}, "coverage": {"641_fri_c1_500_10": [0.050000000000000044, 0.0, 0.030000000000000027, 0.050000000000000044, 0.010000000000000009]}, "time_all": {"641_fri_c1_500_10": [0.21876049041748047, 0.16155624389648438, 0.18748855590820312, 0.18359923362731934, 0.19806385040283203]}, "time_fit": {"641_fri_c1_500_10": [0.038596153259277344, 0.03709816932678223, 0.042227983474731445, 0.037405967712402344, 0.052190303802490234]}, "sizes": {"641_fri_c1_500_10": []}, "tau": 0.9}, "DecisionTree": {"losses": {"641_fri_c1_500_10": [0.01822801996568972, 0.019012160150572884, 0.01849670024798751, 0.021283855968574145, 0.022751966530133887]}, "coverage": {"641_fri_c1_500_10": [0.12, 0.030000000000000027, 0.17000000000000004, 0.040000000000000036, 0.010000000000000009]}, "complexity": {"641_fri_c1_500_10": [29, 19, 159, 29, 19]}, "time_all": {"641_fri_c1_500_10": [0.08793282508850098, 0.0451202392578125, 0.05066633224487305, 0.04627585411071777, 0.08848357200622559]}, "time_fit": {"641_fri_c1_500_10": [0.006304502487182617, 0.0027408599853515625, 0.008759737014770508, 0.0033257007598876953, 0.005306720733642578]}, "sizes": {"641_fri_c1_500_10": []}, "tau": 0.9}, "LinearQuantile": {"losses": {"641_fri_c1_500_10": [0.09178280448392374, 0.08451316784524159, 0.0644338347793155, 0.08971509453733081, 0.07260445998467714]}, "coverage": {"641_fri_c1_500_10": [0.46, 0.45, 0.46, 0.5, 0.4]}, "complexity": {"641_fri_c1_500_10": [10, 10, 10, 10, 10]}, "time_all": {"641_fri_c1_500_10": [2.058225393295288, 0.0883173942565918, 0.18981194496154785, 0.08603620529174805, 0.3202977180480957]}, "time_fit": {"641_fri_c1_500_10": [0.12249374389648438, 0.007889032363891602, 0.016963720321655273, 0.007529258728027344, 0.028040409088134766]}, "sizes": {"641_fri_c1_500_10": []}, "tau": 0.9}}