{"SQR": {"losses": {"210_cloud": [0.0092341512210619, 0.011767979892456733, 0.009324141955606326, 0.01568056589740134, 0.02416206052867864]}, "coverage": {"210_cloud": [0.21818181818181825, 0.12727272727272732, 0.009090909090909038, 0.09047619047619049, 0.04285714285714293]}, "complexity": {"210_cloud": [9, 10, 8, 7, 3]}, "tau": 0.9}, "LightGBM": {"losses": {"210_cloud": [0.029429669465383262, 0.014835771290195109, 0.013327559361143168, 0.038041850886680384, 0.02737420824431655]}, "coverage": {"210_cloud": [0.036363636363636376, 0.09999999999999998, 0.09999999999999998, 0.04285714285714293, 0.052380952380952306]}, "tau": 0.9}, "DecisionTree": {"losses": {"210_cloud": [0.009665152045587698, 0.011451514942402189, 0.014788635749031198, 0.029490477417906124, 0.025685712583954367]}, "coverage": {"210_cloud": [0.08181818181818179, 0.08181818181818179, 0.09999999999999998, 0.13809523809523816, 0.004761904761904745]}, "complexity": {"210_cloud": [15, 13, 7, 15, 5]}, "tau": 0.9}, "LinearQuantile": {"losses": {"210_cloud": [0.009813306998412444, 0.007901627725191157, 0.014608706467129478, 0.01432590603203185, 0.022847374995674245]}, "coverage": {"210_cloud": [0.12727272727272732, 0.036363636363636376, 0.036363636363636376, 0.09047619047619049, 0.09047619047619049]}, "complexity": {"210_cloud": [9, 9, 9, 9, 9]}, "tau": 0.9}}