{"SQR": {"losses": {"631_fri_c1_500_5": [0.01639024936174348, 0.01025135554183197, 0.012867785666809912, 0.014811381937088112, 0.031141069561114513]}, "coverage": {"631_fri_c1_500_5": [0.36, 0.38, 0.42000000000000004, 0.4, 0.48000000000000004]}, "complexity": {"631_fri_c1_500_5": [14, 17, 17, 13, 12]}, "tau": 0.5}, "LightGBM": {"losses": {"631_fri_c1_500_5": [0.038000813045627545, 0.04152282863965123, 0.03203770490673834, 0.03078958695554493, 0.045359442725147636]}, "coverage": {"631_fri_c1_500_5": [0.41000000000000003, 0.38, 0.41000000000000003, 0.36, 0.43000000000000005]}, "tau": 0.5}, "DecisionTree": {"losses": {"631_fri_c1_500_5": [0.036577800271852756, 0.04395144725969118, 0.03163305512745083, 0.034124835717480574, 0.04856599044412566]}, "coverage": {"631_fri_c1_500_5": [0.36, 0.39, 0.30000000000000004, 0.39, 0.51]}, "complexity": {"631_fri_c1_500_5": [161, 69, 169, 69, 157]}, "tau": 0.5}, "LinearQuantile": {"losses": {"631_fri_c1_500_5": [0.08330368442241308, 0.07007136942950842, 0.06610310720575778, 0.06792045172276272, 0.07841643892421961]}, "coverage": {"631_fri_c1_500_5": [0.4, 0.38, 0.41000000000000003, 0.35, 0.42000000000000004]}, "complexity": {"631_fri_c1_500_5": [5, 5, 5, 5, 5]}, "tau": 0.5}}