{"SQR": {"losses": {"641_fri_c1_500_10": [0.017085356464923134, 0.011689170123012783, 0.013843127533257319, 0.009761612509347962, 0.02164640723806407]}, "coverage": {"641_fri_c1_500_10": [0.07999999999999996, 0.030000000000000027, 0.09999999999999998, 0.010000000000000009, 0.13]}, "complexity": {"641_fri_c1_500_10": [13, 17, 14, 15, 15]}, "time_all": {"641_fri_c1_500_10": [510.32823634147644, 495.98319840431213, 491.09773993492126, 512.0774409770966, 465.4992427825928]}, "time_fit": {"641_fri_c1_500_10": [510.32823634147644, 495.98319840431213, 491.09773993492126, 512.0774409770966, 465.4992427825928]}, "sizes": {"641_fri_c1_500_10": []}, "tau": 0.5}, "LightGBM": {"losses": {"641_fri_c1_500_10": [0.04030540967156823, 0.03897962245294464, 0.033717110422043214, 0.03456951978339651, 0.03864471827067473]}, "coverage": {"641_fri_c1_500_10": [0.010000000000000009, 0.020000000000000018, 0.010000000000000009, 0.03999999999999998, 0.050000000000000044]}, "time_all": {"641_fri_c1_500_10": [0.2638227939605713, 0.2394406795501709, 0.20230364799499512, 0.23885321617126465, 0.1990647315979004]}, "time_fit": {"641_fri_c1_500_10": [0.054961204528808594, 0.05381035804748535, 0.048071861267089844, 0.054605722427368164, 0.047200679779052734]}, "sizes": {"641_fri_c1_500_10": []}, "tau": 0.5}, "DecisionTree": {"losses": {"641_fri_c1_500_10": [0.03698753370687788, 0.03701553339910106, 0.03821789824819201, 0.037990878978929804, 0.03829105163097954]}, "coverage": {"641_fri_c1_500_10": [0.08000000000000002, 0.030000000000000027, 0.0, 0.0, 0.04999999999999999]}, "complexity": {"641_fri_c1_500_10": [161, 159, 159, 163, 167]}, "time_all": {"641_fri_c1_500_10": [0.09723258018493652, 0.10223937034606934, 0.05012249946594238, 0.09999227523803711, 0.05221891403198242]}, "time_fit": {"641_fri_c1_500_10": [0.01682257652282715, 0.017945528030395508, 0.0086669921875, 0.017720699310302734, 0.009162187576293945]}, "sizes": {"641_fri_c1_500_10": []}, "tau": 0.5}, "LinearQuantile": {"losses": {"641_fri_c1_500_10": [0.08849462741418902, 0.0819937564469279, 0.06517034432973454, 0.07148473572935335, 0.07455561704235836]}, "coverage": {"641_fri_c1_500_10": [0.09000000000000002, 0.03999999999999998, 0.07, 0.09999999999999998, 0.0]}, "complexity": {"641_fri_c1_500_10": [10, 10, 10, 10, 10]}, "time_all": {"641_fri_c1_500_10": [0.70802903175354, 0.23401713371276855, 0.1823885440826416, 0.4694077968597412, 0.8273360729217529]}, "time_fit": {"641_fri_c1_500_10": [0.06377339363098145, 0.019993305206298828, 0.016266345977783203, 0.04158186912536621, 0.07472944259643555]}, "sizes": {"641_fri_c1_500_10": []}, "tau": 0.5}}