{"SQR": {"losses": {"225_puma8NH": [0.023820261275876085, 0.022709597968643823, 0.022961633306392278, 0.022818206155141095, 0.02215520979731914]}, "coverage": {"225_puma8NH": [0.011653447223917035, 0.010311165344722317, 0.001098901098901095, 0.005372405372405353, 0.002564102564102555]}, "complexity": {"225_puma8NH": [5, 4, 4, 4, 4]}, "time_all": {"225_puma8NH": [6586.385172128677, 6614.2944078445435, 5777.060690164566, 6760.18666601181, 5977.604004144669]}, "time_fit": {"225_puma8NH": [6586.385172128677, 6614.2944078445435, 5777.060690164566, 6760.18666601181, 5977.604004144669]}, "sizes": {"225_puma8NH": []}, "tau": 0.9}, "LightGBM": {"losses": {"225_puma8NH": [0.023132288508212685, 0.02154698887868266, 0.022046278353045557, 0.021889797218510355, 0.021379763179558756]}, "coverage": {"225_puma8NH": [0.007382550335570448, 0.016412446613788823, 0.009645909645909612, 0.00073260073260073, 0.02063492063492056]}, "time_all": {"225_puma8NH": [115.35278797149658, 57.35414719581604, 51.929137229919434, 69.95184397697449, 35.6205849647522]}, "time_fit": {"225_puma8NH": [11.044001817703247, 10.073853015899658, 6.231838941574097, 9.284124851226807, 3.9219257831573486]}, "sizes": {"225_puma8NH": []}, "tau": 0.9}, "DecisionTree": {"losses": {"225_puma8NH": [0.02319822132459719, 0.02157296486329018, 0.022404537717621163, 0.02161349377369081, 0.02115872829678733]}, "coverage": {"225_puma8NH": [0.03239780353874311, 0.023245881635143406, 0.012942612942613008, 0.03308913308913308, 0.01904761904761909]}, "complexity": {"225_puma8NH": [203, 227, 203, 207, 211]}, "time_all": {"225_puma8NH": [0.6999220848083496, 0.7219867706298828, 0.7091691493988037, 0.6588459014892578, 0.685096025466919]}, "time_fit": {"225_puma8NH": [0.03986930847167969, 0.035917043685913086, 0.0386202335357666, 0.035395145416259766, 0.034807682037353516]}, "sizes": {"225_puma8NH": []}, "tau": 0.9}, "LinearQuantile": {"losses": {"225_puma8NH": [0.09738842160727162, 0.0961067802319494, 0.09220987794415737, 0.09336482751259217, 0.09496202614176279]}, "coverage": {"225_puma8NH": [0.5241610738255034, 0.5143990237949969, 0.4927960927960928, 0.4897435897435898, 0.5037851037851038]}, "complexity": {"225_puma8NH": [8, 8, 8, 8, 8]}, "time_all": {"225_puma8NH": [2.152794122695923, 1.2045609951019287, 0.8511419296264648, 1.4385628700256348, 1.1657719612121582]}, "time_fit": {"225_puma8NH": [0.18352723121643066, 0.07945489883422852, 0.08169388771057129, 0.09993100166320801, 0.0875089168548584]}, "sizes": {"225_puma8NH": []}, "tau": 0.9}}