{"SQR": {"losses": {"574_house_16H": [0.01775648369782814, 0.018381077554261365, 0.018137530692490904, 0.018661697413172064, 0.0182526715521016]}, "coverage": {"574_house_16H": [0.007526881720430145, 0.02165898617511519, 0.014549045424621432, 0.01134518323458411, 0.003380158033362668]}, "complexity": {"574_house_16H": [6, 6, 8, 6, 6]}, "tau": 0.9}, "LightGBM": {"losses": {"574_house_16H": [0.01194148860447744, 0.012591902513301478, 0.011586542075019225, 0.012570303447057308, 0.012101341822671023]}, "coverage": {"574_house_16H": [0.03285055957867011, 0.03811718235681372, 0.033728330041694066, 0.03350888742593805, 0.032835820895522394]}, "tau": 0.9}, "DecisionTree": {"losses": {"574_house_16H": [0.01240349715043383, 0.01257939565314637, 0.011583089561492592, 0.012281245799588716, 0.01217900957525565]}, "coverage": {"574_house_16H": [0.027715602369980274, 0.04110160193109502, 0.02201009436032475, 0.04175992977836296, 0.0356453028972783]}, "complexity": {"574_house_16H": [631, 775, 639, 757, 585]}, "tau": 0.9}, "LinearQuantile": {"losses": {"574_house_16H": [0.01811505391260377, 0.018275623920936946, 0.017905175296696475, 0.0189754923525394, 0.018442570168359505]}, "coverage": {"574_house_16H": [0.0020408163265306367, 0.0005924950625411096, 0.002918586789554589, 0.0022602589422866526, 0.006892010535557547]}, "complexity": {"574_house_16H": [16, 16, 16, 16, 16]}, "tau": 0.9}}