{"SQR": {"losses": {"602_fri_c3_250_10": [0.021308511517948093, 0.019338803018693687, 0.01652312601086455, 0.022142234127356355, 0.019441107016685465]}, "coverage": {"602_fri_c3_250_10": [0.06000000000000005, 0.06000000000000005, 0.020000000000000018, 0.06, 0.020000000000000018]}, "complexity": {"602_fri_c3_250_10": [10, 9, 12, 8, 10]}, "time_all": {"602_fri_c3_250_10": [375.1175391674042, 383.9158761501312, 392.86639165878296, 363.0667176246643, 379.0362560749054]}, "time_fit": {"602_fri_c3_250_10": [375.1175391674042, 383.9158761501312, 392.86639165878296, 363.0667176246643, 379.0362560749054]}, "sizes": {"602_fri_c3_250_10": []}, "tau": 0.5}, "LightGBM": {"losses": {"602_fri_c3_250_10": [0.04019987332832056, 0.033663202439964686, 0.03598727454455727, 0.040293835722292684, 0.03424988819072865]}, "coverage": {"602_fri_c3_250_10": [0.12, 0.0, 0.03999999999999998, 0.15999999999999998, 0.06000000000000005]}, "time_all": {"602_fri_c3_250_10": [0.13851428031921387, 0.13785266876220703, 0.13973283767700195, 0.11901497840881348, 0.1363227367401123]}, "time_fit": {"602_fri_c3_250_10": [0.03421926498413086, 0.03380632400512695, 0.0341951847076416, 0.02975916862487793, 0.03341794013977051]}, "sizes": {"602_fri_c3_250_10": []}, "tau": 0.5}, "DecisionTree": {"losses": {"602_fri_c3_250_10": [0.041820260003000265, 0.03843436223971846, 0.04215578903626659, 0.040093290087364536, 0.03551653055914006]}, "coverage": {"602_fri_c3_250_10": [0.040000000000000036, 0.09999999999999998, 0.06, 0.06, 0.06000000000000005]}, "complexity": {"602_fri_c3_250_10": [81, 35, 83, 35, 81]}, "time_all": {"602_fri_c3_250_10": [0.03147745132446289, 0.029131174087524414, 0.030939817428588867, 0.028214216232299805, 0.03158426284790039]}, "time_fit": {"602_fri_c3_250_10": [0.0048274993896484375, 0.002812623977661133, 0.004840850830078125, 0.002736806869506836, 0.004822731018066406]}, "sizes": {"602_fri_c3_250_10": []}, "tau": 0.5}, "LinearQuantile": {"losses": {"602_fri_c3_250_10": [0.072538232551603, 0.07194812125268668, 0.06790913508043328, 0.061847174272736845, 0.05112615924100448]}, "coverage": {"602_fri_c3_250_10": [0.020000000000000018, 0.07999999999999996, 0.08000000000000002, 0.15999999999999998, 0.12]}, "complexity": {"602_fri_c3_250_10": [10, 10, 10, 10, 10]}, "time_all": {"602_fri_c3_250_10": [0.17428207397460938, 0.09132170677185059, 0.1371002197265625, 0.27622413635253906, 0.11647391319274902]}, "time_fit": {"602_fri_c3_250_10": [0.015524864196777344, 0.007976293563842773, 0.012136697769165039, 0.02489638328552246, 0.010281085968017578]}, "sizes": {"602_fri_c3_250_10": []}, "tau": 0.5}}