{"SQR": {"losses": {"556_analcatdata_apnea2": [0.005913679199914214, 0.007876990713856627, 0.004366196890751047, 0.00397175159500921, 0.0078674513499144]}, "coverage": {"556_analcatdata_apnea2": [0.1947368421052632, 0.1842105263157895, 0.1947368421052632, 0.047368421052631504, 0.20526315789473681]}, "complexity": {"556_analcatdata_apnea2": [6, 6, 8, 8, 6]}, "time_all": {"556_analcatdata_apnea2": [391.2606852054596, 385.5544638633728, 415.8240134716034, 349.67061138153076, 380.89633202552795]}, "time_fit": {"556_analcatdata_apnea2": [391.2606852054596, 385.5544638633728, 415.8240134716034, 349.67061138153076, 380.89633202552795]}, "sizes": {"556_analcatdata_apnea2": []}, "tau": 0.9}, "LightGBM": {"losses": {"556_analcatdata_apnea2": [0.020223560242471954, 0.01730960172407954, 0.016211415665274554, 0.019582281869646966, 0.014365603484901573]}, "coverage": {"556_analcatdata_apnea2": [0.02631578947368418, 0.0052631578947368585, 0.0368421052631579, 0.047368421052631504, 0.05789473684210522]}, "time_all": {"556_analcatdata_apnea2": [0.20100998878479004, 0.1826925277709961, 0.14985942840576172, 0.13226556777954102, 0.1587238311767578]}, "time_fit": {"556_analcatdata_apnea2": [0.032271623611450195, 0.035063982009887695, 0.028065919876098633, 0.028985261917114258, 0.04074692726135254]}, "sizes": {"556_analcatdata_apnea2": []}, "tau": 0.9}, "DecisionTree": {"losses": {"556_analcatdata_apnea2": [0.0038643323872268875, 0.00545389475484889, 0.0038595875996281603, 0.003517908872167589, 0.005309583885728947]}, "coverage": {"556_analcatdata_apnea2": [0.09999999999999998, 0.08947368421052637, 0.0368421052631579, 0.0368421052631579, 0.0368421052631579]}, "complexity": {"556_analcatdata_apnea2": [135, 55, 57, 135, 57]}, "time_all": {"556_analcatdata_apnea2": [0.06750369071960449, 0.058125972747802734, 0.03233838081359863, 0.0343780517578125, 0.031758785247802734]}, "time_fit": {"556_analcatdata_apnea2": [0.011937856674194336, 0.005673408508300781, 0.003147125244140625, 0.00608372688293457, 0.003125429153442383]}, "sizes": {"556_analcatdata_apnea2": []}, "tau": 0.9}, "LinearQuantile": {"losses": {"556_analcatdata_apnea2": [0.01868721895477238, 0.01693470496456458, 0.01730888610945663, 0.018994366098456762, 0.01796755627862777]}, "coverage": {"556_analcatdata_apnea2": [0.0368421052631579, 0.08947368421052637, 0.047368421052631504, 0.02631578947368418, 0.015789473684210575]}, "complexity": {"556_analcatdata_apnea2": [11, 11, 11, 11, 11]}, "time_all": {"556_analcatdata_apnea2": [5.283240795135498, 0.1437973976135254, 0.3152153491973877, 0.7279307842254639, 0.1736290454864502]}, "time_fit": {"556_analcatdata_apnea2": [0.5994107723236084, 0.013964176177978516, 0.028353214263916016, 0.06597638130187988, 0.015560626983642578]}, "sizes": {"556_analcatdata_apnea2": []}, "tau": 0.9}}