{"SQR": {"losses": {"651_fri_c0_100_25": [0.016705043788599695, 0.012882875223490079, 0.01582678610197559, 0.010597064909964315, 0.013086373209522361]}, "coverage": {"651_fri_c0_100_25": [0.15000000000000002, 0.04999999999999993, 0.0, 0.09999999999999998, 0.04999999999999993]}, "complexity": {"651_fri_c0_100_25": [9, 13, 9, 9, 10]}, "time_all": {"651_fri_c0_100_25": [298.65476727485657, 290.6428487300873, 294.02897477149963, 301.922945022583, 300.806617975235]}, "time_fit": {"651_fri_c0_100_25": [298.65476727485657, 290.6428487300873, 294.02897477149963, 301.922945022583, 300.806617975235]}, "sizes": {"651_fri_c0_100_25": []}, "tau": 0.9}, "LightGBM": {"losses": {"651_fri_c0_100_25": [0.03692435155120072, 0.03314200349576284, 0.03874666927340925, 0.02478014250692201, 0.03637210382763692]}, "coverage": {"651_fri_c0_100_25": [0.09999999999999998, 0.04999999999999993, 0.04999999999999993, 0.0, 0.050000000000000044]}, "time_all": {"651_fri_c0_100_25": [0.12543916702270508, 0.06167316436767578, 0.06254339218139648, 0.07732105255126953, 0.07738590240478516]}, "time_fit": {"651_fri_c0_100_25": [0.012721538543701172, 0.01327967643737793, 0.013716697692871094, 0.017441987991333008, 0.01704096794128418]}, "sizes": {"651_fri_c0_100_25": []}, "tau": 0.9}, "DecisionTree": {"losses": {"651_fri_c0_100_25": [0.035921420368216814, 0.02860905956744585, 0.038579007728209595, 0.028635673044776967, 0.033661413413885]}, "coverage": {"651_fri_c0_100_25": [0.09999999999999998, 0.04999999999999993, 0.04999999999999993, 0.0, 0.0]}, "complexity": {"651_fri_c0_100_25": [11, 3, 1, 1, 3]}, "time_all": {"651_fri_c0_100_25": [0.03578448295593262, 0.018887758255004883, 0.01848125457763672, 0.01916193962097168, 0.01926279067993164]}, "time_fit": {"651_fri_c0_100_25": [0.0029137134552001953, 0.001035451889038086, 0.0008208751678466797, 0.0008130073547363281, 0.00102996826171875]}, "sizes": {"651_fri_c0_100_25": []}, "tau": 0.9}, "LinearQuantile": {"losses": {"651_fri_c0_100_25": [0.09383891073963532, 0.08243961960293406, 0.06863919431540436, 0.1108765701002289, 0.0749827633347239]}, "coverage": {"651_fri_c0_100_25": [0.5, 0.55, 0.35, 0.65, 0.5]}, "complexity": {"651_fri_c0_100_25": [25, 25, 25, 25, 25]}, "time_all": {"651_fri_c0_100_25": [0.534919261932373, 2.953768014907837, 1.5762379169464111, 2.2072978019714355, 0.41274380683898926]}, "time_fit": {"651_fri_c0_100_25": [0.047429800033569336, 0.2326345443725586, 0.1432793140411377, 0.2008981704711914, 0.03744244575500488]}, "sizes": {"651_fri_c0_100_25": []}, "tau": 0.9}}