{"SQR": {"losses": {"1027_ESL": [0.025255102040816328, 0.042346938775510205, 0.03099489795918367, 0.03260309278350516, 0.021778350515463916]}, "coverage": {"1027_ESL": [0.05306122448979589, 0.16530612244897958, 0.10408163265306125, 0.11649484536082477, 0.03402061855670102]}, "complexity": {"1027_ESL": [8, 11, 8, 10, 8]}, "tau": 0.5}, "LightGBM": {"losses": {"1027_ESL": [0.03771676611997879, 0.04982866928984074, 0.038804693224485834, 0.038509852088952364, 0.029244398110443114]}, "coverage": {"1027_ESL": [0.3387755102040817, 0.35918367346938773, 0.45102040816326533, 0.43608247422680413, 0.477319587628866]}, "tau": 0.5}, "DecisionTree": {"losses": {"1027_ESL": [0.028762755102040814, 0.03565051020408163, 0.027678571428571424, 0.02493556701030928, 0.026675257731958762]}, "coverage": {"1027_ESL": [0.14489795918367354, 0.13469387755102047, 0.10408163265306125, 0.08556701030927838, 0.14742268041237117]}, "complexity": {"1027_ESL": [129, 125, 127, 121, 133]}, "tau": 0.5}, "LinearQuantile": {"losses": {"1027_ESL": [0.02423473853998577, 0.03548018734009715, 0.032780386970391505, 0.02580725064394342, 0.025214237518443525]}, "coverage": {"1027_ESL": [0.38979591836734695, 0.42040816326530617, 0.4306122448979592, 0.3948453608247423, 0.4257731958762887]}, "complexity": {"1027_ESL": [34, 34, 34, 34, 34]}, "tau": 0.5}}