{"SQR": {"losses": {"690_visualizing_galaxy": [0.012606025896920722, 0.016636331586744556, 0.01041637308747476, 0.012401509704722565, 0.009009343243471453]}, "coverage": {"690_visualizing_galaxy": [0.038461538461538436, 0.0692307692307692, 0.007692307692307665, 0.009375000000000022, 0.03749999999999998]}, "complexity": {"690_visualizing_galaxy": [6, 4, 8, 4, 8]}, "tau": 0.9}, "LightGBM": {"losses": {"690_visualizing_galaxy": [0.019904864298771124, 0.01976715095625097, 0.019076978139829132, 0.017896923936239005, 0.018861676418304836]}, "coverage": {"690_visualizing_galaxy": [0.007692307692307665, 0.038461538461538436, 0.007692307692307665, 0.009375000000000022, 0.06874999999999998]}, "tau": 0.9}, "DecisionTree": {"losses": {"690_visualizing_galaxy": [0.008767969735182861, 0.013576712904581763, 0.011983186212694414, 0.008199709699453552, 0.00695525956284153]}, "coverage": {"690_visualizing_galaxy": [0.038461538461538436, 0.08461538461538465, 0.023076923076923106, 0.15000000000000002, 0.05625000000000002]}, "complexity": {"690_visualizing_galaxy": [43, 45, 11, 103, 97]}, "tau": 0.9}, "LinearQuantile": {"losses": {"690_visualizing_galaxy": [0.013602818243293381, 0.013804617876439804, 0.012487842982715032, 0.01037225561394264, 0.011010563490538494]}, "coverage": {"690_visualizing_galaxy": [0.007692307692307665, 0.0692307692307692, 0.038461538461538436, 0.04062500000000002, 0.03749999999999998]}, "complexity": {"690_visualizing_galaxy": [10, 10, 10, 10, 10]}, "tau": 0.9}}