{"SQR": {"losses": {"706_sleuth_case1202": [0.048832205047936436, 0.05736011240646497, 0.04871279466972566, 0.04551301052282679, 0.1257077488974314]}, "coverage": {"706_sleuth_case1202": [0.37368421052631584, 0.5315789473684212, 0.21578947368421053, 0.28888888888888886, 0.5666666666666667]}, "complexity": {"706_sleuth_case1202": [14, 4, 3, 6, 13]}, "tau": 0.5}, "LightGBM": {"losses": {"706_sleuth_case1202": [0.09283756639755508, 0.0622918458711977, 0.04626577130487368, 0.049254142971399406, 0.08820178454891589]}, "coverage": {"706_sleuth_case1202": [0.5842105263157895, 0.32105263157894737, 0.16315789473684217, 0.2333333333333334, 0.5666666666666667]}, "tau": 0.5}, "DecisionTree": {"losses": {"706_sleuth_case1202": [0.07718607542478244, 0.04865658240088411, 0.04629092416079569, 0.036986001749781276, 0.08344634004082822]}, "coverage": {"706_sleuth_case1202": [0.5842105263157895, 0.37368421052631584, 0.21578947368421053, 0.1777777777777778, 0.4]}, "complexity": {"706_sleuth_case1202": [11, 13, 5, 11, 5]}, "tau": 0.5}, "LinearQuantile": {"losses": {"706_sleuth_case1202": [0.06697667792451599, 0.053632547292818536, 0.05192127773145832, 0.04714076936449778, 0.07445165136836251]}, "coverage": {"706_sleuth_case1202": [0.42631578947368426, 0.32105263157894737, 0.42631578947368426, 0.4, 0.5111111111111111]}, "complexity": {"706_sleuth_case1202": [11, 11, 11, 11, 11]}, "tau": 0.5}}