{"SQR": {"losses": {"690_visualizing_galaxy": [0.026231263944539184, 0.028413087615608023, 0.02067263659586502, 0.0206280671372308, 0.016196884324911783]}, "coverage": {"690_visualizing_galaxy": [0.39230769230769236, 0.4076923076923077, 0.30000000000000004, 0.4625, 0.30625]}, "complexity": {"690_visualizing_galaxy": [5, 8, 9, 7, 6]}, "tau": 0.5}, "LightGBM": {"losses": {"690_visualizing_galaxy": [0.026256999354601917, 0.025152425670229246, 0.02533411757982443, 0.02935207518317497, 0.018853919793397515]}, "coverage": {"690_visualizing_galaxy": [0.4230769230769231, 0.39230769230769236, 0.4076923076923077, 0.36875, 0.22812500000000002]}, "tau": 0.5}, "DecisionTree": {"losses": {"690_visualizing_galaxy": [0.018816729718369063, 0.01865910046237915, 0.022658680117696516, 0.01713413592896175, 0.01013063524590164]}, "coverage": {"690_visualizing_galaxy": [0.45384615384615384, 0.3307692307692308, 0.4230769230769231, 0.49375, 0.275]}, "complexity": {"690_visualizing_galaxy": [43, 109, 105, 103, 97]}, "tau": 0.5}, "LinearQuantile": {"losses": {"690_visualizing_galaxy": [0.030998789928584475, 0.04165651305269901, 0.03528948041875624, 0.034943299623827626, 0.028765299335777553]}, "coverage": {"690_visualizing_galaxy": [0.3769230769230769, 0.39230769230769236, 0.45384615384615384, 0.415625, 0.36875]}, "complexity": {"690_visualizing_galaxy": [10, 10, 10, 10, 10]}, "tau": 0.5}}