{"SQR": {"losses": {"633_fri_c0_500_25": [0.022038308978267366, 0.025448407170551073, 0.024412468877175186, 0.024667540625940287, 0.029899662895398957]}, "coverage": {"633_fri_c0_500_25": [0.010000000000000009, 0.07, 0.050000000000000044, 0.07999999999999996, 0.0]}, "complexity": {"633_fri_c0_500_25": [12, 16, 11, 12, 11]}, "time_all": {"633_fri_c0_500_25": [560.9287118911743, 499.93053007125854, 568.1390857696533, 512.2302567958832, 539.5848622322083]}, "time_fit": {"633_fri_c0_500_25": [560.9287118911743, 499.93053007125854, 568.1390857696533, 512.2302567958832, 539.5848622322083]}, "sizes": {"633_fri_c0_500_25": []}, "tau": 0.5}, "LightGBM": {"losses": {"633_fri_c0_500_25": [0.034824011832698724, 0.03725391273770364, 0.035828331496818695, 0.04645232965950214, 0.03846109889753063]}, "coverage": {"633_fri_c0_500_25": [0.020000000000000018, 0.03999999999999998, 0.030000000000000027, 0.010000000000000009, 0.020000000000000018]}, "time_all": {"633_fri_c0_500_25": [0.22943615913391113, 0.22731518745422363, 0.23308300971984863, 0.23608016967773438, 0.20955920219421387]}, "time_fit": {"633_fri_c0_500_25": [0.05095410346984863, 0.04515862464904785, 0.04722452163696289, 0.052429914474487305, 0.04643869400024414]}, "sizes": {"633_fri_c0_500_25": []}, "tau": 0.5}, "DecisionTree": {"losses": {"633_fri_c0_500_25": [0.04336370556425474, 0.04723521851181336, 0.043776516197462825, 0.04578843365229446, 0.04576560456701469]}, "coverage": {"633_fri_c0_500_25": [0.04999999999999999, 0.06, 0.0, 0.010000000000000009, 0.03999999999999998]}, "complexity": {"633_fri_c0_500_25": [61, 15, 31, 31, 71]}, "time_all": {"633_fri_c0_500_25": [0.13850879669189453, 0.06768369674682617, 0.07008600234985352, 0.12799787521362305, 0.07200074195861816]}, "time_fit": {"633_fri_c0_500_25": [0.015116453170776367, 0.003924369812011719, 0.005621194839477539, 0.010403633117675781, 0.007827997207641602]}, "sizes": {"633_fri_c0_500_25": []}, "tau": 0.5}, "LinearQuantile": {"losses": {"633_fri_c0_500_25": [0.04104545823354473, 0.039132041056999904, 0.039837496807886855, 0.043813723189521786, 0.044108598292996674]}, "coverage": {"633_fri_c0_500_25": [0.03999999999999998, 0.16999999999999998, 0.040000000000000036, 0.020000000000000018, 0.010000000000000009]}, "complexity": {"633_fri_c0_500_25": [25, 25, 25, 25, 25]}, "time_all": {"633_fri_c0_500_25": [2.126901149749756, 0.28529930114746094, 4.388796091079712, 1.943443775177002, 0.8124582767486572]}, "time_fit": {"633_fri_c0_500_25": [0.12950754165649414, 0.036734580993652344, 0.42216062545776367, 0.12112641334533691, 0.07361888885498047]}, "sizes": {"633_fri_c0_500_25": []}, "tau": 0.5}}