{"SQR": {"losses": {"653_fri_c0_250_25": [0.025977741978820874, 0.026082144362126875, 0.023570718752493554, 0.01779068018460866, 0.029640174673290377]}, "coverage": {"653_fri_c0_250_25": [0.06, 0.09999999999999998, 0.0, 0.07999999999999996, 0.26]}, "complexity": {"653_fri_c0_250_25": [10, 11, 15, 15, 10]}, "time_all": {"653_fri_c0_250_25": [385.0747570991516, 398.0912854671478, 383.42771315574646, 403.75877237319946, 377.14881587028503]}, "time_fit": {"653_fri_c0_250_25": [385.0747570991516, 398.0912854671478, 383.42771315574646, 403.75877237319946, 377.14881587028503]}, "sizes": {"653_fri_c0_250_25": []}, "tau": 0.5}, "LightGBM": {"losses": {"653_fri_c0_250_25": [0.04504310278455497, 0.04853177450230842, 0.04591384158620297, 0.040792782851884056, 0.04951397479729632]}, "coverage": {"653_fri_c0_250_25": [0.0, 0.06, 0.08000000000000002, 0.040000000000000036, 0.06000000000000005]}, "time_all": {"653_fri_c0_250_25": [0.14261174201965332, 0.13080930709838867, 0.12990784645080566, 0.12960577011108398, 0.14310526847839355]}, "time_fit": {"653_fri_c0_250_25": [0.03488898277282715, 0.03207993507385254, 0.03293132781982422, 0.03293800354003906, 0.0359954833984375]}, "sizes": {"653_fri_c0_250_25": []}, "tau": 0.5}, "DecisionTree": {"losses": {"653_fri_c0_250_25": [0.054940493675542754, 0.05286691237526353, 0.05394488415600249, 0.052642730344122216, 0.05733059865972371]}, "coverage": {"653_fri_c0_250_25": [0.040000000000000036, 0.020000000000000018, 0.06000000000000005, 0.18, 0.0]}, "complexity": {"653_fri_c0_250_25": [33, 35, 29, 15, 7]}, "time_all": {"653_fri_c0_250_25": [0.03697633743286133, 0.035431623458862305, 0.03534293174743652, 0.034351348876953125, 0.06395483016967773]}, "time_fit": {"653_fri_c0_250_25": [0.003713846206665039, 0.0036885738372802734, 0.0035009384155273438, 0.0025758743286132812, 0.0034530162811279297]}, "sizes": {"653_fri_c0_250_25": []}, "tau": 0.5}, "LinearQuantile": {"losses": {"653_fri_c0_250_25": [0.04202485854322977, 0.04501307363614919, 0.04099963612318025, 0.04136514494222825, 0.042303715850573444]}, "coverage": {"653_fri_c0_250_25": [0.06, 0.06000000000000005, 0.15999999999999998, 0.09999999999999998, 0.0]}, "complexity": {"653_fri_c0_250_25": [25, 25, 25, 25, 25]}, "time_all": {"653_fri_c0_250_25": [0.2894275188446045, 1.7487094402313232, 0.5546369552612305, 0.49071526527404785, 1.6624698638916016]}, "time_fit": {"653_fri_c0_250_25": [0.026093244552612305, 0.15855908393859863, 0.05023002624511719, 0.04431438446044922, 0.12990880012512207]}, "sizes": {"653_fri_c0_250_25": []}, "tau": 0.5}}