{"SQR": {"losses": {"599_fri_c2_1000_5": [0.014850257904025865, 0.012606954431191836, 0.013412084662536065, 0.005583433028347156, 0.006902067210171592]}, "coverage": {"599_fri_c2_1000_5": [0.020000000000000018, 0.025000000000000022, 0.030000000000000027, 0.06000000000000005, 0.039999999999999925]}, "complexity": {"599_fri_c2_1000_5": [9, 12, 8, 15, 16]}, "tau": 0.9}, "LightGBM": {"losses": {"599_fri_c2_1000_5": [0.019997708133851575, 0.02152221738871039, 0.019384804718176565, 0.019089191195590695, 0.0194041669024062]}, "coverage": {"599_fri_c2_1000_5": [0.0, 0.020000000000000018, 0.025000000000000022, 0.025000000000000022, 0.039999999999999925]}, "tau": 0.9}, "DecisionTree": {"losses": {"599_fri_c2_1000_5": [0.017971688134430338, 0.021401344522698252, 0.019333604863837152, 0.017581275810049805, 0.01734255441796321]}, "coverage": {"599_fri_c2_1000_5": [0.025000000000000022, 0.16500000000000004, 0.135, 0.040000000000000036, 0.020000000000000018]}, "complexity": {"599_fri_c2_1000_5": [41, 139, 137, 37, 35]}, "tau": 0.9}, "LinearQuantile": {"losses": {"599_fri_c2_1000_5": [0.07832804001909625, 0.07601364169970862, 0.07949967359286207, 0.0786307767130483, 0.07834912561172709]}, "coverage": {"599_fri_c2_1000_5": [0.455, 0.42000000000000004, 0.42500000000000004, 0.445, 0.43000000000000005]}, "complexity": {"599_fri_c2_1000_5": [5, 5, 5, 5, 5]}, "tau": 0.9}}