{"SQR": {"losses": {"523_analcatdata_neavote": [0.027779837777777774, 0.016667916666666668, 0.022222222222222223, 0.030555592222222223, 0.036111111111111115]}, "coverage": {"523_analcatdata_neavote": [0.15000000000000002, 0.19999999999999996, 0.35, 0.0, 0.35]}, "complexity": {"523_analcatdata_neavote": [3, 3, 3, 3, 3]}, "time_all": {"523_analcatdata_neavote": [285.31798362731934, 287.20607829093933, 284.4914381504059, 287.9979770183563, 286.7306969165802]}, "time_fit": {"523_analcatdata_neavote": [285.31798362731934, 287.20607829093933, 284.4914381504059, 287.9979770183563, 286.7306969165802]}, "sizes": {"523_analcatdata_neavote": []}, "tau": 0.5}, "LightGBM": {"losses": {"523_analcatdata_neavote": [0.044130353408097685, 0.03847010084042631, 0.040210055415573924, 0.03927692922505947, 0.04755791405233503]}, "coverage": {"523_analcatdata_neavote": [0.19999999999999996, 0.2, 0.15000000000000002, 0.0, 0.09999999999999998]}, "time_all": {"523_analcatdata_neavote": [0.04978823661804199, 0.05758476257324219, 0.05704188346862793, 0.04847431182861328, 0.04875326156616211]}, "time_fit": {"523_analcatdata_neavote": [0.009473085403442383, 0.014089107513427734, 0.013890981674194336, 0.011829376220703125, 0.009554862976074219]}, "sizes": {"523_analcatdata_neavote": []}, "tau": 0.5}, "DecisionTree": {"losses": {"523_analcatdata_neavote": [0.027777777777777776, 0.016666666666666666, 0.022222222222222223, 0.030555555555555558, 0.036111111111111115]}, "coverage": {"523_analcatdata_neavote": [0.4, 0.4, 0.35, 0.35, 0.35]}, "complexity": {"523_analcatdata_neavote": [3, 3, 3, 3, 3]}, "time_all": {"523_analcatdata_neavote": [0.014655351638793945, 0.015245914459228516, 0.015285491943359375, 0.014528036117553711, 0.014646053314208984]}, "time_fit": {"523_analcatdata_neavote": [0.0009083747863769531, 0.0009114742279052734, 0.0009274482727050781, 0.0009033679962158203, 0.0008897781372070312]}, "sizes": {"523_analcatdata_neavote": []}, "tau": 0.5}, "LinearQuantile": {"losses": {"523_analcatdata_neavote": [0.035000003422814494, 0.016666692459194096, 0.02222223269406296, 0.03166667142487539, 0.03611111628008171]}, "coverage": {"523_analcatdata_neavote": [0.15000000000000002, 0.4, 0.35, 0.15000000000000002, 0.2]}, "complexity": {"523_analcatdata_neavote": [6, 6, 6, 6, 6]}, "time_all": {"523_analcatdata_neavote": [0.028005599975585938, 0.023662567138671875, 0.031113862991333008, 0.031068801879882812, 0.0310971736907959]}, "time_fit": {"523_analcatdata_neavote": [0.0022172927856445312, 0.001817464828491211, 0.0024955272674560547, 0.002496480941772461, 0.0025119781494140625]}, "sizes": {"523_analcatdata_neavote": []}, "tau": 0.5}}