{"SQR": {"losses": {"618_fri_c3_1000_50": [0.010426651078749594, 0.009213943371004217, 0.00891903156980521, 0.005454089216528962, 0.006103750016851901]}, "coverage": {"618_fri_c3_1000_50": [0.025000000000000022, 0.010000000000000009, 0.015000000000000013, 0.040000000000000036, 0.05500000000000005]}, "complexity": {"618_fri_c3_1000_50": [11, 8, 13, 16, 13]}, "time_all": {"618_fri_c3_1000_50": [804.7053070068359, 872.5119590759277, 782.3726677894592, 763.7661316394806, 738.2526257038116]}, "time_fit": {"618_fri_c3_1000_50": [804.7053070068359, 872.5119590759277, 782.3726677894592, 763.7661316394806, 738.2526257038116]}, "sizes": {"618_fri_c3_1000_50": []}, "tau": 0.9}, "LightGBM": {"losses": {"618_fri_c3_1000_50": [0.017744794296314762, 0.015469215978965258, 0.017854266476497176, 0.015010188061036184, 0.017652682723150733]}, "coverage": {"618_fri_c3_1000_50": [0.03500000000000003, 0.010000000000000009, 0.015000000000000013, 0.010000000000000009, 0.020000000000000018]}, "time_all": {"618_fri_c3_1000_50": [0.35895800590515137, 0.2855370044708252, 0.32577013969421387, 0.29076170921325684, 0.30440711975097656]}, "time_fit": {"618_fri_c3_1000_50": [0.057012081146240234, 0.05869698524475098, 0.057518720626831055, 0.049955129623413086, 0.05048656463623047]}, "sizes": {"618_fri_c3_1000_50": []}, "tau": 0.9}, "DecisionTree": {"losses": {"618_fri_c3_1000_50": [0.013164590837219613, 0.01245869766463852, 0.014253330642484791, 0.013925368370506584, 0.01552593290805745]}, "coverage": {"618_fri_c3_1000_50": [0.04500000000000004, 0.03500000000000003, 0.015000000000000013, 0.0050000000000000044, 0.050000000000000044]}, "complexity": {"618_fri_c3_1000_50": [65, 61, 37, 33, 35]}, "time_all": {"618_fri_c3_1000_50": [0.5537323951721191, 0.5467696189880371, 0.562840461730957, 0.29019880294799805, 0.28754281997680664]}, "time_fit": {"618_fri_c3_1000_50": [0.04793095588684082, 0.04723024368286133, 0.03915095329284668, 0.021009445190429688, 0.02091813087463379]}, "sizes": {"618_fri_c3_1000_50": []}, "tau": 0.9}, "LinearQuantile": {"losses": {"618_fri_c3_1000_50": [0.0722283646459623, 0.06100256310802815, 0.06837277404201672, 0.06800140034621595, 0.0676357700043127]}, "coverage": {"618_fri_c3_1000_50": [0.47500000000000003, 0.405, 0.43000000000000005, 0.47500000000000003, 0.435]}, "complexity": {"618_fri_c3_1000_50": [50, 50, 50, 50, 50]}, "time_all": {"618_fri_c3_1000_50": [35.3010048866272, 22.302157402038574, 48.39044427871704, 115.68110179901123, 9.330739736557007]}, "time_fit": {"618_fri_c3_1000_50": [2.193300485610962, 1.987903356552124, 2.0969302654266357, 0.479233980178833, 0.6081311702728271]}, "sizes": {"618_fri_c3_1000_50": []}, "tau": 0.9}}