{"SQR": {"losses": {"527_analcatdata_election2000": [0.0, 0.0, 0.0, 0.0, 0.0]}, "coverage": {"527_analcatdata_election2000": [0.09999999999999998, 0.09999999999999998, 0.09999999999999998, 0.09999999999999998, 0.09999999999999998]}, "complexity": {"527_analcatdata_election2000": [17, 15, 19, 14, 16]}, "time_all": {"527_analcatdata_election2000": [266.8102023601532, 244.36438250541687, 251.59743690490723, 244.90558242797852, 247.3880956172943]}, "time_fit": {"527_analcatdata_election2000": [266.8102023601532, 244.36438250541687, 251.59743690490723, 244.90558242797852, 247.3880956172943]}, "sizes": {"527_analcatdata_election2000": []}, "tau": 0.9}, "LightGBM": {"losses": {"527_analcatdata_election2000": [0.09131087853320677, 0.014995553214059704, 0.014330981525265737, 0.029258181522249876, 0.02242656017608726]}, "coverage": {"527_analcatdata_election2000": [0.11428571428571432, 0.04285714285714293, 0.09999999999999998, 0.05384615384615388, 0.09999999999999998]}, "time_all": {"527_analcatdata_election2000": [0.10523843765258789, 0.0516660213470459, 0.05042433738708496, 0.0439448356628418, 0.04340314865112305]}, "time_fit": {"527_analcatdata_election2000": [0.013143301010131836, 0.012312889099121094, 0.011894464492797852, 0.010070085525512695, 0.010149002075195312]}, "sizes": {"527_analcatdata_election2000": []}, "tau": 0.9}, "DecisionTree": {"losses": {"527_analcatdata_election2000": [0.04925944128202184, 0.0029391728485135783, 0.012703206108696994, 0.006282995877945713, 0.013149145775542477]}, "coverage": {"527_analcatdata_election2000": [0.4, 0.04285714285714293, 0.05384615384615388, 0.20769230769230773, 0.13076923076923075]}, "complexity": {"527_analcatdata_election2000": [19, 9, 9, 21, 19]}, "time_all": {"527_analcatdata_election2000": [0.031777381896972656, 0.016711711883544922, 0.016794204711914062, 0.016627073287963867, 0.016512393951416016]}, "time_fit": {"527_analcatdata_election2000": [0.0032122135162353516, 0.0012388229370117188, 0.0012445449829101562, 0.0017628669738769531, 0.0016911029815673828]}, "sizes": {"527_analcatdata_election2000": []}, "tau": 0.9}, "LinearQuantile": {"losses": {"527_analcatdata_election2000": [7.74758096227033e-13, 2.385079801897757e-13, 1.1037100967201342e-12, 1.876549724941228e-11, 3.283860095002843e-14]}, "coverage": {"527_analcatdata_election2000": [0.8285714285714286, 0.09999999999999998, 0.9, 0.9, 0.2846153846153846]}, "complexity": {"527_analcatdata_election2000": [14, 14, 14, 14, 14]}, "time_all": {"527_analcatdata_election2000": [0.033773183822631836, 0.015911102294921875, 0.016069412231445312, 0.016025304794311523, 0.01596999168395996]}, "time_fit": {"527_analcatdata_election2000": [0.0021295547485351562, 0.0011093616485595703, 0.0011200904846191406, 0.0011188983917236328, 0.0011169910430908203]}, "sizes": {"527_analcatdata_election2000": []}, "tau": 0.9}}