{"SQR": {"losses": {"505_tecator": [0.0028284152871776973, 0.0029349276193168026, 0.0028327542500641775, 0.0022161120905757007, 0.0017000684232196988]}, "coverage": {"505_tecator": [0.04583333333333339, 0.004166666666666652, 0.04583333333333339, 0.03749999999999998, 0.09999999999999998]}, "complexity": {"505_tecator": [5, 7, 5, 5, 13]}, "time_all": {"505_tecator": [406.04807019233704, 389.0659909248352, 411.86932611465454, 393.98942041397095, 413.7828879356384]}, "time_fit": {"505_tecator": [406.04807019233704, 389.0659909248352, 411.86932611465454, 393.98942041397095, 413.7828879356384]}, "sizes": {"505_tecator": []}, "tau": 0.9}, "LightGBM": {"losses": {"505_tecator": [0.026274070600867526, 0.023500298015549925, 0.02202255867177393, 0.027056189165898414, 0.027988965068823025]}, "coverage": {"505_tecator": [0.05833333333333335, 0.004166666666666652, 0.05833333333333335, 0.004166666666666652, 0.07916666666666661]}, "time_all": {"505_tecator": [0.16966795921325684, 0.10769534111022949, 0.10850787162780762, 0.14159774780273438, 0.09598731994628906]}, "time_fit": {"505_tecator": [0.02670884132385254, 0.02397298812866211, 0.024034976959228516, 0.03016352653503418, 0.02176356315612793]}, "sizes": {"505_tecator": []}, "tau": 0.9}, "DecisionTree": {"losses": {"505_tecator": [0.005736039923199333, 0.0049005359925603405, 0.010092231520171973, 0.007222583432520745, 0.006054324643870888]}, "coverage": {"505_tecator": [0.025000000000000022, 0.016666666666666607, 0.1708333333333334, 0.10833333333333339, 0.04583333333333339]}, "complexity": {"505_tecator": [35, 33, 73, 35, 33]}, "time_all": {"505_tecator": [0.13927102088928223, 0.07444500923156738, 0.07764387130737305, 0.1410379409790039, 0.07371115684509277]}, "time_fit": {"505_tecator": [0.016013622283935547, 0.008379697799682617, 0.011698246002197266, 0.01589035987854004, 0.008152008056640625]}, "sizes": {"505_tecator": []}, "tau": 0.9}, "LinearQuantile": {"losses": {"505_tecator": [0.003121103727164935, 0.002320295401687702, 0.004981988924921542, 0.003764145026796433, 0.001343279609035193]}, "coverage": {"505_tecator": [0.275, 0.08750000000000002, 0.15000000000000002, 0.21250000000000002, 0.025000000000000022]}, "complexity": {"505_tecator": [124, 124, 124, 124, 124]}, "time_all": {"505_tecator": [214.06876873970032, 200.75113534927368, 204.0968279838562, 217.27013611793518, 201.75321674346924]}, "time_fit": {"505_tecator": [23.340685606002808, 7.52245569229126, 22.281026363372803, 20.487926959991455, 7.538616895675659]}, "sizes": {"505_tecator": []}, "tau": 0.9}}