{"SQR": {"losses": {"626_fri_c2_500_50": [0.0090145893803332, 0.01413547600030912, 0.012107637259737843, 0.008940415073822438, 0.015753316351891058]}, "coverage": {"626_fri_c2_500_50": [0.04999999999999993, 0.010000000000000009, 0.04999999999999993, 0.04999999999999993, 0.0]}, "complexity": {"626_fri_c2_500_50": [10, 12, 10, 12, 8]}, "tau": 0.9}, "LightGBM": {"losses": {"626_fri_c2_500_50": [0.02553142232191184, 0.02266162322568231, 0.023737016680498078, 0.0251399105108704, 0.025606911918908577]}, "coverage": {"626_fri_c2_500_50": [0.08000000000000007, 0.010000000000000009, 0.050000000000000044, 0.030000000000000027, 0.08000000000000007]}, "tau": 0.9}, "DecisionTree": {"losses": {"626_fri_c2_500_50": [0.020070440579963978, 0.025302843457064586, 0.023972198071865895, 0.01995666850453193, 0.022140966902692467]}, "coverage": {"626_fri_c2_500_50": [0.040000000000000036, 0.16000000000000003, 0.16000000000000003, 0.020000000000000018, 0.06000000000000005]}, "complexity": {"626_fri_c2_500_50": [13, 71, 71, 31, 15]}, "tau": 0.9}, "LinearQuantile": {"losses": {"626_fri_c2_500_50": [0.09454440712711477, 0.0985469254916419, 0.09219539699019892, 0.07981398505260778, 0.10424174898816414]}, "coverage": {"626_fri_c2_500_50": [0.43000000000000005, 0.45, 0.45, 0.44, 0.45]}, "complexity": {"626_fri_c2_500_50": [50, 50, 50, 50, 50]}, "tau": 0.9}}