{"SQR": {"losses": {"663_rabe_266": [0.014727428016456944, 0.008999411714331648, 0.008565106497713868, 0.012658804907296532, 0.014834736577522779]}, "coverage": {"663_rabe_266": [0.08333333333333331, 0.0, 0.125, 0.08333333333333331, 0.08333333333333337]}, "complexity": {"663_rabe_266": [14, 17, 15, 13, 15]}, "time_all": {"663_rabe_266": [316.078008890152, 318.57701206207275, 316.02558732032776, 315.05247235298157, 308.24749302864075]}, "time_fit": {"663_rabe_266": [316.078008890152, 318.57701206207275, 316.02558732032776, 315.05247235298157, 308.24749302864075]}, "sizes": {"663_rabe_266": []}, "tau": 0.5}, "LightGBM": {"losses": {"663_rabe_266": [0.044690910500234916, 0.04577788348930017, 0.049674546847530456, 0.03319967274663114, 0.048457719089602745]}, "coverage": {"663_rabe_266": [0.0, 0.125, 0.125, 0.20833333333333337, 0.0]}, "time_all": {"663_rabe_266": [0.06238222122192383, 0.06336665153503418, 0.06285977363586426, 0.07765364646911621, 0.0782933235168457]}, "time_fit": {"663_rabe_266": [0.014116287231445312, 0.013865232467651367, 0.013991355895996094, 0.016874074935913086, 0.016769886016845703]}, "sizes": {"663_rabe_266": []}, "tau": 0.5}, "DecisionTree": {"losses": {"663_rabe_266": [0.04199050086355786, 0.04047927461139896, 0.04598445595854922, 0.035082037996545766, 0.04004749568221071]}, "coverage": {"663_rabe_266": [0.041666666666666685, 0.08333333333333331, 0.20833333333333331, 0.125, 0.125]}, "complexity": {"663_rabe_266": [23, 23, 11, 23, 13]}, "time_all": {"663_rabe_266": [0.01736307144165039, 0.01714015007019043, 0.01697993278503418, 0.03375959396362305, 0.033342838287353516]}, "time_fit": {"663_rabe_266": [0.0016770362854003906, 0.0016789436340332031, 0.0012328624725341797, 0.003371715545654297, 0.002570629119873047]}, "sizes": {"663_rabe_266": []}, "tau": 0.5}, "LinearQuantile": {"losses": {"663_rabe_266": [0.013926458417432161, 0.014536557512480897, 0.012192978651523174, 0.008679101572893515, 0.015322491821949717]}, "coverage": {"663_rabe_266": [0.04166666666666663, 0.04166666666666663, 0.08333333333333331, 0.041666666666666685, 0.08333333333333337]}, "complexity": {"663_rabe_266": [11, 11, 11, 11, 11]}, "time_all": {"663_rabe_266": [0.12087130546569824, 0.06851720809936523, 0.04088854789733887, 0.19223880767822266, 0.10323882102966309]}, "time_fit": {"663_rabe_266": [0.010729551315307617, 0.005904197692871094, 0.003392457962036133, 0.01670217514038086, 0.008886575698852539]}, "sizes": {"663_rabe_266": []}, "tau": 0.5}}