{"SQR": {"losses": {"659_sleuth_ex1714": [0.03117271396166423, 0.059594273399095496, 0.03530271332304217, 0.031307666672470605, 0.02201068992593553]}, "coverage": {"659_sleuth_ex1714": [0.2, 0.09999999999999998, 0.05555555555555558, 0.16666666666666663, 0.2777777777777778]}, "complexity": {"659_sleuth_ex1714": [13, 14, 9, 8, 12]}, "time_all": {"659_sleuth_ex1714": [282.01669001579285, 280.1446843147278, 280.7387590408325, 281.67742395401, 277.5492913722992]}, "time_fit": {"659_sleuth_ex1714": [282.01669001579285, 280.1446843147278, 280.7387590408325, 281.67742395401, 277.5492913722992]}, "sizes": {"659_sleuth_ex1714": []}, "tau": 0.5}, "LightGBM": {"losses": {"659_sleuth_ex1714": [0.05927848021639303, 0.06649682329999371, 0.06411062883982302, 0.08025972755166944, 0.054510634431374196]}, "coverage": {"659_sleuth_ex1714": [0.0, 0.2, 0.16666666666666669, 0.38888888888888884, 0.05555555555555558]}, "time_all": {"659_sleuth_ex1714": [0.023447275161743164, 0.023025035858154297, 0.020833492279052734, 0.022690296173095703, 0.02231597900390625]}, "time_fit": {"659_sleuth_ex1714": [0.003249645233154297, 0.003030061721801758, 0.0025353431701660156, 0.002968311309814453, 0.0029196739196777344]}, "sizes": {"659_sleuth_ex1714": []}, "tau": 0.5}, "DecisionTree": {"losses": {"659_sleuth_ex1714": [0.02646883059696798, 0.04615493489337611, 0.04312658572896354, 0.02798571358677039, 0.031309191811173316]}, "coverage": {"659_sleuth_ex1714": [0.3, 0.19999999999999996, 0.05555555555555558, 0.38888888888888884, 0.05555555555555558]}, "complexity": {"659_sleuth_ex1714": [15, 7, 7, 15, 5]}, "time_all": {"659_sleuth_ex1714": [0.029971837997436523, 0.015898466110229492, 0.01529383659362793, 0.015966176986694336, 0.029017925262451172]}, "time_fit": {"659_sleuth_ex1714": [0.002772808074951172, 0.0010905265808105469, 0.0010938644409179688, 0.001401662826538086, 0.0019729137420654297]}, "sizes": {"659_sleuth_ex1714": []}, "tau": 0.5}, "LinearQuantile": {"losses": {"659_sleuth_ex1714": [0.035157446989154885, 0.03633973815441827, 0.052013617245379784, 0.04121853506124523, 0.03243696826198519]}, "coverage": {"659_sleuth_ex1714": [0.2, 0.0, 0.16666666666666663, 0.05555555555555558, 0.2777777777777778]}, "complexity": {"659_sleuth_ex1714": [7, 7, 7, 7, 7]}, "time_all": {"659_sleuth_ex1714": [0.389477014541626, 0.9846293926239014, 0.13537812232971191, 0.5323495864868164, 0.1593928337097168]}, "time_fit": {"659_sleuth_ex1714": [0.033771514892578125, 0.08879375457763672, 0.012161731719970703, 0.04800820350646973, 0.013280630111694336]}, "sizes": {"659_sleuth_ex1714": []}, "tau": 0.5}}