{"SQR": {"losses": {"344_mv": [0.000785418842933786, 0.00041808834398687983, 0.0004458769909976332, 0.00039172990500985867, 0.0003973761236027926]}, "coverage": {"344_mv": [0.4505273485405936, 0.30201128280598477, 0.3341427520235467, 0.30304182509505706, 0.289059241996811]}, "complexity": {"344_mv": [15, 11, 8, 11, 11]}, "tau": 0.5}, "LightGBM": {"losses": {"344_mv": [0.0088064104046258, 0.009262200079600144, 0.009002964339244962, 0.008729295467211549, 0.009362387134876625]}, "coverage": {"344_mv": [0.4534706892322787, 0.4583762570517538, 0.45751778268334564, 0.45856739850361833, 0.4528026493315344]}, "tau": 0.5}, "DecisionTree": {"losses": {"344_mv": [0.000964390081958144, 0.0009884636374252933, 0.0009827587860762276, 0.000977842368008511, 0.0009530315450578683]}, "coverage": {"344_mv": [0.3885945548197204, 0.38883983321069415, 0.39460387539857744, 0.3865693609714216, 0.3880412118238685]}, "complexity": {"344_mv": [12751, 12777, 12751, 12789, 12753]}, "tau": 0.5}, "LinearQuantile": {"losses": {"344_mv": [0.03580800989852435, 0.03367641059919483, 0.034323241049665186, 0.03324835961009309, 0.035879153855080434]}, "coverage": {"344_mv": [0.40821682609762083, 0.393009565857248, 0.39681138091734125, 0.39466454065987977, 0.4071752729056789]}, "complexity": {"344_mv": [14, 14, 14, 14, 14]}, "tau": 0.5}}