{"SQR": {"losses": {"197_cpu_act": [0.01344168219531746, 0.01255213422709783, 0.01335539209594911, 0.012194523714002838, 0.012305204216173062]}, "coverage": {"197_cpu_act": [0.41250762660158635, 0.3697986577181208, 0.40305250305250306, 0.36581196581196584, 0.38595848595848603]}, "complexity": {"197_cpu_act": [4, 4, 4, 4, 4]}, "tau": 0.5}, "LightGBM": {"losses": {"197_cpu_act": [0.010581700150560803, 0.009778497203476984, 0.01013457839581278, 0.010420328481956695, 0.010051871859270365]}, "coverage": {"197_cpu_act": [0.4314215985356925, 0.41006711409395974, 0.41343101343101346, 0.41404151404151407, 0.38595848595848603]}, "tau": 0.5}, "DecisionTree": {"losses": {"197_cpu_act": [0.010640881049666893, 0.00977899803403159, 0.010454668788002122, 0.009506851173517841, 0.009252784252784252]}, "coverage": {"197_cpu_act": [0.3106162294081758, 0.2929225137278829, 0.3188034188034188, 0.2852258852258852, 0.26507936507936514]}, "complexity": {"197_cpu_act": [1093, 491, 503, 497, 317]}, "tau": 0.5}, "LinearQuantile": {"losses": {"197_cpu_act": [0.0746050096918014, 0.0765583915336333, 0.07717723410365115, 0.07694923580457826, 0.07600351540292742]}, "coverage": {"197_cpu_act": [0.4588773642464918, 0.4454545454545455, 0.4616605616605617, 0.46776556776556777, 0.46776556776556777]}, "complexity": {"197_cpu_act": [21, 21, 21, 21, 21]}, "tau": 0.5}}