{"SQR": {"losses": {"712_chscase_geyser1": [0.04379475288632658, 0.046459689371990215, 0.04291218181818183, 0.04032162310953776, 0.06495176659299644]}, "coverage": {"712_chscase_geyser1": [0.12222222222222223, 0.011111111111111127, 0.20454545454545459, 0.04545454545454547, 0.2272727272727273]}, "complexity": {"712_chscase_geyser1": [4, 4, 3, 3, 3]}, "time_all": {"712_chscase_geyser1": [392.86131834983826, 375.8465106487274, 403.16710019111633, 380.2530975341797, 374.4088010787964]}, "time_fit": {"712_chscase_geyser1": [392.86131834983826, 375.8465106487274, 403.16710019111633, 380.2530975341797, 374.4088010787964]}, "sizes": {"712_chscase_geyser1": []}, "tau": 0.5}, "LightGBM": {"losses": {"712_chscase_geyser1": [0.04474488355441143, 0.047231903686814604, 0.0455057764176037, 0.0433969270828186, 0.06281985778770202]}, "coverage": {"712_chscase_geyser1": [0.09999999999999998, 0.033333333333333326, 0.25, 0.022727272727272707, 0.18181818181818182]}, "time_all": {"712_chscase_geyser1": [0.10020136833190918, 0.09988784790039062, 0.09598493576049805, 0.09226799011230469, 0.0918891429901123]}, "time_fit": {"712_chscase_geyser1": [0.022634029388427734, 0.022013187408447266, 0.021651268005371094, 0.02095317840576172, 0.015851497650146484]}, "sizes": {"712_chscase_geyser1": []}, "tau": 0.5}, "DecisionTree": {"losses": {"712_chscase_geyser1": [0.041614255765199164, 0.046226415094339626, 0.042774442538593485, 0.04309605488850772, 0.05874785591766724]}, "coverage": {"712_chscase_geyser1": [0.16666666666666663, 0.033333333333333326, 0.18181818181818177, 0.0, 0.18181818181818182]}, "complexity": {"712_chscase_geyser1": [27, 7, 11, 7, 7]}, "time_all": {"712_chscase_geyser1": [0.021405935287475586, 0.021305561065673828, 0.02104043960571289, 0.021051406860351562, 0.021063804626464844]}, "time_fit": {"712_chscase_geyser1": [0.0018558502197265625, 0.0010895729064941406, 0.0012578964233398438, 0.0010848045349121094, 0.001079559326171875]}, "sizes": {"712_chscase_geyser1": []}, "tau": 0.5}, "LinearQuantile": {"losses": {"712_chscase_geyser1": [0.07496156446633445, 0.10455371631578189, 0.0765691881434315, 0.08910974870802543, 0.09596011076885824]}, "coverage": {"712_chscase_geyser1": [0.011111111111111127, 0.07777777777777778, 0.022727272727272707, 0.18181818181818182, 0.15909090909090912]}, "complexity": {"712_chscase_geyser1": [2, 2, 2, 2, 2]}, "time_all": {"712_chscase_geyser1": [0.1959061622619629, 0.0956888198852539, 0.035939931869506836, 0.06361985206604004, 0.059411048889160156]}, "time_fit": {"712_chscase_geyser1": [0.01759171485900879, 0.00841975212097168, 0.0029621124267578125, 0.005451202392578125, 0.0050945281982421875]}, "sizes": {"712_chscase_geyser1": []}, "tau": 0.5}}