{"SQR": {"losses": {"192_vineyard": [0.04043109361367195, 0.03769830684369493, 0.053562829313181785, 0.036751505824797186, 0.04601529029371282]}, "coverage": {"192_vineyard": [0.13636363636363635, 0.04545454545454547, 0.0, 0.0, 0.09999999999999998]}, "complexity": {"192_vineyard": [5, 6, 5, 5, 11]}, "time_all": {"192_vineyard": [283.2238337993622, 280.9946403503418, 274.20358180999756, 285.76025581359863, 279.93223452568054]}, "time_fit": {"192_vineyard": [283.2238337993622, 280.9946403503418, 274.20358180999756, 285.76025581359863, 279.93223452568054]}, "sizes": {"192_vineyard": []}, "tau": 0.5}, "LightGBM": {"losses": {"192_vineyard": [0.07640232108317214, 0.05705996131528046, 0.08829787234042553, 0.07340425531914894, 0.07765957446808511]}, "coverage": {"192_vineyard": [0.04545454545454547, 0.2272727272727273, 0.09999999999999998, 0.30000000000000004, 0.2]}, "time_all": {"192_vineyard": [0.02060222625732422, 0.02277398109436035, 0.02268671989440918, 0.021976947784423828, 0.019870281219482422]}, "time_fit": {"192_vineyard": [0.0025551319122314453, 0.003042459487915039, 0.0029501914978027344, 0.0028705596923828125, 0.0025260448455810547]}, "sizes": {"192_vineyard": []}, "tau": 0.5}, "DecisionTree": {"losses": {"192_vineyard": [0.041586073500967116, 0.046421663442940034, 0.05, 0.03723404255319149, 0.06170212765957447]}, "coverage": {"192_vineyard": [0.13636363636363635, 0.2272727272727273, 0.0, 0.09999999999999998, 0.0]}, "complexity": {"192_vineyard": [5, 5, 5, 5, 15]}, "time_all": {"192_vineyard": [0.014953851699829102, 0.014943838119506836, 0.015456199645996094, 0.015435934066772461, 0.015372991561889648]}, "time_fit": {"192_vineyard": [0.0009877681732177734, 0.0009932518005371094, 0.0009887218475341797, 0.0009915828704833984, 0.0013675689697265625]}, "sizes": {"192_vineyard": []}, "tau": 0.5}, "LinearQuantile": {"losses": {"192_vineyard": [0.03987021662543623, 0.05121930179017233, 0.09146844701832392, 0.06326658754083472, 0.048031914461968486]}, "coverage": {"192_vineyard": [0.13636363636363635, 0.2272727272727273, 0.3, 0.19999999999999996, 0.0]}, "complexity": {"192_vineyard": [2, 2, 2, 2, 2]}, "time_all": {"192_vineyard": [0.025175809860229492, 0.07868456840515137, 0.10480952262878418, 0.02940201759338379, 0.05886507034301758]}, "time_fit": {"192_vineyard": [0.001997232437133789, 0.006807804107666016, 0.009183406829833984, 0.002374887466430664, 0.005021572113037109]}, "sizes": {"192_vineyard": []}, "tau": 0.5}}