{"SQR": {"losses": {"611_fri_c3_100_5": [0.01602850970362706, 0.016723082464312648, 0.01755827361539826, 0.01702459229536932, 0.012601737382381498]}, "coverage": {"611_fri_c3_100_5": [0.04999999999999999, 0.09999999999999998, 0.15000000000000002, 0.19999999999999996, 0.0]}, "complexity": {"611_fri_c3_100_5": [16, 11, 10, 13, 16]}, "time_all": {"611_fri_c3_100_5": [324.5548369884491, 323.10783100128174, 323.88697361946106, 325.3214864730835, 306.8708086013794]}, "time_fit": {"611_fri_c3_100_5": [324.5548369884491, 323.10783100128174, 323.88697361946106, 325.3214864730835, 306.8708086013794]}, "sizes": {"611_fri_c3_100_5": []}, "tau": 0.5}, "LightGBM": {"losses": {"611_fri_c3_100_5": [0.04711106457541788, 0.056694670118595046, 0.061957773093605104, 0.04747591076899113, 0.10600691459373841]}, "coverage": {"611_fri_c3_100_5": [0.04999999999999999, 0.0, 0.09999999999999998, 0.09999999999999998, 0.0]}, "time_all": {"611_fri_c3_100_5": [0.05623435974121094, 0.05498981475830078, 0.05891919136047363, 0.06801748275756836, 0.058946847915649414]}, "time_fit": {"611_fri_c3_100_5": [0.01295161247253418, 0.013830423355102539, 0.012716531753540039, 0.014654159545898438, 0.01443338394165039]}, "sizes": {"611_fri_c3_100_5": []}, "tau": 0.5}, "DecisionTree": {"losses": {"611_fri_c3_100_5": [0.052365413452872066, 0.04174717788400627, 0.05284508492082102, 0.037417285947305784, 0.05619491970542253]}, "coverage": {"611_fri_c3_100_5": [0.0, 0.09999999999999998, 0.2, 0.19999999999999996, 0.09999999999999998]}, "complexity": {"611_fri_c3_100_5": [13, 33, 13, 13, 35]}, "time_all": {"611_fri_c3_100_5": [0.01727581024169922, 0.01830291748046875, 0.01741790771484375, 0.017893314361572266, 0.018909454345703125]}, "time_fit": {"611_fri_c3_100_5": [0.0013594627380371094, 0.0021355152130126953, 0.0013709068298339844, 0.0013294219970703125, 0.002193927764892578]}, "sizes": {"611_fri_c3_100_5": []}, "tau": 0.5}, "LinearQuantile": {"losses": {"611_fri_c3_100_5": [0.08134449139318906, 0.0719682124219565, 0.06591016977588271, 0.05727299647395441, 0.10685389178390221]}, "coverage": {"611_fri_c3_100_5": [0.0, 0.050000000000000044, 0.09999999999999998, 0.0, 0.04999999999999999]}, "complexity": {"611_fri_c3_100_5": [5, 5, 5, 5, 5]}, "time_all": {"611_fri_c3_100_5": [0.24437189102172852, 0.12057137489318848, 0.08381342887878418, 0.03526425361633301, 0.2505655288696289]}, "time_fit": {"611_fri_c3_100_5": [0.021918296813964844, 0.010663986206054688, 0.00730443000793457, 0.0028994083404541016, 0.02244734764099121]}, "sizes": {"611_fri_c3_100_5": []}, "tau": 0.5}}