{"SQR": {"losses": {"687_sleuth_ex1605": [0.12221982060707604, 0.08339262137784233, 0.09466687526646848, 0.0681442112107188, 0.04090936929292928]}, "coverage": {"687_sleuth_ex1605": [0.6692307692307693, 0.43846153846153846, 0.5666666666666667, 0.2333333333333334, 0.48333333333333334]}, "complexity": {"687_sleuth_ex1605": [11, 8, 4, 7, 2]}, "tau": 0.5}, "LightGBM": {"losses": {"687_sleuth_ex1605": [0.09867137664487662, 0.09042997111304639, 0.06946818933862187, 0.0722496820161227, 0.043660125890016756]}, "coverage": {"687_sleuth_ex1605": [0.43846153846153846, 0.43846153846153846, 0.5666666666666667, 0.4, 0.31666666666666665]}, "tau": 0.5}, "DecisionTree": {"losses": {"687_sleuth_ex1605": [0.08892773892773892, 0.06433566433566433, 0.08851010101010102, 0.054292929292929296, 0.04299242424242425]}, "coverage": {"687_sleuth_ex1605": [0.5153846153846153, 0.2846153846153846, 0.5666666666666667, 0.31666666666666665, 0.4]}, "complexity": {"687_sleuth_ex1605": [17, 7, 3, 19, 7]}, "tau": 0.5}, "LinearQuantile": {"losses": {"687_sleuth_ex1605": [0.10488234379737846, 0.06997603934279754, 0.08035242242635149, 0.07318810876982812, 0.06456186750446151]}, "coverage": {"687_sleuth_ex1605": [0.5923076923076923, 0.43846153846153846, 0.15000000000000002, 0.48333333333333334, 0.48333333333333334]}, "complexity": {"687_sleuth_ex1605": [5, 5, 5, 5, 5]}, "tau": 0.5}}