{"SQR": {"losses": {"653_fri_c0_250_25": [0.02932208862507188, 0.021469183581091372, 0.024998537384024615, 0.029748621050528043, 0.027761915610369493]}, "coverage": {"653_fri_c0_250_25": [0.44, 0.38, 0.46, 0.46, 0.28]}, "complexity": {"653_fri_c0_250_25": [13, 20, 11, 14, 14]}, "tau": 0.5}, "LightGBM": {"losses": {"653_fri_c0_250_25": [0.04152959795557754, 0.052571419379857584, 0.047442773462946106, 0.04536472550428714, 0.03971100804961005]}, "coverage": {"653_fri_c0_250_25": [0.4, 0.46, 0.48000000000000004, 0.36, 0.33999999999999997]}, "tau": 0.5}, "DecisionTree": {"losses": {"653_fri_c0_250_25": [0.05605141097078659, 0.043324790448688213, 0.05366152419637415, 0.07142351964141522, 0.05138538705653751]}, "coverage": {"653_fri_c0_250_25": [0.36, 0.38, 0.33999999999999997, 0.5800000000000001, 0.4]}, "complexity": {"653_fri_c0_250_25": [33, 35, 29, 15, 7]}, "tau": 0.5}, "LinearQuantile": {"losses": {"653_fri_c0_250_25": [0.04317372193533622, 0.035604103620696624, 0.04789703204679356, 0.045141792260168505, 0.042597082864898564]}, "coverage": {"653_fri_c0_250_25": [0.46, 0.33999999999999997, 0.56, 0.5, 0.4]}, "complexity": {"653_fri_c0_250_25": [25, 25, 25, 25, 25]}, "tau": 0.5}}