{"SQR": {"losses": {"547_no2": [0.04847329363174103, 0.04811979209535084, 0.047765992439606025, 0.04491828439616043, 0.05831190039737858]}, "coverage": {"547_no2": [0.13, 0.010000000000000009, 0.010000000000000009, 0.050000000000000044, 0.07]}, "complexity": {"547_no2": [2, 2, 7, 2, 2]}, "time_all": {"547_no2": [434.12825894355774, 460.40106892585754, 427.52771043777466, 445.00710892677307, 458.6060411930084]}, "time_fit": {"547_no2": [434.12825894355774, 460.40106892585754, 427.52771043777466, 445.00710892677307, 458.6060411930084]}, "sizes": {"547_no2": []}, "tau": 0.5}, "LightGBM": {"losses": {"547_no2": [0.03878610825057164, 0.034611087344083295, 0.04233453038958973, 0.0340466547387507, 0.040530664984341026]}, "coverage": {"547_no2": [0.06, 0.030000000000000027, 0.010000000000000009, 0.07999999999999996, 0.030000000000000027]}, "time_all": {"547_no2": [0.21018528938293457, 0.22130298614501953, 0.23786258697509766, 0.2225022315979004, 0.20999693870544434]}, "time_fit": {"547_no2": [0.046630859375, 0.050524234771728516, 0.05633258819580078, 0.049448251724243164, 0.04578852653503418]}, "sizes": {"547_no2": []}, "tau": 0.5}, "DecisionTree": {"losses": {"547_no2": [0.03931567090001398, 0.03701675328358563, 0.040585554876519055, 0.03808981841048612, 0.03892874077056497]}, "coverage": {"547_no2": [0.0, 0.050000000000000044, 0.020000000000000018, 0.030000000000000027, 0.03999999999999998]}, "complexity": {"547_no2": [27, 19, 31, 13, 71]}, "time_all": {"547_no2": [0.07846951484680176, 0.07830023765563965, 0.04031181335449219, 0.07424807548522949, 0.04156160354614258]}, "time_fit": {"547_no2": [0.005191326141357422, 0.004480600357055664, 0.002732992172241211, 0.0034856796264648438, 0.004608869552612305]}, "sizes": {"547_no2": []}, "tau": 0.5}, "LinearQuantile": {"losses": {"547_no2": [0.04076256864637643, 0.037527747234039, 0.040383171817204175, 0.03526706056868775, 0.044933085086281216]}, "coverage": {"547_no2": [0.06, 0.010000000000000009, 0.09999999999999998, 0.0, 0.09999999999999998]}, "complexity": {"547_no2": [7, 7, 7, 7, 7]}, "time_all": {"547_no2": [0.34613776206970215, 0.4946098327636719, 0.09603333473205566, 0.38097620010375977, 0.15764570236206055]}, "time_fit": {"547_no2": [0.030221223831176758, 0.04385113716125488, 0.008421182632446289, 0.033736228942871094, 0.01405024528503418]}, "sizes": {"547_no2": []}, "tau": 0.5}}