{"SQR": {"losses": {"579_fri_c0_250_5": [0.011171911250436132, 0.015340780154149612, 0.011412286579284921, 0.010349622493171182, 0.009594084823716398]}, "coverage": {"579_fri_c0_250_5": [0.020000000000000018, 0.040000000000000036, 0.08000000000000007, 0.039999999999999925, 0.0]}, "complexity": {"579_fri_c0_250_5": [9, 9, 12, 14, 13]}, "tau": 0.9}, "LightGBM": {"losses": {"579_fri_c0_250_5": [0.02234423137875488, 0.030217441077129207, 0.029213657884309196, 0.026840486321433675, 0.029792419116087213]}, "coverage": {"579_fri_c0_250_5": [0.040000000000000036, 0.020000000000000018, 0.040000000000000036, 0.020000000000000018, 0.0]}, "tau": 0.9}, "DecisionTree": {"losses": {"579_fri_c0_250_5": [0.024407078559304237, 0.029283698889141917, 0.03781087985346462, 0.02802694903498265, 0.026101897618370402]}, "coverage": {"579_fri_c0_250_5": [0.09999999999999998, 0.040000000000000036, 0.09999999999999998, 0.06000000000000005, 0.040000000000000036]}, "complexity": {"579_fri_c0_250_5": [33, 33, 5, 33, 9]}, "tau": 0.9}, "LinearQuantile": {"losses": {"579_fri_c0_250_5": [0.05245004934261034, 0.048511285299686395, 0.05766569166282957, 0.03947524411879031, 0.042914602955644705]}, "coverage": {"579_fri_c0_250_5": [0.5, 0.44, 0.42000000000000004, 0.42000000000000004, 0.5]}, "complexity": {"579_fri_c0_250_5": [5, 5, 5, 5, 5]}, "tau": 0.9}}