{"SQR": {"losses": {"604_fri_c4_500_10": [0.01447440043378103, 0.017287899302093186, 0.0158849273645367, 0.017769095622480875, 0.018942732526427527]}, "coverage": {"604_fri_c4_500_10": [0.030000000000000027, 0.06000000000000005, 0.06, 0.06, 0.030000000000000027]}, "complexity": {"604_fri_c4_500_10": [13, 11, 12, 12, 11]}, "time_all": {"604_fri_c4_500_10": [510.21662735939026, 488.7723698616028, 505.8043887615204, 499.3272137641907, 492.4132535457611]}, "time_fit": {"604_fri_c4_500_10": [510.21662735939026, 488.7723698616028, 505.8043887615204, 499.3272137641907, 492.4132535457611]}, "sizes": {"604_fri_c4_500_10": []}, "tau": 0.5}, "LightGBM": {"losses": {"604_fri_c4_500_10": [0.027541412241972096, 0.03390129016898563, 0.03157745528851962, 0.0293518592587143, 0.028891276653897024]}, "coverage": {"604_fri_c4_500_10": [0.030000000000000027, 0.030000000000000027, 0.040000000000000036, 0.13, 0.04999999999999999]}, "time_all": {"604_fri_c4_500_10": [0.21758747100830078, 0.23683595657348633, 0.22823166847229004, 0.23813986778259277, 0.2029733657836914]}, "time_fit": {"604_fri_c4_500_10": [0.052734375, 0.052110910415649414, 0.04555511474609375, 0.04994511604309082, 0.04367852210998535]}, "sizes": {"604_fri_c4_500_10": []}, "tau": 0.5}, "DecisionTree": {"losses": {"604_fri_c4_500_10": [0.029433295764222277, 0.03365132340730214, 0.0344042630750616, 0.03428602582820601, 0.029863477745463857]}, "coverage": {"604_fri_c4_500_10": [0.030000000000000027, 0.010000000000000009, 0.010000000000000009, 0.09000000000000002, 0.040000000000000036]}, "complexity": {"604_fri_c4_500_10": [161, 69, 159, 157, 67]}, "time_all": {"604_fri_c4_500_10": [0.10215091705322266, 0.05017352104187012, 0.052963972091674805, 0.05372047424316406, 0.04949545860290527]}, "time_fit": {"604_fri_c4_500_10": [0.017835617065429688, 0.005433559417724609, 0.009232521057128906, 0.009054183959960938, 0.0052776336669921875]}, "sizes": {"604_fri_c4_500_10": []}, "tau": 0.5}, "LinearQuantile": {"losses": {"604_fri_c4_500_10": [0.05952997172273483, 0.06256625776870263, 0.06489403807849745, 0.060848195493943574, 0.062215600910648]}, "coverage": {"604_fri_c4_500_10": [0.020000000000000018, 0.020000000000000018, 0.010000000000000009, 0.15999999999999998, 0.09000000000000002]}, "complexity": {"604_fri_c4_500_10": [10, 10, 10, 10, 10]}, "time_all": {"604_fri_c4_500_10": [0.1528642177581787, 0.14324498176574707, 0.6749007701873779, 0.17605209350585938, 0.771294116973877]}, "time_fit": {"604_fri_c4_500_10": [0.013131141662597656, 0.012675762176513672, 0.06099867820739746, 0.01576685905456543, 0.06974983215332031]}, "sizes": {"604_fri_c4_500_10": []}, "tau": 0.5}}