{"SQR": {"losses": {"657_fri_c2_250_10": [0.01040824342681562, 0.00796712729130269, 0.01234420906499969, 0.009109112241736213, 0.00965790411140009]}, "coverage": {"657_fri_c2_250_10": [0.020000000000000018, 0.06000000000000005, 0.040000000000000036, 0.040000000000000036, 0.020000000000000018]}, "complexity": {"657_fri_c2_250_10": [16, 14, 14, 14, 15]}, "time_all": {"657_fri_c2_250_10": [381.97557401657104, 403.2176434993744, 385.0103392601013, 403.5184326171875, 390.249472618103]}, "time_fit": {"657_fri_c2_250_10": [381.97557401657104, 403.2176434993744, 385.0103392601013, 403.5184326171875, 390.249472618103]}, "sizes": {"657_fri_c2_250_10": []}, "tau": 0.9}, "LightGBM": {"losses": {"657_fri_c2_250_10": [0.025570742201666347, 0.024838306817715382, 0.028907122773928637, 0.028926660845908198, 0.023529468147998195]}, "coverage": {"657_fri_c2_250_10": [0.08000000000000007, 0.040000000000000036, 0.06000000000000005, 0.0, 0.020000000000000018]}, "time_all": {"657_fri_c2_250_10": [0.17468476295471191, 0.1204679012298584, 0.12182784080505371, 0.12509965896606445, 0.1066291332244873]}, "time_fit": {"657_fri_c2_250_10": [0.029360294342041016, 0.028389692306518555, 0.030096054077148438, 0.029761791229248047, 0.025226831436157227]}, "sizes": {"657_fri_c2_250_10": []}, "tau": 0.9}, "DecisionTree": {"losses": {"657_fri_c2_250_10": [0.018835203281114137, 0.025345679155948632, 0.031110824836280766, 0.02439431814232025, 0.017426632885831083]}, "coverage": {"657_fri_c2_250_10": [0.020000000000000018, 0.09999999999999998, 0.09999999999999998, 0.08000000000000007, 0.12]}, "complexity": {"657_fri_c2_250_10": [17, 15, 13, 81, 35]}, "time_all": {"657_fri_c2_250_10": [0.05406951904296875, 0.028714418411254883, 0.027451038360595703, 0.031117677688598633, 0.028599977493286133]}, "time_fit": {"657_fri_c2_250_10": [0.003772735595703125, 0.0018889904022216797, 0.0017406940460205078, 0.004759311676025391, 0.0028367042541503906]}, "sizes": {"657_fri_c2_250_10": []}, "tau": 0.9}, "LinearQuantile": {"losses": {"657_fri_c2_250_10": [0.08694505314216276, 0.08485696015681198, 0.0852298773036173, 0.08551464151025129, 0.08574325040854412]}, "coverage": {"657_fri_c2_250_10": [0.54, 0.36, 0.46, 0.46, 0.48000000000000004]}, "complexity": {"657_fri_c2_250_10": [10, 10, 10, 10, 10]}, "time_all": {"657_fri_c2_250_10": [0.6494669914245605, 0.0896291732788086, 0.18000149726867676, 0.1294422149658203, 0.20680475234985352]}, "time_fit": {"657_fri_c2_250_10": [0.057500362396240234, 0.007835149765014648, 0.016024351119995117, 0.011468172073364258, 0.018442153930664062]}, "sizes": {"657_fri_c2_250_10": []}, "tau": 0.9}}