{"SQR": {"losses": {"560_bodyfat": [0.00041140248981731334, 0.0018614593908668384, 0.007945036350301216, 0.001008623873001292, 0.00014485361056683043]}, "coverage": {"560_bodyfat": [0.021568627450980316, 0.056862745098039236, 0.020000000000000018, 0.039999999999999925, 0.05999999999999994]}, "complexity": {"560_bodyfat": [11, 11, 13, 12, 11]}, "tau": 0.9}, "LightGBM": {"losses": {"560_bodyfat": [0.017385827259112936, 0.021663519813585864, 0.01372594547770319, 0.016956325362542133, 0.016873279095891057]}, "coverage": {"560_bodyfat": [0.0607843137254902, 0.056862745098039236, 0.07999999999999996, 0.07999999999999996, 0.020000000000000018]}, "tau": 0.9}, "DecisionTree": {"losses": {"560_bodyfat": [0.0028928809997590065, 0.009112486267483517, 0.006246315757349918, 0.0032901041236676662, 0.0021637874482807367]}, "coverage": {"560_bodyfat": [0.27254901960784317, 0.1941176470588235, 0.14, 0.20000000000000007, 0.12]}, "complexity": {"560_bodyfat": [75, 81, 33, 83, 81]}, "tau": 0.9}, "LinearQuantile": {"losses": {"560_bodyfat": [0.012188515533091604, 0.013300459102908608, 0.023099252075744196, 0.013025391932124052, 0.016285722566226787]}, "coverage": {"560_bodyfat": [0.0607843137254902, 0.0019607843137254832, 0.06000000000000005, 0.08000000000000007, 0.020000000000000018]}, "complexity": {"560_bodyfat": [14, 14, 14, 14, 14]}, "tau": 0.9}}