{"SQR": {"losses": {"654_fri_c0_500_10": [0.0192964393324628, 0.03637513655467451, 0.024974024794576406, 0.020817020947210118, 0.029056323960236333]}, "coverage": {"654_fri_c0_500_10": [0.07, 0.030000000000000027, 0.04999999999999999, 0.04999999999999999, 0.010000000000000009]}, "complexity": {"654_fri_c0_500_10": [15, 12, 11, 13, 9]}, "time_all": {"654_fri_c0_500_10": [409.8286623954773, 442.56898283958435, 431.0415804386139, 467.55785632133484, 435.3231210708618]}, "time_fit": {"654_fri_c0_500_10": [409.8286623954773, 442.56898283958435, 431.0415804386139, 467.55785632133484, 435.3231210708618]}, "sizes": {"654_fri_c0_500_10": []}, "tau": 0.5}, "LightGBM": {"losses": {"654_fri_c0_500_10": [0.03835346603117593, 0.04021127157832868, 0.036554313921639506, 0.03963871466624257, 0.03356972365741853]}, "coverage": {"654_fri_c0_500_10": [0.04999999999999999, 0.08999999999999997, 0.09999999999999998, 0.030000000000000027, 0.040000000000000036]}, "time_all": {"654_fri_c0_500_10": [0.22703289985656738, 0.2491135597229004, 0.211014986038208, 0.20578432083129883, 0.23797202110290527]}, "time_fit": {"654_fri_c0_500_10": [0.04788923263549805, 0.054415225982666016, 0.04842329025268555, 0.04786944389343262, 0.05420684814453125]}, "sizes": {"654_fri_c0_500_10": []}, "tau": 0.5}, "DecisionTree": {"losses": {"654_fri_c0_500_10": [0.04451136229636606, 0.042050486776219684, 0.04412207426725095, 0.045201722860192146, 0.04490961635632022]}, "coverage": {"654_fri_c0_500_10": [0.03999999999999998, 0.050000000000000044, 0.03999999999999998, 0.010000000000000009, 0.020000000000000018]}, "complexity": {"654_fri_c0_500_10": [73, 67, 69, 67, 71]}, "time_all": {"654_fri_c0_500_10": [0.049002885818481445, 0.09042739868164062, 0.047565460205078125, 0.047716379165649414, 0.04894256591796875]}, "time_fit": {"654_fri_c0_500_10": [0.005309104919433594, 0.00962209701538086, 0.005159139633178711, 0.005112886428833008, 0.005249738693237305]}, "sizes": {"654_fri_c0_500_10": []}, "tau": 0.5}, "LinearQuantile": {"losses": {"654_fri_c0_500_10": [0.04740813616546241, 0.039391810760075724, 0.0390026593941434, 0.042834950167186546, 0.03845895088232798]}, "coverage": {"654_fri_c0_500_10": [0.030000000000000027, 0.07, 0.04999999999999999, 0.06000000000000005, 0.010000000000000009]}, "complexity": {"654_fri_c0_500_10": [10, 10, 10, 10, 10]}, "time_all": {"654_fri_c0_500_10": [0.21287894248962402, 0.1836700439453125, 0.161848783493042, 0.14843082427978516, 0.10298013687133789]}, "time_fit": {"654_fri_c0_500_10": [0.01900935173034668, 0.01574420928955078, 0.014356851577758789, 0.013173103332519531, 0.009045600891113281]}, "sizes": {"654_fri_c0_500_10": []}, "tau": 0.5}}