{"SQR": {"losses": {"586_fri_c3_1000_25": [0.004567971228358902, 0.007406166012209029, 0.005056764643430081, 0.00649111844211556, 0.007896448952233112]}, "coverage": {"586_fri_c3_1000_25": [0.0, 0.0050000000000000044, 0.025000000000000022, 0.010000000000000009, 0.025000000000000022]}, "complexity": {"586_fri_c3_1000_25": [16, 12, 15, 13, 14]}, "time_all": {"586_fri_c3_1000_25": [966.489426612854, 957.3988144397736, 927.3441951274872, 977.0354776382446, 862.4362416267395]}, "time_fit": {"586_fri_c3_1000_25": [966.489426612854, 957.3988144397736, 927.3441951274872, 977.0354776382446, 862.4362416267395]}, "sizes": {"586_fri_c3_1000_25": []}, "tau": 0.9}, "LightGBM": {"losses": {"586_fri_c3_1000_25": [0.016400954087727543, 0.01647753030574724, 0.016333986368934735, 0.015312375828044322, 0.012974834755179025]}, "coverage": {"586_fri_c3_1000_25": [0.015000000000000013, 0.025000000000000022, 0.040000000000000036, 0.030000000000000027, 0.0050000000000000044]}, "time_all": {"586_fri_c3_1000_25": [0.34542083740234375, 0.279186487197876, 0.27323055267333984, 0.28515100479125977, 0.287003755569458]}, "time_fit": {"586_fri_c3_1000_25": [0.05983853340148926, 0.05228114128112793, 0.05452084541320801, 0.05064797401428223, 0.05268263816833496]}, "sizes": {"586_fri_c3_1000_25": []}, "tau": 0.9}, "DecisionTree": {"losses": {"586_fri_c3_1000_25": [0.014194944278575478, 0.014276646122270762, 0.014369898243356938, 0.01379213812514848, 0.013340007863885738]}, "coverage": {"586_fri_c3_1000_25": [0.09499999999999997, 0.050000000000000044, 0.050000000000000044, 0.16500000000000004, 0.07000000000000006]}, "complexity": {"586_fri_c3_1000_25": [137, 65, 41, 139, 65]}, "time_all": {"586_fri_c3_1000_25": [0.31544971466064453, 0.16170406341552734, 0.15928959846496582, 0.16498637199401855, 0.1608421802520752]}, "time_fit": {"586_fri_c3_1000_25": [0.03480339050292969, 0.013628482818603516, 0.011473894119262695, 0.01877903938293457, 0.013546943664550781]}, "sizes": {"586_fri_c3_1000_25": []}, "tau": 0.9}, "LinearQuantile": {"losses": {"586_fri_c3_1000_25": [0.06029585284671492, 0.05389418009271404, 0.06270337908142225, 0.06213620377262322, 0.061638695456356314]}, "coverage": {"586_fri_c3_1000_25": [0.41000000000000003, 0.375, 0.44, 0.445, 0.445]}, "complexity": {"586_fri_c3_1000_25": [25, 25, 25, 25, 25]}, "time_all": {"586_fri_c3_1000_25": [1.561568260192871, 1.3893873691558838, 0.9278652667999268, 0.4607696533203125, 0.4410827159881592]}, "time_fit": {"586_fri_c3_1000_25": [0.10282135009765625, 0.12605643272399902, 0.08423876762390137, 0.04162240028381348, 0.03939366340637207]}, "sizes": {"586_fri_c3_1000_25": []}, "tau": 0.9}}