{"SQR": {"losses": {"1030_ERA": [0.0856390643125, 0.093988815365625, 0.07977272934375, 0.0796873491, 0.083773943875]}, "coverage": {"1030_ERA": [0.08000000000000002, 0.09999999999999998, 0.0050000000000000044, 0.03500000000000003, 0.015000000000000013]}, "complexity": {"1030_ERA": [3, 3, 3, 3, 4]}, "time_all": {"1030_ERA": [642.9197618961334, 623.439742565155, 635.4609332084656, 602.0908315181732, 646.6402215957642]}, "time_fit": {"1030_ERA": [642.9197618961334, 623.439742565155, 635.4609332084656, 602.0908315181732, 646.6402215957642]}, "sizes": {"1030_ERA": []}, "tau": 0.5}, "LightGBM": {"losses": {"1030_ERA": [0.0792896886147594, 0.08034664655475748, 0.07408945658655344, 0.07360295272193612, 0.08117653553922477]}, "coverage": {"1030_ERA": [0.025000000000000022, 0.08500000000000002, 0.06499999999999995, 0.08999999999999997, 0.030000000000000027]}, "time_all": {"1030_ERA": [0.2811164855957031, 0.2732524871826172, 0.2699718475341797, 0.2907426357269287, 0.2812163829803467]}, "time_fit": {"1030_ERA": [0.05524420738220215, 0.0561676025390625, 0.057591915130615234, 0.06047248840332031, 0.0572199821472168]}, "sizes": {"1030_ERA": []}, "tau": 0.5}, "DecisionTree": {"losses": {"1030_ERA": [0.0784375, 0.07875, 0.07, 0.071875, 0.08]}, "coverage": {"1030_ERA": [0.08499999999999996, 0.040000000000000036, 0.16000000000000003, 0.17500000000000004, 0.07499999999999996]}, "complexity": {"1030_ERA": [87, 35, 37, 31, 21]}, "time_all": {"1030_ERA": [0.03959059715270996, 0.0370335578918457, 0.03742361068725586, 0.03734469413757324, 0.036478281021118164]}, "time_fit": {"1030_ERA": [0.0044248104095458984, 0.0023941993713378906, 0.0024979114532470703, 0.0022504329681396484, 0.0018339157104492188]}, "sizes": {"1030_ERA": []}, "tau": 0.5}, "LinearQuantile": {"losses": {"1030_ERA": [0.07997263004272458, 0.08332785892321164, 0.07516463590025216, 0.07643542564389516, 0.0819854917726505]}, "coverage": {"1030_ERA": [0.0050000000000000044, 0.07500000000000001, 0.050000000000000044, 0.10499999999999998, 0.025000000000000022]}, "complexity": {"1030_ERA": [4, 4, 4, 4, 4]}, "time_all": {"1030_ERA": [0.0904085636138916, 0.08805346488952637, 0.03235340118408203, 0.06704258918762207, 0.16408610343933105]}, "time_fit": {"1030_ERA": [0.00791311264038086, 0.007645368576049805, 0.0026082992553710938, 0.005754947662353516, 0.01455545425415039]}, "sizes": {"1030_ERA": []}, "tau": 0.5}}