{"SQR": {"losses": {"690_visualizing_galaxy": [0.02271028401991182, 0.025936759611341707, 0.024168844294319317, 0.019702825455128473, 0.019852724317982743]}, "coverage": {"690_visualizing_galaxy": [0.007692307692307665, 0.007692307692307665, 0.02307692307692305, 0.125, 0.125]}, "complexity": {"690_visualizing_galaxy": [7, 8, 7, 7, 8]}, "time_all": {"690_visualizing_galaxy": [364.41436672210693, 370.8537266254425, 321.72405433654785, 327.0773117542267, 374.1850221157074]}, "time_fit": {"690_visualizing_galaxy": [364.41436672210693, 370.8537266254425, 321.72405433654785, 327.0773117542267, 374.1850221157074]}, "sizes": {"690_visualizing_galaxy": []}, "tau": 0.5}, "LightGBM": {"losses": {"690_visualizing_galaxy": [0.02176916526400804, 0.026550852201317345, 0.026634846994921618, 0.024680093557003863, 0.023294771134537772]}, "coverage": {"690_visualizing_galaxy": [0.02307692307692305, 0.007692307692307665, 0.007692307692307665, 0.03125, 0.171875]}, "time_all": {"690_visualizing_galaxy": [0.16035723686218262, 0.14483165740966797, 0.12627029418945312, 0.15142464637756348, 0.1537775993347168]}, "time_fit": {"690_visualizing_galaxy": [0.038724422454833984, 0.035454511642456055, 0.031934499740600586, 0.03873705863952637, 0.04000401496887207]}, "sizes": {"690_visualizing_galaxy": []}, "tau": 0.5}, "DecisionTree": {"losses": {"690_visualizing_galaxy": [0.01682429592265658, 0.020491803278688523, 0.02039722572509458, 0.01565701844262295, 0.015731728142076504]}, "coverage": {"690_visualizing_galaxy": [0.05384615384615382, 0.0692307692307692, 0.02307692307692305, 0.09375, 0.125]}, "complexity": {"690_visualizing_galaxy": [43, 109, 105, 103, 97]}, "time_all": {"690_visualizing_galaxy": [0.052561044692993164, 0.03125643730163574, 0.030225515365600586, 0.057714223861694336, 0.057015419006347656]}, "time_fit": {"690_visualizing_galaxy": [0.0051801204681396484, 0.005192279815673828, 0.005027055740356445, 0.009513616561889648, 0.009136438369750977]}, "sizes": {"690_visualizing_galaxy": []}, "tau": 0.5}, "LinearQuantile": {"losses": {"690_visualizing_galaxy": [0.03480918829185363, 0.03931616856337631, 0.03569131620413479, 0.03348447901260526, 0.03137410058214492]}, "coverage": {"690_visualizing_galaxy": [0.023076923076923106, 0.007692307692307665, 0.05384615384615382, 0.015625, 0.03125]}, "complexity": {"690_visualizing_galaxy": [10, 10, 10, 10, 10]}, "time_all": {"690_visualizing_galaxy": [0.23978400230407715, 0.25002217292785645, 0.17649364471435547, 0.6416897773742676, 0.46187400817871094]}, "time_fit": {"690_visualizing_galaxy": [0.02084660530090332, 0.022362232208251953, 0.01571941375732422, 0.05751943588256836, 0.04104471206665039]}, "sizes": {"690_visualizing_galaxy": []}, "tau": 0.5}}