{"SQR": {"losses": {"529_pollen": [0.03145757737820668, 0.032688813578894076, 0.030350545431103087, 0.032974916042744544, 0.03174053254674923]}, "coverage": {"529_pollen": [0.4025974025974026, 0.38441558441558443, 0.4311688311688312, 0.3993498049414824, 0.3993498049414824]}, "complexity": {"529_pollen": [4, 4, 4, 4, 4]}, "tau": 0.5}, "LightGBM": {"losses": {"529_pollen": [0.033257960662531456, 0.03212988312933254, 0.032457653443089846, 0.03011196503395466, 0.02781672714647009]}, "coverage": {"529_pollen": [0.4077922077922078, 0.4090909090909091, 0.4350649350649351, 0.3785435630689207, 0.35383615084525355]}, "tau": 0.5}, "DecisionTree": {"losses": {"529_pollen": [0.03280085332943708, 0.029933432285227147, 0.031022040920958522, 0.02990126480848834, 0.02955062724831238]}, "coverage": {"529_pollen": [0.4285714285714286, 0.377922077922078, 0.4064935064935065, 0.3447334200260078, 0.37984395318595576]}, "complexity": {"529_pollen": [547, 541, 239, 527, 533]}, "tau": 0.5}, "LinearQuantile": {"losses": {"529_pollen": [0.026087447651507785, 0.024548183962179775, 0.025872707693249036, 0.023249174255487087, 0.023636758597587616]}, "coverage": {"529_pollen": [0.4064935064935065, 0.3987012987012988, 0.4025974025974026, 0.3759427828348505, 0.3889466840052016]}, "complexity": {"529_pollen": [4, 4, 4, 4, 4]}, "tau": 0.5}}