{"SQR": {"losses": {"556_analcatdata_apnea2": [0.007878269162053995, 0.007005783232589335, 0.005083691030595776, 0.005160517923414465, 0.007123232808963683]}, "coverage": {"556_analcatdata_apnea2": [0.15263157894736845, 0.047368421052631615, 0.07894736842105265, 0.14210526315789473, 0.06842105263157894]}, "complexity": {"556_analcatdata_apnea2": [14, 8, 5, 5, 13]}, "time_all": {"556_analcatdata_apnea2": [373.83257842063904, 392.844633102417, 377.74797010421753, 386.20177030563354, 383.7785949707031]}, "time_fit": {"556_analcatdata_apnea2": [373.83257842063904, 392.844633102417, 377.74797010421753, 386.20177030563354, 383.7785949707031]}, "sizes": {"556_analcatdata_apnea2": []}, "tau": 0.5}, "LightGBM": {"losses": {"556_analcatdata_apnea2": [0.02267315527524573, 0.0172497692522457, 0.012246149869574736, 0.015797743143416514, 0.0078050584917487955]}, "coverage": {"556_analcatdata_apnea2": [0.07894736842105265, 0.015789473684210575, 0.1842105263157895, 0.16315789473684206, 0.07894736842105265]}, "time_all": {"556_analcatdata_apnea2": [0.19211053848266602, 0.17144298553466797, 0.18224835395812988, 0.1673285961151123, 0.18709230422973633]}, "time_fit": {"556_analcatdata_apnea2": [0.05612444877624512, 0.04833531379699707, 0.04998159408569336, 0.047168731689453125, 0.04937577247619629]}, "sizes": {"556_analcatdata_apnea2": []}, "tau": 0.5}, "DecisionTree": {"losses": {"556_analcatdata_apnea2": [0.005700160035293297, 0.006970313565635853, 0.004371034287167691, 0.00476673336679594, 0.007570614729099188]}, "coverage": {"556_analcatdata_apnea2": [0.17368421052631577, 0.07894736842105265, 0.20526315789473681, 0.24736842105263157, 0.09999999999999998]}, "complexity": {"556_analcatdata_apnea2": [135, 55, 57, 135, 127]}, "time_all": {"556_analcatdata_apnea2": [0.06618499755859375, 0.031478166580200195, 0.03996753692626953, 0.03423333168029785, 0.0674581527709961]}, "time_fit": {"556_analcatdata_apnea2": [0.011548280715942383, 0.003050088882446289, 0.003916501998901367, 0.006086111068725586, 0.01178431510925293]}, "sizes": {"556_analcatdata_apnea2": []}, "tau": 0.5}, "LinearQuantile": {"losses": {"556_analcatdata_apnea2": [0.02602837929973892, 0.02053890459018061, 0.014118894294021692, 0.018613222172373867, 0.01017123920112995]}, "coverage": {"556_analcatdata_apnea2": [0.0368421052631579, 0.07894736842105265, 0.06842105263157894, 0.02631578947368418, 0.1105263157894737]}, "complexity": {"556_analcatdata_apnea2": [11, 11, 11, 11, 11]}, "time_all": {"556_analcatdata_apnea2": [0.1519031524658203, 0.09046769142150879, 0.10021042823791504, 0.06558823585510254, 0.19167280197143555]}, "time_fit": {"556_analcatdata_apnea2": [0.013277292251586914, 0.007881879806518555, 0.008416891098022461, 0.0056324005126953125, 0.01623845100402832]}, "sizes": {"556_analcatdata_apnea2": []}, "tau": 0.5}}