{"SQR": {"losses": {"230_machine_cpu": [0.017378096659217704, 0.01767508675228605, 0.011681037556201299, 0.01630759153469562, 0.010607403117883104]}, "coverage": {"230_machine_cpu": [0.07142857142857145, 0.2142857142857143, 0.07142857142857145, 0.09523809523809523, 0.0853658536585366]}, "complexity": {"230_machine_cpu": [4, 6, 5, 6, 4]}, "time_all": {"230_machine_cpu": [338.6794466972351, 339.20924139022827, 323.5779142379761, 327.1350977420807, 335.71502137184143]}, "time_fit": {"230_machine_cpu": [338.6794466972351, 339.20924139022827, 323.5779142379761, 327.1350977420807, 335.71502137184143]}, "sizes": {"230_machine_cpu": []}, "tau": 0.5}, "LightGBM": {"losses": {"230_machine_cpu": [0.026830992347893545, 0.026590560726928097, 0.011749297799223455, 0.012865822574365563, 0.009236389374612183]}, "coverage": {"230_machine_cpu": [0.09523809523809523, 0.23809523809523808, 0.023809523809523836, 0.11904761904761907, 0.1097560975609756]}, "time_all": {"230_machine_cpu": [0.11240482330322266, 0.0965888500213623, 0.11126947402954102, 0.0946204662322998, 0.10938835144042969]}, "time_fit": {"230_machine_cpu": [0.027472496032714844, 0.023302793502807617, 0.026393651962280273, 0.0231325626373291, 0.026080846786499023]}, "sizes": {"230_machine_cpu": []}, "tau": 0.5}, "DecisionTree": {"losses": {"230_machine_cpu": [0.025011446886446884, 0.019074675324675328, 0.011436480186480188, 0.01250832500832501, 0.009711325260105748]}, "coverage": {"230_machine_cpu": [0.11904761904761907, 0.14285714285714285, 0.023809523809523836, 0.09523809523809523, 0.03658536585365857]}, "complexity": {"230_machine_cpu": [63, 67, 65, 65, 63]}, "time_all": {"230_machine_cpu": [0.024116992950439453, 0.023426055908203125, 0.024077892303466797, 0.02345442771911621, 0.02406024932861328]}, "time_fit": {"230_machine_cpu": [0.003300189971923828, 0.0034406185150146484, 0.0034046173095703125, 0.0034117698669433594, 0.0033304691314697266]}, "sizes": {"230_machine_cpu": []}, "tau": 0.5}, "LinearQuantile": {"losses": {"230_machine_cpu": [0.021498139756780974, 0.02196350038241815, 0.011853964633795159, 0.012529422754932417, 0.008842347443321403]}, "coverage": {"230_machine_cpu": [0.09523809523809523, 0.19047619047619047, 0.1428571428571429, 0.16666666666666663, 0.1585365853658537]}, "complexity": {"230_machine_cpu": [6, 6, 6, 6, 6]}, "time_all": {"230_machine_cpu": [0.07827496528625488, 0.09711766242980957, 2.224809408187866, 1.8730847835540771, 0.08290719985961914]}, "time_fit": {"230_machine_cpu": [0.006799459457397461, 0.008484363555908203, 0.11949348449707031, 0.12575411796569824, 0.007474184036254883]}, "sizes": {"230_machine_cpu": []}, "tau": 0.5}}