{"SQR": {"losses": {"646_fri_c3_500_10": [0.011532751067993405, 0.011353371344456879, 0.013723705546283872, 0.0176020332439561, 0.013188084196978828]}, "coverage": {"646_fri_c3_500_10": [0.020000000000000018, 0.030000000000000027, 0.0, 0.09999999999999998, 0.08000000000000002]}, "complexity": {"646_fri_c3_500_10": [11, 14, 14, 13, 14]}, "time_all": {"646_fri_c3_500_10": [496.6219127178192, 488.3849596977234, 491.4311981201172, 509.3010835647583, 486.57989025115967]}, "time_fit": {"646_fri_c3_500_10": [496.6219127178192, 488.3849596977234, 491.4311981201172, 509.3010835647583, 486.57989025115967]}, "sizes": {"646_fri_c3_500_10": []}, "tau": 0.5}, "LightGBM": {"losses": {"646_fri_c3_500_10": [0.025267644804339334, 0.03170696462400637, 0.030813545206809862, 0.027881601453571322, 0.030660605456004103]}, "coverage": {"646_fri_c3_500_10": [0.09999999999999998, 0.050000000000000044, 0.020000000000000018, 0.0, 0.07999999999999996]}, "time_all": {"646_fri_c3_500_10": [0.26241588592529297, 0.20652484893798828, 0.2558417320251465, 0.23270583152770996, 0.23087644577026367]}, "time_fit": {"646_fri_c3_500_10": [0.05107831954956055, 0.04981184005737305, 0.05275702476501465, 0.05365133285522461, 0.05282902717590332]}, "sizes": {"646_fri_c3_500_10": []}, "tau": 0.5}, "DecisionTree": {"losses": {"646_fri_c3_500_10": [0.03341464061082485, 0.0330121331661537, 0.035897818302127446, 0.03155117002707734, 0.03293353023789317]}, "coverage": {"646_fri_c3_500_10": [0.10999999999999999, 0.020000000000000018, 0.08999999999999997, 0.09000000000000002, 0.0]}, "complexity": {"646_fri_c3_500_10": [161, 165, 159, 165, 157]}, "time_all": {"646_fri_c3_500_10": [0.07073140144348145, 0.10377359390258789, 0.09999847412109375, 0.05552172660827637, 0.10260939598083496]}, "time_fit": {"646_fri_c3_500_10": [0.012230396270751953, 0.018277406692504883, 0.01734304428100586, 0.009424686431884766, 0.017663240432739258]}, "sizes": {"646_fri_c3_500_10": []}, "tau": 0.5}, "LinearQuantile": {"losses": {"646_fri_c3_500_10": [0.058037912742757006, 0.05672321856600153, 0.06375832727865134, 0.053591635494739574, 0.06363408661083722]}, "coverage": {"646_fri_c3_500_10": [0.010000000000000009, 0.040000000000000036, 0.04999999999999999, 0.03999999999999998, 0.020000000000000018]}, "complexity": {"646_fri_c3_500_10": [10, 10, 10, 10, 10]}, "time_all": {"646_fri_c3_500_10": [1.0828139781951904, 0.14873814582824707, 1.0739068984985352, 0.2604548931121826, 0.7590153217315674]}, "time_fit": {"646_fri_c3_500_10": [0.08755278587341309, 0.012867450714111328, 0.09664773941040039, 0.023424625396728516, 0.06804943084716797]}, "sizes": {"646_fri_c3_500_10": []}, "tau": 0.5}}