{"SQR": {"losses": {"597_fri_c2_500_5": [0.02041694306300934, 0.02126367025109252, 0.024200303728938017, 0.017608037512120957, 0.025616754089221767]}, "coverage": {"597_fri_c2_500_5": [0.020000000000000018, 0.020000000000000018, 0.010000000000000009, 0.010000000000000009, 0.13]}, "complexity": {"597_fri_c2_500_5": [14, 15, 15, 17, 11]}, "time_all": {"597_fri_c2_500_5": [508.59526681900024, 511.0102479457855, 502.3486635684967, 491.02391624450684, 511.83722376823425]}, "time_fit": {"597_fri_c2_500_5": [508.59526681900024, 511.0102479457855, 502.3486635684967, 491.02391624450684, 511.83722376823425]}, "sizes": {"597_fri_c2_500_5": []}, "tau": 0.5}, "LightGBM": {"losses": {"597_fri_c2_500_5": [0.03587162021622457, 0.04065522921071951, 0.03605033490921481, 0.030455075168560428, 0.03669475215713648]}, "coverage": {"597_fri_c2_500_5": [0.06000000000000005, 0.08999999999999997, 0.0, 0.10999999999999999, 0.030000000000000027]}, "time_all": {"597_fri_c2_500_5": [0.20465707778930664, 0.19014930725097656, 0.22432327270507812, 0.22376465797424316, 0.1961977481842041]}, "time_fit": {"597_fri_c2_500_5": [0.05565953254699707, 0.047013044357299805, 0.050863027572631836, 0.04885673522949219, 0.048955678939819336]}, "sizes": {"597_fri_c2_500_5": []}, "tau": 0.5}, "DecisionTree": {"losses": {"597_fri_c2_500_5": [0.04000732874890696, 0.041397519284129616, 0.04130729352043317, 0.03890059501856481, 0.03604690290455013]}, "coverage": {"597_fri_c2_500_5": [0.040000000000000036, 0.06999999999999995, 0.030000000000000027, 0.13, 0.030000000000000027]}, "complexity": {"597_fri_c2_500_5": [161, 73, 165, 69, 71]}, "time_all": {"597_fri_c2_500_5": [0.08345532417297363, 0.04093480110168457, 0.08738589286804199, 0.040343523025512695, 0.040485382080078125]}, "time_fit": {"597_fri_c2_500_5": [0.014927148818969727, 0.004491567611694336, 0.016224384307861328, 0.004285097122192383, 0.004326820373535156]}, "sizes": {"597_fri_c2_500_5": []}, "tau": 0.5}, "LinearQuantile": {"losses": {"597_fri_c2_500_5": [0.07786767696010609, 0.07684511778909174, 0.07676815482087646, 0.0765800364882746, 0.08223403339211592]}, "coverage": {"597_fri_c2_500_5": [0.050000000000000044, 0.0, 0.030000000000000027, 0.06, 0.04999999999999999]}, "complexity": {"597_fri_c2_500_5": [5, 5, 5, 5, 5]}, "time_all": {"597_fri_c2_500_5": [0.1998889446258545, 0.12943625450134277, 0.2871255874633789, 0.06639552116394043, 0.10504150390625]}, "time_fit": {"597_fri_c2_500_5": [0.017287254333496094, 0.011442899703979492, 0.024728775024414062, 0.00574040412902832, 0.009205341339111328]}, "sizes": {"597_fri_c2_500_5": []}, "tau": 0.5}}