{"SQR": {"losses": {"650_fri_c0_500_50": [0.020104007846838978, 0.02858230689085124, 0.02042007137761399, 0.024434573236227223, 0.028235892383162483]}, "coverage": {"650_fri_c0_500_50": [0.030000000000000027, 0.06999999999999995, 0.07, 0.020000000000000018, 0.020000000000000018]}, "complexity": {"650_fri_c0_500_50": [13, 13, 14, 19, 10]}, "time_all": {"650_fri_c0_500_50": [501.8754186630249, 544.9693837165833, 523.0975685119629, 502.80049538612366, 495.6120207309723]}, "time_fit": {"650_fri_c0_500_50": [501.8754186630249, 544.9693837165833, 523.0975685119629, 502.80049538612366, 495.6120207309723]}, "sizes": {"650_fri_c0_500_50": []}, "tau": 0.5}, "LightGBM": {"losses": {"650_fri_c0_500_50": [0.038539329775385156, 0.04295884743311214, 0.03673484664345991, 0.03809346489137618, 0.043122615664263945]}, "coverage": {"650_fri_c0_500_50": [0.010000000000000009, 0.010000000000000009, 0.010000000000000009, 0.06, 0.0]}, "time_all": {"650_fri_c0_500_50": [0.2633554935455322, 0.24112796783447266, 0.26625537872314453, 0.246262788772583, 0.241685152053833]}, "time_fit": {"650_fri_c0_500_50": [0.05691957473754883, 0.05634427070617676, 0.06205415725708008, 0.0558466911315918, 0.056856393814086914]}, "sizes": {"650_fri_c0_500_50": []}, "tau": 0.5}, "DecisionTree": {"losses": {"650_fri_c0_500_50": [0.0419774663626548, 0.05474614451781135, 0.04281914143426107, 0.04592754455736115, 0.049108443884547305]}, "coverage": {"650_fri_c0_500_50": [0.040000000000000036, 0.06, 0.04999999999999999, 0.010000000000000009, 0.030000000000000027]}, "complexity": {"650_fri_c0_500_50": [33, 69, 29, 73, 29]}, "time_all": {"650_fri_c0_500_50": [0.1036839485168457, 0.10947012901306152, 0.2004246711730957, 0.11222004890441895, 0.10865306854248047]}, "time_fit": {"650_fri_c0_500_50": [0.008810281753540039, 0.012265205383300781, 0.016857385635375977, 0.012614250183105469, 0.009114980697631836]}, "sizes": {"650_fri_c0_500_50": []}, "tau": 0.5}, "LinearQuantile": {"losses": {"650_fri_c0_500_50": [0.03979690044269813, 0.035237057070990487, 0.04006891822596315, 0.04000875804399821, 0.04401574533876139]}, "coverage": {"650_fri_c0_500_50": [0.10999999999999999, 0.09000000000000002, 0.010000000000000009, 0.0, 0.020000000000000018]}, "complexity": {"650_fri_c0_500_50": [50, 50, 50, 50, 50]}, "time_all": {"650_fri_c0_500_50": [25.87942385673523, 16.850307941436768, 14.810150861740112, 5.356476783752441, 229.0935182571411]}, "time_fit": {"650_fri_c0_500_50": [0.23549461364746094, 1.1056439876556396, 1.2937371730804443, 0.449415922164917, 5.202250003814697]}, "sizes": {"650_fri_c0_500_50": []}, "tau": 0.5}}