{"SQR": {"losses": {"197_cpu_act": [0.005558532581437121, 0.00537158985999139, 0.005858632639101487, 0.005421903959302364, 0.00602061631189162]}, "coverage": {"197_cpu_act": [0.00494203782794389, 0.011531421598535707, 0.02271062271062274, 0.00012210012210012167, 0.015750915750915695]}, "complexity": {"197_cpu_act": [5, 8, 6, 8, 4]}, "time_all": {"197_cpu_act": [3581.059873342514, 3387.5655086040497, 2997.1330330371857, 3501.5047748088837, 5216.080033063889]}, "time_fit": {"197_cpu_act": [3581.059873342514, 3387.5655086040497, 2997.1330330371857, 3501.5047748088837, 5216.080033063889]}, "sizes": {"197_cpu_act": []}, "tau": 0.9}, "LightGBM": {"losses": {"197_cpu_act": [0.008440937323918065, 0.008846938892245795, 0.008920026681571228, 0.009268418138332053, 0.009964037927474509]}, "coverage": {"197_cpu_act": [0.00726052471018912, 0.028004881025015194, 0.002564102564102555, 0.03284493284493284, 0.037728937728937706]}, "time_all": {"197_cpu_act": [1.0623235702514648, 0.9418823719024658, 0.9352989196777344, 0.9476001262664795, 1.019068717956543]}, "time_fit": {"197_cpu_act": [0.14766550064086914, 0.1343686580657959, 0.1434016227722168, 0.13328194618225098, 0.1509265899658203]}, "sizes": {"197_cpu_act": []}, "tau": 0.9}, "DecisionTree": {"losses": {"197_cpu_act": [0.00457318764213212, 0.0045238843591497635, 0.004514189514189513, 0.004300760967427633, 0.0041277241277241266]}, "coverage": {"197_cpu_act": [0.011043319097010396, 6.101281269066394e-05, 0.009645909645909612, 0.007814407814407787, 0.024297924297924323]}, "complexity": {"197_cpu_act": [321, 231, 205, 227, 267]}, "time_all": {"197_cpu_act": [1.6342823505401611, 1.1396820545196533, 1.1442639827728271, 1.15303635597229, 1.7471108436584473]}, "time_fit": {"197_cpu_act": [0.08536481857299805, 0.07724595069885254, 0.07551288604736328, 0.07831573486328125, 0.08186984062194824]}, "sizes": {"197_cpu_act": []}, "tau": 0.9}, "LinearQuantile": {"losses": {"197_cpu_act": [0.03274272234235256, 0.03135529733905536, 0.03071546143823342, 0.030796032503379332, 0.03028261126830779]}, "coverage": {"197_cpu_act": [0.028737034777303272, 0.03544844417327642, 0.03675213675213673, 0.04163614163614171, 0.028205128205128216]}, "complexity": {"197_cpu_act": [21, 21, 21, 21, 21]}, "time_all": {"197_cpu_act": [44.094746112823486, 47.716164350509644, 60.64159870147705, 45.072723388671875, 45.09075927734375]}, "time_fit": {"197_cpu_act": [2.2001547813415527, 3.4513626098632812, 5.124583959579468, 1.7002663612365723, 2.0295748710632324]}, "sizes": {"197_cpu_act": []}, "tau": 0.9}}