{"SQR": {"losses": {"1089_USCrime": [0.04603812037935743, 0.04725892172245336, 0.03869033160594372, 0.10732734797882491, 0.05370400723881076]}, "coverage": {"1089_USCrime": [0.09999999999999998, 0.09999999999999998, 0.16666666666666663, 0.16666666666666663, 0.16666666666666669]}, "complexity": {"1089_USCrime": [8, 8, 13, 16, 11]}, "time_all": {"1089_USCrime": [271.7158169746399, 275.5934920310974, 290.3137238025665, 270.53507685661316, 282.41653513908386]}, "time_fit": {"1089_USCrime": [271.7158169746399, 275.5934920310974, 290.3137238025665, 270.53507685661316, 282.41653513908386]}, "sizes": {"1089_USCrime": []}, "tau": 0.5}, "LightGBM": {"losses": {"1089_USCrime": [0.10200000000000001, 0.11233333333333334, 0.11703703703703705, 0.11111111111111112, 0.14666666666666667]}, "coverage": {"1089_USCrime": [0.0, 0.19999999999999996, 0.05555555555555558, 0.05555555555555558, 0.16666666666666669]}, "time_all": {"1089_USCrime": [0.020377397537231445, 0.02205491065979004, 0.022191286087036133, 0.019647598266601562, 0.019797563552856445]}, "time_fit": {"1089_USCrime": [0.0026590824127197266, 0.0029180049896240234, 0.0029277801513671875, 0.0026025772094726562, 0.0026252269744873047]}, "sizes": {"1089_USCrime": []}, "tau": 0.5}, "DecisionTree": {"losses": {"1089_USCrime": [0.044333333333333336, 0.07966666666666666, 0.07351851851851852, 0.0637037037037037, 0.055]}, "coverage": {"1089_USCrime": [0.2, 0.30000000000000004, 0.05555555555555558, 0.05555555555555558, 0.16666666666666669]}, "complexity": {"1089_USCrime": [5, 5, 5, 5, 15]}, "time_all": {"1089_USCrime": [0.015224933624267578, 0.015545129776000977, 0.01555180549621582, 0.015112161636352539, 0.015337705612182617]}, "time_fit": {"1089_USCrime": [0.0010459423065185547, 0.0010304450988769531, 0.0010251998901367188, 0.001024007797241211, 0.001439809799194336]}, "sizes": {"1089_USCrime": []}, "tau": 0.5}, "LinearQuantile": {"losses": {"1089_USCrime": [0.05379547808195581, 0.05874983000667312, 0.04662101025186935, 0.0633516868351345, 0.06085119662583106]}, "coverage": {"1089_USCrime": [0.0, 0.0, 0.16666666666666663, 0.38888888888888884, 0.16666666666666669]}, "complexity": {"1089_USCrime": [14, 14, 14, 14, 14]}, "time_all": {"1089_USCrime": [1.3684842586517334, 4.036477327346802, 0.24759483337402344, 1.1900811195373535, 2.861081123352051]}, "time_fit": {"1089_USCrime": [0.12365984916687012, 0.5436501502990723, 0.02320384979248047, 0.10766148567199707, 0.14365553855895996]}, "sizes": {"1089_USCrime": []}, "tau": 0.5}}