{"SQR": {"losses": {"562_cpu_small": [0.004741237385153651, 0.006529047007181241, 0.0064859605539078855, 0.006436339216005702, 0.00656776977945289]}, "coverage": {"562_cpu_small": [0.01836485661989018, 0.00555216595485053, 0.005616605616605597, 0.007814407814407787, 0.008424908424908395]}, "complexity": {"562_cpu_small": [8, 4, 4, 4, 4]}, "time_all": {"562_cpu_small": [3316.079553604126, 5412.246242046356, 4523.918456077576, 3358.9221715927124, 5128.0393242836]}, "time_fit": {"562_cpu_small": [3316.079553604126, 5412.246242046356, 4523.918456077576, 3358.9221715927124, 5128.0393242836]}, "sizes": {"562_cpu_small": []}, "tau": 0.9}, "LightGBM": {"losses": {"562_cpu_small": [0.008710242803357566, 0.00916250504074613, 0.009165276715070976, 0.009599249798530395, 0.010202332670121318]}, "coverage": {"562_cpu_small": [0.006162294081757169, 0.011531421598535707, 0.0031746031746031633, 0.018803418803418737, 0.03284493284493284]}, "time_all": {"562_cpu_small": [0.9532136917114258, 0.865332841873169, 0.924473762512207, 0.9500341415405273, 0.8317689895629883]}, "time_fit": {"562_cpu_small": [0.1426992416381836, 0.13623666763305664, 0.14236855506896973, 0.1439528465270996, 0.13231754302978516]}, "sizes": {"562_cpu_small": []}, "tau": 0.9}, "DecisionTree": {"losses": {"562_cpu_small": [0.005075711353929779, 0.0047612796667098065, 0.004859461526128192, 0.004578384578384578, 0.004772511439178105]}, "coverage": {"562_cpu_small": [0.007382550335570448, 0.001159243441122615, 0.007814407814407787, 0.01819291819291813, 0.02124542124542117]}, "complexity": {"562_cpu_small": [209, 313, 215, 225, 277]}, "time_all": {"562_cpu_small": [1.3557860851287842, 0.848963737487793, 1.4286246299743652, 1.4233579635620117, 0.858684778213501]}, "time_fit": {"562_cpu_small": [0.06096220016479492, 0.06027579307556152, 0.06598234176635742, 0.06804752349853516, 0.05852341651916504]}, "sizes": {"562_cpu_small": []}, "tau": 0.9}, "LinearQuantile": {"losses": {"562_cpu_small": [0.033895035216421954, 0.03230507291279727, 0.03167368482457748, 0.032113803835288425, 0.031219120916313008]}, "coverage": {"562_cpu_small": [0.02934716290420991, 0.03239780353874311, 0.039804639804639774, 0.04285714285714293, 0.025763125763125783]}, "complexity": {"562_cpu_small": [12, 12, 12, 12, 12]}, "time_all": {"562_cpu_small": [12.854797124862671, 23.004285097122192, 21.652146339416504, 21.771220445632935, 2.978334665298462]}, "time_fit": {"562_cpu_small": [0.7237122058868408, 2.807966947555542, 0.7268040180206299, 1.4566311836242676, 0.22262310981750488]}, "sizes": {"562_cpu_small": []}, "tau": 0.9}}