{"SQR": {"losses": {"1029_LEV": [0.024000017499999998, 0.031124999999999993, 0.027999999999999997, 0.025624999999999995, 0.030374999999999996]}, "coverage": {"1029_LEV": [0.06999999999999995, 0.05499999999999994, 0.05999999999999994, 0.06999999999999995, 0.04499999999999993]}, "complexity": {"1029_LEV": [4, 4, 4, 4, 8]}, "tau": 0.9}, "LightGBM": {"losses": {"1029_LEV": [0.027760094816986824, 0.030983229297781804, 0.029743355494453675, 0.028077458473769978, 0.031266653009890726]}, "coverage": {"1029_LEV": [0.015000000000000013, 0.025000000000000022, 0.0050000000000000044, 0.0050000000000000044, 0.015000000000000013]}, "tau": 0.9}, "DecisionTree": {"losses": {"1029_LEV": [0.027150000000000004, 0.026775000000000004, 0.025824999999999997, 0.0218375, 0.026037499999999998]}, "coverage": {"1029_LEV": [0.05999999999999994, 0.07499999999999996, 0.07999999999999996, 0.06499999999999995, 0.04999999999999993]}, "complexity": {"1029_LEV": [23, 57, 21, 117, 31]}, "tau": 0.9}, "LinearQuantile": {"losses": {"1029_LEV": [0.02701982970506898, 0.031166536302070617, 0.03109367614213687, 0.029265484826624954, 0.02868748875176987]}, "coverage": {"1029_LEV": [0.04500000000000004, 0.040000000000000036, 0.025000000000000022, 0.04500000000000004, 0.0050000000000000044]}, "complexity": {"1029_LEV": [20, 20, 20, 20, 20]}, "tau": 0.9}}