{"SQR": {"losses": {"607_fri_c4_1000_50": [0.01248295642167088, 0.011025038564282396, 0.026316241763516133, 0.009003604687761131, 0.011727143272780603]}, "coverage": {"607_fri_c4_1000_50": [0.44, 0.27, 0.455, 0.41000000000000003, 0.45]}, "complexity": {"607_fri_c4_1000_50": [13, 11, 8, 14, 16]}, "tau": 0.5}, "LightGBM": {"losses": {"607_fri_c4_1000_50": [0.02123818722820183, 0.02254080651282971, 0.022376473735271782, 0.02047354972387915, 0.024814587827402687]}, "coverage": {"607_fri_c4_1000_50": [0.46, 0.375, 0.42500000000000004, 0.41000000000000003, 0.385]}, "tau": 0.5}, "DecisionTree": {"losses": {"607_fri_c4_1000_50": [0.026931959471133866, 0.025756433513356748, 0.026532107943371217, 0.020282705241970875, 0.028651576903356575]}, "coverage": {"607_fri_c4_1000_50": [0.41000000000000003, 0.405, 0.4, 0.385, 0.445]}, "complexity": {"607_fri_c4_1000_50": [325, 141, 137, 139, 319]}, "tau": 0.5}, "LinearQuantile": {"losses": {"607_fri_c4_1000_50": [0.05102426879311462, 0.05836537869826084, 0.0561253015113817, 0.05222647839067796, 0.053754049688082506]}, "coverage": {"607_fri_c4_1000_50": [0.46, 0.39, 0.43000000000000005, 0.41000000000000003, 0.37]}, "complexity": {"607_fri_c4_1000_50": [50, 50, 50, 50, 50]}, "tau": 0.5}}