{"SQR": {"losses": {"192_vineyard": [0.015421101197819849, 0.0301254838231449, 0.033862570052032685, 0.023974146443097605, 0.02959160076437627]}, "coverage": {"192_vineyard": [0.09999999999999998, 0.08181818181818179, 0.30000000000000004, 0.0, 0.0]}, "complexity": {"192_vineyard": [7, 10, 6, 14, 12]}, "tau": 0.9}, "LightGBM": {"losses": {"192_vineyard": [0.023017408123791102, 0.023791102514506765, 0.03893617021276595, 0.023191489361702126, 0.020638297872340415]}, "coverage": {"192_vineyard": [0.09999999999999998, 0.009090909090909038, 0.20000000000000007, 0.09999999999999998, 0.09999999999999998]}, "tau": 0.9}, "DecisionTree": {"losses": {"192_vineyard": [0.014487427466150872, 0.023791102514506765, 0.033723404255319146, 0.011574468085106381, 0.020638297872340415]}, "coverage": {"192_vineyard": [0.09999999999999998, 0.009090909090909038, 0.09999999999999998, 0.09999999999999998, 0.09999999999999998]}, "complexity": {"192_vineyard": [5, 1, 5, 13, 1]}, "tau": 0.9}, "LinearQuantile": {"losses": {"192_vineyard": [0.025764008577945783, 0.02119148778792962, 0.06417693835315302, 0.02778720213606455, 0.023387256291053874]}, "coverage": {"192_vineyard": [0.09999999999999998, 0.009090909090909038, 0.30000000000000004, 0.09999999999999998, 0.0]}, "complexity": {"192_vineyard": [2, 2, 2, 2, 2]}, "tau": 0.9}}