{"SQR": {"losses": {"687_sleuth_ex1605": [0.0534017071581358, 0.03461938758039409, 0.054840219542222776, 0.031746650158690666, 0.02638749819729959]}, "coverage": {"687_sleuth_ex1605": [0.20769230769230773, 0.05384615384615388, 0.2333333333333334, 0.06666666666666665, 0.016666666666666607]}, "complexity": {"687_sleuth_ex1605": [8, 8, 11, 7, 5]}, "tau": 0.9}, "LightGBM": {"losses": {"687_sleuth_ex1605": [0.030927669362671925, 0.03135198135198135, 0.030328284369574646, 0.04049910876329961, 0.026662638146328698]}, "coverage": {"687_sleuth_ex1605": [0.023076923076923106, 0.023076923076923106, 0.06666666666666665, 0.06666666666666665, 0.09999999999999998]}, "tau": 0.9}, "DecisionTree": {"losses": {"687_sleuth_ex1605": [0.02934731934731934, 0.025641025641025626, 0.03032828282828284, 0.029608585858585848, 0.020934343434343427]}, "coverage": {"687_sleuth_ex1605": [0.05384615384615388, 0.05384615384615388, 0.06666666666666665, 0.2333333333333334, 0.09999999999999998]}, "complexity": {"687_sleuth_ex1605": [7, 7, 1, 7, 7]}, "tau": 0.9}, "LinearQuantile": {"losses": {"687_sleuth_ex1605": [0.028021346358086296, 0.03340834379427016, 0.05038736346830453, 0.029958960611360216, 0.028399606001323706]}, "coverage": {"687_sleuth_ex1605": [0.05384615384615388, 0.05384615384615388, 0.06666666666666665, 0.016666666666666607, 0.016666666666666607]}, "complexity": {"687_sleuth_ex1605": [5, 5, 5, 5, 5]}, "tau": 0.9}}