{"SQR": {"losses": {"503_wind": [0.037597750870242336, 0.03817639013209962, 0.03880575457488528, 0.037955892901063715, 0.037510519139131046]}, "coverage": {"503_wind": [0.005703422053231932, 0.014068441064638781, 0.021673003802281376, 0.02319391634980994, 0.0053272450532724225]}, "complexity": {"503_wind": [2, 2, 2, 2, 2]}, "time_all": {"503_wind": [2508.008791208267, 2535.1735632419586, 2593.699610710144, 2243.29372215271, 2366.6947598457336]}, "time_fit": {"503_wind": [2508.008791208267, 2535.1735632419586, 2593.699610710144, 2243.29372215271, 2366.6947598457336]}, "sizes": {"503_wind": []}, "tau": 0.5}, "LightGBM": {"losses": {"503_wind": [0.030990790831084986, 0.031133778760912677, 0.03206123121230267, 0.03134200126627704, 0.03148900136792966]}, "coverage": {"503_wind": [0.0019011406844106626, 0.005703422053231932, 0.026996197718631154, 0.017110266159695797, 0.011415525114155223]}, "time_all": {"503_wind": [0.9424877166748047, 1.0049479007720947, 0.9874958992004395, 0.9686994552612305, 1.0075116157531738]}, "time_fit": {"503_wind": [0.12162947654724121, 0.12864923477172852, 0.12619996070861816, 0.12421154975891113, 0.12856078147888184]}, "sizes": {"503_wind": []}, "tau": 0.5}, "DecisionTree": {"losses": {"503_wind": [0.03312725108986919, 0.032714875123149995, 0.034351936094371954, 0.03194715401190329, 0.03255887485269875]}, "coverage": {"503_wind": [0.006463878326996186, 0.02319391634980994, 0.02015209125475287, 0.00722433460076044, 0.022831050228310557]}, "complexity": {"503_wind": [185, 253, 257, 255, 257]}, "time_all": {"503_wind": [0.6532189846038818, 1.1420886516571045, 1.1309890747070312, 0.659243106842041, 1.116312026977539]}, "time_fit": {"503_wind": [0.03918743133544922, 0.06169414520263672, 0.06139373779296875, 0.04491257667541504, 0.05921792984008789]}, "sizes": {"503_wind": []}, "tau": 0.5}, "LinearQuantile": {"losses": {"503_wind": [0.029830823032272552, 0.030692698588067713, 0.03181029190865377, 0.03143026609358804, 0.030635633533438216]}, "coverage": {"503_wind": [0.00722433460076044, 0.0019011406844106071, 0.012547528517110274, 0.024714828897338448, 0.013698630136986356]}, "complexity": {"503_wind": [14, 14, 14, 14, 14]}, "time_all": {"503_wind": [3.6052346229553223, 2.709385633468628, 1.4603297710418701, 2.1380467414855957, 1.2900476455688477]}, "time_fit": {"503_wind": [0.28461265563964844, 0.22520112991333008, 0.12960243225097656, 0.15866589546203613, 0.14473652839660645]}, "sizes": {"503_wind": []}, "tau": 0.5}}