{"SQR": {"losses": {"628_fri_c3_1000_5": [0.01065457765050459, 0.009287077627510182, 0.011156443376137425, 0.010267285855156273, 0.00903716895856777]}, "coverage": {"628_fri_c3_1000_5": [0.010000000000000009, 0.040000000000000036, 0.050000000000000044, 0.0050000000000000044, 0.0050000000000000044]}, "complexity": {"628_fri_c3_1000_5": [8, 10, 7, 11, 11]}, "time_all": {"628_fri_c3_1000_5": [811.2186617851257, 774.1590013504028, 732.4456424713135, 664.5870208740234, 733.4137585163116]}, "time_fit": {"628_fri_c3_1000_5": [811.2186617851257, 774.1590013504028, 732.4456424713135, 664.5870208740234, 733.4137585163116]}, "sizes": {"628_fri_c3_1000_5": []}, "tau": 0.9}, "LightGBM": {"losses": {"628_fri_c3_1000_5": [0.016221765959308163, 0.01624445418432011, 0.013879705602832283, 0.01577472021112549, 0.018932533207278234]}, "coverage": {"628_fri_c3_1000_5": [0.010000000000000009, 0.0050000000000000044, 0.0050000000000000044, 0.025000000000000022, 0.020000000000000018]}, "time_all": {"628_fri_c3_1000_5": [0.3289968967437744, 0.2702350616455078, 0.2615540027618408, 0.26111459732055664, 0.22018146514892578]}, "time_fit": {"628_fri_c3_1000_5": [0.05347251892089844, 0.04838085174560547, 0.048970937728881836, 0.048705101013183594, 0.042769670486450195]}, "sizes": {"628_fri_c3_1000_5": []}, "tau": 0.9}, "DecisionTree": {"losses": {"628_fri_c3_1000_5": [0.015069212220912887, 0.013830652311446633, 0.01330112800304609, 0.012274127420920445, 0.014715080542605407]}, "coverage": {"628_fri_c3_1000_5": [0.18500000000000005, 0.04500000000000004, 0.030000000000000027, 0.11499999999999999, 0.050000000000000044]}, "complexity": {"628_fri_c3_1000_5": [323, 43, 63, 141, 65]}, "time_all": {"628_fri_c3_1000_5": [0.15719079971313477, 0.13382601737976074, 0.11965489387512207, 0.1507570743560791, 0.07106399536132812]}, "time_fit": {"628_fri_c3_1000_5": [0.030459880828857422, 0.008408546447753906, 0.00850677490234375, 0.017629384994506836, 0.005316734313964844]}, "sizes": {"628_fri_c3_1000_5": []}, "tau": 0.9}, "LinearQuantile": {"losses": {"628_fri_c3_1000_5": [0.06403144160418443, 0.05943297549940575, 0.0586426887194441, 0.06210237525965078, 0.06370630483336842]}, "coverage": {"628_fri_c3_1000_5": [0.43000000000000005, 0.445, 0.44, 0.445, 0.38]}, "complexity": {"628_fri_c3_1000_5": [5, 5, 5, 5, 5]}, "time_all": {"628_fri_c3_1000_5": [0.9629828929901123, 0.18505334854125977, 0.1593468189239502, 0.22153639793395996, 0.14468860626220703]}, "time_fit": {"628_fri_c3_1000_5": [0.08623933792114258, 0.015716075897216797, 0.01333761215209961, 0.01928234100341797, 0.012851238250732422]}, "sizes": {"628_fri_c3_1000_5": []}, "tau": 0.9}}