{"SQR": {"losses": {"1089_USCrime": [0.04642896657802151, 0.04860450548615554, 0.02127916172382085, 0.06476570907762612, 0.06411084638613906]}, "coverage": {"1089_USCrime": [0.6000000000000001, 0.6000000000000001, 0.2333333333333334, 0.2333333333333334, 0.5666666666666667]}, "complexity": {"1089_USCrime": [12, 12, 13, 7, 14]}, "tau": 0.5}, "LightGBM": {"losses": {"1089_USCrime": [0.13720000000000004, 0.10406666666666667, 0.14133333333333334, 0.1508148148148148, 0.22074074074074077]}, "coverage": {"1089_USCrime": [0.4, 0.20000000000000007, 0.34444444444444444, 0.34444444444444444, 0.5666666666666667]}, "tau": 0.5}, "DecisionTree": {"losses": {"1089_USCrime": [0.0606, 0.022866666666666664, 0.05737037037037036, 0.057777777777777775, 0.0661111111111111]}, "coverage": {"1089_USCrime": [0.6000000000000001, 0.09999999999999998, 0.4555555555555556, 0.34444444444444444, 0.5666666666666667]}, "complexity": {"1089_USCrime": [5, 5, 5, 5, 15]}, "tau": 0.5}, "LinearQuantile": {"losses": {"1089_USCrime": [0.06427384526065712, 0.07422540010475451, 0.027830583218603676, 0.019129227710436618, 0.07131638036391372]}, "coverage": {"1089_USCrime": [0.4, 0.30000000000000004, 0.2333333333333334, 0.011111111111111183, 0.5666666666666667]}, "complexity": {"1089_USCrime": [14, 14, 14, 14, 14]}, "tau": 0.5}}