{"SQR": {"losses": {"623_fri_c4_1000_10": [0.010142489000562855, 0.005084281369007546, 0.0058913015440314786, 0.00762098630951656, 0.012010206549762991]}, "coverage": {"623_fri_c4_1000_10": [0.015000000000000013, 0.025000000000000022, 0.050000000000000044, 0.020000000000000018, 0.0050000000000000044]}, "complexity": {"623_fri_c4_1000_10": [11, 12, 12, 12, 13]}, "tau": 0.9}, "LightGBM": {"losses": {"623_fri_c4_1000_10": [0.0145911314993148, 0.01408117824292286, 0.01455552582902735, 0.01482308940301667, 0.014353737538326028]}, "coverage": {"623_fri_c4_1000_10": [0.040000000000000036, 0.0050000000000000044, 0.025000000000000022, 0.030000000000000027, 0.010000000000000009]}, "tau": 0.9}, "DecisionTree": {"losses": {"623_fri_c4_1000_10": [0.013894025658374418, 0.011500189815349173, 0.013416617092512755, 0.013965462752901909, 0.013013192548943661]}, "coverage": {"623_fri_c4_1000_10": [0.08999999999999997, 0.030000000000000027, 0.05500000000000005, 0.015000000000000013, 0.03500000000000003]}, "complexity": {"623_fri_c4_1000_10": [59, 61, 61, 45, 61]}, "tau": 0.9}, "LinearQuantile": {"losses": {"623_fri_c4_1000_10": [0.05178333702951856, 0.05094905587898791, 0.0536847711090662, 0.054554928646664315, 0.057891433843739105]}, "coverage": {"623_fri_c4_1000_10": [0.405, 0.43000000000000005, 0.39, 0.39, 0.47500000000000003]}, "complexity": {"623_fri_c4_1000_10": [10, 10, 10, 10, 10]}, "tau": 0.9}}