{"SQR": {"losses": {"597_fri_c2_500_5": [0.013902819697675905, 0.012311897426076395, 0.006835882226277677, 0.004500908372460747, 0.016516231471698683]}, "coverage": {"597_fri_c2_500_5": [0.0, 0.010000000000000009, 0.010000000000000009, 0.010000000000000009, 0.020000000000000018]}, "complexity": {"597_fri_c2_500_5": [11, 12, 14, 16, 9]}, "tau": 0.9}, "LightGBM": {"losses": {"597_fri_c2_500_5": [0.021032466888065097, 0.023746409446968157, 0.020179694721962866, 0.01771209811956029, 0.021526502953704667]}, "coverage": {"597_fri_c2_500_5": [0.010000000000000009, 0.0, 0.020000000000000018, 0.040000000000000036, 0.040000000000000036]}, "tau": 0.9}, "DecisionTree": {"losses": {"597_fri_c2_500_5": [0.01872812682359388, 0.021475894242056013, 0.020542103057746997, 0.019080749102685098, 0.0185189638184295]}, "coverage": {"597_fri_c2_500_5": [0.030000000000000027, 0.020000000000000018, 0.14, 0.010000000000000009, 0.06000000000000005]}, "complexity": {"597_fri_c2_500_5": [29, 27, 67, 11, 29]}, "tau": 0.9}, "LinearQuantile": {"losses": {"597_fri_c2_500_5": [0.07583577632745195, 0.06952364089564707, 0.07930448490471974, 0.08595756413332294, 0.0879606785423769]}, "coverage": {"597_fri_c2_500_5": [0.36, 0.4, 0.43000000000000005, 0.46, 0.44]}, "complexity": {"597_fri_c2_500_5": [5, 5, 5, 5, 5]}, "tau": 0.9}}