{"SQR": {"losses": {"706_sleuth_case1202": [0.012799958778627073, 0.019054318923906466, 0.024901781793065344, 0.01717538458873634, 0.01708539732335309]}, "coverage": {"706_sleuth_case1202": [0.047368421052631504, 0.21578947368421053, 0.0052631578947368585, 0.011111111111111183, 0.0444444444444444]}, "complexity": {"706_sleuth_case1202": [5, 7, 4, 5, 5]}, "tau": 0.9}, "LightGBM": {"losses": {"706_sleuth_case1202": [0.02507216011067906, 0.034583891198075624, 0.03281705877247571, 0.02834882972556222, 0.04293121774559713]}, "coverage": {"706_sleuth_case1202": [0.0052631578947368585, 0.047368421052631504, 0.0052631578947368585, 0.011111111111111183, 0.011111111111111183]}, "tau": 0.9}, "DecisionTree": {"losses": {"706_sleuth_case1202": [0.026488465257632272, 0.029875673435557398, 0.025576737118386515, 0.016867891513560804, 0.034449547973170014]}, "coverage": {"706_sleuth_case1202": [0.0052631578947368585, 0.05789473684210533, 0.047368421052631504, 0.0444444444444444, 0.06666666666666665]}, "complexity": {"706_sleuth_case1202": [3, 5, 5, 11, 3]}, "tau": 0.9}, "LinearQuantile": {"losses": {"706_sleuth_case1202": [0.016671518057014754, 0.024329620610700865, 0.03313938548240853, 0.019941931809363538, 0.026606691187226795]}, "coverage": {"706_sleuth_case1202": [0.0052631578947368585, 0.1105263157894737, 0.1105263157894737, 0.0444444444444444, 0.1777777777777778]}, "complexity": {"706_sleuth_case1202": [11, 11, 11, 11, 11]}, "tau": 0.9}}