{"SQR": {"losses": {"613_fri_c3_250_5": [0.018451232721275454, 0.016313567073597355, 0.01991166487608157, 0.01555743406654596, 0.016904798936896278]}, "coverage": {"613_fri_c3_250_5": [0.020000000000000018, 0.16000000000000003, 0.09999999999999998, 0.0, 0.0]}, "complexity": {"613_fri_c3_250_5": [14, 15, 13, 16, 16]}, "time_all": {"613_fri_c3_250_5": [401.4524075984955, 398.9290261268616, 398.92190742492676, 391.7190999984741, 403.8026533126831]}, "time_fit": {"613_fri_c3_250_5": [401.4524075984955, 398.9290261268616, 398.92190742492676, 391.7190999984741, 403.8026533126831]}, "sizes": {"613_fri_c3_250_5": []}, "tau": 0.5}, "LightGBM": {"losses": {"613_fri_c3_250_5": [0.04038179753586549, 0.041946895547793246, 0.04022054637940068, 0.03750549598975663, 0.0332325262284176]}, "coverage": {"613_fri_c3_250_5": [0.0, 0.09999999999999998, 0.06000000000000005, 0.020000000000000018, 0.15999999999999998]}, "time_all": {"613_fri_c3_250_5": [0.13541817665100098, 0.16419434547424316, 0.11082911491394043, 0.11110472679138184, 0.13263964653015137]}, "time_fit": {"613_fri_c3_250_5": [0.03319692611694336, 0.038053274154663086, 0.027135848999023438, 0.027406930923461914, 0.032805681228637695]}, "sizes": {"613_fri_c3_250_5": []}, "tau": 0.5}, "DecisionTree": {"losses": {"613_fri_c3_250_5": [0.04220445084825778, 0.03919346097847045, 0.05072505134707226, 0.043321839712150444, 0.0411318475789626]}, "coverage": {"613_fri_c3_250_5": [0.040000000000000036, 0.020000000000000018, 0.07999999999999996, 0.07999999999999996, 0.12]}, "complexity": {"613_fri_c3_250_5": [37, 81, 83, 79, 33]}, "time_all": {"613_fri_c3_250_5": [0.027045488357543945, 0.05292344093322754, 0.027797460556030273, 0.028203725814819336, 0.026505708694458008]}, "time_fit": {"613_fri_c3_250_5": [0.002577066421508789, 0.008379697799682617, 0.004482746124267578, 0.00428009033203125, 0.002418041229248047]}, "sizes": {"613_fri_c3_250_5": []}, "tau": 0.5}, "LinearQuantile": {"losses": {"613_fri_c3_250_5": [0.06007721586339015, 0.07444114151514127, 0.06621023852692999, 0.06555855687827594, 0.05290093865436086]}, "coverage": {"613_fri_c3_250_5": [0.08000000000000002, 0.020000000000000018, 0.040000000000000036, 0.06, 0.020000000000000018]}, "complexity": {"613_fri_c3_250_5": [5, 5, 5, 5, 5]}, "time_all": {"613_fri_c3_250_5": [0.045922040939331055, 0.18379712104797363, 0.4112129211425781, 0.0763845443725586, 0.12246060371398926]}, "time_fit": {"613_fri_c3_250_5": [0.003850698471069336, 0.015873193740844727, 0.037253618240356445, 0.006700992584228516, 0.010829687118530273]}, "sizes": {"613_fri_c3_250_5": []}, "tau": 0.5}}