{"SQR": {"losses": {"1029_LEV": [0.0775, 0.075625, 0.07750000487500001, 0.0825, 0.08125]}, "coverage": {"1029_LEV": [0.19999999999999996, 0.265, 0.195, 0.25, 0.24]}, "complexity": {"1029_LEV": [3, 3, 3, 3, 3]}, "time_all": {"1029_LEV": [654.4500224590302, 639.345703125, 648.6645543575287, 638.0860950946808, 641.4587867259979]}, "time_fit": {"1029_LEV": [654.4500224590302, 639.345703125, 648.6645543575287, 638.0860950946808, 641.4587867259979]}, "sizes": {"1029_LEV": []}, "tau": 0.5}, "LightGBM": {"losses": {"1029_LEV": [0.0676338824688943, 0.0641968982293419, 0.06480703525507796, 0.06753785037244704, 0.06619738926178854]}, "coverage": {"1029_LEV": [0.030000000000000027, 0.04500000000000004, 0.040000000000000036, 0.09499999999999997, 0.050000000000000044]}, "time_all": {"1029_LEV": [0.35070180892944336, 0.36209630966186523, 0.3297719955444336, 0.3453357219696045, 0.33887386322021484]}, "time_fit": {"1029_LEV": [0.11608195304870605, 0.12318038940429688, 0.11308979988098145, 0.11066865921020508, 0.1179816722869873]}, "sizes": {"1029_LEV": []}, "tau": 0.5}, "DecisionTree": {"losses": {"1029_LEV": [0.05875, 0.0490625, 0.04375, 0.0490625, 0.0484375]}, "coverage": {"1029_LEV": [0.235, 0.32499999999999996, 0.33999999999999997, 0.275, 0.32999999999999996]}, "complexity": {"1029_LEV": [179, 183, 175, 117, 175]}, "time_all": {"1029_LEV": [0.10019469261169434, 0.10187149047851562, 0.051177978515625, 0.04864501953125, 0.09574580192565918]}, "time_fit": {"1029_LEV": [0.016434907913208008, 0.0167694091796875, 0.008049726486206055, 0.005835056304931641, 0.015302658081054688]}, "sizes": {"1029_LEV": []}, "tau": 0.5}, "LinearQuantile": {"losses": {"1029_LEV": [0.06696253078753248, 0.061123995701265595, 0.05421907546019102, 0.060181029359800034, 0.05895832516546939]}, "coverage": {"1029_LEV": [0.04999999999999999, 0.0050000000000000044, 0.07499999999999996, 0.0050000000000000044, 0.020000000000000018]}, "complexity": {"1029_LEV": [20, 20, 20, 20, 20]}, "time_all": {"1029_LEV": [0.7984349727630615, 1.9517855644226074, 0.7891697883605957, 0.443436861038208, 2.198199510574341]}, "time_fit": {"1029_LEV": [0.07146739959716797, 0.11468791961669922, 0.08038592338562012, 0.03994393348693848, 0.1306743621826172]}, "sizes": {"1029_LEV": []}, "tau": 0.5}}