{"SQR": {"losses": {"294_satellite_image": [0.07718781774326129, 0.0918915582066388, 0.06649331063289844, 0.08921233451938361, 0.0873975483931098]}, "coverage": {"294_satellite_image": [0.4081585081585082, 0.3778554778554779, 0.34522144522144527, 0.4011655011655012, 0.41515151515151516]}, "complexity": {"294_satellite_image": [14, 7, 11, 5, 9]}, "tau": 0.5}, "LightGBM": {"losses": {"294_satellite_image": [0.06323720927885011, 0.06517905549038967, 0.06786086097910597, 0.058223365411422166, 0.06845973912272765]}, "coverage": {"294_satellite_image": [0.47964257964257967, 0.3887334887334888, 0.49052059052059055, 0.4718725718725719, 0.4174825174825175]}, "tau": 0.5}, "DecisionTree": {"losses": {"294_satellite_image": [0.03367003367003367, 0.030348355348355352, 0.030341880341880345, 0.02417119917119917, 0.03873348873348874]}, "coverage": {"294_satellite_image": [0.019191919191919204, 0.026184926184926183, 0.01686091686091684, 0.033954933954933986, 0.0064491064491064565]}, "complexity": {"294_satellite_image": [219, 215, 593, 611, 373]}, "tau": 0.5}, "LinearQuantile": {"losses": {"294_satellite_image": [0.14036718670116086, 0.14116893606027933, 0.1330565775765182, 0.1375242514414482, 0.141232770926812]}, "coverage": {"294_satellite_image": [0.42602952602952604, 0.43379953379953384, 0.4097125097125097, 0.42136752136752137, 0.45633255633255637]}, "complexity": {"294_satellite_image": [36, 36, 36, 36, 36]}, "tau": 0.5}}