{"SQR": {"losses": {"537_houses": [0.03134993155636345, 0.031641354876480836, 0.0410511221009008, 0.04077874242931282, 0.04260940080337355]}, "coverage": {"537_houses": [0.010465116279069764, 4.844961240313417e-05, 0.024757751937984573, 0.024515503875969014, 0.034205426356589186]}, "complexity": {"537_houses": [6, 6, 2, 2, 2]}, "time_all": {"537_houses": [5680.0708384513855, 5586.279158830643, 5394.390889644623, 5209.9767372608185, 5112.4396941661835]}, "time_fit": {"537_houses": [5680.0708384513855, 5586.279158830643, 5394.390889644623, 5209.9767372608185, 5112.4396941661835]}, "sizes": {"537_houses": []}, "tau": 0.9}, "LightGBM": {"losses": {"537_houses": [0.03146068911121633, 0.030529391485857062, 0.030989890571288516, 0.029665746468258637, 0.03111200745940608]}, "coverage": {"537_houses": [0.0028585271317829175, 0.00876937984496129, 0.003585271317829486, 0.0038275193798449347, 0.0031976744186046346]}, "time_all": {"537_houses": [1.3389909267425537, 1.2656853199005127, 1.1940855979919434, 1.2224290370941162, 1.2758777141571045]}, "time_fit": {"537_houses": [0.3249349594116211, 0.31579160690307617, 0.29665184020996094, 0.31020188331604004, 0.32038402557373047]}, "sizes": {"537_houses": []}, "tau": 0.9}, "DecisionTree": {"losses": {"537_houses": [0.023296933874027977, 0.023783620256149184, 0.022822127932206403, 0.02151092599486283, 0.02300950849791109]}, "coverage": {"537_houses": [0.04437984496124037, 0.04607558139534884, 0.020155038759689936, 0.04777131782945743, 0.014098837209302384]}, "complexity": {"537_houses": [1277, 1279, 589, 1265, 525]}, "time_all": {"537_houses": [2.34403395652771, 2.4624252319335938, 1.9726436138153076, 2.0114095211029053, 2.3343799114227295]}, "time_fit": {"537_houses": [0.1615161895751953, 0.16335344314575195, 0.12224507331848145, 0.16342639923095703, 0.11560654640197754]}, "sizes": {"537_houses": []}, "tau": 0.9}, "LinearQuantile": {"losses": {"537_houses": [0.03205696960895811, 0.031623625975107546, 0.0313818204465408, 0.029659219124658062, 0.0330403077339989]}, "coverage": {"537_houses": [0.004408914728682212, 0.00019379844961242565, 0.0006782945736434343, 0.005038759689922512, 0.00029069767441858296]}, "complexity": {"537_houses": [8, 8, 8, 8, 8]}, "time_all": {"537_houses": [2.2660446166992188, 2.8531837463378906, 2.6353485584259033, 3.0063178539276123, 2.2337045669555664]}, "time_fit": {"537_houses": [0.20645833015441895, 0.2620077133178711, 0.24364113807678223, 0.2740664482116699, 0.20300793647766113]}, "sizes": {"537_houses": []}, "tau": 0.9}}