{"SQR": {"losses": {"622_fri_c2_1000_50": [0.007958753771577332, 0.011753188439783487, 0.01216061529985346, 0.0049778132118296434, 0.009561698907909989]}, "coverage": {"622_fri_c2_1000_50": [0.03500000000000003, 0.039999999999999925, 0.025000000000000022, 0.03500000000000003, 0.0050000000000000044]}, "complexity": {"622_fri_c2_1000_50": [16, 12, 12, 18, 16]}, "tau": 0.9}, "LightGBM": {"losses": {"622_fri_c2_1000_50": [0.021890316038279307, 0.01928028628523423, 0.021503022772049102, 0.021315036489603794, 0.022521850350264435]}, "coverage": {"622_fri_c2_1000_50": [0.040000000000000036, 0.020000000000000018, 0.010000000000000009, 0.05500000000000005, 0.040000000000000036]}, "tau": 0.9}, "DecisionTree": {"losses": {"622_fri_c2_1000_50": [0.020284667045979147, 0.01712413591017572, 0.019280978753338764, 0.018564334653654067, 0.017601603036654038]}, "coverage": {"622_fri_c2_1000_50": [0.0050000000000000044, 0.020000000000000018, 0.05500000000000005, 0.06000000000000005, 0.010000000000000009]}, "complexity": {"622_fri_c2_1000_50": [29, 33, 61, 63, 31]}, "tau": 0.9}, "LinearQuantile": {"losses": {"622_fri_c2_1000_50": [0.08588562036778191, 0.08743963925069542, 0.08306110261265053, 0.08276984543995754, 0.08421909897840403]}, "coverage": {"622_fri_c2_1000_50": [0.42000000000000004, 0.455, 0.45, 0.41000000000000003, 0.43000000000000005]}, "complexity": {"622_fri_c2_1000_50": [50, 50, 50, 50, 50]}, "tau": 0.9}}