{"SQR": {"losses": {"595_fri_c0_1000_10": [0.009603642843009744, 0.00848341877868977, 0.008639368311809427, 0.008552167974990022, 0.007481079836802691]}, "coverage": {"595_fri_c0_1000_10": [0.020000000000000018, 0.0050000000000000044, 0.015000000000000013, 0.03500000000000003, 0.015000000000000013]}, "complexity": {"595_fri_c0_1000_10": [10, 12, 14, 12, 14]}, "tau": 0.9}, "LightGBM": {"losses": {"595_fri_c0_1000_10": [0.020647058860619003, 0.018549317983777795, 0.01874047219608664, 0.021017651641246943, 0.019776790338120062]}, "coverage": {"595_fri_c0_1000_10": [0.03500000000000003, 0.020000000000000018, 0.015000000000000013, 0.020000000000000018, 0.04499999999999993]}, "tau": 0.9}, "DecisionTree": {"losses": {"595_fri_c0_1000_10": [0.017714796096449915, 0.019428568430198113, 0.019107885347278065, 0.01970594397131753, 0.019754866377856322]}, "coverage": {"595_fri_c0_1000_10": [0.050000000000000044, 0.05500000000000005, 0.03500000000000003, 0.030000000000000027, 0.10499999999999998]}, "complexity": {"595_fri_c0_1000_10": [37, 25, 35, 37, 59]}, "tau": 0.9}, "LinearQuantile": {"losses": {"595_fri_c0_1000_10": [0.04085383516150034, 0.04015862451300286, 0.03633364079288809, 0.03358548351998773, 0.039648557105471466]}, "coverage": {"595_fri_c0_1000_10": [0.495, 0.42500000000000004, 0.36, 0.3350000000000001, 0.42000000000000004]}, "complexity": {"595_fri_c0_1000_10": [10, 10, 10, 10, 10]}, "tau": 0.9}}