{"SQR": {"losses": {"615_fri_c4_250_10": [0.01913289927333679, 0.01583839151991292, 0.026541272287918773, 0.0303631460022695, 0.017526305936556536]}, "coverage": {"615_fri_c4_250_10": [0.020000000000000018, 0.06000000000000005, 0.07999999999999996, 0.03999999999999998, 0.06]}, "complexity": {"615_fri_c4_250_10": [10, 14, 8, 9, 13]}, "time_all": {"615_fri_c4_250_10": [380.2750155925751, 389.3885726928711, 380.80930972099304, 377.495014667511, 365.9880816936493]}, "time_fit": {"615_fri_c4_250_10": [380.2750155925751, 389.3885726928711, 380.80930972099304, 377.495014667511, 365.9880816936493]}, "sizes": {"615_fri_c4_250_10": []}, "tau": 0.5}, "LightGBM": {"losses": {"615_fri_c4_250_10": [0.03309447103840885, 0.03650335349312032, 0.04054332195182838, 0.03543816805588443, 0.043568043763539836]}, "coverage": {"615_fri_c4_250_10": [0.0, 0.12, 0.020000000000000018, 0.09999999999999998, 0.03999999999999998]}, "time_all": {"615_fri_c4_250_10": [0.13701081275939941, 0.11596822738647461, 0.13614964485168457, 0.11757802963256836, 0.11906695365905762]}, "time_fit": {"615_fri_c4_250_10": [0.0334477424621582, 0.028355836868286133, 0.033252716064453125, 0.0287935733795166, 0.028876304626464844]}, "sizes": {"615_fri_c4_250_10": []}, "tau": 0.5}, "DecisionTree": {"losses": {"615_fri_c4_250_10": [0.03945406357918081, 0.03405094565366653, 0.04059770948567266, 0.03581947585705856, 0.04525949971015604]}, "coverage": {"615_fri_c4_250_10": [0.020000000000000018, 0.14, 0.07999999999999996, 0.06000000000000005, 0.020000000000000018]}, "complexity": {"615_fri_c4_250_10": [83, 79, 81, 77, 83]}, "time_all": {"615_fri_c4_250_10": [0.03088092803955078, 0.029887914657592773, 0.030789852142333984, 0.029642581939697266, 0.030398845672607422]}, "time_fit": {"615_fri_c4_250_10": [0.004744529724121094, 0.0046384334564208984, 0.004741191864013672, 0.004570484161376953, 0.004749774932861328]}, "sizes": {"615_fri_c4_250_10": []}, "tau": 0.5}, "LinearQuantile": {"losses": {"615_fri_c4_250_10": [0.052544855902099626, 0.053791382348985124, 0.06337911547893557, 0.05666538805846216, 0.06565056816476326]}, "coverage": {"615_fri_c4_250_10": [0.08000000000000002, 0.12, 0.020000000000000018, 0.09999999999999998, 0.03999999999999998]}, "complexity": {"615_fri_c4_250_10": [10, 10, 10, 10, 10]}, "time_all": {"615_fri_c4_250_10": [0.2357959747314453, 0.06047320365905762, 0.08130121231079102, 0.3201124668121338, 0.15122270584106445]}, "time_fit": {"615_fri_c4_250_10": [0.021134376525878906, 0.005200386047363281, 0.007051944732666016, 0.028850793838500977, 0.013509035110473633]}, "sizes": {"615_fri_c4_250_10": []}, "tau": 0.5}}