{"SQR": {"losses": {"665_sleuth_case2002": [0.035335047352122076, 0.03765178487951419, 0.049014175137695286, 0.042419528370881227, 0.037060494700052335]}, "coverage": {"665_sleuth_case2002": [0.0, 0.16666666666666674, 0.10689655172413792, 0.03103448275862064, 0.03103448275862064]}, "complexity": {"665_sleuth_case2002": [5, 10, 7, 4, 8]}, "time_all": {"665_sleuth_case2002": [320.33658242225647, 311.0081465244293, 302.18993520736694, 298.72558522224426, 298.7229895591736]}, "time_fit": {"665_sleuth_case2002": [320.33658242225647, 311.0081465244293, 302.18993520736694, 298.72558522224426, 298.7229895591736]}, "sizes": {"665_sleuth_case2002": []}, "tau": 0.9}, "LightGBM": {"losses": {"665_sleuth_case2002": [0.03439896120081774, 0.0322213848015586, 0.046288166370118955, 0.04109979932258582, 0.03905903233420326]}, "coverage": {"665_sleuth_case2002": [0.033333333333333326, 0.0, 0.10689655172413792, 0.03103448275862064, 0.03103448275862064]}, "time_all": {"665_sleuth_case2002": [0.14357852935791016, 0.0750117301940918, 0.08693480491638184, 0.09441494941711426, 0.07310056686401367]}, "time_fit": {"665_sleuth_case2002": [0.023321151733398438, 0.009909391403198242, 0.011844396591186523, 0.02288985252380371, 0.009771585464477539]}, "sizes": {"665_sleuth_case2002": []}, "tau": 0.9}, "DecisionTree": {"losses": {"665_sleuth_case2002": [0.0307037037037037, 0.033111111111111105, 0.0450038314176245, 0.031379310344827584, 0.03302681992337164]}, "coverage": {"665_sleuth_case2002": [0.0, 0.033333333333333326, 0.10689655172413792, 0.03103448275862064, 0.06551724137931036]}, "complexity": {"665_sleuth_case2002": [19, 3, 9, 21, 5]}, "time_all": {"665_sleuth_case2002": [0.036940574645996094, 0.01860213279724121, 0.01979207992553711, 0.02004241943359375, 0.018581867218017578]}, "time_fit": {"665_sleuth_case2002": [0.003017425537109375, 0.0009350776672363281, 0.0011951923370361328, 0.001667022705078125, 0.0010061264038085938]}, "sizes": {"665_sleuth_case2002": []}, "tau": 0.9}, "LinearQuantile": {"losses": {"665_sleuth_case2002": [0.03074151515046576, 0.038065647721117195, 0.05373982942765303, 0.04780847477653504, 0.04474889150279248]}, "coverage": {"665_sleuth_case2002": [0.033333333333333326, 0.06666666666666665, 0.07241379310344831, 0.0034482758620689724, 0.03103448275862064]}, "complexity": {"665_sleuth_case2002": [10, 10, 10, 10, 10]}, "time_all": {"665_sleuth_case2002": [0.7753980159759521, 0.09963154792785645, 0.15874004364013672, 0.08545136451721191, 0.41207051277160645]}, "time_fit": {"665_sleuth_case2002": [0.06895065307617188, 0.008840084075927734, 0.014102935791015625, 0.0074727535247802734, 0.0371861457824707]}, "sizes": {"665_sleuth_case2002": []}, "tau": 0.9}}