{"SQR": {"losses": {"588_fri_c4_1000_100": [0.005744255254840431, 0.004770567373871625, 0.0039786357364756915, 0.00844449078033882, 0.005271994755259571]}, "coverage": {"588_fri_c4_1000_100": [0.015000000000000013, 0.010000000000000009, 0.0050000000000000044, 0.0050000000000000044, 0.0]}, "complexity": {"588_fri_c4_1000_100": [16, 15, 15, 12, 14]}, "tau": 0.9}, "LightGBM": {"losses": {"588_fri_c4_1000_100": [0.015838302964089376, 0.014813735034627698, 0.017087693985067903, 0.014214587566461219, 0.01562324442178906]}, "coverage": {"588_fri_c4_1000_100": [0.030000000000000027, 0.0, 0.0050000000000000044, 0.010000000000000009, 0.010000000000000009]}, "tau": 0.9}, "DecisionTree": {"losses": {"588_fri_c4_1000_100": [0.014356965647227892, 0.014452364791585426, 0.012325404495736469, 0.0119042459310398, 0.01254390910658728]}, "coverage": {"588_fri_c4_1000_100": [0.08500000000000008, 0.08999999999999997, 0.015000000000000013, 0.08000000000000007, 0.030000000000000027]}, "complexity": {"588_fri_c4_1000_100": [61, 57, 61, 63, 37]}, "tau": 0.9}, "LinearQuantile": {"losses": {"588_fri_c4_1000_100": [0.06955366522596429, 0.06951749543706852, 0.06351016785823749, 0.06518888022309366, 0.06375724484879149]}, "coverage": {"588_fri_c4_1000_100": [0.465, 0.435, 0.47000000000000003, 0.44, 0.42000000000000004]}, "complexity": {"588_fri_c4_1000_100": [100, 100, 100, 100, 100]}, "tau": 0.9}}