{"SQR": {"losses": {"519_vinnie": [0.017423143119298237, 0.016721456447368423, 0.018529014175438587, 0.019851549885964905, 0.016637426228070174]}, "coverage": {"519_vinnie": [0.021052631578947323, 0.021052631578947323, 0.018421052631579005, 0.0052631578947368585, 0.021052631578947323]}, "complexity": {"519_vinnie": [2, 2, 2, 2, 2]}, "time_all": {"519_vinnie": [448.90646052360535, 410.4665598869324, 409.553955078125, 408.238835811615, 415.0480160713196]}, "time_fit": {"519_vinnie": [448.90646052360535, 410.4665598869324, 409.553955078125, 408.238835811615, 415.0480160713196]}, "sizes": {"519_vinnie": []}, "tau": 0.9}, "LightGBM": {"losses": {"519_vinnie": [0.020488143796085195, 0.018560292466408692, 0.01808342800334484, 0.020554319101720113, 0.019924632967371514]}, "coverage": {"519_vinnie": [0.007894736842105288, 0.021052631578947323, 0.018421052631579005, 0.0052631578947368585, 0.0052631578947368585]}, "time_all": {"519_vinnie": [0.18547296524047852, 0.11583900451660156, 0.1285409927368164, 0.11529302597045898, 0.13187384605407715]}, "time_fit": {"519_vinnie": [0.03166055679321289, 0.027066707611083984, 0.02936410903930664, 0.027512073516845703, 0.032065391540527344]}, "sizes": {"519_vinnie": []}, "tau": 0.9}, "DecisionTree": {"losses": {"519_vinnie": [0.02122807017543859, 0.017482456140350874, 0.01789473684210526, 0.01917543859649123, 0.01707017543859649]}, "coverage": {"519_vinnie": [0.021052631578947323, 0.03421052631578947, 0.03421052631578947, 0.0052631578947368585, 0.06052631578947365]}, "complexity": {"519_vinnie": [9, 9, 11, 93, 11]}, "time_all": {"519_vinnie": [0.0476536750793457, 0.02435159683227539, 0.025046825408935547, 0.028026342391967773, 0.02552199363708496]}, "time_fit": {"519_vinnie": [0.0022962093353271484, 0.001186370849609375, 0.0012791156768798828, 0.004331827163696289, 0.001260995864868164]}, "sizes": {"519_vinnie": []}, "tau": 0.9}, "LinearQuantile": {"losses": {"519_vinnie": [0.01783627555737392, 0.016900584253278506, 0.0188596374264966, 0.020614035559686262, 0.0169298172928808]}, "coverage": {"519_vinnie": [0.05789473684210533, 0.0052631578947368585, 0.0052631578947368585, 0.0052631578947368585, 0.021052631578947323]}, "complexity": {"519_vinnie": [5, 5, 5, 5, 5]}, "time_all": {"519_vinnie": [0.33011722564697266, 0.11362576484680176, 0.11283016204833984, 0.06337952613830566, 0.10035538673400879]}, "time_fit": {"519_vinnie": [0.028330087661743164, 0.010009527206420898, 0.009929895401000977, 0.00545191764831543, 0.008826732635498047]}, "sizes": {"519_vinnie": []}, "tau": 0.9}}