{"SQR": {"losses": {"596_fri_c2_250_5": [0.01178955395569186, 0.012589778939668747, 0.016075760902813496, 0.016720831522033797, 0.010818042813997656]}, "coverage": {"596_fri_c2_250_5": [0.14, 0.020000000000000018, 0.020000000000000018, 0.12, 0.039999999999999925]}, "complexity": {"596_fri_c2_250_5": [13, 16, 9, 12, 12]}, "time_all": {"596_fri_c2_250_5": [391.0650863647461, 381.4127540588379, 402.8062732219696, 427.2781755924225, 417.6213290691376]}, "time_fit": {"596_fri_c2_250_5": [391.0650863647461, 381.4127540588379, 402.8062732219696, 427.2781755924225, 417.6213290691376]}, "sizes": {"596_fri_c2_250_5": []}, "tau": 0.9}, "LightGBM": {"losses": {"596_fri_c2_250_5": [0.032366514084878006, 0.02259386352875769, 0.027522701440612345, 0.027646141882117788, 0.021680170490210468]}, "coverage": {"596_fri_c2_250_5": [0.12, 0.040000000000000036, 0.040000000000000036, 0.020000000000000018, 0.020000000000000018]}, "time_all": {"596_fri_c2_250_5": [0.17402982711791992, 0.10833144187927246, 0.12334394454956055, 0.09965085983276367, 0.12249565124511719]}, "time_fit": {"596_fri_c2_250_5": [0.02942061424255371, 0.025164127349853516, 0.029674291610717773, 0.024221420288085938, 0.029550790786743164]}, "sizes": {"596_fri_c2_250_5": []}, "tau": 0.9}, "DecisionTree": {"losses": {"596_fri_c2_250_5": [0.03496817877038302, 0.019746093861717506, 0.029988613037617542, 0.026149405987337664, 0.0203909699803361]}, "coverage": {"596_fri_c2_250_5": [0.18000000000000005, 0.05999999999999994, 0.18000000000000005, 0.020000000000000018, 0.020000000000000018]}, "complexity": {"596_fri_c2_250_5": [15, 9, 37, 9, 7]}, "time_all": {"596_fri_c2_250_5": [0.04770207405090332, 0.02508997917175293, 0.026458740234375, 0.02461695671081543, 0.024741649627685547]}, "time_fit": {"596_fri_c2_250_5": [0.003084897994995117, 0.0013282299041748047, 0.0025033950805664062, 0.0013129711151123047, 0.0012171268463134766]}, "sizes": {"596_fri_c2_250_5": []}, "tau": 0.9}, "LinearQuantile": {"losses": {"596_fri_c2_250_5": [0.09537767576482681, 0.08559104627894544, 0.08781585707729829, 0.06413495567647833, 0.09428282941144583]}, "coverage": {"596_fri_c2_250_5": [0.38, 0.42000000000000004, 0.4, 0.26, 0.52]}, "complexity": {"596_fri_c2_250_5": [5, 5, 5, 5, 5]}, "time_all": {"596_fri_c2_250_5": [0.08759260177612305, 0.09137201309204102, 0.137498140335083, 0.1245877742767334, 0.08138608932495117]}, "time_fit": {"596_fri_c2_250_5": [0.007044076919555664, 0.007885217666625977, 0.012153863906860352, 0.01105952262878418, 0.0070688724517822266]}, "sizes": {"596_fri_c2_250_5": []}, "tau": 0.9}}