{"SQR": {"losses": {"591_fri_c1_100_10": [0.006755460654063468, 0.013246524383501398, 0.008439801988740064, 0.011713317925989758, 0.018979390029836056]}, "coverage": {"591_fri_c1_100_10": [0.09999999999999998, 0.0, 0.0, 0.0, 0.15000000000000002]}, "complexity": {"591_fri_c1_100_10": [14, 7, 14, 13, 13]}, "tau": 0.9}, "LightGBM": {"losses": {"591_fri_c1_100_10": [0.022936255918204567, 0.03188503174822285, 0.02765026113204239, 0.026435881871857535, 0.03385492502009127]}, "coverage": {"591_fri_c1_100_10": [0.04999999999999993, 0.09999999999999998, 0.09999999999999998, 0.050000000000000044, 0.15000000000000002]}, "tau": 0.9}, "DecisionTree": {"losses": {"591_fri_c1_100_10": [0.02053507710174883, 0.02898421195818153, 0.02730573545616307, 0.03442356999705362, 0.04191404321491161]}, "coverage": {"591_fri_c1_100_10": [0.050000000000000044, 0.09999999999999998, 0.09999999999999998, 0.0, 0.15000000000000002]}, "complexity": {"591_fri_c1_100_10": [33, 5, 3, 1, 1]}, "tau": 0.9}, "LinearQuantile": {"losses": {"591_fri_c1_100_10": [0.0527658345143786, 0.13202098181076866, 0.11161036509975757, 0.08828694728194211, 0.10153712000822132]}, "coverage": {"591_fri_c1_100_10": [0.35, 0.45, 0.35, 0.4, 0.45]}, "complexity": {"591_fri_c1_100_10": [10, 10, 10, 10, 10]}, "tau": 0.9}}