{"SQR": {"losses": {"665_sleuth_case2002": [0.05735363307666672, 0.0648907876, 0.07162786988505748, 0.06231068953256706, 0.05672508237547892]}, "coverage": {"665_sleuth_case2002": [0.0, 0.033333333333333326, 0.12068965517241381, 0.08620689655172409, 0.08620689655172409]}, "complexity": {"665_sleuth_case2002": [4, 2, 2, 2, 2]}, "time_all": {"665_sleuth_case2002": [316.0236270427704, 300.9341263771057, 325.1133282184601, 297.9757299423218, 307.17113637924194]}, "time_fit": {"665_sleuth_case2002": [316.0236270427704, 300.9341263771057, 325.1133282184601, 297.9757299423218, 307.17113637924194]}, "sizes": {"665_sleuth_case2002": []}, "tau": 0.5}, "LightGBM": {"losses": {"665_sleuth_case2002": [0.05762236137514878, 0.07166334306498102, 0.07195967370468011, 0.061334093734659104, 0.05075694250942783]}, "coverage": {"665_sleuth_case2002": [0.06666666666666665, 0.06666666666666665, 0.15517241379310343, 0.08620689655172409, 0.22413793103448276]}, "time_all": {"665_sleuth_case2002": [0.10046505928039551, 0.10149669647216797, 0.08346843719482422, 0.09035253524780273, 0.07410383224487305]}, "time_fit": {"665_sleuth_case2002": [0.02436971664428711, 0.02634716033935547, 0.011451482772827148, 0.022629499435424805, 0.01708221435546875]}, "sizes": {"665_sleuth_case2002": []}, "tau": 0.5}, "DecisionTree": {"losses": {"665_sleuth_case2002": [0.04925925925925926, 0.05333333333333333, 0.06283524904214559, 0.05421455938697318, 0.04827586206896552]}, "coverage": {"665_sleuth_case2002": [0.19999999999999996, 0.16666666666666663, 0.051724137931034475, 0.12068965517241381, 0.39655172413793105]}, "complexity": {"665_sleuth_case2002": [9, 19, 9, 21, 9]}, "time_all": {"665_sleuth_case2002": [0.019532442092895508, 0.019754886627197266, 0.019700288772583008, 0.019899845123291016, 0.019886255264282227]}, "time_fit": {"665_sleuth_case2002": [0.0011904239654541016, 0.0015747547149658203, 0.0011894702911376953, 0.001649618148803711, 0.001177072525024414]}, "sizes": {"665_sleuth_case2002": []}, "tau": 0.5}, "LinearQuantile": {"losses": {"665_sleuth_case2002": [0.06115887296107888, 0.05977811674566879, 0.06667482146039258, 0.06084210751883942, 0.052366830231307816]}, "coverage": {"665_sleuth_case2002": [0.033333333333333326, 0.033333333333333326, 0.12068965517241381, 0.12068965517241381, 0.08620689655172409]}, "complexity": {"665_sleuth_case2002": [10, 10, 10, 10, 10]}, "time_all": {"665_sleuth_case2002": [0.11573195457458496, 1.5390567779541016, 1.009526252746582, 0.7265191078186035, 0.09039306640625]}, "time_fit": {"665_sleuth_case2002": [0.01027059555053711, 0.12856626510620117, 0.09172344207763672, 0.06569838523864746, 0.008020877838134766]}, "sizes": {"665_sleuth_case2002": []}, "tau": 0.5}}