{"SQR": {"losses": {"623_fri_c4_1000_10": [0.008966460988460614, 0.005486884844394725, 0.007880126153522361, 0.005306293912975884, 0.006973543266821409]}, "coverage": {"623_fri_c4_1000_10": [0.010000000000000009, 0.010000000000000009, 0.040000000000000036, 0.010000000000000009, 0.0050000000000000044]}, "complexity": {"623_fri_c4_1000_10": [11, 16, 12, 12, 15]}, "time_all": {"623_fri_c4_1000_10": [787.7989401817322, 763.4278273582458, 792.5257246494293, 770.0048079490662, 802.9370718002319]}, "time_fit": {"623_fri_c4_1000_10": [787.7989401817322, 763.4278273582458, 792.5257246494293, 770.0048079490662, 802.9370718002319]}, "sizes": {"623_fri_c4_1000_10": []}, "tau": 0.9}, "LightGBM": {"losses": {"623_fri_c4_1000_10": [0.0145911314993148, 0.01408117824292286, 0.01455552582902735, 0.01482308940301667, 0.014353737538326028]}, "coverage": {"623_fri_c4_1000_10": [0.040000000000000036, 0.0050000000000000044, 0.025000000000000022, 0.030000000000000027, 0.010000000000000009]}, "time_all": {"623_fri_c4_1000_10": [0.325498104095459, 0.2678971290588379, 0.29658055305480957, 0.3024251461029053, 0.25041890144348145]}, "time_fit": {"623_fri_c4_1000_10": [0.05377388000488281, 0.05339694023132324, 0.0578463077545166, 0.0511777400970459, 0.04794931411743164]}, "sizes": {"623_fri_c4_1000_10": []}, "tau": 0.9}, "DecisionTree": {"losses": {"623_fri_c4_1000_10": [0.013894025658374418, 0.011500189815349173, 0.013416617092512755, 0.013965462752901909, 0.013013192548943661]}, "coverage": {"623_fri_c4_1000_10": [0.08999999999999997, 0.030000000000000027, 0.05500000000000005, 0.015000000000000013, 0.03500000000000003]}, "complexity": {"623_fri_c4_1000_10": [59, 61, 61, 45, 61]}, "time_all": {"623_fri_c4_1000_10": [0.17795825004577637, 0.17974615097045898, 0.17744731903076172, 0.17714238166809082, 0.09183859825134277]}, "time_fit": {"623_fri_c4_1000_10": [0.013341903686523438, 0.01427602767944336, 0.014098405838012695, 0.011817693710327148, 0.007074117660522461]}, "sizes": {"623_fri_c4_1000_10": []}, "tau": 0.9}, "LinearQuantile": {"losses": {"623_fri_c4_1000_10": [0.05178333702951856, 0.05094905587898791, 0.0536847711090662, 0.054554928646664315, 0.057891433843739105]}, "coverage": {"623_fri_c4_1000_10": [0.405, 0.43000000000000005, 0.39, 0.39, 0.47500000000000003]}, "complexity": {"623_fri_c4_1000_10": [10, 10, 10, 10, 10]}, "time_all": {"623_fri_c4_1000_10": [0.18487954139709473, 0.1909503936767578, 2.1931567192077637, 0.46619296073913574, 0.14619183540344238]}, "time_fit": {"623_fri_c4_1000_10": [0.015674114227294922, 0.016540050506591797, 0.12929821014404297, 0.04212617874145508, 0.01295328140258789]}, "sizes": {"623_fri_c4_1000_10": []}, "tau": 0.9}}