{"SQR": {"losses": {"656_fri_c1_100_5": [0.02113516769130733, 0.014598162521095229, 0.0313629744051479, 0.022689980089698608, 0.046723392774304096]}, "coverage": {"656_fri_c1_100_5": [0.35, 0.20000000000000007, 0.35, 0.4, 0.5]}, "complexity": {"656_fri_c1_100_5": [13, 13, 12, 10, 13]}, "tau": 0.5}, "LightGBM": {"losses": {"656_fri_c1_100_5": [0.0203481687403622, 0.053507723022806895, 0.09362998083500029, 0.05050966526534269, 0.05471593113885597]}, "coverage": {"656_fri_c1_100_5": [0.20000000000000007, 0.55, 0.65, 0.25, 0.30000000000000004]}, "tau": 0.5}, "DecisionTree": {"losses": {"656_fri_c1_100_5": [0.045404532308375725, 0.0489125682417339, 0.06833173010478878, 0.02903609423085243, 0.043860885240571704]}, "coverage": {"656_fri_c1_100_5": [0.25, 0.4, 0.35, 0.20000000000000007, 0.25]}, "complexity": {"656_fri_c1_100_5": [29, 31, 3, 31, 31]}, "tau": 0.5}, "LinearQuantile": {"losses": {"656_fri_c1_100_5": [0.06559163446659963, 0.06760186811082072, 0.12814887541937053, 0.08814426945887884, 0.07919522496695658]}, "coverage": {"656_fri_c1_100_5": [0.35, 0.4, 0.75, 0.45, 0.45]}, "complexity": {"656_fri_c1_100_5": [5, 5, 5, 5, 5]}, "tau": 0.5}}