{"SQR": {"losses": {"1193_BNG_lowbwt": [0.01970795407855174, 0.019176263133595543, 0.019043669498939913, 0.019148659342896817, 0.01909258854480259]}, "coverage": {"1193_BNG_lowbwt": [0.0023951133258318658, 0.004967047098537236, 0.0009484005786851712, 0.004516958688313699, 0.0035369774919613572]}, "complexity": {"1193_BNG_lowbwt": [3, 3, 4, 3, 3]}, "tau": 0.9}, "LightGBM": {"losses": {"1193_BNG_lowbwt": [0.018685568744701567, 0.018074916946685175, 0.018144998890079193, 0.01824656525299991, 0.018345886794432973]}, "coverage": {"1193_BNG_lowbwt": [0.016251406526281875, 0.022681240958045357, 0.024610191287574357, 0.021395274071692616, 0.020739549839228322]}, "tau": 0.9}, "DecisionTree": {"losses": {"1193_BNG_lowbwt": [0.019185093286988888, 0.018442343315162986, 0.018836890779217245, 0.01855632709656452, 0.018716767022332798]}, "coverage": {"1193_BNG_lowbwt": [0.025221025558591847, 0.024578042115415588, 0.027792959331297218, 0.021041633177945718, 0.021061093247588425]}, "complexity": {"1193_BNG_lowbwt": [871, 789, 793, 793, 863]}, "tau": 0.9}, "LinearQuantile": {"losses": {"1193_BNG_lowbwt": [0.0186794099159748, 0.018038357058290204, 0.018162112346960784, 0.018216168850514355, 0.018214313924657784]}, "coverage": {"1193_BNG_lowbwt": [0.005288538820125366, 1.607458607943979e-05, 0.0011412956116380046, 0.001269892300273301, 0.0009646302250803096]}, "complexity": {"1193_BNG_lowbwt": [23, 23, 23, 23, 23]}, "tau": 0.9}}