{"SQR": {"losses": {"635_fri_c0_250_10": [0.013975223343934631, 0.015911095318286234, 0.012477224869741002, 0.013570679766365584, 0.014991355912768095]}, "coverage": {"635_fri_c0_250_10": [0.07999999999999996, 0.040000000000000036, 0.08000000000000007, 0.039999999999999925, 0.040000000000000036]}, "complexity": {"635_fri_c0_250_10": [9, 12, 14, 9, 10]}, "time_all": {"635_fri_c0_250_10": [341.62293672561646, 365.4677994251251, 332.31981086730957, 315.6057012081146, 340.9415428638458]}, "time_fit": {"635_fri_c0_250_10": [341.62293672561646, 365.4677994251251, 332.31981086730957, 315.6057012081146, 340.9415428638458]}, "sizes": {"635_fri_c0_250_10": []}, "tau": 0.9}, "LightGBM": {"losses": {"635_fri_c0_250_10": [0.0265474909347893, 0.025135175728513256, 0.022685712880924216, 0.023913208350483824, 0.025674261345858256]}, "coverage": {"635_fri_c0_250_10": [0.020000000000000018, 0.0, 0.020000000000000018, 0.06000000000000005, 0.06000000000000005]}, "time_all": {"635_fri_c0_250_10": [0.16594505310058594, 0.09470009803771973, 0.11590862274169922, 0.1154317855834961, 0.09999489784240723]}, "time_fit": {"635_fri_c0_250_10": [0.02828812599182129, 0.01750349998474121, 0.027495145797729492, 0.026416301727294922, 0.023617982864379883]}, "sizes": {"635_fri_c0_250_10": []}, "tau": 0.9}, "DecisionTree": {"losses": {"635_fri_c0_250_10": [0.02154995268472913, 0.022373405444943564, 0.01975692930948468, 0.02509805695287673, 0.023800477729844723]}, "coverage": {"635_fri_c0_250_10": [0.08000000000000007, 0.08000000000000007, 0.0, 0.020000000000000018, 0.040000000000000036]}, "complexity": {"635_fri_c0_250_10": [33, 15, 9, 7, 15]}, "time_all": {"635_fri_c0_250_10": [0.05518388748168945, 0.027434110641479492, 0.027918338775634766, 0.05352425575256348, 0.027271270751953125]}, "time_fit": {"635_fri_c0_250_10": [0.005289793014526367, 0.0018808841705322266, 0.0015254020690917969, 0.002801656723022461, 0.001851797103881836]}, "sizes": {"635_fri_c0_250_10": []}, "tau": 0.9}, "LinearQuantile": {"losses": {"635_fri_c0_250_10": [0.04727754511006504, 0.06395106089041573, 0.051407686296670134, 0.04560383175315143, 0.053471044477641054]}, "coverage": {"635_fri_c0_250_10": [0.42000000000000004, 0.56, 0.46, 0.5, 0.48000000000000004]}, "complexity": {"635_fri_c0_250_10": [10, 10, 10, 10, 10]}, "time_all": {"635_fri_c0_250_10": [0.8069274425506592, 0.15775823593139648, 0.12639212608337402, 0.25629401206970215, 0.10236954689025879]}, "time_fit": {"635_fri_c0_250_10": [0.07175707817077637, 0.014057636260986328, 0.011137008666992188, 0.02184128761291504, 0.008985042572021484]}, "sizes": {"635_fri_c0_250_10": []}, "tau": 0.9}}