{"SQR": {"losses": {"556_analcatdata_apnea2": [0.005177208089073627, 0.007877188416235815, 0.005796317859368581, 0.003841480373730804, 0.007868750013608285]}, "coverage": {"556_analcatdata_apnea2": [0.047368421052631504, 0.1842105263157895, 0.1105263157894737, 0.1842105263157895, 0.20526315789473681]}, "complexity": {"556_analcatdata_apnea2": [8, 7, 7, 8, 6]}, "tau": 0.9}, "LightGBM": {"losses": {"556_analcatdata_apnea2": [0.020223560242471954, 0.01730960172407954, 0.016211415665274554, 0.019582281869646966, 0.014365603484901573]}, "coverage": {"556_analcatdata_apnea2": [0.02631578947368418, 0.0052631578947368585, 0.0368421052631579, 0.047368421052631504, 0.05789473684210522]}, "tau": 0.9}, "DecisionTree": {"losses": {"556_analcatdata_apnea2": [0.0038643323872268875, 0.00545389475484889, 0.0038595875996281603, 0.003517908872167589, 0.005309583885728947]}, "coverage": {"556_analcatdata_apnea2": [0.09999999999999998, 0.08947368421052637, 0.0368421052631579, 0.0368421052631579, 0.0368421052631579]}, "complexity": {"556_analcatdata_apnea2": [135, 55, 57, 135, 57]}, "tau": 0.9}, "LinearQuantile": {"losses": {"556_analcatdata_apnea2": [0.01868721895477238, 0.01693470496456458, 0.01730888610945663, 0.018994366098456762, 0.01796755627862777]}, "coverage": {"556_analcatdata_apnea2": [0.0368421052631579, 0.08947368421052637, 0.047368421052631504, 0.02631578947368418, 0.015789473684210575]}, "complexity": {"556_analcatdata_apnea2": [11, 11, 11, 11, 11]}, "tau": 0.9}}