{"SQR": {"losses": {"1030_ERA": [0.10226939093625, 0.12181866615750002, 0.070598888129375, 0.0757712217, 0.1126481988125]}, "coverage": {"1030_ERA": [0.48000000000000004, 0.5, 0.37, 0.365, 0.47500000000000003]}, "complexity": {"1030_ERA": [3, 3, 4, 3, 3]}, "tau": 0.5}, "LightGBM": {"losses": {"1030_ERA": [0.07696170219825506, 0.09726085622592634, 0.07145905401420145, 0.06319651849371229, 0.09541436979488374]}, "coverage": {"1030_ERA": [0.375, 0.48500000000000004, 0.3350000000000001, 0.31000000000000005, 0.43000000000000005]}, "tau": 0.5}, "DecisionTree": {"losses": {"1030_ERA": [0.0821875, 0.09475, 0.07200000000000001, 0.069625, 0.09300000000000001]}, "coverage": {"1030_ERA": [0.31500000000000006, 0.36, 0.24, 0.22499999999999998, 0.32500000000000007]}, "complexity": {"1030_ERA": [87, 35, 37, 31, 21]}, "tau": 0.5}, "LinearQuantile": {"losses": {"1030_ERA": [0.08404215997088631, 0.10661770006456411, 0.06651214850083549, 0.05814881843933766, 0.0951282086723736]}, "coverage": {"1030_ERA": [0.395, 0.47500000000000003, 0.35, 0.29500000000000004, 0.42500000000000004]}, "complexity": {"1030_ERA": [4, 4, 4, 4, 4]}, "tau": 0.5}}