{"SQR": {"losses": {"titanic": [0.1288095238095238, 0.11857142857142858, 0.15523809523809526, 0.17, 0.15799522673031027]}, "coverage": {"titanic": [0.033333333333333326, 0.02857142857142858, 0.06904761904761902, 0.08571428571428574, 0.07183770883054896]}, "complexity": {"titanic": [2, 6, 6, 6, 7]}, "tau": 0.5}, "LightGBM": {"losses": {"titanic": [0.15748814016811596, 0.13925006468292012, 0.1559132070208732, 0.16595636739903058, 0.15447820481043387]}, "coverage": {"titanic": [0.1952380952380952, 0.21190476190476193, 0.2333333333333334, 0.2595238095238096, 0.2221957040572793]}, "tau": 0.5}, "DecisionTree": {"losses": {"titanic": [0.13214285714285715, 0.11023809523809523, 0.13023809523809524, 0.17, 0.13806682577565632]}, "coverage": {"titanic": [0.04285714285714293, 0.01904761904761909, 0.04285714285714293, 0.08571428571428574, 0.05751789976133659]}, "complexity": {"titanic": [227, 77, 245, 53, 113]}, "tau": 0.5}, "LinearQuantile": {"losses": {"titanic": [0.13523810652973786, 0.11714288818751915, 0.136016675397638, 0.15814796805699652, 0.14784874634432948]}, "coverage": {"titanic": [0.23571428571428577, 0.2333333333333334, 0.24761904761904763, 0.27142857142857146, 0.2675417661097852]}, "complexity": {"titanic": [31, 31, 31, 31, 31]}, "tau": 0.5}}