{"SQR": {"losses": {"597_fri_c2_500_5": [0.007828559784189632, 0.011547922769262555, 0.013503347114594416, 0.009027031502652313, 0.018333590823947428]}, "coverage": {"597_fri_c2_500_5": [0.030000000000000027, 0.039999999999999925, 0.020000000000000018, 0.010000000000000009, 0.040000000000000036]}, "complexity": {"597_fri_c2_500_5": [16, 14, 10, 14, 7]}, "time_all": {"597_fri_c2_500_5": [509.9865071773529, 543.4417862892151, 520.0673098564148, 520.7880682945251, 513.1498870849609]}, "time_fit": {"597_fri_c2_500_5": [509.9865071773529, 543.4417862892151, 520.0673098564148, 520.7880682945251, 513.1498870849609]}, "sizes": {"597_fri_c2_500_5": []}, "tau": 0.9}, "LightGBM": {"losses": {"597_fri_c2_500_5": [0.021032466888065097, 0.023746409446968157, 0.020179694721962866, 0.01771209811956029, 0.021526502953704667]}, "coverage": {"597_fri_c2_500_5": [0.010000000000000009, 0.0, 0.020000000000000018, 0.040000000000000036, 0.040000000000000036]}, "time_all": {"597_fri_c2_500_5": [0.22768759727478027, 0.17889618873596191, 0.18031907081604004, 0.16182231903076172, 0.19655823707580566]}, "time_fit": {"597_fri_c2_500_5": [0.043898582458496094, 0.03688764572143555, 0.03739619255065918, 0.03816795349121094, 0.048119306564331055]}, "sizes": {"597_fri_c2_500_5": []}, "tau": 0.9}, "DecisionTree": {"losses": {"597_fri_c2_500_5": [0.01872812682359388, 0.021475894242056013, 0.020542103057746997, 0.019080749102685098, 0.0185189638184295]}, "coverage": {"597_fri_c2_500_5": [0.030000000000000027, 0.020000000000000018, 0.14, 0.010000000000000009, 0.06000000000000005]}, "complexity": {"597_fri_c2_500_5": [29, 27, 67, 11, 29]}, "time_all": {"597_fri_c2_500_5": [0.07509613037109375, 0.03909111022949219, 0.04003262519836426, 0.03793835639953613, 0.07740116119384766]}, "time_fit": {"597_fri_c2_500_5": [0.004969358444213867, 0.0025093555450439453, 0.004180431365966797, 0.0016782283782958984, 0.005199432373046875]}, "sizes": {"597_fri_c2_500_5": []}, "tau": 0.9}, "LinearQuantile": {"losses": {"597_fri_c2_500_5": [0.07583577632745195, 0.06952364089564707, 0.07930448490471974, 0.08595756413332294, 0.0879606785423769]}, "coverage": {"597_fri_c2_500_5": [0.36, 0.4, 0.43000000000000005, 0.46, 0.44]}, "complexity": {"597_fri_c2_500_5": [5, 5, 5, 5, 5]}, "time_all": {"597_fri_c2_500_5": [0.2641017436981201, 0.14358282089233398, 0.1097407341003418, 0.29241347312927246, 0.45003414154052734]}, "time_fit": {"597_fri_c2_500_5": [0.022639989852905273, 0.012720584869384766, 0.009664535522460938, 0.02631402015686035, 0.03963756561279297]}, "sizes": {"597_fri_c2_500_5": []}, "tau": 0.9}}