{"SQR": {"losses": {"1096_FacultySalaries": [0.0025994194891127247, 0.0025239224576606377, 0.0009359928744528148, 0.010507355790467974, 0.000434303629419538]}, "coverage": {"1096_FacultySalaries": [0.09999999999999998, 0.0, 0.09999999999999998, 0.0, 0.09999999999999998]}, "complexity": {"1096_FacultySalaries": [17, 7, 17, 7, 18]}, "time_all": {"1096_FacultySalaries": [295.9189918041229, 260.8052222728729, 261.2976598739624, 270.469251871109, 275.32278323173523]}, "time_fit": {"1096_FacultySalaries": [295.9189918041229, 260.8052222728729, 261.2976598739624, 270.469251871109, 275.32278323173523]}, "sizes": {"1096_FacultySalaries": []}, "tau": 0.9}, "LightGBM": {"losses": {"1096_FacultySalaries": [0.04161137676386791, 0.06305213171949359, 0.03175354382625662, 0.03976303139314718, 0.061374404541188685]}, "coverage": {"1096_FacultySalaries": [0.09999999999999998, 0.0, 0.0, 0.09999999999999998, 0.0]}, "time_all": {"1096_FacultySalaries": [0.07601809501647949, 0.02228403091430664, 0.020302295684814453, 0.021672487258911133, 0.021610260009765625]}, "time_fit": {"1096_FacultySalaries": [0.003921031951904297, 0.002910614013671875, 0.002531290054321289, 0.002852916717529297, 0.0028429031372070312]}, "sizes": {"1096_FacultySalaries": []}, "tau": 0.9}, "DecisionTree": {"losses": {"1096_FacultySalaries": [0.016540278226993978, 0.024786729700162994, 0.020791469144616638, 0.021880561299195335, 0.024189564580377042]}, "coverage": {"1096_FacultySalaries": [0.09999999999999998, 0.30000000000000004, 0.09999999999999998, 0.20000000000000007, 0.20000000000000007]}, "complexity": {"1096_FacultySalaries": [3, 15, 3, 7, 15]}, "time_all": {"1096_FacultySalaries": [0.029068470001220703, 0.016179561614990234, 0.01476907730102539, 0.015714406967163086, 0.01598381996154785]}, "time_fit": {"1096_FacultySalaries": [0.0017397403717041016, 0.0013856887817382812, 0.0008969306945800781, 0.0010652542114257812, 0.0013718605041503906]}, "sizes": {"1096_FacultySalaries": []}, "tau": 0.9}, "LinearQuantile": {"losses": {"1096_FacultySalaries": [0.0023976536898935087, 8.194979393291831e-05, 8.632940384348686e-05, 0.009839832752723142, 0.00010421619041775683]}, "coverage": {"1096_FacultySalaries": [0.20000000000000007, 0.09999999999999998, 0.09999999999999998, 0.09999999999999998, 0.30000000000000004]}, "complexity": {"1096_FacultySalaries": [5, 5, 5, 5, 5]}, "time_all": {"1096_FacultySalaries": [0.06450819969177246, 0.04296731948852539, 0.08209538459777832, 0.04260873794555664, 0.08388662338256836]}, "time_fit": {"1096_FacultySalaries": [0.004884004592895508, 0.003584146499633789, 0.007109403610229492, 0.003563404083251953, 0.007326841354370117]}, "sizes": {"1096_FacultySalaries": []}, "tau": 0.9}}