{"SQR": {"losses": {"623_fri_c4_1000_10": [0.012451562585123758, 0.011363219942040235, 0.022111441190562835, 0.018872026448186214, 0.021998303093680522]}, "coverage": {"623_fri_c4_1000_10": [0.09499999999999997, 0.020000000000000018, 0.15500000000000003, 0.10999999999999999, 0.13]}, "complexity": {"623_fri_c4_1000_10": [15, 13, 9, 10, 9]}, "time_all": {"623_fri_c4_1000_10": [808.3327729701996, 800.8297116756439, 826.9050669670105, 813.0872805118561, 794.9636294841766]}, "time_fit": {"623_fri_c4_1000_10": [808.3327729701996, 800.8297116756439, 826.9050669670105, 813.0872805118561, 794.9636294841766]}, "sizes": {"623_fri_c4_1000_10": []}, "tau": 0.5}, "LightGBM": {"losses": {"623_fri_c4_1000_10": [0.022163768598109514, 0.022321743578795517, 0.024648503232713854, 0.022326879048800125, 0.02486013406592271]}, "coverage": {"623_fri_c4_1000_10": [0.0050000000000000044, 0.0, 0.010000000000000009, 0.040000000000000036, 0.025000000000000022]}, "time_all": {"623_fri_c4_1000_10": [0.38731980323791504, 0.3840036392211914, 0.3967776298522949, 0.383059024810791, 0.3991117477416992]}, "time_fit": {"623_fri_c4_1000_10": [0.07451629638671875, 0.07006311416625977, 0.07607626914978027, 0.07336568832397461, 0.07660388946533203]}, "sizes": {"623_fri_c4_1000_10": []}, "tau": 0.5}, "DecisionTree": {"losses": {"623_fri_c4_1000_10": [0.026388366962975026, 0.02251342743437262, 0.02379480127704817, 0.024040238833677164, 0.023129924885224643]}, "coverage": {"623_fri_c4_1000_10": [0.025000000000000022, 0.04500000000000004, 0.0050000000000000044, 0.0050000000000000044, 0.03500000000000003]}, "complexity": {"623_fri_c4_1000_10": [337, 315, 321, 141, 321]}, "time_all": {"623_fri_c4_1000_10": [0.19971179962158203, 0.10592460632324219, 0.19898104667663574, 0.17812633514404297, 0.1952214241027832]}, "time_fit": {"623_fri_c4_1000_10": [0.03678154945373535, 0.01875758171081543, 0.03627324104309082, 0.019890308380126953, 0.035155534744262695]}, "sizes": {"623_fri_c4_1000_10": []}, "tau": 0.5}, "LinearQuantile": {"losses": {"623_fri_c4_1000_10": [0.05045824029087107, 0.05289381476188858, 0.05402000680897393, 0.056317747328149606, 0.05255571439233102]}, "coverage": {"623_fri_c4_1000_10": [0.0050000000000000044, 0.0050000000000000044, 0.015000000000000013, 0.020000000000000018, 0.09499999999999997]}, "complexity": {"623_fri_c4_1000_10": [10, 10, 10, 10, 10]}, "time_all": {"623_fri_c4_1000_10": [1.034830093383789, 0.5301780700683594, 0.5053975582122803, 0.17255687713623047, 0.38758373260498047]}, "time_fit": {"623_fri_c4_1000_10": [0.09221673011779785, 0.04791831970214844, 0.04542422294616699, 0.014501571655273438, 0.034544944763183594]}, "sizes": {"623_fri_c4_1000_10": []}, "tau": 0.5}}