{"SQR": {"losses": {"583_fri_c1_1000_50": [0.005100883745880713, 0.012304500050184979, 0.011076660795822016, 0.01452959677807915, 0.008998891356110409]}, "coverage": {"583_fri_c1_1000_50": [0.0050000000000000044, 0.03500000000000003, 0.020000000000000018, 0.025000000000000022, 0.03500000000000003]}, "complexity": {"583_fri_c1_1000_50": [18, 11, 12, 8, 12]}, "tau": 0.9}, "LightGBM": {"losses": {"583_fri_c1_1000_50": [0.02286130815550814, 0.025224347349821822, 0.022567693873531438, 0.02435212910248208, 0.024673003618136468]}, "coverage": {"583_fri_c1_1000_50": [0.010000000000000009, 0.020000000000000018, 0.010000000000000009, 0.0, 0.03500000000000003]}, "tau": 0.9}, "DecisionTree": {"losses": {"583_fri_c1_1000_50": [0.021066673969505036, 0.019356735726463747, 0.019058646275801647, 0.01942567197934573, 0.01845353954563985]}, "coverage": {"583_fri_c1_1000_50": [0.025000000000000022, 0.05500000000000005, 0.06000000000000005, 0.08500000000000008, 0.04500000000000004]}, "complexity": {"583_fri_c1_1000_50": [41, 61, 59, 69, 35]}, "tau": 0.9}, "LinearQuantile": {"losses": {"583_fri_c1_1000_50": [0.08192171056771654, 0.07623183437632457, 0.07983468031730484, 0.08266310905731854, 0.08749362921147905]}, "coverage": {"583_fri_c1_1000_50": [0.48000000000000004, 0.395, 0.465, 0.42500000000000004, 0.405]}, "complexity": {"583_fri_c1_1000_50": [50, 50, 50, 50, 50]}, "tau": 0.9}}