{"SQR": {"losses": {"579_fri_c0_250_5": [0.022174779664720437, 0.036712125446072615, 0.027073308411352272, 0.025433158247154693, 0.030660323748765254]}, "coverage": {"579_fri_c0_250_5": [0.0, 0.040000000000000036, 0.020000000000000018, 0.06000000000000005, 0.03999999999999998]}, "complexity": {"579_fri_c0_250_5": [14, 14, 16, 16, 10]}, "time_all": {"579_fri_c0_250_5": [377.24046325683594, 359.29723858833313, 358.86360812187195, 370.8895833492279, 379.9770505428314]}, "time_fit": {"579_fri_c0_250_5": [377.24046325683594, 359.29723858833313, 358.86360812187195, 370.8895833492279, 379.9770505428314]}, "sizes": {"579_fri_c0_250_5": []}, "tau": 0.5}, "LightGBM": {"losses": {"579_fri_c0_250_5": [0.0451788274821625, 0.059069138609431554, 0.05677315224789623, 0.05730261726788275, 0.04413804272020216]}, "coverage": {"579_fri_c0_250_5": [0.09999999999999998, 0.09999999999999998, 0.0, 0.0, 0.06]}, "time_all": {"579_fri_c0_250_5": [0.12086701393127441, 0.11913228034973145, 0.13422608375549316, 0.1385197639465332, 0.11854243278503418]}, "time_fit": {"579_fri_c0_250_5": [0.027624130249023438, 0.026781558990478516, 0.03254270553588867, 0.02947521209716797, 0.026699066162109375]}, "sizes": {"579_fri_c0_250_5": []}, "tau": 0.5}, "DecisionTree": {"losses": {"579_fri_c0_250_5": [0.05048375140474054, 0.05256815418674936, 0.05923531758707999, 0.06366680707976129, 0.053734867235509076]}, "coverage": {"579_fri_c0_250_5": [0.040000000000000036, 0.0, 0.08000000000000002, 0.020000000000000018, 0.0]}, "complexity": {"579_fri_c0_250_5": [33, 33, 83, 75, 81]}, "time_all": {"579_fri_c0_250_5": [0.026118993759155273, 0.025964021682739258, 0.028951644897460938, 0.05072832107543945, 0.028324127197265625]}, "time_fit": {"579_fri_c0_250_5": [0.0024428367614746094, 0.0024340152740478516, 0.004413127899169922, 0.00751948356628418, 0.004384279251098633]}, "sizes": {"579_fri_c0_250_5": []}, "tau": 0.5}, "LinearQuantile": {"losses": {"579_fri_c0_250_5": [0.05406371336636593, 0.04699897050994009, 0.060836888995028045, 0.04358434041515762, 0.03694848605872369]}, "coverage": {"579_fri_c0_250_5": [0.08000000000000002, 0.03999999999999998, 0.020000000000000018, 0.020000000000000018, 0.09999999999999998]}, "complexity": {"579_fri_c0_250_5": [5, 5, 5, 5, 5]}, "time_all": {"579_fri_c0_250_5": [0.056557655334472656, 0.10512042045593262, 0.0832984447479248, 0.15401363372802734, 0.23656725883483887]}, "time_fit": {"579_fri_c0_250_5": [0.0047948360443115234, 0.009189367294311523, 0.0072536468505859375, 0.012950897216796875, 0.021069765090942383]}, "sizes": {"579_fri_c0_250_5": []}, "tau": 0.5}}