{"SQR": {"losses": {"574_house_16H": [0.025602672404022673, 0.02543086011228241, 0.025445926805185492, 0.026064399230963393, 0.025830675979830253]}, "coverage": {"574_house_16H": [0.0025235900811937384, 0.0016458196181698415, 0.0009874917709019049, 0.00493745885450958, 0.007901668129938533]}, "complexity": {"574_house_16H": [3, 4, 3, 4, 3]}, "time_all": {"574_house_16H": [11630.016372203827, 24692.892514944077, 38932.55161499977, 44430.45148015022, 24200.35179400444]}, "time_fit": {"574_house_16H": [11630.016372203827, 24692.892514944077, 38932.55161499977, 44430.45148015022, 24200.35179400444]}, "sizes": {"574_house_16H": []}, "tau": 0.5}, "LightGBM": {"losses": {"574_house_16H": [0.017951471564064517, 0.017873163950421, 0.0176639521503855, 0.018084998057979747, 0.01822701467302864]}, "coverage": {"574_house_16H": [0.030173359666447186, 0.03543998244459079, 0.04290103138029411, 0.015470704410796565, 0.03336259877085157]}, "time_all": {"574_house_16H": [55.08189606666565, 80.3693380355835, 79.20656490325928, 66.06301212310791, 46.44430899620056]}, "time_fit": {"574_house_16H": [13.724480867385864, 22.529436111450195, 19.957452058792114, 17.51139187812805, 12.306082010269165]}, "sizes": {"574_house_16H": []}, "tau": 0.5}, "DecisionTree": {"losses": {"574_house_16H": [0.01781269775182635, 0.017997369754657024, 0.01745056395777048, 0.01797342290766373, 0.017715954142279597]}, "coverage": {"574_house_16H": [0.03938994952819841, 0.03456221198156684, 0.030173359666447186, 0.01086240947992101, 0.03643546971027212]}, "complexity": {"574_house_16H": [631, 1391, 909, 757, 921]}, "time_all": {"574_house_16H": [3.545498847961426, 3.7506039142608643, 4.039530992507935, 3.5567238330841064, 3.491981029510498]}, "time_fit": {"574_house_16H": [0.2560877799987793, 0.3099398612976074, 0.29920196533203125, 0.27460193634033203, 0.2533071041107178]}, "sizes": {"574_house_16H": []}, "tau": 0.5}, "LinearQuantile": {"losses": {"574_house_16H": [0.022950955276104343, 0.022733645883234826, 0.02280612660208918, 0.02341250718546462, 0.023167401477568825]}, "coverage": {"574_house_16H": [0.0012069343866578652, 0.004279131007241643, 0.001426377002413881, 0.0088874259381172, 0.002414398595258993]}, "complexity": {"574_house_16H": [16, 16, 16, 16, 16]}, "time_all": {"574_house_16H": [37.457035064697266, 29.237294673919678, 29.472096920013428, 33.61883091926575, 27.348170042037964]}, "time_fit": {"574_house_16H": [4.674506187438965, 3.224519729614258, 3.362277030944824, 4.158524751663208, 3.699774980545044]}, "sizes": {"574_house_16H": []}, "tau": 0.5}}