{"SQR": {"losses": {"210_cloud": [0.02927747510139927, 0.01778105888085677, 0.014530210536243595, 0.019654863783462036, 0.03200047211221879]}, "coverage": {"210_cloud": [0.4454545454545455, 0.4909090909090909, 0.4909090909090909, 0.28095238095238095, 0.28095238095238095]}, "complexity": {"210_cloud": [3, 3, 3, 3, 3]}, "tau": 0.5}, "LightGBM": {"losses": {"210_cloud": [0.05201702624768268, 0.026504997488845387, 0.01943775408005445, 0.044820198716353066, 0.04612942748995023]}, "coverage": {"210_cloud": [0.4, 0.3090909090909091, 0.26363636363636367, 0.28095238095238095, 0.28095238095238095]}, "tau": 0.5}, "DecisionTree": {"losses": {"210_cloud": [0.03200757687516284, 0.023984848939333902, 0.017488636827152782, 0.049400794443984826, 0.0545119021501806]}, "coverage": {"210_cloud": [0.4909090909090909, 0.4909090909090909, 0.26363636363636367, 0.3761904761904762, 0.4714285714285715]}, "complexity": {"210_cloud": [35, 13, 17, 37, 33]}, "tau": 0.5}, "LinearQuantile": {"losses": {"210_cloud": [0.03154708840627971, 0.02477060884460788, 0.018738098846251446, 0.024277971549912822, 0.03209143526071866]}, "coverage": {"210_cloud": [0.4454545454545455, 0.5363636363636364, 0.4909090909090909, 0.3285714285714286, 0.28095238095238095]}, "complexity": {"210_cloud": [9, 9, 9, 9, 9]}, "tau": 0.5}}