{"SQR": {"losses": {"712_chscase_geyser1": [0.02419869152826244, 0.020424289363850795, 0.022954037601413544, 0.023279190313277773, 0.024647451040597075]}, "coverage": {"712_chscase_geyser1": [0.011111111111111072, 0.011111111111111072, 0.054545454545454564, 0.036363636363636376, 0.15000000000000002]}, "complexity": {"712_chscase_geyser1": [3, 3, 3, 3, 4]}, "tau": 0.9}, "LightGBM": {"losses": {"712_chscase_geyser1": [0.02368813916834304, 0.019285172748223257, 0.022196024643542134, 0.02606634376791057, 0.024881656226534626]}, "coverage": {"712_chscase_geyser1": [0.011111111111111183, 0.033333333333333326, 0.07727272727272727, 0.036363636363636376, 0.24090909090909096]}, "tau": 0.9}, "DecisionTree": {"losses": {"712_chscase_geyser1": [0.022675052410901463, 0.0209769392033543, 0.02074185248713551, 0.02306603773584905, 0.021826758147512858]}, "coverage": {"712_chscase_geyser1": [0.011111111111111072, 0.033333333333333326, 0.013636363636363669, 0.08181818181818179, 0.05909090909090908]}, "complexity": {"712_chscase_geyser1": [11, 7, 69, 31, 5]}, "tau": 0.9}, "LinearQuantile": {"losses": {"712_chscase_geyser1": [0.04818203114873775, 0.06661998400610239, 0.051250439709849153, 0.06080148645086241, 0.06951551139708424]}, "coverage": {"712_chscase_geyser1": [0.033333333333333326, 0.25555555555555554, 0.013636363636363669, 0.10454545454545461, 0.12727272727272732]}, "complexity": {"712_chscase_geyser1": [2, 2, 2, 2, 2]}, "tau": 0.9}}