{"SQR": {"losses": {"598_fri_c0_1000_25": [0.010364731732351952, 0.010412371150602742, 0.01119226187234909, 0.01417909192508179, 0.012208014707888007]}, "coverage": {"598_fri_c0_1000_25": [0.015000000000000013, 0.015000000000000013, 0.0050000000000000044, 0.015000000000000013, 0.010000000000000009]}, "complexity": {"598_fri_c0_1000_25": [10, 10, 8, 9, 9]}, "tau": 0.9}, "LightGBM": {"losses": {"598_fri_c0_1000_25": [0.02103840019841297, 0.02279883886029122, 0.022640621356838957, 0.022253458528527583, 0.023422787729221822]}, "coverage": {"598_fri_c0_1000_25": [0.030000000000000027, 0.0050000000000000044, 0.010000000000000009, 0.0050000000000000044, 0.010000000000000009]}, "tau": 0.9}, "DecisionTree": {"losses": {"598_fri_c0_1000_25": [0.021896339037798907, 0.020214798163058333, 0.021331504076779223, 0.023352186728876546, 0.02289708044945666]}, "coverage": {"598_fri_c0_1000_25": [0.040000000000000036, 0.050000000000000044, 0.08000000000000007, 0.0, 0.040000000000000036]}, "complexity": {"598_fri_c0_1000_25": [59, 63, 59, 25, 23]}, "tau": 0.9}, "LinearQuantile": {"losses": {"598_fri_c0_1000_25": [0.050789033381226804, 0.04658150369312842, 0.04386784067438862, 0.041027187937581366, 0.048188358355967464]}, "coverage": {"598_fri_c0_1000_25": [0.495, 0.385, 0.43000000000000005, 0.435, 0.4]}, "complexity": {"598_fri_c0_1000_25": [25, 25, 25, 25, 25]}, "tau": 0.9}}