{"SQR": {"losses": {"663_rabe_266": [0.00994741075611855, 0.012483008568844371, 0.00552461804239709, 0.01403642090543744, 0.006165814863008499]}, "coverage": {"663_rabe_266": [0.48333333333333334, 0.31666666666666665, 0.3583333333333334, 0.4416666666666667, 0.2333333333333334]}, "complexity": {"663_rabe_266": [13, 19, 16, 13, 13]}, "tau": 0.5}, "LightGBM": {"losses": {"663_rabe_266": [0.05474215001931531, 0.0630934747712932, 0.06818081515424859, 0.02089826858085993, 0.045928328250030105]}, "coverage": {"663_rabe_266": [0.4, 0.525, 0.525, 0.19166666666666665, 0.4]}, "tau": 0.5}, "DecisionTree": {"losses": {"663_rabe_266": [0.06254317789291883, 0.05567789291882557, 0.06446459412780657, 0.025841968911917097, 0.03996113989637305]}, "coverage": {"663_rabe_266": [0.4416666666666667, 0.48333333333333334, 0.6083333333333334, 0.275, 0.275]}, "complexity": {"663_rabe_266": [23, 23, 11, 23, 13]}, "tau": 0.5}, "LinearQuantile": {"losses": {"663_rabe_266": [0.015069972209983058, 0.012593089300697014, 0.011860794101880956, 0.006811418099607698, 0.012287688542298243]}, "coverage": {"663_rabe_266": [0.3583333333333334, 0.3583333333333334, 0.48333333333333334, 0.4416666666666667, 0.31666666666666665]}, "complexity": {"663_rabe_266": [11, 11, 11, 11, 11]}, "tau": 0.5}}