{"SQR": {"losses": {"659_sleuth_ex1714": [0.03936513604343083, 0.048291070608406185, 0.017557502665405962, 0.01745131427379231, 0.020297449157094905]}, "coverage": {"659_sleuth_ex1714": [0.6000000000000001, 0.4, 0.2333333333333334, 0.2333333333333334, 0.5666666666666667]}, "complexity": {"659_sleuth_ex1714": [9, 7, 8, 7, 9]}, "tau": 0.5}, "LightGBM": {"losses": {"659_sleuth_ex1714": [0.062280304459961, 0.10924199534503366, 0.06300070593333473, 0.028515513059766687, 0.05512570505965486]}, "coverage": {"659_sleuth_ex1714": [0.4, 0.6000000000000001, 0.5666666666666667, 0.011111111111111183, 0.4555555555555556]}, "tau": 0.5}, "DecisionTree": {"losses": {"659_sleuth_ex1714": [0.04320532175882242, 0.062093791281373836, 0.034975502016453136, 0.009058312889224382, 0.028885254380630866]}, "coverage": {"659_sleuth_ex1714": [0.7, 0.20000000000000007, 0.4555555555555556, 0.011111111111111183, 0.34444444444444444]}, "complexity": {"659_sleuth_ex1714": [15, 7, 7, 15, 5]}, "tau": 0.5}, "LinearQuantile": {"losses": {"659_sleuth_ex1714": [0.04557562732633354, 0.0419812654136735, 0.04365911502155261, 0.03015268717307158, 0.04934795800438294]}, "coverage": {"659_sleuth_ex1714": [0.6000000000000001, 0.4, 0.2333333333333334, 0.34444444444444444, 0.6777777777777778]}, "complexity": {"659_sleuth_ex1714": [7, 7, 7, 7, 7]}, "tau": 0.5}}