{"SQR": {"losses": {"637_fri_c1_500_50": [0.004986128215464997, 0.00460080522707333, 0.009113536571540529, 0.010971367620797146, 0.01122238869911567]}, "coverage": {"637_fri_c1_500_50": [0.0, 0.039999999999999925, 0.0, 0.08999999999999997, 0.050000000000000044]}, "complexity": {"637_fri_c1_500_50": [15, 13, 13, 10, 10]}, "time_all": {"637_fri_c1_500_50": [587.4789350032806, 558.9001863002777, 573.3737180233002, 582.9189648628235, 578.8917014598846]}, "time_fit": {"637_fri_c1_500_50": [587.4789350032806, 558.9001863002777, 573.3737180233002, 582.9189648628235, 578.8917014598846]}, "sizes": {"637_fri_c1_500_50": []}, "tau": 0.9}, "LightGBM": {"losses": {"637_fri_c1_500_50": [0.02444777172868344, 0.023762663222317168, 0.023478469145615348, 0.026075518176642647, 0.02171400449768062]}, "coverage": {"637_fri_c1_500_50": [0.010000000000000009, 0.020000000000000018, 0.10999999999999999, 0.06000000000000005, 0.010000000000000009]}, "time_all": {"637_fri_c1_500_50": [0.2876131534576416, 0.2202928066253662, 0.2272958755493164, 0.22899246215820312, 0.21853256225585938]}, "time_fit": {"637_fri_c1_500_50": [0.056696414947509766, 0.046271562576293945, 0.05189871788024902, 0.051156044006347656, 0.0485835075378418]}, "sizes": {"637_fri_c1_500_50": []}, "tau": 0.9}, "DecisionTree": {"losses": {"637_fri_c1_500_50": [0.022825941444305196, 0.02231228724836007, 0.01779015866282847, 0.02018715375321133, 0.018776348968557302]}, "coverage": {"637_fri_c1_500_50": [0.06000000000000005, 0.13, 0.010000000000000009, 0.050000000000000044, 0.010000000000000009]}, "complexity": {"637_fri_c1_500_50": [31, 35, 31, 19, 17]}, "time_all": {"637_fri_c1_500_50": [0.19856500625610352, 0.10979819297790527, 0.1994166374206543, 0.10332155227661133, 0.10112762451171875]}, "time_fit": {"637_fri_c1_500_50": [0.016843080520629883, 0.009347915649414062, 0.016481876373291016, 0.007061958312988281, 0.006700277328491211]}, "sizes": {"637_fri_c1_500_50": []}, "tau": 0.9}, "LinearQuantile": {"losses": {"637_fri_c1_500_50": [0.06694930670934678, 0.0838097037667098, 0.09375095233747267, 0.11262871443267258, 0.08029173337099033]}, "coverage": {"637_fri_c1_500_50": [0.42000000000000004, 0.44, 0.45, 0.5, 0.42000000000000004]}, "complexity": {"637_fri_c1_500_50": [50, 50, 50, 50, 50]}, "time_all": {"637_fri_c1_500_50": [21.165180206298828, 196.31540989875793, 7.682727575302124, 7.515052556991577, 40.401392459869385]}, "time_fit": {"637_fri_c1_500_50": [1.8343815803527832, 1.698272466659546, 0.6646595001220703, 0.6319417953491211, 0.683953046798706]}, "sizes": {"637_fri_c1_500_50": []}, "tau": 0.9}}