{"SQR": {"losses": {"616_fri_c4_500_50": [0.008737936514770159, 0.009916839375242814, 0.006074707828595685, 0.006765831549855276, 0.010522019923570256]}, "coverage": {"616_fri_c4_500_50": [0.06000000000000005, 0.010000000000000009, 0.0, 0.010000000000000009, 0.04999999999999993]}, "complexity": {"616_fri_c4_500_50": [14, 10, 13, 14, 11]}, "time_all": {"616_fri_c4_500_50": [539.9509449005127, 551.5834484100342, 548.5510632991791, 560.6104440689087, 556.4544034004211]}, "time_fit": {"616_fri_c4_500_50": [539.9509449005127, 551.5834484100342, 548.5510632991791, 560.6104440689087, 556.4544034004211]}, "sizes": {"616_fri_c4_500_50": []}, "tau": 0.9}, "LightGBM": {"losses": {"616_fri_c4_500_50": [0.019620682425559196, 0.023957337457769554, 0.01794582108039293, 0.02208378883836296, 0.018959842238151947]}, "coverage": {"616_fri_c4_500_50": [0.020000000000000018, 0.050000000000000044, 0.010000000000000009, 0.040000000000000036, 0.010000000000000009]}, "time_all": {"616_fri_c4_500_50": [0.2491164207458496, 0.182373046875, 0.20265841484069824, 0.23604965209960938, 0.19912266731262207]}, "time_fit": {"616_fri_c4_500_50": [0.043386220932006836, 0.041878700256347656, 0.04055929183959961, 0.05042386054992676, 0.04228472709655762]}, "sizes": {"616_fri_c4_500_50": []}, "tau": 0.9}, "DecisionTree": {"losses": {"616_fri_c4_500_50": [0.020969561210035563, 0.018525799838249344, 0.017416724000059215, 0.014222604823837423, 0.01675369795588411]}, "coverage": {"616_fri_c4_500_50": [0.12, 0.030000000000000027, 0.08999999999999997, 0.020000000000000018, 0.12]}, "complexity": {"616_fri_c4_500_50": [29, 23, 31, 31, 71]}, "time_all": {"616_fri_c4_500_50": [0.21945452690124512, 0.10511922836303711, 0.1105811595916748, 0.2026500701904297, 0.22075176239013672]}, "time_fit": {"616_fri_c4_500_50": [0.01934075355529785, 0.007787227630615234, 0.009140253067016602, 0.017039060592651367, 0.025612354278564453]}, "sizes": {"616_fri_c4_500_50": []}, "tau": 0.9}, "LinearQuantile": {"losses": {"616_fri_c4_500_50": [0.08662760500825788, 0.07303975382483444, 0.08468427057566967, 0.07578348837218545, 0.07059721952986793]}, "coverage": {"616_fri_c4_500_50": [0.46, 0.44, 0.46, 0.44, 0.4]}, "complexity": {"616_fri_c4_500_50": [50, 50, 50, 50, 50]}, "time_all": {"616_fri_c4_500_50": [10.51836347579956, 114.26899099349976, 47.91805863380432, 24.920504570007324, 57.77851986885071]}, "time_fit": {"616_fri_c4_500_50": [0.9009058475494385, 0.835198163986206, 0.339801549911499, 2.2289392948150635, 0.34819531440734863]}, "sizes": {"616_fri_c4_500_50": []}, "tau": 0.9}}