{"SQR": {"losses": {"607_fri_c4_1000_50": [0.005338139329909273, 0.006778371823052773, 0.007825391320953555, 0.004806918190380107, 0.009208763608536216]}, "coverage": {"607_fri_c4_1000_50": [0.03500000000000003, 0.06499999999999995, 0.0, 0.03500000000000003, 0.015000000000000013]}, "complexity": {"607_fri_c4_1000_50": [14, 14, 11, 16, 12]}, "tau": 0.9}, "LightGBM": {"losses": {"607_fri_c4_1000_50": [0.012640556345580773, 0.016334030766541847, 0.013643703040670935, 0.01360224756723629, 0.01645308698566694]}, "coverage": {"607_fri_c4_1000_50": [0.015000000000000013, 0.025000000000000022, 0.0050000000000000044, 0.030000000000000027, 0.025000000000000022]}, "tau": 0.9}, "DecisionTree": {"losses": {"607_fri_c4_1000_50": [0.013430338590151051, 0.013567944824074465, 0.014100298224044018, 0.011432749691536495, 0.013499976851743698]}, "coverage": {"607_fri_c4_1000_50": [0.08500000000000008, 0.07000000000000006, 0.14500000000000002, 0.015000000000000013, 0.08000000000000007]}, "complexity": {"607_fri_c4_1000_50": [65, 61, 137, 33, 61]}, "tau": 0.9}, "LinearQuantile": {"losses": {"607_fri_c4_1000_50": [0.05762861036067733, 0.0617795809394848, 0.05994850268018668, 0.05471161560079202, 0.056570083065946096]}, "coverage": {"607_fri_c4_1000_50": [0.435, 0.41000000000000003, 0.42500000000000004, 0.42500000000000004, 0.385]}, "complexity": {"607_fri_c4_1000_50": [50, 50, 50, 50, 50]}, "tau": 0.9}}