{"SQR": {"losses": {"607_fri_c4_1000_50": [0.010294822623076528, 0.017355423432838527, 0.011884402326647734, 0.009299827004834524, 0.01022098846847506]}, "coverage": {"607_fri_c4_1000_50": [0.015000000000000013, 0.13, 0.025000000000000022, 0.010000000000000009, 0.07500000000000001]}, "complexity": {"607_fri_c4_1000_50": [17, 12, 14, 16, 14]}, "time_all": {"607_fri_c4_1000_50": [832.381513595581, 831.1568455696106, 832.4872484207153, 831.082010269165, 850.4098575115204]}, "time_fit": {"607_fri_c4_1000_50": [832.381513595581, 831.1568455696106, 832.4872484207153, 831.082010269165, 850.4098575115204]}, "sizes": {"607_fri_c4_1000_50": []}, "tau": 0.5}, "LightGBM": {"losses": {"607_fri_c4_1000_50": [0.020654876150749686, 0.024956245770748134, 0.022189880782234297, 0.021383294473401895, 0.026065896308964304]}, "coverage": {"607_fri_c4_1000_50": [0.06, 0.025000000000000022, 0.025000000000000022, 0.010000000000000009, 0.015000000000000013]}, "time_all": {"607_fri_c4_1000_50": [0.4067392349243164, 0.4010133743286133, 0.4421200752258301, 0.453737735748291, 0.446044921875]}, "time_fit": {"607_fri_c4_1000_50": [0.07308268547058105, 0.07188248634338379, 0.08286881446838379, 0.08125567436218262, 0.07946085929870605]}, "sizes": {"607_fri_c4_1000_50": []}, "tau": 0.5}, "DecisionTree": {"losses": {"607_fri_c4_1000_50": [0.026865162282091223, 0.026569647723071146, 0.025002653787764426, 0.022637165953747533, 0.024857490746521663]}, "coverage": {"607_fri_c4_1000_50": [0.010000000000000009, 0.0050000000000000044, 0.0, 0.015000000000000013, 0.044999999999999984]}, "complexity": {"607_fri_c4_1000_50": [325, 141, 137, 139, 319]}, "time_all": {"607_fri_c4_1000_50": [0.2846262454986572, 0.2529911994934082, 0.4998009204864502, 0.4925656318664551, 0.5047140121459961]}, "time_fit": {"607_fri_c4_1000_50": [0.04196619987487793, 0.028614044189453125, 0.0562436580657959, 0.05475735664367676, 0.07454276084899902]}, "sizes": {"607_fri_c4_1000_50": []}, "tau": 0.5}, "LinearQuantile": {"losses": {"607_fri_c4_1000_50": [0.04990024425852886, 0.05573398920596728, 0.055131853406804966, 0.05106509893691359, 0.05692772781670376]}, "coverage": {"607_fri_c4_1000_50": [0.06, 0.010000000000000009, 0.030000000000000027, 0.010000000000000009, 0.030000000000000027]}, "complexity": {"607_fri_c4_1000_50": [50, 50, 50, 50, 50]}, "time_all": {"607_fri_c4_1000_50": [9.827134847640991, 14.876536846160889, 9.339519023895264, 8.865628719329834, 42.341126918792725]}, "time_fit": {"607_fri_c4_1000_50": [0.8791625499725342, 1.3045480251312256, 0.8104591369628906, 0.467132568359375, 4.18023157119751]}, "sizes": {"607_fri_c4_1000_50": []}, "tau": 0.5}}