{"SQR": {"losses": {"626_fri_c2_500_50": [0.0188490443770245, 0.0233804076310512, 0.031092218228537825, 0.02219021809730665, 0.024880726666679433]}, "coverage": {"626_fri_c2_500_50": [0.020000000000000018, 0.040000000000000036, 0.0, 0.050000000000000044, 0.15000000000000002]}, "complexity": {"626_fri_c2_500_50": [13, 13, 11, 12, 13]}, "time_all": {"626_fri_c2_500_50": [583.4380769729614, 596.3259451389313, 538.9329493045807, 574.0964329242706, 561.0383405685425]}, "time_fit": {"626_fri_c2_500_50": [583.4380769729614, 596.3259451389313, 538.9329493045807, 574.0964329242706, 561.0383405685425]}, "sizes": {"626_fri_c2_500_50": []}, "tau": 0.5}, "LightGBM": {"losses": {"626_fri_c2_500_50": [0.03856035519172332, 0.036543366367763744, 0.03566793668634204, 0.04183100275031668, 0.043711070219831824]}, "coverage": {"626_fri_c2_500_50": [0.020000000000000018, 0.050000000000000044, 0.08999999999999997, 0.040000000000000036, 0.06]}, "time_all": {"626_fri_c2_500_50": [0.2929115295410156, 0.2925236225128174, 0.2315053939819336, 0.26581788063049316, 0.2759084701538086]}, "time_fit": {"626_fri_c2_500_50": [0.060689687728881836, 0.0607752799987793, 0.05092453956604004, 0.053249359130859375, 0.06012392044067383]}, "sizes": {"626_fri_c2_500_50": []}, "tau": 0.5}, "DecisionTree": {"losses": {"626_fri_c2_500_50": [0.04299146622222533, 0.043089465065962465, 0.03970840272442919, 0.04317549842499382, 0.047291748361895286]}, "coverage": {"626_fri_c2_500_50": [0.040000000000000036, 0.08000000000000002, 0.030000000000000027, 0.09999999999999998, 0.04999999999999999]}, "complexity": {"626_fri_c2_500_50": [29, 161, 71, 73, 15]}, "time_all": {"626_fri_c2_500_50": [0.21120953559875488, 0.23868584632873535, 0.11050534248352051, 0.11144208908081055, 0.20123600959777832]}, "time_fit": {"626_fri_c2_500_50": [0.017777442932128906, 0.03636646270751953, 0.012485265731811523, 0.012934207916259766, 0.013157367706298828]}, "sizes": {"626_fri_c2_500_50": []}, "tau": 0.5}, "LinearQuantile": {"losses": {"626_fri_c2_500_50": [0.08899107728418565, 0.09044264486696203, 0.07820956215875531, 0.0789019100507128, 0.08485985327493507]}, "coverage": {"626_fri_c2_500_50": [0.020000000000000018, 0.030000000000000027, 0.03999999999999998, 0.020000000000000018, 0.04999999999999999]}, "complexity": {"626_fri_c2_500_50": [50, 50, 50, 50, 50]}, "time_all": {"626_fri_c2_500_50": [10.054931879043579, 4.906992197036743, 87.36935520172119, 15.805739164352417, 6.554257392883301]}, "time_fit": {"626_fri_c2_500_50": [0.40206265449523926, 0.38402366638183594, 2.095540761947632, 1.3582184314727783, 0.5436582565307617]}, "sizes": {"626_fri_c2_500_50": []}, "tau": 0.5}}