{"SQR": {"losses": {"656_fri_c1_100_5": [0.02706488313705019, 0.03383696630678912, 0.03349938313091126, 0.023771756432251396, 0.033233485804670754]}, "coverage": {"656_fri_c1_100_5": [0.15000000000000002, 0.25, 0.2, 0.0, 0.0]}, "complexity": {"656_fri_c1_100_5": [13, 11, 10, 10, 13]}, "time_all": {"656_fri_c1_100_5": [313.6578760147095, 316.0612931251526, 332.4854328632355, 310.63982462882996, 310.14185070991516]}, "time_fit": {"656_fri_c1_100_5": [313.6578760147095, 316.0612931251526, 332.4854328632355, 310.63982462882996, 310.14185070991516]}, "sizes": {"656_fri_c1_100_5": []}, "tau": 0.5}, "LightGBM": {"losses": {"656_fri_c1_100_5": [0.05194924603198065, 0.06932789361797288, 0.06593508160205527, 0.07107106880855046, 0.07178405806508875]}, "coverage": {"656_fri_c1_100_5": [0.19999999999999996, 0.15000000000000002, 0.25, 0.15000000000000002, 0.09999999999999998]}, "time_all": {"656_fri_c1_100_5": [0.07328653335571289, 0.06390023231506348, 0.06497454643249512, 0.05596613883972168, 0.07097578048706055]}, "time_fit": {"656_fri_c1_100_5": [0.01622772216796875, 0.014142513275146484, 0.016396760940551758, 0.014177560806274414, 0.015714168548583984]}, "sizes": {"656_fri_c1_100_5": []}, "tau": 0.5}, "DecisionTree": {"losses": {"656_fri_c1_100_5": [0.047593381080911434, 0.05138345690861137, 0.06795053202877441, 0.06208784926040439, 0.05233255566185132]}, "coverage": {"656_fri_c1_100_5": [0.15000000000000002, 0.0, 0.050000000000000044, 0.19999999999999996, 0.15000000000000002]}, "complexity": {"656_fri_c1_100_5": [29, 31, 3, 31, 31]}, "time_all": {"656_fri_c1_100_5": [0.01840686798095703, 0.018386125564575195, 0.017511844635009766, 0.01819157600402832, 0.018720149993896484]}, "time_fit": {"656_fri_c1_100_5": [0.001982450485229492, 0.0020873546600341797, 0.0009291172027587891, 0.002042531967163086, 0.002069234848022461]}, "sizes": {"656_fri_c1_100_5": []}, "tau": 0.5}, "LinearQuantile": {"losses": {"656_fri_c1_100_5": [0.08301444263242481, 0.08132864318892341, 0.08480413345137093, 0.09584520283745539, 0.08120508008319204]}, "coverage": {"656_fri_c1_100_5": [0.050000000000000044, 0.0, 0.35, 0.04999999999999999, 0.04999999999999999]}, "complexity": {"656_fri_c1_100_5": [5, 5, 5, 5, 5]}, "time_all": {"656_fri_c1_100_5": [0.05715203285217285, 0.4074084758758545, 0.1034543514251709, 0.3232581615447998, 1.0115935802459717]}, "time_fit": {"656_fri_c1_100_5": [0.004957675933837891, 0.0367128849029541, 0.0091705322265625, 0.029000043869018555, 0.09145855903625488]}, "sizes": {"656_fri_c1_100_5": []}, "tau": 0.5}}