{"SQR": {"losses": {"228_elusage": [0.021950247591143897, 0.013466361590710765, 0.01730883771944321, 0.030261552617365906, 0.020570390419297507]}, "coverage": {"228_elusage": [0.09999999999999998, 0.009090909090909038, 0.009090909090909038, 0.17272727272727273, 0.08181818181818179]}, "complexity": {"228_elusage": [5, 6, 5, 10, 6]}, "time_all": {"228_elusage": [289.6437051296234, 275.1051380634308, 278.5181965827942, 278.0927481651306, 279.47074699401855]}, "time_fit": {"228_elusage": [289.6437051296234, 275.1051380634308, 278.5181965827942, 278.0927481651306, 279.47074699401855]}, "sizes": {"228_elusage": []}, "tau": 0.9}, "LightGBM": {"losses": {"228_elusage": [0.035848686983542384, 0.045548375140152364, 0.0638121563848852, 0.03196960246153261, 0.040622284175758853]}, "coverage": {"228_elusage": [0.09999999999999998, 0.08181818181818179, 0.08181818181818179, 0.09999999999999998, 0.009090909090909038]}, "time_all": {"228_elusage": [0.11258530616760254, 0.042138099670410156, 0.030989646911621094, 0.03507518768310547, 0.04001927375793457]}, "time_fit": {"228_elusage": [0.011762142181396484, 0.009624242782592773, 0.002987384796142578, 0.009802103042602539, 0.011493682861328125]}, "sizes": {"228_elusage": []}, "tau": 0.9}, "DecisionTree": {"losses": {"228_elusage": [0.01987274281533015, 0.027798994143323378, 0.024127105863302026, 0.02495496819187032, 0.0165832950540441]}, "coverage": {"228_elusage": [0.009090909090909038, 0.009090909090909038, 0.08181818181818179, 0.17272727272727273, 0.009090909090909038]}, "complexity": {"228_elusage": [17, 7, 3, 17, 7]}, "time_all": {"228_elusage": [0.029622793197631836, 0.015239953994750977, 0.015813112258911133, 0.015456676483154297, 0.015651464462280273]}, "time_fit": {"228_elusage": [0.002897977828979492, 0.0010521411895751953, 0.0008959770202636719, 0.0014104843139648438, 0.0010516643524169922]}, "sizes": {"228_elusage": []}, "tau": 0.9}, "LinearQuantile": {"losses": {"228_elusage": [0.05298144382669159, 0.13070516429687246, 0.1343569623183215, 0.10288558304178659, 0.11852600371067969]}, "coverage": {"228_elusage": [0.009090909090909038, 0.08181818181818179, 0.17272727272727273, 0.009090909090909038, 0.17272727272727273]}, "complexity": {"228_elusage": [2, 2, 2, 2, 2]}, "time_all": {"228_elusage": [0.08784699440002441, 0.203416109085083, 0.12954139709472656, 0.18286752700805664, 0.031271934509277344]}, "time_fit": {"228_elusage": [0.006983041763305664, 0.01804518699645996, 0.011488914489746094, 0.016273975372314453, 0.002550840377807617]}, "sizes": {"228_elusage": []}, "tau": 0.9}}