{"SQR": {"losses": {"344_mv": [0.0005569263142440675, 0.0004551170708028141, 0.00034418445082192177, 0.00047675444222279123, 0.0007605022386633874]}, "coverage": {"344_mv": [0.09663968604365958, 0.09480009811135637, 0.02759381898454749, 0.09303323929841778, 0.21286642953514046]}, "complexity": {"344_mv": [11, 13, 11, 11, 12]}, "time_all": {"344_mv": [53079.255589962006, 80688.16883826256, 58973.66948103905, 27765.18523812294, 49744.84711408615]}, "time_fit": {"344_mv": [53079.255589962006, 80688.16883826256, 58973.66948103905, 27765.18523812294, 49744.84711408615]}, "sizes": {"344_mv": []}, "tau": 0.5}, "LightGBM": {"losses": {"344_mv": [0.013986581553780943, 0.014125755923593322, 0.013533664261525444, 0.01390536362933096, 0.014728250428330517]}, "coverage": {"344_mv": [0.053470689232278656, 0.058376257051753755, 0.05751778268334562, 0.058567398503618306, 0.05280264933153439]}, "time_all": {"344_mv": [34.19823932647705, 23.46444320678711, 13.602622985839844, 17.17374897003174, 9.615984201431274]}, "time_fit": {"344_mv": [4.412214040756226, 2.7636871337890625, 1.270298719406128, 1.719566822052002, 0.9474811553955078]}, "sizes": {"344_mv": []}, "tau": 0.5}, "DecisionTree": {"losses": {"344_mv": [0.0009897259489131125, 0.00097896905748812, 0.00097598064282136, 0.001000537897392513, 0.0010083320290363554]}, "coverage": {"344_mv": [0.011405445180279639, 0.01116016678930587, 0.0053961246014225805, 0.01343063902857844, 0.011958788176131496]}, "complexity": {"344_mv": [12751, 12777, 12751, 12789, 12753]}, "time_all": {"344_mv": [3.8364858627319336, 3.8742270469665527, 3.344959020614624, 3.21393084526062, 3.1054890155792236]}, "time_fit": {"344_mv": [0.6447339057922363, 0.5480861663818359, 0.5301797389984131, 0.473160982131958, 0.48198485374450684]}, "sizes": {"344_mv": []}, "tau": 0.5}, "LinearQuantile": {"losses": {"344_mv": [0.029534728806829003, 0.03003369330169297, 0.030073680969978228, 0.029121286971313564, 0.030330962994996404]}, "coverage": {"344_mv": [0.008094186902133926, 0.006990434142752022, 0.0031886190826587724, 0.005335459340120252, 0.0071752729056788755]}, "complexity": {"344_mv": [14, 14, 14, 14, 14]}, "time_all": {"344_mv": [3.2992050647735596, 3.8005452156066895, 4.2245330810546875, 3.553905725479126, 2.90958571434021]}, "time_fit": {"344_mv": [0.3169562816619873, 0.3106651306152344, 0.34169888496398926, 0.35397982597351074, 0.23949694633483887]}, "sizes": {"344_mv": []}, "tau": 0.5}}