{"SQR": {"losses": {"294_satellite_image": [0.04224607019217819, 0.041627372898316486, 0.03224339306174506, 0.03720689192885134, 0.043373437549210046]}, "coverage": {"294_satellite_image": [0.017637917637917666, 0.012665112665112721, 0.01421911421911426, 0.010644910644910577, 0.0036519036519035986]}, "complexity": {"294_satellite_image": [3, 3, 8, 5, 3]}, "time_all": {"294_satellite_image": [4198.908788204193, 3144.3279581069946, 2892.530599832535, 5061.940603494644, 4784.407533168793]}, "time_fit": {"294_satellite_image": [4198.908788204193, 3144.3279581069946, 2892.530599832535, 5061.940603494644, 4784.407533168793]}, "sizes": {"294_satellite_image": []}, "tau": 0.9}, "LightGBM": {"losses": {"294_satellite_image": [0.027012705258054392, 0.04457812041106818, 0.046580994079767284, 0.038523299363419486, 0.04011111412951132]}, "coverage": {"294_satellite_image": [0.004895104895104918, 0.08756798756798756, 0.07824397824397822, 0.07280497280497278, 0.06814296814296816]}, "time_all": {"294_satellite_image": [0.8690154552459717, 0.3145890235900879, 0.33165884017944336, 0.6273610591888428, 0.4241316318511963]}, "time_fit": {"294_satellite_image": [0.12972378730773926, 0.11081838607788086, 0.0751338005065918, 0.1600484848022461, 0.16819977760314941]}, "sizes": {"294_satellite_image": []}, "tau": 0.9}, "DecisionTree": {"losses": {"294_satellite_image": [0.018578088578088577, 0.015360010360010357, 0.017280497280497277, 0.013899248899248899, 0.018829318829318827]}, "coverage": {"294_satellite_image": [0.0696969696969697, 0.07902097902097904, 0.06425796425796426, 0.08057498057498058, 0.06270396270396272]}, "complexity": {"294_satellite_image": [219, 133, 223, 225, 373]}, "time_all": {"294_satellite_image": [1.243697166442871, 1.2845923900604248, 1.365569829940796, 0.7246043682098389, 1.3417434692382812]}, "time_fit": {"294_satellite_image": [0.08693695068359375, 0.09287834167480469, 0.12116646766662598, 0.06484103202819824, 0.1470329761505127]}, "sizes": {"294_satellite_image": []}, "tau": 0.9}, "LinearQuantile": {"losses": {"294_satellite_image": [0.04026033759302699, 0.04087924409555687, 0.04127038719624953, 0.04077263115905281, 0.03917070655910638]}, "coverage": {"294_satellite_image": [0.00878010878010882, 0.011888111888111896, 0.006759906759906786, 0.025874125874125853, 0.017327117327117336]}, "complexity": {"294_satellite_image": [36, 36, 36, 36, 36]}, "time_all": {"294_satellite_image": [16.62750267982483, 4.080211162567139, 6.87958836555481, 3.5918021202087402, 5.397478818893433]}, "time_fit": {"294_satellite_image": [1.7697858810424805, 0.3062129020690918, 0.5474252700805664, 0.28726696968078613, 0.3731207847595215]}, "sizes": {"294_satellite_image": []}, "tau": 0.9}}