{"SQR": {"losses": {"604_fri_c4_500_10": [0.0185883445722027, 0.016018220204593293, 0.02202249222295737, 0.011447682801789155, 0.0200002266278509]}, "coverage": {"604_fri_c4_500_10": [0.32000000000000006, 0.44, 0.35, 0.42000000000000004, 0.33999999999999997]}, "complexity": {"604_fri_c4_500_10": [14, 12, 9, 18, 12]}, "tau": 0.5}, "LightGBM": {"losses": {"604_fri_c4_500_10": [0.02638692049254736, 0.03620261458848946, 0.02599494512434741, 0.034032212625318796, 0.02661956701724166]}, "coverage": {"604_fri_c4_500_10": [0.37, 0.43000000000000005, 0.36, 0.53, 0.45]}, "tau": 0.5}, "DecisionTree": {"losses": {"604_fri_c4_500_10": [0.03059497397152747, 0.0325171526338654, 0.03394706859181977, 0.03793311717469351, 0.02522280005761882]}, "coverage": {"604_fri_c4_500_10": [0.43000000000000005, 0.39, 0.39, 0.49000000000000005, 0.36]}, "complexity": {"604_fri_c4_500_10": [161, 69, 159, 157, 67]}, "tau": 0.5}, "LinearQuantile": {"losses": {"604_fri_c4_500_10": [0.06304432492824855, 0.060419365624027534, 0.05516275013248029, 0.06821338495291898, 0.06424879822021047]}, "coverage": {"604_fri_c4_500_10": [0.42000000000000004, 0.42000000000000004, 0.39, 0.56, 0.49000000000000005]}, "complexity": {"604_fri_c4_500_10": [10, 10, 10, 10, 10]}, "tau": 0.5}}