{"SQR": {"losses": {"522_pm10": [0.03023693617736824, 0.0297768046018396, 0.028209491747828285, 0.030193177938064447, 0.027147659163221132]}, "coverage": {"522_pm10": [0.050000000000000044, 0.010000000000000009, 0.030000000000000027, 0.020000000000000018, 0.020000000000000018]}, "complexity": {"522_pm10": [6, 5, 8, 5, 7]}, "tau": 0.9}, "LightGBM": {"losses": {"522_pm10": [0.027380217545612002, 0.0258021943581231, 0.028049791275078312, 0.0296546309541532, 0.027933312418681237]}, "coverage": {"522_pm10": [0.010000000000000009, 0.010000000000000009, 0.050000000000000044, 0.010000000000000009, 0.020000000000000018]}, "tau": 0.9}, "DecisionTree": {"losses": {"522_pm10": [0.029763170632610414, 0.02659543365235596, 0.02974872180431868, 0.02864288651335237, 0.02796658348441039]}, "coverage": {"522_pm10": [0.020000000000000018, 0.020000000000000018, 0.08999999999999997, 0.030000000000000027, 0.07000000000000006]}, "complexity": {"522_pm10": [11, 19, 17, 13, 31]}, "tau": 0.9}, "LinearQuantile": {"losses": {"522_pm10": [0.032507116124704374, 0.03401614801908336, 0.03320334021706717, 0.03384840081794292, 0.03472949639984479]}, "coverage": {"522_pm10": [0.06000000000000005, 0.010000000000000009, 0.020000000000000018, 0.010000000000000009, 0.0]}, "complexity": {"522_pm10": [7, 7, 7, 7, 7]}, "tau": 0.9}}