{"SQR": {"losses": {"522_pm10": [0.07400355532439451, 0.06265109543782155, 0.06082737998845783, 0.07149095645697176, 0.06326920926212917]}, "coverage": {"522_pm10": [0.04999999999999999, 0.06999999999999995, 0.030000000000000027, 0.04999999999999999, 0.010000000000000009]}, "complexity": {"522_pm10": [6, 5, 5, 9, 6]}, "time_all": {"522_pm10": [503.3923432826996, 472.9006600379944, 473.1909165382385, 441.4796504974365, 485.47198581695557]}, "time_fit": {"522_pm10": [503.3923432826996, 472.9006600379944, 473.1909165382385, 441.4796504974365, 485.47198581695557]}, "sizes": {"522_pm10": []}, "tau": 0.5}, "LightGBM": {"losses": {"522_pm10": [0.06238048508131647, 0.05378899257097396, 0.05730908316217878, 0.06920206537080102, 0.05964063375918464]}, "coverage": {"522_pm10": [0.03999999999999998, 0.08999999999999997, 0.04999999999999999, 0.03999999999999998, 0.010000000000000009]}, "time_all": {"522_pm10": [0.2039804458618164, 0.18109869956970215, 0.193403959274292, 0.19693493843078613, 0.180802583694458]}, "time_fit": {"522_pm10": [0.040431976318359375, 0.0414273738861084, 0.039801597595214844, 0.038282155990600586, 0.04185295104980469]}, "sizes": {"522_pm10": []}, "tau": 0.5}, "DecisionTree": {"losses": {"522_pm10": [0.065227848455679, 0.05833405775168703, 0.06291861072617559, 0.07349090238797346, 0.06125439683603179]}, "coverage": {"522_pm10": [0.04999999999999999, 0.050000000000000044, 0.04999999999999999, 0.03999999999999998, 0.030000000000000027]}, "complexity": {"522_pm10": [15, 19, 31, 13, 163]}, "time_all": {"522_pm10": [0.039834022521972656, 0.03971529006958008, 0.04002118110656738, 0.038773536682128906, 0.04546999931335449]}, "time_fit": {"522_pm10": [0.0019745826721191406, 0.0021932125091552734, 0.0027909278869628906, 0.00183868408203125, 0.008045196533203125]}, "sizes": {"522_pm10": []}, "tau": 0.5}, "LinearQuantile": {"losses": {"522_pm10": [0.07290245865903218, 0.06819192349425272, 0.06550681500570378, 0.07986219334808535, 0.06757302983726945]}, "coverage": {"522_pm10": [0.03999999999999998, 0.12, 0.030000000000000027, 0.020000000000000018, 0.08000000000000002]}, "complexity": {"522_pm10": [7, 7, 7, 7, 7]}, "time_all": {"522_pm10": [0.13829517364501953, 0.07885313034057617, 0.06602883338928223, 0.08710670471191406, 0.05919456481933594]}, "time_fit": {"522_pm10": [0.012243986129760742, 0.006864070892333984, 0.0056688785552978516, 0.007546663284301758, 0.005055665969848633]}, "sizes": {"522_pm10": []}, "tau": 0.5}}