{"SQR": {"losses": {"485_analcatdata_vehicle": [0.06762624898480062, 0.02590322582111005, 0.020309617256971377, 0.06539159131611984, 0.048935463596062725]}, "coverage": {"485_analcatdata_vehicle": [0.19999999999999996, 0.2, 0.2, 0.2777777777777778, 0.16666666666666669]}, "complexity": {"485_analcatdata_vehicle": [18, 17, 21, 18, 20]}, "time_all": {"485_analcatdata_vehicle": [267.0915858745575, 250.54670763015747, 260.9829821586609, 273.31873178482056, 267.06177020072937]}, "time_fit": {"485_analcatdata_vehicle": [267.0915858745575, 250.54670763015747, 260.9829821586609, 273.31873178482056, 267.06177020072937]}, "sizes": {"485_analcatdata_vehicle": []}, "tau": 0.5}, "LightGBM": {"losses": {"485_analcatdata_vehicle": [0.11625230202578268, 0.10211786372007367, 0.08743093922651934, 0.11535706977695927, 0.15080826683036627]}, "coverage": {"485_analcatdata_vehicle": [0.09999999999999998, 0.4, 0.0, 0.16666666666666669, 0.16666666666666669]}, "time_all": {"485_analcatdata_vehicle": [0.02242755889892578, 0.020104169845581055, 0.022283315658569336, 0.021915435791015625, 0.020163774490356445]}, "time_fit": {"485_analcatdata_vehicle": [0.0029480457305908203, 0.0025086402893066406, 0.002922534942626953, 0.0029306411743164062, 0.0024983882904052734]}, "sizes": {"485_analcatdata_vehicle": []}, "tau": 0.5}, "DecisionTree": {"losses": {"485_analcatdata_vehicle": [0.07863720073664826, 0.02265193370165746, 0.037476979742173115, 0.06650296705545325, 0.09069981583793739]}, "coverage": {"485_analcatdata_vehicle": [0.09999999999999998, 0.0, 0.0, 0.05555555555555558, 0.16666666666666669]}, "complexity": {"485_analcatdata_vehicle": [13, 13, 13, 7, 13]}, "time_all": {"485_analcatdata_vehicle": [0.015668392181396484, 0.014899492263793945, 0.015688180923461914, 0.01543569564819336, 0.014774799346923828]}, "time_fit": {"485_analcatdata_vehicle": [0.001276254653930664, 0.0012843608856201172, 0.001277923583984375, 0.0010373592376708984, 0.0012776851654052734]}, "sizes": {"485_analcatdata_vehicle": []}, "tau": 0.5}, "LinearQuantile": {"losses": {"485_analcatdata_vehicle": [0.08232596189308479, 0.049130554022147395, 0.0471280681096278, 0.050997294287851144, 0.08931860008716976]}, "coverage": {"485_analcatdata_vehicle": [0.09999999999999998, 0.30000000000000004, 0.09999999999999998, 0.05555555555555558, 0.05555555555555558]}, "complexity": {"485_analcatdata_vehicle": [12, 12, 12, 12, 12]}, "time_all": {"485_analcatdata_vehicle": [0.030503511428833008, 0.037291526794433594, 0.029311656951904297, 0.03156137466430664, 0.08180403709411621]}, "time_fit": {"485_analcatdata_vehicle": [0.002466917037963867, 0.003049135208129883, 0.002331256866455078, 0.0025458335876464844, 0.007104396820068359]}, "sizes": {"485_analcatdata_vehicle": []}, "tau": 0.5}}