{"SQR": {"losses": {"598_fri_c0_1000_25": [0.03189924286518216, 0.01807341755114486, 0.01634979759144804, 0.018236058070704192, 0.017036173201898947]}, "coverage": {"598_fri_c0_1000_25": [0.375, 0.375, 0.445, 0.43000000000000005, 0.41000000000000003]}, "complexity": {"598_fri_c0_1000_25": [10, 18, 16, 16, 13]}, "tau": 0.5}, "LightGBM": {"losses": {"598_fri_c0_1000_25": [0.0406866479299576, 0.03955147185660764, 0.04288308433222504, 0.036985280124019665, 0.03639047946982377]}, "coverage": {"598_fri_c0_1000_25": [0.41500000000000004, 0.39, 0.435, 0.385, 0.375]}, "tau": 0.5}, "DecisionTree": {"losses": {"598_fri_c0_1000_25": [0.04747657558241626, 0.045275790004756594, 0.049986684405688944, 0.04618279529421396, 0.05145853714283885]}, "coverage": {"598_fri_c0_1000_25": [0.42000000000000004, 0.42000000000000004, 0.495, 0.385, 0.445]}, "complexity": {"598_fri_c0_1000_25": [139, 63, 59, 137, 145]}, "tau": 0.5}, "LinearQuantile": {"losses": {"598_fri_c0_1000_25": [0.04898636573623737, 0.043653245095355654, 0.043231977352512274, 0.0401225094779606, 0.0452211791015202]}, "coverage": {"598_fri_c0_1000_25": [0.47500000000000003, 0.38, 0.43000000000000005, 0.405, 0.385]}, "complexity": {"598_fri_c0_1000_25": [25, 25, 25, 25, 25]}, "tau": 0.5}}