{"SQR": {"losses": {"581_fri_c3_500_25": [0.023930654593419958, 0.013118158746242316, 0.019350118992916984, 0.01744962343399067, 0.023945803940073687]}, "coverage": {"581_fri_c3_500_25": [0.010000000000000009, 0.09999999999999998, 0.050000000000000044, 0.07999999999999996, 0.09999999999999998]}, "complexity": {"581_fri_c3_500_25": [8, 12, 12, 12, 10]}, "time_all": {"581_fri_c3_500_25": [575.498046875, 617.9949872493744, 571.1201622486115, 605.6331219673157, 568.0113141536713]}, "time_fit": {"581_fri_c3_500_25": [575.498046875, 617.9949872493744, 571.1201622486115, 605.6331219673157, 568.0113141536713]}, "sizes": {"581_fri_c3_500_25": []}, "tau": 0.5}, "LightGBM": {"losses": {"581_fri_c3_500_25": [0.032625560817522346, 0.03309110907517728, 0.027218114746801532, 0.03273197852395963, 0.029581283701561392]}, "coverage": {"581_fri_c3_500_25": [0.010000000000000009, 0.030000000000000027, 0.020000000000000018, 0.010000000000000009, 0.010000000000000009]}, "time_all": {"581_fri_c3_500_25": [0.2314770221710205, 0.20698046684265137, 0.205824613571167, 0.23520493507385254, 0.21278905868530273]}, "time_fit": {"581_fri_c3_500_25": [0.06685376167297363, 0.04648709297180176, 0.04563188552856445, 0.05009746551513672, 0.04980111122131348]}, "sizes": {"581_fri_c3_500_25": []}, "tau": 0.5}, "DecisionTree": {"losses": {"581_fri_c3_500_25": [0.036490511485909934, 0.037116632115760766, 0.034133303861120984, 0.037209060591364834, 0.0318644259193253]}, "coverage": {"581_fri_c3_500_25": [0.010000000000000009, 0.0, 0.03999999999999998, 0.06000000000000005, 0.020000000000000018]}, "complexity": {"581_fri_c3_500_25": [65, 69, 67, 161, 161]}, "time_all": {"581_fri_c3_500_25": [0.13939785957336426, 0.07387304306030273, 0.07221603393554688, 0.07635998725891113, 0.07782483100891113]}, "time_fit": {"581_fri_c3_500_25": [0.015341520309448242, 0.008262157440185547, 0.008086681365966797, 0.012528181076049805, 0.012582778930664062]}, "sizes": {"581_fri_c3_500_25": []}, "tau": 0.5}, "LinearQuantile": {"losses": {"581_fri_c3_500_25": [0.07339109702283099, 0.06508506811580922, 0.05812108024950041, 0.06480125440406587, 0.06126628804521055]}, "coverage": {"581_fri_c3_500_25": [0.04999999999999999, 0.09000000000000002, 0.04999999999999999, 0.04999999999999999, 0.020000000000000018]}, "complexity": {"581_fri_c3_500_25": [25, 25, 25, 25, 25]}, "time_all": {"581_fri_c3_500_25": [1.2063522338867188, 1.2609755992889404, 1.102457046508789, 0.513577938079834, 0.6445190906524658]}, "time_fit": {"581_fri_c3_500_25": [0.10890316963195801, 0.11440110206604004, 0.09987449645996094, 0.046477556228637695, 0.06799817085266113]}, "sizes": {"581_fri_c3_500_25": []}, "tau": 0.5}}