{"SQR": {"losses": {"1029_LEV": [0.0240000035, 0.031125006875, 0.028000003, 0.025625209999999995, 0.030375002249999995]}, "coverage": {"1029_LEV": [0.06999999999999995, 0.05499999999999994, 0.05999999999999994, 0.06999999999999995, 0.04499999999999993]}, "complexity": {"1029_LEV": [5, 5, 4, 5, 4]}, "time_all": {"1029_LEV": [700.2641079425812, 668.8350307941437, 671.4405672550201, 669.9239649772644, 642.1925182342529]}, "time_fit": {"1029_LEV": [700.2641079425812, 668.8350307941437, 671.4405672550201, 669.9239649772644, 642.1925182342529]}, "sizes": {"1029_LEV": []}, "tau": 0.9}, "LightGBM": {"losses": {"1029_LEV": [0.027760094816986824, 0.030983229297781804, 0.029743355494453675, 0.028077458473769978, 0.031266653009890726]}, "coverage": {"1029_LEV": [0.015000000000000013, 0.025000000000000022, 0.0050000000000000044, 0.0050000000000000044, 0.015000000000000013]}, "time_all": {"1029_LEV": [0.3603816032409668, 0.2841794490814209, 0.2765049934387207, 0.3027939796447754, 0.26489686965942383]}, "time_fit": {"1029_LEV": [0.10089731216430664, 0.08080458641052246, 0.05379199981689453, 0.08987069129943848, 0.05251049995422363]}, "sizes": {"1029_LEV": []}, "tau": 0.9}, "DecisionTree": {"losses": {"1029_LEV": [0.027150000000000004, 0.026775000000000004, 0.025824999999999997, 0.0218375, 0.026037499999999998]}, "coverage": {"1029_LEV": [0.05999999999999994, 0.07499999999999996, 0.07999999999999996, 0.06499999999999995, 0.04999999999999993]}, "complexity": {"1029_LEV": [23, 57, 21, 117, 31]}, "time_all": {"1029_LEV": [0.08633875846862793, 0.04669547080993652, 0.08907437324523926, 0.04901909828186035, 0.04502224922180176]}, "time_fit": {"1029_LEV": [0.0041103363037109375, 0.003538846969604492, 0.004125833511352539, 0.005856513977050781, 0.00246429443359375]}, "sizes": {"1029_LEV": []}, "tau": 0.9}, "LinearQuantile": {"losses": {"1029_LEV": [0.02701982970506898, 0.031166536302070617, 0.03109367614213687, 0.029265484826624954, 0.02868748875176987]}, "coverage": {"1029_LEV": [0.04500000000000004, 0.040000000000000036, 0.025000000000000022, 0.04500000000000004, 0.0050000000000000044]}, "complexity": {"1029_LEV": [20, 20, 20, 20, 20]}, "time_all": {"1029_LEV": [2.287292242050171, 1.1491267681121826, 0.6481029987335205, 0.9992988109588623, 0.2372286319732666]}, "time_fit": {"1029_LEV": [0.13816046714782715, 0.11301875114440918, 0.05681633949279785, 0.09067130088806152, 0.021062612533569336]}, "sizes": {"1029_LEV": []}, "tau": 0.9}}