{"SQR": {"losses": {"613_fri_c3_250_5": [0.010180819904144009, 0.00775014903332657, 0.008106964343093095, 0.009918457430570779, 0.008968957570567836]}, "coverage": {"613_fri_c3_250_5": [0.020000000000000018, 0.06000000000000005, 0.020000000000000018, 0.040000000000000036, 0.020000000000000018]}, "complexity": {"613_fri_c3_250_5": [9, 16, 12, 10, 12]}, "time_all": {"613_fri_c3_250_5": [384.251296043396, 395.5401084423065, 388.3512122631073, 391.435231924057, 376.4027714729309]}, "time_fit": {"613_fri_c3_250_5": [384.251296043396, 395.5401084423065, 388.3512122631073, 391.435231924057, 376.4027714729309]}, "sizes": {"613_fri_c3_250_5": []}, "tau": 0.9}, "LightGBM": {"losses": {"613_fri_c3_250_5": [0.020079574864997847, 0.024755060003756442, 0.022645764773368552, 0.02041108057915603, 0.018866950627608008]}, "coverage": {"613_fri_c3_250_5": [0.14, 0.020000000000000018, 0.020000000000000018, 0.020000000000000018, 0.020000000000000018]}, "time_all": {"613_fri_c3_250_5": [0.17317509651184082, 0.11231231689453125, 0.12183070182800293, 0.12595057487487793, 0.12378835678100586]}, "time_fit": {"613_fri_c3_250_5": [0.028970718383789062, 0.020076751708984375, 0.029042482376098633, 0.029902219772338867, 0.030103683471679688]}, "sizes": {"613_fri_c3_250_5": []}, "tau": 0.9}, "DecisionTree": {"losses": {"613_fri_c3_250_5": [0.021123171556074506, 0.023975640618658065, 0.02279403968657638, 0.02577046253051413, 0.017795159980895033]}, "coverage": {"613_fri_c3_250_5": [0.08000000000000007, 0.26, 0.06000000000000005, 0.020000000000000018, 0.040000000000000036]}, "complexity": {"613_fri_c3_250_5": [37, 81, 29, 7, 17]}, "time_all": {"613_fri_c3_250_5": [0.05112433433532715, 0.028686046600341797, 0.02608776092529297, 0.025699615478515625, 0.02599191665649414]}, "time_fit": {"613_fri_c3_250_5": [0.004985332489013672, 0.004411220550537109, 0.0022640228271484375, 0.0012400150299072266, 0.0017268657684326172]}, "sizes": {"613_fri_c3_250_5": []}, "tau": 0.9}, "LinearQuantile": {"losses": {"613_fri_c3_250_5": [0.06872576316832549, 0.07812482862216237, 0.05410103791790163, 0.08285728844315579, 0.054064046683560366]}, "coverage": {"613_fri_c3_250_5": [0.48000000000000004, 0.4, 0.36, 0.5, 0.36]}, "complexity": {"613_fri_c3_250_5": [5, 5, 5, 5, 5]}, "time_all": {"613_fri_c3_250_5": [0.15364885330200195, 0.17949199676513672, 0.05811333656311035, 0.16744494438171387, 0.08986186981201172]}, "time_fit": {"613_fri_c3_250_5": [0.012969970703125, 0.01595616340637207, 0.004993438720703125, 0.014884710311889648, 0.007905960083007812]}, "sizes": {"613_fri_c3_250_5": []}, "tau": 0.9}}