{"SQR": {"losses": {"503_wind": [0.01890090713005083, 0.018377492712384067, 0.018361579676833623, 0.019445203396925115, 0.01891765642064512]}, "coverage": {"503_wind": [0.004942965779467734, 0.0041825095057034245, 0.005703422053231932, 0.0019011406844107182, 0.0019786910197869823]}, "complexity": {"503_wind": [2, 2, 2, 2, 2]}, "tau": 0.9}, "LightGBM": {"losses": {"503_wind": [0.01574702647201056, 0.015533077423269518, 0.01581350717416323, 0.016157617401009693, 0.01584371685544411]}, "coverage": {"503_wind": [0.01558935361216729, 0.017870722433460107, 0.011026615969581766, 0.018631178707224305, 0.018569254185692552]}, "tau": 0.9}, "DecisionTree": {"losses": {"503_wind": [0.01546163387971215, 0.01663879219853655, 0.01655104799798837, 0.01670880761275119, 0.016280145262808764]}, "coverage": {"503_wind": [0.025475285171102646, 0.040684410646387836, 0.04448669201520916, 0.042965779467680654, 0.027853881278538828]}, "complexity": {"503_wind": [185, 253, 185, 219, 181]}, "tau": 0.9}, "LinearQuantile": {"losses": {"503_wind": [0.014388399090132436, 0.014364533232151722, 0.015212865492558618, 0.014809387691366908, 0.014789693968774711]}, "coverage": {"503_wind": [0.01558935361216729, 0.0041825095057034245, 0.008745247148288948, 0.013307984790874583, 0.0012176560121766045]}, "complexity": {"503_wind": [14, 14, 14, 14, 14]}, "tau": 0.9}}