{"SQR": {"losses": {"192_vineyard": [0.18491962184213698, 0.04079522640249023, 0.033869822849099694, 0.018228241111764378, 0.04320945828948906]}, "coverage": {"192_vineyard": [0.08181818181818179, 0.3545454545454546, 0.30000000000000004, 0.0, 0.20000000000000007]}, "complexity": {"192_vineyard": [10, 12, 6, 6, 10]}, "time_all": {"192_vineyard": [282.25382256507874, 270.06047534942627, 273.97927355766296, 278.0128746032715, 293.8930399417877]}, "time_fit": {"192_vineyard": [282.25382256507874, 270.06047534942627, 273.97927355766296, 278.0128746032715, 293.8930399417877]}, "sizes": {"192_vineyard": []}, "tau": 0.9}, "LightGBM": {"losses": {"192_vineyard": [0.023017408123791102, 0.023791102514506765, 0.03893617021276595, 0.023191489361702126, 0.020638297872340415]}, "coverage": {"192_vineyard": [0.09999999999999998, 0.009090909090909038, 0.20000000000000007, 0.09999999999999998, 0.09999999999999998]}, "time_all": {"192_vineyard": [0.0799093246459961, 0.022455692291259766, 0.02818465232849121, 0.02055072784423828, 0.021921634674072266]}, "time_fit": {"192_vineyard": [0.0039403438568115234, 0.0029151439666748047, 0.0036787986755371094, 0.002541780471801758, 0.002896547317504883]}, "sizes": {"192_vineyard": []}, "tau": 0.9}, "DecisionTree": {"losses": {"192_vineyard": [0.014487427466150872, 0.023791102514506765, 0.033723404255319146, 0.011574468085106381, 0.020638297872340415]}, "coverage": {"192_vineyard": [0.09999999999999998, 0.009090909090909038, 0.09999999999999998, 0.09999999999999998, 0.09999999999999998]}, "complexity": {"192_vineyard": [5, 1, 5, 13, 1]}, "time_all": {"192_vineyard": [0.02861785888671875, 0.015412569046020508, 0.020203113555908203, 0.015345335006713867, 0.016817808151245117]}, "time_fit": {"192_vineyard": [0.0018422603607177734, 0.0008330345153808594, 0.001293182373046875, 0.0013110637664794922, 0.0008280277252197266]}, "sizes": {"192_vineyard": []}, "tau": 0.9}, "LinearQuantile": {"losses": {"192_vineyard": [0.025764008577945783, 0.02119148778792962, 0.06417693835315302, 0.02778720213606455, 0.023387256291053874]}, "coverage": {"192_vineyard": [0.09999999999999998, 0.009090909090909038, 0.30000000000000004, 0.09999999999999998, 0.0]}, "complexity": {"192_vineyard": [2, 2, 2, 2, 2]}, "time_all": {"192_vineyard": [0.1581737995147705, 0.03864169120788574, 0.046990394592285156, 0.10983633995056152, 0.1099710464477539]}, "time_fit": {"192_vineyard": [0.013361692428588867, 0.003163576126098633, 0.003796100616455078, 0.009647369384765625, 0.009709358215332031]}, "sizes": {"192_vineyard": []}, "tau": 0.9}}