{"SQR": {"losses": {"648_fri_c1_250_50": [0.022790523678632872, 0.0342627402886821, 0.023091592402927054, 0.014572500453925464, 0.026496716255589966]}, "coverage": {"648_fri_c1_250_50": [0.38, 0.46, 0.4, 0.26, 0.5800000000000001]}, "complexity": {"648_fri_c1_250_50": [14, 13, 14, 13, 11]}, "tau": 0.5}, "LightGBM": {"losses": {"648_fri_c1_250_50": [0.03856341223196252, 0.05102361476813985, 0.03734339964806815, 0.04226720584059864, 0.03578021481909297]}, "coverage": {"648_fri_c1_250_50": [0.42000000000000004, 0.4, 0.32000000000000006, 0.38, 0.33999999999999997]}, "tau": 0.5}, "DecisionTree": {"losses": {"648_fri_c1_250_50": [0.056691048998064035, 0.04606254523715717, 0.050770570815051874, 0.04605981116876292, 0.041681942408134956]}, "coverage": {"648_fri_c1_250_50": [0.4, 0.54, 0.36, 0.44, 0.38]}, "complexity": {"648_fri_c1_250_50": [35, 79, 35, 85, 33]}, "tau": 0.5}, "LinearQuantile": {"losses": {"648_fri_c1_250_50": [0.08920209497240851, 0.10805625461547422, 0.06994687781401467, 0.09716168771119996, 0.06636542083300405]}, "coverage": {"648_fri_c1_250_50": [0.5, 0.38, 0.30000000000000004, 0.46, 0.26]}, "complexity": {"648_fri_c1_250_50": [50, 50, 50, 50, 50]}, "tau": 0.5}}