{"SQR": {"losses": {"606_fri_c2_1000_10": [0.025086560412337058, 0.0232492315202306, 0.01649263357987794, 0.025814592154989983, 0.025202820802245257]}, "coverage": {"606_fri_c2_1000_10": [0.375, 0.39, 0.38, 0.43000000000000005, 0.435]}, "complexity": {"606_fri_c2_1000_10": [12, 13, 15, 13, 14]}, "tau": 0.5}, "LightGBM": {"losses": {"606_fri_c2_1000_10": [0.031141347735125415, 0.029303197747528036, 0.028024916718684945, 0.03195641919745162, 0.030316054881360265]}, "coverage": {"606_fri_c2_1000_10": [0.375, 0.355, 0.445, 0.385, 0.42000000000000004]}, "tau": 0.5}, "DecisionTree": {"losses": {"606_fri_c2_1000_10": [0.03387403650226339, 0.041051565522488544, 0.03158118954013049, 0.03030687454476861, 0.03891251928889264]}, "coverage": {"606_fri_c2_1000_10": [0.395, 0.43000000000000005, 0.405, 0.38, 0.41000000000000003]}, "complexity": {"606_fri_c2_1000_10": [139, 139, 325, 139, 325]}, "tau": 0.5}, "LinearQuantile": {"losses": {"606_fri_c2_1000_10": [0.06772031269305874, 0.07230002156089174, 0.07130431380504161, 0.06920910404539753, 0.0753737994084117]}, "coverage": {"606_fri_c2_1000_10": [0.41000000000000003, 0.4, 0.47000000000000003, 0.395, 0.47000000000000003]}, "complexity": {"606_fri_c2_1000_10": [10, 10, 10, 10, 10]}, "tau": 0.5}}