{"SQR": {"losses": {"659_sleuth_ex1714": [0.019638815932320763, 0.05031570727584966, 0.023805733070040067, 0.008703103789109653, 0.007948687290267147]}, "coverage": {"659_sleuth_ex1714": [0.09999999999999998, 0.20000000000000007, 0.011111111111111183, 0.09999999999999998, 0.12222222222222223]}, "complexity": {"659_sleuth_ex1714": [18, 10, 10, 13, 11]}, "time_all": {"659_sleuth_ex1714": [286.87623858451843, 254.75609397888184, 261.98774814605713, 268.7544949054718, 278.6567327976227]}, "time_fit": {"659_sleuth_ex1714": [286.87623858451843, 254.75609397888184, 261.98774814605713, 268.7544949054718, 278.6567327976227]}, "sizes": {"659_sleuth_ex1714": []}, "tau": 0.9}, "LightGBM": {"losses": {"659_sleuth_ex1714": [0.036550926471975845, 0.0595999269712839, 0.020039070963773737, 0.029484460211089778, 0.01909388927003173]}, "coverage": {"659_sleuth_ex1714": [0.09999999999999998, 0.09999999999999998, 0.011111111111111183, 0.09999999999999998, 0.011111111111111183]}, "time_all": {"659_sleuth_ex1714": [0.07876062393188477, 0.02073955535888672, 0.03336596488952637, 0.02069401741027832, 0.022884607315063477]}, "time_fit": {"659_sleuth_ex1714": [0.003921031951904297, 0.002599477767944336, 0.003900289535522461, 0.0026226043701171875, 0.002939939498901367]}, "sizes": {"659_sleuth_ex1714": []}, "tau": 0.9}, "DecisionTree": {"losses": {"659_sleuth_ex1714": [0.026891300245329305, 0.053078002138768315, 0.020039070963773737, 0.012528848909298047, 0.01909388913351925]}, "coverage": {"659_sleuth_ex1714": [0.4, 0.20000000000000007, 0.011111111111111183, 0.09999999999999998, 0.011111111111111183]}, "complexity": {"659_sleuth_ex1714": [15, 13, 1, 5, 1]}, "time_all": {"659_sleuth_ex1714": [0.02976059913635254, 0.015554189682006836, 0.028780698776245117, 0.015193939208984375, 0.015535116195678711]}, "time_fit": {"659_sleuth_ex1714": [0.0027260780334472656, 0.0013308525085449219, 0.0015718936920166016, 0.0010223388671875, 0.0008192062377929688]}, "sizes": {"659_sleuth_ex1714": []}, "tau": 0.9}, "LinearQuantile": {"losses": {"659_sleuth_ex1714": [0.014222047395963697, 0.013608607052190838, 0.028416558147629282, 0.027127294421339283, 0.017577347999908274]}, "coverage": {"659_sleuth_ex1714": [0.09999999999999998, 0.09999999999999998, 0.011111111111111183, 0.2333333333333334, 0.011111111111111183]}, "complexity": {"659_sleuth_ex1714": [7, 7, 7, 7, 7]}, "time_all": {"659_sleuth_ex1714": [0.9801676273345947, 0.15332412719726562, 0.8191268444061279, 0.38442349433898926, 0.14651870727539062]}, "time_fit": {"659_sleuth_ex1714": [0.08745598793029785, 0.013657569885253906, 0.07334589958190918, 0.034662723541259766, 0.013071060180664062]}, "sizes": {"659_sleuth_ex1714": []}, "tau": 0.9}}