{"SQR": {"losses": {"651_fri_c0_100_25": [0.016704184800898653, 0.01122154029168313, 0.015820265244193842, 0.010423970803191903, 0.013151809868514426]}, "coverage": {"651_fri_c0_100_25": [0.15000000000000002, 0.0, 0.0, 0.0, 0.04999999999999993]}, "complexity": {"651_fri_c0_100_25": [9, 11, 10, 12, 10]}, "tau": 0.9}, "LightGBM": {"losses": {"651_fri_c0_100_25": [0.03692435155120072, 0.03314200349576284, 0.03874666927340925, 0.02478014250692201, 0.03637210382763692]}, "coverage": {"651_fri_c0_100_25": [0.09999999999999998, 0.04999999999999993, 0.04999999999999993, 0.0, 0.050000000000000044]}, "tau": 0.9}, "DecisionTree": {"losses": {"651_fri_c0_100_25": [0.035921420368216814, 0.02860905956744585, 0.038579007728209595, 0.028635673044776967, 0.033661413413885]}, "coverage": {"651_fri_c0_100_25": [0.09999999999999998, 0.04999999999999993, 0.04999999999999993, 0.0, 0.0]}, "complexity": {"651_fri_c0_100_25": [11, 3, 1, 1, 3]}, "tau": 0.9}, "LinearQuantile": {"losses": {"651_fri_c0_100_25": [0.09383891073963532, 0.08243961960293406, 0.06863919431540436, 0.1108765701002289, 0.0749827633347239]}, "coverage": {"651_fri_c0_100_25": [0.5, 0.55, 0.35, 0.65, 0.5]}, "complexity": {"651_fri_c0_100_25": [25, 25, 25, 25, 25]}, "tau": 0.9}}