{"SQR": {"losses": {"644_fri_c4_250_25": [0.005535003110875451, 0.00988801244259235, 0.006275594136908759, 0.0064003524149836375, 0.010789951255493506]}, "coverage": {"644_fri_c4_250_25": [0.05999999999999994, 0.020000000000000018, 0.039999999999999925, 0.08000000000000007, 0.06000000000000005]}, "complexity": {"644_fri_c4_250_25": [15, 11, 14, 15, 13]}, "tau": 0.9}, "LightGBM": {"losses": {"644_fri_c4_250_25": [0.017772465132169984, 0.02119718248668477, 0.023544997523870397, 0.026489381656404565, 0.02038533511645675]}, "coverage": {"644_fri_c4_250_25": [0.020000000000000018, 0.020000000000000018, 0.06000000000000005, 0.08000000000000007, 0.040000000000000036]}, "tau": 0.9}, "DecisionTree": {"losses": {"644_fri_c4_250_25": [0.018101860448064274, 0.022496601792533957, 0.02014259074295624, 0.02416517029125144, 0.020323906863765017]}, "coverage": {"644_fri_c4_250_25": [0.040000000000000036, 0.0, 0.0, 0.040000000000000036, 0.14]}, "complexity": {"644_fri_c4_250_25": [7, 7, 9, 9, 39]}, "tau": 0.9}, "LinearQuantile": {"losses": {"644_fri_c4_250_25": [0.08369150705834759, 0.06686325172082205, 0.09169705222630442, 0.09690907256875815, 0.07533725352255209]}, "coverage": {"644_fri_c4_250_25": [0.54, 0.4, 0.4, 0.4, 0.38]}, "complexity": {"644_fri_c4_250_25": [25, 25, 25, 25, 25]}, "tau": 0.9}}