{"SQR": {"losses": {"620_fri_c1_1000_25": [0.007783769754793506, 0.008924416448015612, 0.013443331943851852, 0.007097734700111641, 0.005011369678624167]}, "coverage": {"620_fri_c1_1000_25": [0.020000000000000018, 0.020000000000000018, 0.04999999999999993, 0.010000000000000009, 0.015000000000000013]}, "complexity": {"620_fri_c1_1000_25": [13, 16, 6, 14, 14]}, "time_all": {"620_fri_c1_1000_25": [935.8555791378021, 980.2597126960754, 927.9561467170715, 921.0839695930481, 1013.7450041770935]}, "time_fit": {"620_fri_c1_1000_25": [935.8555791378021, 980.2597126960754, 927.9561467170715, 921.0839695930481, 1013.7450041770935]}, "sizes": {"620_fri_c1_1000_25": []}, "tau": 0.9}, "LightGBM": {"losses": {"620_fri_c1_1000_25": [0.02138453668623582, 0.022485509844637073, 0.021820138707368063, 0.019023013946401268, 0.020874243237660958]}, "coverage": {"620_fri_c1_1000_25": [0.030000000000000027, 0.020000000000000018, 0.030000000000000027, 0.030000000000000027, 0.040000000000000036]}, "time_all": {"620_fri_c1_1000_25": [0.3778836727142334, 0.368328332901001, 0.287961483001709, 0.3049509525299072, 0.28339624404907227]}, "time_fit": {"620_fri_c1_1000_25": [0.06547403335571289, 0.06334400177001953, 0.058211565017700195, 0.05698275566101074, 0.05493354797363281]}, "sizes": {"620_fri_c1_1000_25": []}, "tau": 0.9}, "DecisionTree": {"losses": {"620_fri_c1_1000_25": [0.014741790165613238, 0.01844559465331686, 0.01862362680818922, 0.016230518031947087, 0.016174330138434216]}, "coverage": {"620_fri_c1_1000_25": [0.0050000000000000044, 0.03500000000000003, 0.05500000000000005, 0.04500000000000004, 0.0]}, "complexity": {"620_fri_c1_1000_25": [31, 29, 25, 27, 29]}, "time_all": {"620_fri_c1_1000_25": [0.2841203212738037, 0.27849483489990234, 0.14920616149902344, 0.1490497589111328, 0.15058588981628418]}, "time_fit": {"620_fri_c1_1000_25": [0.018169164657592773, 0.017673254013061523, 0.008953094482421875, 0.009277105331420898, 0.009827136993408203]}, "sizes": {"620_fri_c1_1000_25": []}, "tau": 0.9}, "LinearQuantile": {"losses": {"620_fri_c1_1000_25": [0.0713917171023673, 0.0704309250282243, 0.07363108169706706, 0.0732970626027833, 0.074817077945882]}, "coverage": {"620_fri_c1_1000_25": [0.435, 0.42500000000000004, 0.41000000000000003, 0.43000000000000005, 0.44]}, "complexity": {"620_fri_c1_1000_25": [25, 25, 25, 25, 25]}, "time_all": {"620_fri_c1_1000_25": [2.4669535160064697, 2.0078790187835693, 0.33023738861083984, 1.84842848777771, 0.5580582618713379]}, "time_fit": {"620_fri_c1_1000_25": [0.1643068790435791, 0.12200307846069336, 0.02947402000427246, 0.13679265975952148, 0.05041074752807617]}, "sizes": {"620_fri_c1_1000_25": []}, "tau": 0.9}}