{"SQR": {"losses": {"192_vineyard": [0.027534788893343928, 0.032233584847288665, 0.061452698707448634, 0.046951861076051156, 0.04623548982018104]}, "coverage": {"192_vineyard": [0.26363636363636367, 0.26363636363636367, 0.4, 0.4, 0.5]}, "complexity": {"192_vineyard": [5, 6, 7, 8, 6]}, "tau": 0.5}, "LightGBM": {"losses": {"192_vineyard": [0.05241779497098646, 0.02843326885880077, 0.08574468085106382, 0.03170212765957446, 0.07170212765957447]}, "coverage": {"192_vineyard": [0.4454545454545455, 0.17272727272727273, 0.5, 0.09999999999999998, 0.6000000000000001]}, "tau": 0.5}, "DecisionTree": {"losses": {"192_vineyard": [0.0299806576402321, 0.04332688588007737, 0.06446808510638298, 0.0397872340425532, 0.0548936170212766]}, "coverage": {"192_vineyard": [0.26363636363636367, 0.17272727272727273, 0.4, 0.5, 0.4]}, "complexity": {"192_vineyard": [5, 5, 5, 5, 15]}, "tau": 0.5}, "LinearQuantile": {"losses": {"192_vineyard": [0.03163411804392584, 0.07399013482488215, 0.136074119674675, 0.04359198571508399, 0.062287147062615865]}, "coverage": {"192_vineyard": [0.26363636363636367, 0.6272727272727273, 0.7, 0.20000000000000007, 0.4]}, "complexity": {"192_vineyard": [2, 2, 2, 2, 2]}, "tau": 0.5}}