{"SQR": {"losses": {"197_cpu_act": [0.006005489996076248, 0.0062640567889541, 0.005596357071857898, 0.006265930393935753, 0.006019256894231527]}, "coverage": {"197_cpu_act": [0.00494203782794389, 0.006772422208663809, 0.010866910866910828, 0.009645909645909612, 0.014529914529914478]}, "complexity": {"197_cpu_act": [4, 4, 8, 4, 4]}, "tau": 0.9}, "LightGBM": {"losses": {"197_cpu_act": [0.008440937323918065, 0.008846938892245795, 0.008920026681571228, 0.009268418138332053, 0.009964037927474509]}, "coverage": {"197_cpu_act": [0.00726052471018912, 0.028004881025015194, 0.002564102564102555, 0.03284493284493284, 0.037728937728937706]}, "tau": 0.9}, "DecisionTree": {"losses": {"197_cpu_act": [0.00457318764213212, 0.0045238843591497635, 0.004514189514189513, 0.004300760967427633, 0.0041277241277241266]}, "coverage": {"197_cpu_act": [0.011043319097010396, 6.101281269066394e-05, 0.009645909645909612, 0.007814407814407787, 0.024297924297924323]}, "complexity": {"197_cpu_act": [321, 231, 205, 227, 267]}, "tau": 0.9}, "LinearQuantile": {"losses": {"197_cpu_act": [0.03274272234235256, 0.03135529733905536, 0.03071546143823342, 0.030796032503379332, 0.03028261126830779]}, "coverage": {"197_cpu_act": [0.028737034777303272, 0.03544844417327642, 0.03675213675213673, 0.04163614163614171, 0.028205128205128216]}, "complexity": {"197_cpu_act": [21, 21, 21, 21, 21]}, "tau": 0.9}}