{"SQR": {"losses": {"624_fri_c0_100_5": [0.01357912995938427, 0.011376327455379098, 0.018280978838249157, 0.011082986680974072, 0.02008202214824375]}, "coverage": {"624_fri_c0_100_5": [0.050000000000000044, 0.04999999999999993, 0.25, 0.0, 0.09999999999999998]}, "complexity": {"624_fri_c0_100_5": [9, 9, 8, 9, 12]}, "tau": 0.9}, "LightGBM": {"losses": {"624_fri_c0_100_5": [0.030901555330205013, 0.03121501863022394, 0.025767561882234027, 0.024950751266239062, 0.028178837477059942]}, "coverage": {"624_fri_c0_100_5": [0.050000000000000044, 0.04999999999999993, 0.20000000000000007, 0.0, 0.050000000000000044]}, "tau": 0.9}, "DecisionTree": {"losses": {"624_fri_c0_100_5": [0.01918382362254947, 0.029964398806103472, 0.028534558238948245, 0.026791214373538492, 0.03348619570539137]}, "coverage": {"624_fri_c0_100_5": [0.09999999999999998, 0.09999999999999998, 0.050000000000000044, 0.09999999999999998, 0.0]}, "complexity": {"624_fri_c0_100_5": [31, 5, 3, 3, 1]}, "tau": 0.9}, "LinearQuantile": {"losses": {"624_fri_c0_100_5": [0.05409655127437101, 0.03605058678484184, 0.05010355049199846, 0.048328469512556926, 0.04783770852161275]}, "coverage": {"624_fri_c0_100_5": [0.35, 0.45, 0.5, 0.65, 0.45]}, "complexity": {"624_fri_c0_100_5": [5, 5, 5, 5, 5]}, "tau": 0.9}}