{"SQR": {"losses": {"1096_FacultySalaries": [0.002525930100409958, 0.0007609873432879896, 0.00020258214805011975, 0.010160372996483268, 0.0013178622931278436]}, "coverage": {"1096_FacultySalaries": [0.30000000000000004, 0.20000000000000007, 0.09999999999999998, 0.30000000000000004, 0.4]}, "complexity": {"1096_FacultySalaries": [15, 12, 15, 13, 13]}, "tau": 0.5}, "LightGBM": {"losses": {"1096_FacultySalaries": [0.08734597619086791, 0.1199715669491049, 0.1355450451517282, 0.0442179464673285, 0.0940758119473774]}, "coverage": {"1096_FacultySalaries": [0.30000000000000004, 0.30000000000000004, 0.5, 0.5, 0.4]}, "tau": 0.5}, "DecisionTree": {"losses": {"1096_FacultySalaries": [0.03758294660563398, 0.05103790217707099, 0.018909954894373568, 0.039834104980818914, 0.04296206329178689]}, "coverage": {"1096_FacultySalaries": [0.4, 0.5, 0.09999999999999998, 0.5, 0.20000000000000007]}, "complexity": {"1096_FacultySalaries": [7, 15, 5, 15, 15]}, "tau": 0.5}, "LinearQuantile": {"losses": {"1096_FacultySalaries": [0.0024862968213123656, 9.369256039158227e-05, 7.995590573321638e-05, 0.009931638747067621, 0.00020801889128818036]}, "coverage": {"1096_FacultySalaries": [0.4, 0.30000000000000004, 0.30000000000000004, 0.4, 0.5]}, "complexity": {"1096_FacultySalaries": [5, 5, 5, 5, 5]}, "tau": 0.5}}