{"SQR": {"losses": {"599_fri_c2_1000_5": [0.0314113587072794, 0.01211260390187058, 0.021876800766063673, 0.030820410294296188, 0.020216038129512157]}, "coverage": {"599_fri_c2_1000_5": [0.06, 0.0, 0.025000000000000022, 0.06, 0.06000000000000005]}, "complexity": {"599_fri_c2_1000_5": [8, 16, 12, 9, 12]}, "time_all": {"599_fri_c2_1000_5": [757.793762922287, 787.9413304328918, 758.7338106632233, 783.5155045986176, 752.173504114151]}, "time_fit": {"599_fri_c2_1000_5": [757.793762922287, 787.9413304328918, 758.7338106632233, 783.5155045986176, 752.173504114151]}, "sizes": {"599_fri_c2_1000_5": []}, "tau": 0.5}, "LightGBM": {"losses": {"599_fri_c2_1000_5": [0.03075450213590032, 0.03712189085508884, 0.02966390925024378, 0.03173992047500444, 0.030590627467123807]}, "coverage": {"599_fri_c2_1000_5": [0.0, 0.010000000000000009, 0.044999999999999984, 0.03999999999999998, 0.07999999999999996]}, "time_all": {"599_fri_c2_1000_5": [0.35399651527404785, 0.3074967861175537, 0.31966614723205566, 0.34152960777282715, 0.3403453826904297]}, "time_fit": {"599_fri_c2_1000_5": [0.07024621963500977, 0.06281304359436035, 0.06632637977600098, 0.06467437744140625, 0.06514763832092285]}, "sizes": {"599_fri_c2_1000_5": []}, "tau": 0.5}, "DecisionTree": {"losses": {"599_fri_c2_1000_5": [0.031193190647263037, 0.030773316686086155, 0.0374179916557188, 0.030716975842341915, 0.03431879998763315]}, "coverage": {"599_fri_c2_1000_5": [0.010000000000000009, 0.03999999999999998, 0.015000000000000013, 0.04999999999999999, 0.10999999999999999]}, "complexity": {"599_fri_c2_1000_5": [333, 317, 335, 333, 329]}, "time_all": {"599_fri_c2_1000_5": [0.15799546241760254, 0.08365249633789062, 0.08275866508483887, 0.0825803279876709, 0.08261680603027344]}, "time_fit": {"599_fri_c2_1000_5": [0.03093552589416504, 0.01576995849609375, 0.016258955001831055, 0.01607990264892578, 0.016096830368041992]}, "sizes": {"599_fri_c2_1000_5": []}, "tau": 0.5}, "LinearQuantile": {"losses": {"599_fri_c2_1000_5": [0.08082147505572229, 0.07562065406300393, 0.07720484829163148, 0.07485285036215196, 0.07725690578690061]}, "coverage": {"599_fri_c2_1000_5": [0.03999999999999998, 0.020000000000000018, 0.020000000000000018, 0.030000000000000027, 0.03999999999999998]}, "complexity": {"599_fri_c2_1000_5": [5, 5, 5, 5, 5]}, "time_all": {"599_fri_c2_1000_5": [0.09946918487548828, 0.4077482223510742, 0.07917666435241699, 0.11603736877441406, 0.7081925868988037]}, "time_fit": {"599_fri_c2_1000_5": [0.008293867111206055, 0.03665733337402344, 0.00689697265625, 0.010184049606323242, 0.06388592720031738]}, "sizes": {"599_fri_c2_1000_5": []}, "tau": 0.5}}