{"SQR": {"losses": {"584_fri_c4_500_25": [0.01678892294025865, 0.016137591823334803, 0.025357850619811842, 0.022141513869301, 0.01802021555668176]}, "coverage": {"584_fri_c4_500_25": [0.46, 0.39, 0.44, 0.4, 0.37]}, "complexity": {"584_fri_c4_500_25": [13, 11, 12, 9, 15]}, "tau": 0.5}, "LightGBM": {"losses": {"584_fri_c4_500_25": [0.028947742791877364, 0.03394831860436796, 0.03538095996246316, 0.027497921058322054, 0.022642548479654127]}, "coverage": {"584_fri_c4_500_25": [0.44, 0.36, 0.41000000000000003, 0.45, 0.33999999999999997]}, "tau": 0.5}, "DecisionTree": {"losses": {"584_fri_c4_500_25": [0.03174566822402621, 0.031093243405802606, 0.03996757993886364, 0.040494824916544804, 0.03750012354800076]}, "coverage": {"584_fri_c4_500_25": [0.42000000000000004, 0.33999999999999997, 0.4, 0.48000000000000004, 0.43000000000000005]}, "complexity": {"584_fri_c4_500_25": [71, 159, 155, 157, 161]}, "tau": 0.5}, "LinearQuantile": {"losses": {"584_fri_c4_500_25": [0.06688327238975596, 0.07301193858078701, 0.07086492656156648, 0.05818172578217489, 0.05623130055752737]}, "coverage": {"584_fri_c4_500_25": [0.41000000000000003, 0.4, 0.44, 0.38, 0.4]}, "complexity": {"584_fri_c4_500_25": [25, 25, 25, 25, 25]}, "tau": 0.5}}