{"SQR": {"losses": {"599_fri_c2_1000_5": [0.011498994487598543, 0.012604505317207405, 0.007230846757405935, 0.013779506357623253, 0.007478025112682522]}, "coverage": {"599_fri_c2_1000_5": [0.010000000000000009, 0.025000000000000022, 0.010000000000000009, 0.03500000000000003, 0.03500000000000003]}, "complexity": {"599_fri_c2_1000_5": [12, 12, 18, 10, 17]}, "time_all": {"599_fri_c2_1000_5": [805.2335739135742, 745.5867493152618, 795.4813323020935, 754.3798143863678, 848.711095571518]}, "time_fit": {"599_fri_c2_1000_5": [805.2335739135742, 745.5867493152618, 795.4813323020935, 754.3798143863678, 848.711095571518]}, "sizes": {"599_fri_c2_1000_5": []}, "tau": 0.9}, "LightGBM": {"losses": {"599_fri_c2_1000_5": [0.019997708133851575, 0.02152221738871039, 0.019384804718176565, 0.019089191195590695, 0.0194041669024062]}, "coverage": {"599_fri_c2_1000_5": [0.0, 0.020000000000000018, 0.025000000000000022, 0.025000000000000022, 0.039999999999999925]}, "time_all": {"599_fri_c2_1000_5": [0.35025453567504883, 0.2871134281158447, 0.30159759521484375, 0.2792778015136719, 0.2659578323364258]}, "time_fit": {"599_fri_c2_1000_5": [0.06244945526123047, 0.06279134750366211, 0.0592045783996582, 0.06290817260742188, 0.05200600624084473]}, "sizes": {"599_fri_c2_1000_5": []}, "tau": 0.9}, "DecisionTree": {"losses": {"599_fri_c2_1000_5": [0.017971688134430338, 0.021401344522698252, 0.019333604863837152, 0.017581275810049805, 0.01734255441796321]}, "coverage": {"599_fri_c2_1000_5": [0.025000000000000022, 0.16500000000000004, 0.135, 0.040000000000000036, 0.020000000000000018]}, "complexity": {"599_fri_c2_1000_5": [41, 139, 137, 37, 35]}, "time_all": {"599_fri_c2_1000_5": [0.13719630241394043, 0.14402127265930176, 0.1492607593536377, 0.07070016860961914, 0.0704808235168457]}, "time_fit": {"599_fri_c2_1000_5": [0.007920265197753906, 0.016470909118652344, 0.017214536666870117, 0.0040628910064697266, 0.003923892974853516]}, "sizes": {"599_fri_c2_1000_5": []}, "tau": 0.9}, "LinearQuantile": {"losses": {"599_fri_c2_1000_5": [0.07832804001909625, 0.07601364169970862, 0.07949967359286207, 0.0786307767130483, 0.07834912561172709]}, "coverage": {"599_fri_c2_1000_5": [0.455, 0.42000000000000004, 0.42500000000000004, 0.445, 0.43000000000000005]}, "complexity": {"599_fri_c2_1000_5": [5, 5, 5, 5, 5]}, "time_all": {"599_fri_c2_1000_5": [0.14270782470703125, 0.18764591217041016, 0.3798532485961914, 0.07428455352783203, 0.21906352043151855]}, "time_fit": {"599_fri_c2_1000_5": [0.011743783950805664, 0.016195297241210938, 0.03354001045227051, 0.006425142288208008, 0.019452810287475586]}, "sizes": {"599_fri_c2_1000_5": []}, "tau": 0.9}}