{"SQR": {"losses": {"658_fri_c3_250_25": [0.019619940176425904, 0.014385132946313772, 0.021257644260764513, 0.02551874756264708, 0.012904827097450774]}, "coverage": {"658_fri_c3_250_25": [0.0, 0.06000000000000005, 0.020000000000000018, 0.2, 0.020000000000000018]}, "complexity": {"658_fri_c3_250_25": [11, 16, 10, 9, 13]}, "time_all": {"658_fri_c3_250_25": [404.89431858062744, 399.4148087501526, 412.39049458503723, 418.1194224357605, 422.08310866355896]}, "time_fit": {"658_fri_c3_250_25": [404.89431858062744, 399.4148087501526, 412.39049458503723, 418.1194224357605, 422.08310866355896]}, "sizes": {"658_fri_c3_250_25": []}, "tau": 0.5}, "LightGBM": {"losses": {"658_fri_c3_250_25": [0.02744811009844863, 0.03692719331042073, 0.03626191665936295, 0.04190263842448221, 0.033682944515269216]}, "coverage": {"658_fri_c3_250_25": [0.040000000000000036, 0.040000000000000036, 0.020000000000000018, 0.020000000000000018, 0.06]}, "time_all": {"658_fri_c3_250_25": [0.13423562049865723, 0.17272329330444336, 0.14294075965881348, 0.13980507850646973, 0.1399974822998047]}, "time_fit": {"658_fri_c3_250_25": [0.029399394989013672, 0.04150700569152832, 0.03566455841064453, 0.03515458106994629, 0.035904884338378906]}, "sizes": {"658_fri_c3_250_25": []}, "tau": 0.5}, "DecisionTree": {"losses": {"658_fri_c3_250_25": [0.038213529602782736, 0.04250053330118786, 0.038182518271127425, 0.04400049484827207, 0.03538633690493245]}, "coverage": {"658_fri_c3_250_25": [0.07999999999999996, 0.020000000000000018, 0.0, 0.020000000000000018, 0.09999999999999998]}, "complexity": {"658_fri_c3_250_25": [33, 9, 9, 85, 83]}, "time_all": {"658_fri_c3_250_25": [0.03582644462585449, 0.06348848342895508, 0.03497314453125, 0.03899407386779785, 0.03965473175048828]}, "time_fit": {"658_fri_c3_250_25": [0.003603696823120117, 0.0036706924438476562, 0.002199411392211914, 0.006101369857788086, 0.006255626678466797]}, "sizes": {"658_fri_c3_250_25": []}, "tau": 0.5}, "LinearQuantile": {"losses": {"658_fri_c3_250_25": [0.06150758989845308, 0.058887864177865616, 0.058612075186582215, 0.06413868494834157, 0.06343044685856165]}, "coverage": {"658_fri_c3_250_25": [0.020000000000000018, 0.020000000000000018, 0.03999999999999998, 0.14, 0.0]}, "complexity": {"658_fri_c3_250_25": [25, 25, 25, 25, 25]}, "time_all": {"658_fri_c3_250_25": [0.8321564197540283, 0.997934103012085, 3.0397489070892334, 0.2050762176513672, 1.3631906509399414]}, "time_fit": {"658_fri_c3_250_25": [0.07542204856872559, 0.06879615783691406, 0.278301477432251, 0.018620729446411133, 0.12327694892883301]}, "sizes": {"658_fri_c3_250_25": []}, "tau": 0.5}}