{"SQR": {"losses": {"658_fri_c3_250_25": [0.006244745336010691, 0.008910938755956834, 0.010458936345252164, 0.007412202505571004, 0.009994316573315442]}, "coverage": {"658_fri_c3_250_25": [0.0, 0.020000000000000018, 0.020000000000000018, 0.09999999999999998, 0.039999999999999925]}, "complexity": {"658_fri_c3_250_25": [14, 11, 13, 14, 8]}, "time_all": {"658_fri_c3_250_25": [422.0876567363739, 383.6052670478821, 405.4895017147064, 444.1504657268524, 424.9892346858978]}, "time_fit": {"658_fri_c3_250_25": [422.0876567363739, 383.6052670478821, 405.4895017147064, 444.1504657268524, 424.9892346858978]}, "sizes": {"658_fri_c3_250_25": []}, "tau": 0.9}, "LightGBM": {"losses": {"658_fri_c3_250_25": [0.01752725364829707, 0.019334865728596207, 0.018892405547947435, 0.0278063128348853, 0.017953323817109183]}, "coverage": {"658_fri_c3_250_25": [0.06000000000000005, 0.020000000000000018, 0.020000000000000018, 0.09999999999999998, 0.0]}, "time_all": {"658_fri_c3_250_25": [0.1739504337310791, 0.13608551025390625, 0.12403440475463867, 0.12091827392578125, 0.12952923774719238]}, "time_fit": {"658_fri_c3_250_25": [0.030707120895385742, 0.03132319450378418, 0.028916120529174805, 0.023280620574951172, 0.030824899673461914]}, "sizes": {"658_fri_c3_250_25": []}, "tau": 0.9}, "DecisionTree": {"losses": {"658_fri_c3_250_25": [0.01689654764188133, 0.017560277535116065, 0.01511297900285383, 0.024921571540027804, 0.014939240154442248]}, "coverage": {"658_fri_c3_250_25": [0.09999999999999998, 0.06000000000000005, 0.020000000000000018, 0.08000000000000007, 0.020000000000000018]}, "complexity": {"658_fri_c3_250_25": [15, 9, 9, 9, 9]}, "time_all": {"658_fri_c3_250_25": [0.06751608848571777, 0.04242062568664551, 0.03487133979797363, 0.03510642051696777, 0.03555440902709961]}, "time_fit": {"658_fri_c3_250_25": [0.004964113235473633, 0.0024290084838867188, 0.0020258426666259766, 0.002049684524536133, 0.0020401477813720703]}, "sizes": {"658_fri_c3_250_25": []}, "tau": 0.9}, "LinearQuantile": {"losses": {"658_fri_c3_250_25": [0.06358225138047897, 0.057143859778825204, 0.07055000536088829, 0.08555298988927024, 0.07136257633271469]}, "coverage": {"658_fri_c3_250_25": [0.4, 0.44, 0.48000000000000004, 0.54, 0.4]}, "complexity": {"658_fri_c3_250_25": [25, 25, 25, 25, 25]}, "time_all": {"658_fri_c3_250_25": [0.5178351402282715, 1.6405835151672363, 0.28453946113586426, 0.5868604183197021, 1.9967045783996582]}, "time_fit": {"658_fri_c3_250_25": [0.04537153244018555, 0.14690876007080078, 0.02570486068725586, 0.053071022033691406, 0.18146395683288574]}, "sizes": {"658_fri_c3_250_25": []}, "tau": 0.9}}