{"SQR": {"losses": {"591_fri_c1_100_10": [0.014524602236006549, 0.011538102151006284, 0.01597188075928982, 0.01674974436010952, 0.00967928835052362]}, "coverage": {"591_fri_c1_100_10": [0.0, 0.19999999999999996, 0.2, 0.15000000000000002, 0.2]}, "complexity": {"591_fri_c1_100_10": [17, 17, 17, 16, 16]}, "time_all": {"591_fri_c1_100_10": [330.41758275032043, 306.91755986213684, 311.1704168319702, 315.1254150867462, 307.1991481781006]}, "time_fit": {"591_fri_c1_100_10": [330.41758275032043, 306.91755986213684, 311.1704168319702, 315.1254150867462, 307.1991481781006]}, "sizes": {"591_fri_c1_100_10": []}, "tau": 0.5}, "LightGBM": {"losses": {"591_fri_c1_100_10": [0.0445687367657391, 0.0842733827879462, 0.08508783890870554, 0.07060200175370271, 0.07218945629307207]}, "coverage": {"591_fri_c1_100_10": [0.19999999999999996, 0.04999999999999999, 0.0, 0.04999999999999999, 0.050000000000000044]}, "time_all": {"591_fri_c1_100_10": [0.0724174976348877, 0.06413149833679199, 0.06971383094787598, 0.06131148338317871, 0.06225013732910156]}, "time_fit": {"591_fri_c1_100_10": [0.01569509506225586, 0.013947486877441406, 0.017087936401367188, 0.013543844223022461, 0.015829086303710938]}, "sizes": {"591_fri_c1_100_10": []}, "tau": 0.5}, "DecisionTree": {"losses": {"591_fri_c1_100_10": [0.05730012857849877, 0.053088803328925176, 0.07463392390041318, 0.056841984838525296, 0.06968359112630107]}, "coverage": {"591_fri_c1_100_10": [0.15000000000000002, 0.15000000000000002, 0.0, 0.0, 0.04999999999999999]}, "complexity": {"591_fri_c1_100_10": [3, 13, 3, 13, 33]}, "time_all": {"591_fri_c1_100_10": [0.018100261688232422, 0.017758846282958984, 0.018019914627075195, 0.017719030380249023, 0.019311189651489258]}, "time_fit": {"591_fri_c1_100_10": [0.00095367431640625, 0.0014276504516601562, 0.0009415149688720703, 0.0014257431030273438, 0.002224445343017578]}, "sizes": {"591_fri_c1_100_10": []}, "tau": 0.5}, "LinearQuantile": {"losses": {"591_fri_c1_100_10": [0.0882687091080742, 0.08542373885126854, 0.09640707942362962, 0.08717138920118654, 0.0917894994722052]}, "coverage": {"591_fri_c1_100_10": [0.09999999999999998, 0.04999999999999999, 0.0, 0.04999999999999999, 0.04999999999999999]}, "complexity": {"591_fri_c1_100_10": [10, 10, 10, 10, 10]}, "time_all": {"591_fri_c1_100_10": [0.272078275680542, 0.11548352241516113, 0.07204174995422363, 0.15487885475158691, 3.325394630432129]}, "time_fit": {"591_fri_c1_100_10": [0.02433013916015625, 0.010201215744018555, 0.006257534027099609, 0.013765811920166016, 0.12884831428527832]}, "sizes": {"591_fri_c1_100_10": []}, "tau": 0.5}}