{"SQR": {"losses": {"561_cpu": [0.007121863645173692, 0.007493333828778167, 0.00018609079906460195, 0.003949370695997633, 0.0040977180561010814]}, "coverage": {"561_cpu": [0.3761904761904762, 0.4, 0.49523809523809526, 0.3285714285714286, 0.41219512195121955]}, "complexity": {"561_cpu": [14, 13, 14, 13, 7]}, "tau": 0.5}, "LightGBM": {"losses": {"561_cpu": [0.03694398576262136, 0.025619968802162954, 0.011507567319059896, 0.012637062822044041, 0.005829181432177746]}, "coverage": {"561_cpu": [0.3285714285714286, 0.42380952380952386, 0.13809523809523816, 0.2333333333333334, 0.2902439024390244]}, "tau": 0.5}, "DecisionTree": {"losses": {"561_cpu": [0.023986683798621653, 0.014028734960869059, 0.007847603473114513, 0.008858972861425845, 0.0027272002074068165]}, "coverage": {"561_cpu": [0.2333333333333334, 0.28095238095238095, 0.35238095238095235, 0.3285714285714286, 0.24146341463414633]}, "complexity": {"561_cpu": [69, 69, 31, 63, 29]}, "tau": 0.5}, "LinearQuantile": {"losses": {"561_cpu": [0.022700593287041885, 0.016366075803141016, 0.005095331785843727, 0.007060256296688807, 0.006939540918844462]}, "coverage": {"561_cpu": [0.42380952380952386, 0.4, 0.3285714285714286, 0.2571428571428571, 0.41219512195121955]}, "complexity": {"561_cpu": [7, 7, 7, 7, 7]}, "tau": 0.5}}