{"SQR": {"losses": {"622_fri_c2_1000_50": [0.022220312652286817, 0.01896528667870054, 0.028812133596591606, 0.026672416276446398, 0.032832943220212345]}, "coverage": {"622_fri_c2_1000_50": [0.065, 0.07499999999999996, 0.03500000000000003, 0.065, 0.04500000000000004]}, "complexity": {"622_fri_c2_1000_50": [12, 15, 11, 13, 14]}, "time_all": {"622_fri_c2_1000_50": [854.7060251235962, 878.975338935852, 893.2598223686218, 862.1722383499146, 875.5723600387573]}, "time_fit": {"622_fri_c2_1000_50": [854.7060251235962, 878.975338935852, 893.2598223686218, 862.1722383499146, 875.5723600387573]}, "sizes": {"622_fri_c2_1000_50": []}, "tau": 0.5}, "LightGBM": {"losses": {"622_fri_c2_1000_50": [0.03659514772990894, 0.03257062372071908, 0.033963661493184596, 0.031923568915384164, 0.03564336870151998]}, "coverage": {"622_fri_c2_1000_50": [0.0050000000000000044, 0.020000000000000018, 0.010000000000000009, 0.03999999999999998, 0.030000000000000027]}, "time_all": {"622_fri_c2_1000_50": [0.43260669708251953, 0.41080307960510254, 0.45064759254455566, 0.42468881607055664, 0.39882779121398926]}, "time_fit": {"622_fri_c2_1000_50": [0.08319664001464844, 0.07939743995666504, 0.08838987350463867, 0.0807199478149414, 0.07974529266357422]}, "sizes": {"622_fri_c2_1000_50": []}, "tau": 0.5}, "DecisionTree": {"losses": {"622_fri_c2_1000_50": [0.03887047972130202, 0.036290605964436506, 0.03803495226749179, 0.03722860152510416, 0.03608640444202329]}, "coverage": {"622_fri_c2_1000_50": [0.03999999999999998, 0.025000000000000022, 0.020000000000000018, 0.06, 0.034999999999999976]}, "complexity": {"622_fri_c2_1000_50": [137, 61, 137, 139, 129]}, "time_all": {"622_fri_c2_1000_50": [0.2681431770324707, 0.2654097080230713, 0.5017561912536621, 0.2689528465270996, 0.26904892921447754]}, "time_fit": {"622_fri_c2_1000_50": [0.03023505210876465, 0.02313852310180664, 0.05544614791870117, 0.029979228973388672, 0.02995133399963379]}, "sizes": {"622_fri_c2_1000_50": []}, "tau": 0.5}, "LinearQuantile": {"losses": {"622_fri_c2_1000_50": [0.07757550634303213, 0.07607565217241671, 0.07555646686281069, 0.07906810418267894, 0.07688012971890168]}, "coverage": {"622_fri_c2_1000_50": [0.0050000000000000044, 0.034999999999999976, 0.030000000000000027, 0.015000000000000013, 0.034999999999999976]}, "complexity": {"622_fri_c2_1000_50": [50, 50, 50, 50, 50]}, "time_all": {"622_fri_c2_1000_50": [60.185617208480835, 193.92503118515015, 9.370892763137817, 29.357397317886353, 49.3470995426178]}, "time_fit": {"622_fri_c2_1000_50": [2.7109479904174805, 1.0340492725372314, 0.8135998249053955, 2.2523398399353027, 1.8044829368591309]}, "sizes": {"622_fri_c2_1000_50": []}, "tau": 0.5}}