{"SQR": {"losses": {"612_fri_c1_1000_5": [0.011029188353221073, 0.0146272787207131, 0.017478377436664413, 0.013713297278946183, 0.01231204931640837]}, "coverage": {"612_fri_c1_1000_5": [0.14, 0.030000000000000027, 0.04500000000000004, 0.19999999999999996, 0.050000000000000044]}, "complexity": {"612_fri_c1_1000_5": [14, 17, 14, 13, 17]}, "time_all": {"612_fri_c1_1000_5": [792.6135356426239, 764.4940280914307, 730.7129485607147, 777.6488344669342, 764.1136300563812]}, "time_fit": {"612_fri_c1_1000_5": [792.6135356426239, 764.4940280914307, 730.7129485607147, 777.6488344669342, 764.1136300563812]}, "sizes": {"612_fri_c1_1000_5": []}, "tau": 0.5}, "LightGBM": {"losses": {"612_fri_c1_1000_5": [0.02847004071390983, 0.03470812896989297, 0.027923250719079397, 0.02892955099443274, 0.032901963249745814]}, "coverage": {"612_fri_c1_1000_5": [0.07, 0.0050000000000000044, 0.0, 0.04500000000000004, 0.040000000000000036]}, "time_all": {"612_fri_c1_1000_5": [0.35337114334106445, 0.33358311653137207, 0.37310338020324707, 0.37790369987487793, 0.37697434425354004]}, "time_fit": {"612_fri_c1_1000_5": [0.06680154800415039, 0.06431722640991211, 0.07264351844787598, 0.07323265075683594, 0.07296538352966309]}, "sizes": {"612_fri_c1_1000_5": []}, "tau": 0.5}, "DecisionTree": {"losses": {"612_fri_c1_1000_5": [0.03208734667113608, 0.035022374240421816, 0.028591249363213538, 0.030649126268220542, 0.030816041745592743]}, "coverage": {"612_fri_c1_1000_5": [0.010000000000000009, 0.0, 0.020000000000000018, 0.04999999999999999, 0.015000000000000013]}, "complexity": {"612_fri_c1_1000_5": [135, 321, 331, 323, 323]}, "time_all": {"612_fri_c1_1000_5": [0.14136862754821777, 0.08031225204467773, 0.15616059303283691, 0.15443205833435059, 0.15616369247436523]}, "time_fit": {"612_fri_c1_1000_5": [0.0162353515625, 0.015547037124633789, 0.031067371368408203, 0.030179262161254883, 0.03032374382019043]}, "sizes": {"612_fri_c1_1000_5": []}, "tau": 0.5}, "LinearQuantile": {"losses": {"612_fri_c1_1000_5": [0.07117162967110983, 0.06751899697500056, 0.0674298319571384, 0.07091410746727474, 0.06838430419147863]}, "coverage": {"612_fri_c1_1000_5": [0.07500000000000001, 0.0, 0.03999999999999998, 0.020000000000000018, 0.015000000000000013]}, "complexity": {"612_fri_c1_1000_5": [5, 5, 5, 5, 5]}, "time_all": {"612_fri_c1_1000_5": [0.12380456924438477, 0.08878493309020996, 0.1451423168182373, 0.5529966354370117, 0.38311266899108887]}, "time_fit": {"612_fri_c1_1000_5": [0.010371685028076172, 0.0076904296875, 0.012373924255371094, 0.0494692325592041, 0.03406214714050293]}, "sizes": {"612_fri_c1_1000_5": []}, "tau": 0.5}}