{"SQR": {"losses": {"594_fri_c2_100_5": [0.012569111318575599, 0.01051291827395882, 0.010155864893253649, 0.008225866283843584, 0.01593445492686952]}, "coverage": {"594_fri_c2_100_5": [0.09999999999999998, 0.04999999999999993, 0.04999999999999993, 0.15000000000000002, 0.09999999999999998]}, "complexity": {"594_fri_c2_100_5": [12, 11, 14, 16, 12]}, "tau": 0.9}, "LightGBM": {"losses": {"594_fri_c2_100_5": [0.034154922814534604, 0.028023668379082812, 0.01895364131027241, 0.030256256382700273, 0.029362490104393603]}, "coverage": {"594_fri_c2_100_5": [0.0, 0.0, 0.050000000000000044, 0.09999999999999998, 0.04999999999999993]}, "tau": 0.9}, "DecisionTree": {"losses": {"594_fri_c2_100_5": [0.020290060476459575, 0.02810267210090657, 0.014827885976587588, 0.026980049703639843, 0.031061185910847843]}, "coverage": {"594_fri_c2_100_5": [0.050000000000000044, 0.050000000000000044, 0.0, 0.050000000000000044, 0.04999999999999993]}, "complexity": {"594_fri_c2_100_5": [33, 1, 1, 5, 5]}, "tau": 0.9}, "LinearQuantile": {"losses": {"594_fri_c2_100_5": [0.0608523775297252, 0.13155675659079216, 0.15273574660039502, 0.1158614260663608, 0.06784670008013839]}, "coverage": {"594_fri_c2_100_5": [0.20000000000000007, 0.75, 0.7, 0.45, 0.35]}, "complexity": {"594_fri_c2_100_5": [5, 5, 5, 5, 5]}, "tau": 0.9}}