{"SQR": {"losses": {"616_fri_c4_500_50": [0.019488764537803977, 0.01594341976613177, 0.014257739097450463, 0.011772417318529238, 0.019323410114251753]}, "coverage": {"616_fri_c4_500_50": [0.06, 0.010000000000000009, 0.030000000000000027, 0.10999999999999999, 0.06000000000000005]}, "complexity": {"616_fri_c4_500_50": [12, 12, 13, 17, 12]}, "time_all": {"616_fri_c4_500_50": [553.6806349754333, 567.9739799499512, 575.5964930057526, 553.8734450340271, 574.1532878875732]}, "time_fit": {"616_fri_c4_500_50": [553.6806349754333, 567.9739799499512, 575.5964930057526, 553.8734450340271, 574.1532878875732]}, "sizes": {"616_fri_c4_500_50": []}, "tau": 0.5}, "LightGBM": {"losses": {"616_fri_c4_500_50": [0.03090612329203376, 0.034101458840368026, 0.030650004295216873, 0.0323696731425262, 0.030570774656834457]}, "coverage": {"616_fri_c4_500_50": [0.09999999999999998, 0.06000000000000005, 0.03999999999999998, 0.06999999999999995, 0.030000000000000027]}, "time_all": {"616_fri_c4_500_50": [0.2676563262939453, 0.2772488594055176, 0.25228071212768555, 0.3107438087463379, 0.2509031295776367]}, "time_fit": {"616_fri_c4_500_50": [0.06255841255187988, 0.06132698059082031, 0.06099367141723633, 0.06615400314331055, 0.05914640426635742]}, "sizes": {"616_fri_c4_500_50": []}, "tau": 0.5}, "DecisionTree": {"losses": {"616_fri_c4_500_50": [0.03677328557415339, 0.03615224390528142, 0.03577688913587458, 0.03660719848263229, 0.03869801449643884]}, "coverage": {"616_fri_c4_500_50": [0.07, 0.010000000000000009, 0.030000000000000027, 0.040000000000000036, 0.16000000000000003]}, "complexity": {"616_fri_c4_500_50": [161, 159, 31, 31, 157]}, "time_all": {"616_fri_c4_500_50": [0.24615693092346191, 0.11437821388244629, 0.11002755165100098, 0.2038416862487793, 0.11715817451477051]}, "time_fit": {"616_fri_c4_500_50": [0.038169145584106445, 0.017547130584716797, 0.009138822555541992, 0.017018556594848633, 0.018826961517333984]}, "sizes": {"616_fri_c4_500_50": []}, "tau": 0.5}, "LinearQuantile": {"losses": {"616_fri_c4_500_50": [0.06465947180751136, 0.07064964376861439, 0.07074816033672603, 0.06671985269980525, 0.0743345612748479]}, "coverage": {"616_fri_c4_500_50": [0.030000000000000027, 0.04999999999999999, 0.04999999999999999, 0.020000000000000018, 0.010000000000000009]}, "complexity": {"616_fri_c4_500_50": [50, 50, 50, 50, 50]}, "time_all": {"616_fri_c4_500_50": [4.530287027359009, 24.336761713027954, 24.046306610107422, 17.262826919555664, 63.7726993560791]}, "time_fit": {"616_fri_c4_500_50": [0.36125922203063965, 1.8997092247009277, 1.8337898254394531, 1.511591911315918, 1.2321414947509766]}, "sizes": {"616_fri_c4_500_50": []}, "tau": 0.5}}