{"SQR": {"losses": {"617_fri_c3_500_5": [0.006829961714062445, 0.011576988559178082, 0.00966147466604307, 0.01134614277009328, 0.009181980652498558]}, "coverage": {"617_fri_c3_500_5": [0.039999999999999925, 0.010000000000000009, 0.030000000000000027, 0.030000000000000027, 0.08000000000000007]}, "complexity": {"617_fri_c3_500_5": [14, 7, 9, 7, 11]}, "time_all": {"617_fri_c3_500_5": [507.91331028938293, 469.3887495994568, 470.592826128006, 461.74308800697327, 491.2092640399933]}, "time_fit": {"617_fri_c3_500_5": [507.91331028938293, 469.3887495994568, 470.592826128006, 461.74308800697327, 491.2092640399933]}, "sizes": {"617_fri_c3_500_5": []}, "tau": 0.9}, "LightGBM": {"losses": {"617_fri_c3_500_5": [0.01775959742859501, 0.018585365224855516, 0.012107871449355075, 0.015633614463835203, 0.0168707784756134]}, "coverage": {"617_fri_c3_500_5": [0.0, 0.010000000000000009, 0.030000000000000027, 0.010000000000000009, 0.040000000000000036]}, "time_all": {"617_fri_c3_500_5": [0.21707701683044434, 0.14716315269470215, 0.18067479133605957, 0.13830161094665527, 0.1711444854736328]}, "time_fit": {"617_fri_c3_500_5": [0.03829479217529297, 0.03253674507141113, 0.04255485534667969, 0.02989339828491211, 0.03780317306518555]}, "sizes": {"617_fri_c3_500_5": []}, "tau": 0.9}, "DecisionTree": {"losses": {"617_fri_c3_500_5": [0.01590724728330397, 0.012452627600330021, 0.014471535147343444, 0.012430497244583593, 0.019486458719218454]}, "coverage": {"617_fri_c3_500_5": [0.10999999999999999, 0.050000000000000044, 0.07000000000000006, 0.06000000000000005, 0.17000000000000004]}, "complexity": {"617_fri_c3_500_5": [165, 65, 67, 29, 31]}, "time_all": {"617_fri_c3_500_5": [0.08736014366149902, 0.0408477783203125, 0.040967464447021484, 0.0398106575012207, 0.039771080017089844]}, "time_fit": {"617_fri_c3_500_5": [0.016017436981201172, 0.004266500473022461, 0.004261016845703125, 0.002764463424682617, 0.002716541290283203]}, "sizes": {"617_fri_c3_500_5": []}, "tau": 0.9}, "LinearQuantile": {"losses": {"617_fri_c3_500_5": [0.05869367284433654, 0.05405045640122027, 0.0519811863003572, 0.05485760834240131, 0.06777583383197906]}, "coverage": {"617_fri_c3_500_5": [0.38, 0.4, 0.41000000000000003, 0.38, 0.46]}, "complexity": {"617_fri_c3_500_5": [5, 5, 5, 5, 5]}, "time_all": {"617_fri_c3_500_5": [0.13755226135253906, 0.09429216384887695, 1.4313271045684814, 0.30425167083740234, 0.08514237403869629]}, "time_fit": {"617_fri_c3_500_5": [0.011546611785888672, 0.008214712142944336, 0.12800097465515137, 0.027531147003173828, 0.007474660873413086]}, "sizes": {"617_fri_c3_500_5": []}, "tau": 0.9}}