{"SQR": {"losses": {"503_wind": [0.018900891782892067, 0.01837749720755779, 0.018361484324663776, 0.019445199037968777, 0.01891765582992056]}, "coverage": {"503_wind": [0.004942965779467734, 0.0041825095057034245, 0.005703422053231932, 0.0019011406844107182, 0.0019786910197869823]}, "complexity": {"503_wind": [2, 2, 2, 2, 2]}, "time_all": {"503_wind": [2525.508602619171, 2828.2926886081696, 2745.868190765381, 2494.6325585842133, 2503.490775823593]}, "time_fit": {"503_wind": [2525.508602619171, 2828.2926886081696, 2745.868190765381, 2494.6325585842133, 2503.490775823593]}, "sizes": {"503_wind": []}, "tau": 0.9}, "LightGBM": {"losses": {"503_wind": [0.01574702647201056, 0.015533077423269518, 0.01581350717416323, 0.016157617401009693, 0.01584371685544411]}, "coverage": {"503_wind": [0.01558935361216729, 0.017870722433460107, 0.011026615969581766, 0.018631178707224305, 0.018569254185692552]}, "time_all": {"503_wind": [0.8814041614532471, 0.7993650436401367, 0.7924058437347412, 0.7854936122894287, 0.7981419563293457]}, "time_fit": {"503_wind": [0.1235654354095459, 0.10842466354370117, 0.11144661903381348, 0.11166620254516602, 0.11134481430053711]}, "sizes": {"503_wind": []}, "tau": 0.9}, "DecisionTree": {"losses": {"503_wind": [0.01546163387971215, 0.01663879219853655, 0.01655104799798837, 0.01670880761275119, 0.016280145262808764]}, "coverage": {"503_wind": [0.025475285171102646, 0.040684410646387836, 0.04448669201520916, 0.042965779467680654, 0.027853881278538828]}, "complexity": {"503_wind": [185, 253, 185, 219, 181]}, "time_all": {"503_wind": [1.1505236625671387, 0.6585142612457275, 0.6421072483062744, 0.6555347442626953, 0.6427285671234131]}, "time_fit": {"503_wind": [0.05587339401245117, 0.04460930824279785, 0.03843355178833008, 0.042207956314086914, 0.03824138641357422]}, "sizes": {"503_wind": []}, "tau": 0.9}, "LinearQuantile": {"losses": {"503_wind": [0.014388399090132436, 0.014364533232151722, 0.015212865492558618, 0.014809387691366908, 0.014789693968774711]}, "coverage": {"503_wind": [0.01558935361216729, 0.0041825095057034245, 0.008745247148288948, 0.013307984790874583, 0.0012176560121766045]}, "complexity": {"503_wind": [14, 14, 14, 14, 14]}, "time_all": {"503_wind": [1.0365345478057861, 11.39245319366455, 2.2970221042633057, 3.4222824573516846, 2.7533416748046875]}, "time_fit": {"503_wind": [0.0882413387298584, 0.8433754444122314, 0.1921553611755371, 0.25423431396484375, 0.19263100624084473]}, "sizes": {"503_wind": []}, "tau": 0.9}}