{"SQR": {"losses": {"584_fri_c4_500_25": [0.011884350143264203, 0.012026559358304932, 0.009481032120921258, 0.007660839510598437, 0.010223157386759066]}, "coverage": {"584_fri_c4_500_25": [0.020000000000000018, 0.06000000000000005, 0.010000000000000009, 0.020000000000000018, 0.030000000000000027]}, "complexity": {"584_fri_c4_500_25": [10, 11, 12, 12, 9]}, "tau": 0.9}, "LightGBM": {"losses": {"584_fri_c4_500_25": [0.01412846471178622, 0.021204597981092883, 0.024528770245090915, 0.016228255431653908, 0.017569540430136532]}, "coverage": {"584_fri_c4_500_25": [0.010000000000000009, 0.06000000000000005, 0.050000000000000044, 0.030000000000000027, 0.030000000000000027]}, "tau": 0.9}, "DecisionTree": {"losses": {"584_fri_c4_500_25": [0.01666680298278017, 0.019901174991088014, 0.0238237232156153, 0.015112530327178632, 0.019303362748123457]}, "coverage": {"584_fri_c4_500_25": [0.0, 0.17000000000000004, 0.20000000000000007, 0.06000000000000005, 0.13]}, "complexity": {"584_fri_c4_500_25": [21, 69, 29, 27, 67]}, "tau": 0.9}, "LinearQuantile": {"losses": {"584_fri_c4_500_25": [0.06939912736427523, 0.0743781804908854, 0.07753940947578608, 0.06610255870180366, 0.062386174114552405]}, "coverage": {"584_fri_c4_500_25": [0.43000000000000005, 0.43000000000000005, 0.46, 0.42000000000000004, 0.42000000000000004]}, "complexity": {"584_fri_c4_500_25": [25, 25, 25, 25, 25]}, "tau": 0.9}}