{"SQR": {"losses": {"650_fri_c0_500_50": [0.00819062328765463, 0.010880071629871068, 0.013322391668518297, 0.007934279443141462, 0.007005110034192196]}, "coverage": {"650_fri_c0_500_50": [0.0, 0.010000000000000009, 0.08000000000000007, 0.010000000000000009, 0.030000000000000027]}, "complexity": {"650_fri_c0_500_50": [15, 9, 8, 14, 14]}, "tau": 0.9}, "LightGBM": {"losses": {"650_fri_c0_500_50": [0.024617130658890082, 0.023951943313994153, 0.02061551252348671, 0.025540388986661673, 0.024744486418246326]}, "coverage": {"650_fri_c0_500_50": [0.0, 0.07000000000000006, 0.010000000000000009, 0.0, 0.030000000000000027]}, "tau": 0.9}, "DecisionTree": {"losses": {"650_fri_c0_500_50": [0.02321261227019565, 0.02428672124471082, 0.017179950636115975, 0.022541624760189092, 0.021289647595325888]}, "coverage": {"650_fri_c0_500_50": [0.06000000000000005, 0.09999999999999998, 0.020000000000000018, 0.030000000000000027, 0.020000000000000018]}, "complexity": {"650_fri_c0_500_50": [33, 19, 17, 17, 19]}, "tau": 0.9}, "LinearQuantile": {"losses": {"650_fri_c0_500_50": [0.05159437110792376, 0.0440999390877978, 0.044698864081808405, 0.041471837337151506, 0.0439839474118962]}, "coverage": {"650_fri_c0_500_50": [0.51, 0.47000000000000003, 0.46, 0.42000000000000004, 0.44]}, "complexity": {"650_fri_c0_500_50": [50, 50, 50, 50, 50]}, "tau": 0.9}}